omega_t,A_over_A0,F_over_Fmax,sinh_theta,theta,eps_over_Delta,beta,chi,dchi_domega_t,mass_shell_residual,gamma_product_minus_1
-10.0,-0.003243783522714901,0.006255014443714846,-0.006487567045429802,-0.0064875215376024795,1.0000210440416586,-0.0064874305236716015,-0.00648747603034975,-0.0114142117586762,0.0,0.0
-9.99,-0.003301110252335972,0.006310480175986168,-0.006602220504671944,-0.006602172541233885,1.0000217944202978,-0.006602076616239295,-0.006602124578423018,-0.011515408889922753,0.0,0.0
-9.98,-0.0033589417137204237,0.0063656442747066985,-0.0067178834274408475,-0.006717832898834464,1.0000225647242889,-0.006717731843673886,-0.0067177823709121684,-0.011616054832308844,-2.220446049250313e-16,-1.1102230246251565e-16
-9.97,-0.0034172750670762894,0.006420487498618344,-0.006834550134152579,-0.006834496927073054,1.000023355265034,-0.00683439051515069,-0.006834443720739116,-0.011716114457577304,0.0,-1.1102230246251565e-16
-9.96,-0.0034761072956890175,0.0064749903088914835,-0.006952214591378035,-0.0069521585886980555,1.000024166351856,-0.006952046585774047,-0.00695210258683009,-0.011815552094623682,2.220446049250313e-16,0.0
-9.95,-0.0035354352032030308,0.006529132868421767,-0.0070708704064060615,-0.007070811487101562,1.0000249982916949,-0.007070693651143706,-0.007070752568680776,-0.011914331528244978,2.220446049250313e-16,0.0
-9.94,-0.0035952554108971404,0.006582895041191592,-0.007190510821794281,-0.0071904488608713684,1.000025851388792,-0.007190324941908668,-0.007190386900909502,-0.01201241599800771,2.220446049250313e-16,0.0
-9.93,-0.0036555643549545454,0.0066362563916975885,-0.007311128709909091,-0.007311063578332314,1.0000267259443683,-0.0073109333183119865,-0.007310998447799939,-0.01210976819723779,-1.1102230246251565e-16,0.0
-9.92,-0.0037163582837277716,0.006689196184445223,-0.007432716567455543,-0.007432648132077688,1.0000276222562916,-0.007432511264724488,-0.007432579697834015,-0.012206350272134207,0.0,0.0
-9.91,-0.003777633254999416,0.006741693383512105,-0.007555266509998832,-0.007555194633492423,1.000028540618735,-0.007555050884172017,-0.007555122758216829,-0.012302123821009424,-2.220446049250313e-16,0.0
-9.9,-0.0038393851332391535,0.006793726652181076,-0.007678770266478307,-0.007678694807269003,1.0000294813218287,-0.00767854389285466,-0.007678619349394453,-0.012397049893658465,2.220446049250313e-16,0.0
-9.89,-0.0039016095868577797,0.006845274352644648,-0.007803219173715559,-0.007803139985917647,1.0000304446512982,-0.00780298161466117,-0.00780306079956621,-0.012491088990859565,2.220446049250313e-16,-1.1102230246251565e-16
-9.88,-0.003964302085458844,0.0068963145457818995,-0.007928604170917689,-0.007928521104271872,1.000031430888099,-0.007928354975679569,-0.007928438039192532,-0.012584201064008352,-2.220446049250313e-16,-1.1102230246251565e-16
-9.87,-0.004027457897088619,0.00694682499100932,-0.008054915794177237,-0.008054828693990927,1.000032440308039,-0.00805465449870419,-0.008054741595499914,-0.012676345514888367,2.220446049250313e-16,0.0
-9.86,-0.004091072085484967,0.006996783146206785,-0.008182144170969933,-0.00818205287806028,1.0000334731813902,-0.00818187029774132,-0.008181961586984096,-0.012767481195579964,-1.1102230246251565e-16,-1.1102230246251565e-16
-9.85,-0.0041551395073260375,0.007046166167720242,-0.008310279014652075,-0.008310183365291917,1.0000345297724982,-0.008309992072516419,-0.008310087717913358,-0.01285756640851056,2.220446049250313e-16,0.0
-9.84,-0.004219654809479174,0.00709495091044211,-0.008439309618958349,-0.00843920944482537,1.0000356103393742,-0.008439009102980196,-0.008439109272832675,-0.01294655890664796,0.0,0.0
-9.83,-0.004284612426251029,0.00714311392797104,-0.008569224852502059,-0.00856911998063134,1.0000367151332858,-0.008568910243820284,-0.008569015111070787,-0.013034415893839845,0.0,0.0
-9.82,-0.0043500065766394385,0.007190631472852159,-0.008700013153278877,-0.008699903406019106,1.0000378443983344,-0.008699683918975283,-0.00869979366125126,-0.013121094025301344,2.220446049250313e-16,0.0
-9.81,-0.0044158312615878974,0.007237479496899241,-0.008831662523175795,-0.008831547718149393,1.0000389983710252,-0.008831318116155208,-0.008831432915809241,-0.013206549408253398,0.0,-1.1102230246251565e-16
-9.8,-0.004482080261243354,0.007283633651600164,-0.008964160522486707,-0.008964040472554101,1.0000401772798295,-0.008963800381370516,-0.008963920425515375,-0.013290737602714283,0.0,0.0
-9.79,-0.0045487471322180634,0.007329069288606842,-0.009097494264436127,-0.009097368777664447,1.000041381344738,-0.009097117813467706,-0.009097243294008357,-0.013373613622446497,2.220446049250313e-16,0.0
-9.78,-0.004615825204856293,0.007373761460311138,-0.009231650409712586,-0.009231519289349057,1.0000426107768043,-0.009231257058678482,-0.009231388172337708,-0.013455131936061663,-2.220446049250313e-16,0.0
-9.77,-0.004683307580506748,0.00741768492050801,-0.009366615161013496,-0.00936647820546379,1.000043865777684,-0.009366204305177653,-0.009366341253518562,-0.013535246468285758,-2.220446049250313e-16,-1.1102230246251565e-16
-9.76,-0.0047511871288013876,0.007460814125147235,-0.009502374257602775,-0.009502231260414589,1.0000451465391607,-0.009501945277658172,-0.00950208826709977,-0.013613910601386996,-2.220446049250313e-16,-1.1102230246251565e-16
-9.75,-0.004819456484941518,0.007503123233175008,-0.009638912969883036,-0.00963876371973521,1.0000464532426685,-0.009638465231918636,-0.009638614473747132,-0.013691077176768757,-1.1102230246251565e-16,-1.1102230246251565e-16
-9.74,-0.004888108046991996,0.007544586107466784,-0.009776216093983991,-0.009776060374681421,1.0000477860588044,-0.009775748949469835,-0.00977590465984342,-0.013766698496729964,-1.1102230246251565e-16,0.0
-9.73,-0.0049571339731843645,0.007585176315852702,-0.009914267946368729,-0.009914105536843389,1.0000491451468334,-0.009913780732158982,-0.009913943132106862,-0.013840726326395275,0.0,0.0
-9.72,-0.005026526179229749,0.007624867132236809,-0.010053052358459498,-0.010052883032777862,1.0000505306541876,-0.010052544396814926,-0.01005271371222972,-0.013913111895817317,4.440892098500626e-16,0.0
-9.71,-0.005096276335642428,0.007663631537811551,-0.010192552671284856,-0.010192376198662015,1.0000519427159555,-0.010192023269915161,-0.010192199731538842,-0.013983805902253475,0.0,0.0
-9.7,-0.005166375865074934,0.0077014422223687295,-0.010332751730149869,-0.01033256787497065,1.0000533814543686,-0.010332200182277356,-0.010332384025679873,-0.01405275851261943,0.0,0.0
-9.69,-0.005236815939665472,0.007738271585708215,-0.010473631879330944,-0.01047344040117835,1.0000548469782764,-0.010473057463775722,-0.010473248929326698,-0.014119919366121659,0.0,-1.1102230246251565e-16
-9.68,-0.005307587478398788,0.007774091739145835,-0.010615174956797577,-0.010614975610488837,1.0000563393826187,-0.01061457693808614,-0.010614776270918443,-0.014185237577071463,2.220446049250313e-16,0.0
-9.67,-0.005378681144481154,0.007808874507121645,-0.010757362288962308,-0.01075715482459287,1.0000578587478905,-0.010756739917459228,-0.0107569473674253,-0.014248661737882544,-2.220446049250313e-16,-1.1102230246251565e-16
-9.66,-0.0054500873427304666,0.007842591428909775,-0.010900174685460933,-0.0108999588484567,1.0000594051396015,-0.010899527197526137,-0.010899743019145222,-0.014310139922254323,0.0,0.0
-9.65,-0.005521796216982537,0.007875213760431442,-0.011043592433965074,-0.011043367965143202,1.0000609786077286,-0.011042919052135962,-0.011043143504533635,-0.014369619688543707,4.440892098500626e-16,0.0
-9.64,-0.005593797647514253,0.007906712476171971,-0.011187595295028507,-0.011187361930667094,1.0000625791861655,-0.011186895228229396,-0.011187128575067524,-0.014427048083326748,2.220446049250313e-16,0.0
-9.63,-0.005666081248484828,0.007937058271203501,-0.011332162496969656,-0.011331919968886618,1.0000642068921664,-0.011331434940748392,-0.011331677450146316,-0.014482371645153192,0.0,0.0
-9.62,-0.005738636365395949,0.007966221563314333,-0.011477272730791898,-0.011477020766433355,1.000065861725785,-0.011476516867584956,-0.011476768812031213,-0.014535536408495487,-3.3306690738754696e-16,-1.1102230246251565e-16
-9.61,-0.005811452072571773,0.007994172495246313,-0.011622904145143546,-0.01162264246768206,1.00006754366931,-0.01162211914457137,-0.011622380800824839,-0.014586487907894645,2.220446049250313e-16,0.0
-9.6,-0.005884517170660013,0.008020880937041494,-0.011769034341320025,-0.011768762669762954,1.0000692526866963,-0.011768219360511636,-0.01176849100949369,-0.014635171182305203,0.0,0.0
-9.59,-0.00595782018415477,0.008046316488499223,-0.01191564036830954,-0.011915358417617851,1.0000709887229942,-0.011914794552259496,-0.01191507647893472,-0.014681530779641072,2.220446049250313e-16,0.0
-9.58,-0.0060313493589423525,0.008070448481744897,-0.012062698717884705,-0.01206240619910257,1.000072751703774,-0.012061821199841774,-0.012062113693088489,-0.014725510761524554,-1.1102230246251565e-16,-1.1102230246251565e-16
-9.57,-0.006105092659871071,0.008093245983911668,-0.012210185319742143,-0.012209881940137581,1.000074541534551,-0.012209275221631328,-0.012209578574100896,-0.014767054708240595,2.220446049250313e-16,0.0
-9.56,-0.006179037768345996,0.008114677799936198,-0.012358075536691993,-0.012357760999908885,1.0000763581002055,-0.012357131969570808,-0.012357446477535419,-0.014806105723898167,-3.3306690738754696e-16,0.0
-9.55,-0.0062531720799497495,0.00813471247546968,-0.012506344159899499,-0.012506018166121268,1.000078201264404,-0.012505366224448953,-0.012505692187638024,-0.014842606441800852,0.0,2.220446049250313e-16
-9.54,-0.006327482702090427,0.008153318299905343,-0.012654965404180854,-0.012654627650306092,1.0000800708690185,-0.012653952191232347,-0.012654289912656911,-0.01487649903002863,2.220446049250313e-16,0.0
-9.53,-0.006401956451677574,0.008170463309523457,-0.012803912903355148,-0.012803563083185471,1.0000819667335457,-0.012802863494454414,-0.012803213280218917,-0.014907725197232574,0.0,-1.1102230246251565e-16
-9.52,-0.0064765798528275634,0.00818611529075518,-0.012953159705655127,-0.012952797510095544,1.000083888654527,-0.012952073173663264,-0.012952435332765284,-0.014936226198644731,-1.1102230246251565e-16,0.0
-9.51,-0.00655133913459914,0.008200241783566205,-0.01310267826919828,-0.013102303386470317,1.0000858364049687,-0.01310155367893095,-0.013101928523048277,-0.014961942842304647,-1.1102230246251565e-16,-1.1102230246251565e-16
-9.5,-0.006626220228760503,0.008212810084961428,-0.013252440457521006,-0.01325205257338887,1.0000878097337655,-0.013251276866427358,-0.013251664709691397,-0.014984815495504743,2.220446049250313e-16,0.0
-9.49,-0.006701208767588863,0.008223787252611643,-0.013402417535177727,-0.0134020163331877,1.0000898083651224,-0.013401213994058218,-0.01340161515281501,-0.015004784091456011,0.0,0.0
-9.48,-0.006776290081703655,0.008233140108603454,-0.01355258016340731,-0.01355216532514069,1.0000918319979848,-0.013551335717172997,-0.013551750509729765,-0.015021788136176011,-2.220446049250313e-16,0.0
-9.47,-0.006851449197934557,0.00824083524331335,-0.013702898395869113,-0.01370246960120882,1.0000938803054678,-0.0137016120843412,-0.013702040830700066,-0.015035766715600798,-3.3306690738754696e-16,-1.1102230246251565e-16
-9.46,-0.006926670837225431,0.008246839019407124,-0.013853341674450861,-0.013852898601861991,1.0000959529342917,-0.013852012533202387,-0.013852455554779772,-0.015046658502922559,-1.1102230246251565e-16,-1.1102230246251565e-16
-9.45,-0.007001939412575323,0.008251117575965555,-0.014003878825150647,-0.014003421151975119,1.0000980495042222,-0.014002505886390666,-0.014002963505722402,-0.015054401766154508,2.220446049250313e-16,0.0
-9.44,-0.0070772390270175895,0.008253636832737344,-0.014154478054035179,-0.014154005456800654,1.0001001696075158,-0.014153060347534975,-0.014153532887967944,-0.015058934375924564,-2.220446049250313e-16,-1.1102230246251565e-16
-9.43,-0.007152553471638664,0.008254362494520523,-0.014305106943277327,-0.014304619098020577,1.000102312808374,-0.014303643497341164,-0.014304131282709243,-0.015060193813499802,0.0,0.0
-9.42,-0.007227866223637111,0.008253260055672975,-0.014455732447274222,-0.014455229029879042,1.0001044786424003,-0.014454222289752487,-0.014454725644039232,-0.015058117179042638,0.0,0.0
-9.41,-0.0073031604444246025,0.008250294804753281,-0.014606320888849205,-0.014605801575399016,1.0001066666160705,-0.014604763048196304,-0.014605282295182239,-0.015052641200100664,-1.1102230246251565e-16,0.0
-9.4,-0.007378418977769775,0.008245431829292727,-0.01475683795553955,-0.01475630242268478,1.000108876206209,-0.014755231461916306,-0.01475576692481125,-0.015043702240331401,0.0,0.0
-9.39,-0.007453624347986252,0.008238636020699379,-0.014907248695972503,-0.014906696621312799,1.0001111068594748,-0.0149055925823921,-0.014906144583453625,-0.015031236308463421,2.220446049250313e-16,2.220446049250313e-16
-9.38,-0.007528758758165982,0.008229872079295096,-0.015057517516331964,-0.01505694857881331,1.0001133579918602,-0.015055810819851577,-0.015056379679987566,-0.01501517906749512,0.0,-1.1102230246251565e-16
-9.37,-0.007603804088459216,0.008219104519486455,-0.015207608176918432,-0.015207022057245168,1.0001156289881998,-0.015205849939875197,-0.015206435978231864,-0.014995465844132635,-2.220446049250313e-16,2.220446049250313e-16
-9.36,-0.007678741894402181,0.008206297675070313,-0.015357483788804362,-0.01535688016986611,1.0001179192016927,-0.015355673060095715,-0.015356276593631075,-0.01497203163846802,0.0,0.0
-9.35,-0.007753553405293912,0.008191415704674852,-0.015507106810587824,-0.015506485377901297,1.0001202279534371,-0.015505242646996873,-0.015505863990038915,-0.01494481113389891,0.0,0.0
-9.34,-0.007828219522623237,0.008174422597336967,-0.015656439045246474,-0.015655799487412084,1.000122554531982,-0.01565452051281159,-0.01565515997660184,-0.014913738707290963,0.0,0.0
-9.33,-0.007902720818547277,0.008155282178216634,-0.015805441637094554,-0.015804783646267737,1.0001248981928925,-0.0158034678125233,-0.015804125704745462,-0.014878748439384004,0.0,0.0
-9.32,-0.007977037534422856,0.008133958114449263,-0.015954075068845712,-0.01595339834122285,1.0001272581583318,-0.015952045040972123,-0.015952721665266567,-0.014839774125443394,2.220446049250313e-16,0.0
-9.31,-0.008051149579391752,0.008110413921136367,-0.016102299158783504,-0.016101603395102273,1.000129633616662,-0.016100212030068988,-0.016100907685532448,-0.014796749286156985,-2.220446049250313e-16,0.0
-9.3,-0.00812503652902138,0.00808461296747563,-0.01625007305804276,-0.016249357964096715,1.0001320237220641,-0.01624792794611944,-0.016248642926790735,-0.014749607178779297,-2.220446049250313e-16,-1.1102230246251565e-16
-9.29,-0.008198677624001999,0.008056518483030767,-0.016397355248003998,-0.016396620535171172,1.0001344275941757,-0.016395151287260316,-0.01639588588159184,-0.014698280808523442,2.220446049250313e-16,0.0
-9.28,-0.00827205176890172,0.008026093564141955,-0.01654410353780344,-0.01654334892358867,1.0001368443177512,-0.016541839881010524,-0.016542594371326397,-0.014642702940201896,2.220446049250313e-16,0.0
-9.27,-0.008345137530980788,0.007993301180477386,-0.016690275061961576,-0.01668950027055225,1.0001392729423457,-0.016687950881940476,-0.016688725543880713,-0.014582806110116822,0.0,0.0
-9.26,-0.008417913139066112,0.007958104181726485,-0.016835826278132224,-0.016835031040967147,1.0001417124820198,-0.01683344076945981,-0.016834235871411966,-0.014518522638200762,-4.440892098500626e-16,-1.1102230246251565e-16
-9.25,-0.008490356482487664,0.007920465304435504,-0.016980712964975327,-0.016979897021326233,1.0001441619150706,-0.016978265345728515,-0.016979081148246384,-0.014449784640408584,2.220446049250313e-16,0.0
-9.24,-0.008562445110077822,0.00788034717898579,-0.017124890220155644,-0.017124053317721016,1.000146620183787,-0.01712237973369225,-0.017123216488902443,-0.014376524041361124,-2.220446049250313e-16,0.0
-9.23,-0.008634156229235024,0.007837712336715326,-0.017268312458470048,-0.017267454353980676,1.000149086194235,-0.017265738375245025,-0.017266596326241727,-0.014298672587241254,0.0,0.0
-9.22,-0.008705466705053153,0.007792523217184087,-0.017410933410106307,-0.01741005386994214,1.0001515588160683,-0.017408295029521913,-0.017409174409750216,-0.01421616185894312,2.220446049250313e-16,0.0
-9.21,-0.008776353059517746,0.007744742175583413,-0.01755270611903549,-0.017551804919853167,1.00015403688237,-0.017550002771322997,-0.01755090380395206,-0.014128923285474737,0.0,0.0
-9.2,-0.008846791470770566,0.007694331490289988,-0.017693582941541133,-0.017692659870911575,1.000156519189526,-0.017690813989673388,-0.017691736886958895,-0.01403688815761473,-2.220446049250313e-16,-1.1102230246251565e-16
-9.19,-0.00891675777244372,0.007641253370564777,-0.01783351554488744,-0.017832570401942867,1.0001590044971298,-0.017830680386519093,-0.017831625349156832,-0.01393998764182362,0.0,0.0
-9.18,-0.008986227453064693,0.007585469964396971,-0.017972454906129386,-0.017971487502219025,1.0001614915279196,-0.017969552975563366,-0.017970520192033945,-0.013838152794409617,-1.1102230246251565e-16,0.0
-9.17,-0.009055175655533598,0.0075269433664936145,-0.018110351311067197,-0.018109361470420894,1.000163978967754,-0.018107382081244728,-0.018108371727150557,-0.013731314575949819,-2.220446049250313e-16,-1.1102230246251565e-16
-9.16,-0.009123577176674039,0.007465635626414925,-0.018247154353348078,-0.018246141913747016,1.0001664654656217,-0.01824411733786061,-0.018245129575255186,-0.01361940386596676,-2.220446049250313e-16,0.0
-9.15,-0.009191406466858848,0.007401508756855566,-0.018382812933717695,-0.01838177774717134,1.0001689496336885,-0.018379707688836355,-0.018380742665548448,-0.01350235147786053,-3.3306690738754696e-16,-1.1102230246251565e-16
-9.14,-0.009258637629712007,0.007334524742072045,-0.018517275259424013,-0.018516217192852357,1.000171430047386,-0.0185141013861461,-0.018515159235097486,-0.013380088174096623,0.0,0.0
-9.13,-0.009325244421888184,0.007264645546456403,-0.018650488843776368,-0.01864940777969648,1.0001739052455387,-0.01864724598988391,-0.018648326828403654,-0.013252544681649726,2.220446049250313e-16,0.0
-9.12,-0.00939120025293117,0.007191833123256294,-0.01878240050586234,-0.018781296343078197,1.000176373730535,-0.01877908836799082,-0.018780192297125933,-0.013119651707703382,0.0,0.0
-9.11,-0.009456478185212494,0.007116049423441573,-0.018912956370424987,-0.01891182902471947,1.0001788339685407,-0.01890957469613862,-0.01891070179996251,-0.012981339955605777,0.0,0.0
-9.1,-0.00952105093395172,0.007037256404717196,-0.01904210186790344,-0.019040951272731366,1.0001812843897588,-0.01903865045777338,-0.01903980080269341,-0.012837540141081046,0.0,0.0
-9.09,-0.009584890867319486,0.006955416040682709,-0.01916978173463897,-0.019168607841819948,1.000183723388735,-0.01916626044432075,-0.0191674340783862,-0.01268818300869664,-2.220446049250313e-16,-1.1102230246251565e-16
-9.08,-0.00964797000662496,0.0068704903301381156,-0.01929594001324992,-0.019294742793659708,1.000186149324712,-0.019292348755557014,-0.019293545707767982,-0.012533199348586281,2.220446049250313e-16,0.0
-9.07,-0.009710260026588704,0.006782441306535977,-0.019420520053177407,-0.019419299497436572,1.0001885605220326,-0.019416858800145813,-0.01941807907976557,-0.012372520013428189,-1.1102230246251565e-16,-1.1102230246251565e-16
-9.06,-0.009771732255702647,0.006691231047579786,-0.019543464511405293,-0.01954222063056362,1.0001909552705968,-0.019539733296346326,-0.019540976892217107,-0.012206075935678688,4.440892098500626e-16,0.0
-9.05,-0.009832357676678062,0.006596821684968176,-0.019664715353356125,-0.01966344817957151,1.0001933318263667,-0.01966091427289176,-0.0196621811527568,-0.012033798145060398,0.0,0.0
-9.04,-0.009892106926983413,0.006499175414285042,-0.019784213853966826,-0.019782923441176988,1.0001956884119325,-0.01978034307004398,-0.019781633179876426,-0.011855617786305209,2.220446049250313e-16,0.0
-9.03,-0.009950950299472754,0.006398254505035052,-0.019901900598945508,-0.019900587023531105,1.000198023217128,-0.019897960340824614,-0.019899273604164804,-0.011671466137151166,0.0,0.0
-9.02,-0.010008857743106718,0.006294021310824311,-0.020017715486213436,-0.02001637884765088,1.0002003343997077,-0.020013706052425456,-0.02001504236972923,-0.011481274626592946,2.220446049250313e-16,0.0
-9.01,-0.010065798863766821,0.0061864382796859504,-0.020131597727533642,-0.020130238149035994,1.000202620086082,-0.02012751948780241,-0.020128878735800222,-0.011284974853385654,2.220446049250313e-16,0.0
-9.0,-0.010121742925164682,0.006075467964550021,-0.020243485850329365,-0.020242103479473555,1.0002048783721125,-0.020239339247451773,-0.02024072127852263,-0.011082498604800995,-2.220446049250313e-16,0.0
-8.99,-0.01017665884984753,0.005961073033857452,-0.02035331769969506,-0.02035191270903368,1.0002071073239704,-0.020349103251375414,-0.020350507892935757,-0.01087377787563561,-1.1102230246251565e-16,-1.1102230246251565e-16
-8.98,-0.010230515220301105,0.0058432162823174195,-0.02046103044060221,-0.020459603028258003,1.0002093049790584,-0.020456748741235327,-0.020458175795144636,-0.010658744887470583,-2.220446049250313e-16,-1.1102230246251565e-16
-8.97,-0.010283280280151392,0.005721860641807652,-0.020566560560302784,-0.02056511095054403,1.000211469346998,-0.020562212282698562,-0.020563661524685202,-0.010437332108181638,-1.1102230246251565e-16,2.220446049250313e-16
-8.96,-0.01033492193546651,0.0055969691924171346,-0.02066984387093302,-0.020668372314727776,1.000213598410684,-0.02066542976797847,-0.02066690094708585,-0.010209472271699294,0.0,0.0
-8.95,-0.01038540775615995,0.0054685051736304245,-0.0207708155123199,-0.02076932228786721,1.000215690127408,-0.02076633641857199,-0.020767829256627825,-0.009975098398017987,0.0,0.0
-8.94,-0.010434704977496552,0.005336431995653183,-0.020869409954993104,-0.020867895368229087,1.0002177424300518,-0.020864866788195865,-0.020866380979306952,-0.009734143813453793,-1.1102230246251565e-16,0.0
-8.93,-0.01048278050170242,0.005200713250877686,-0.02096556100340484,-0.020964025388481616,1.000219753228353,-0.02096095476592568,-0.020962489975999147,-0.009486542171149038,0.0,0.0
-8.92,-0.01052960089968012,0.005061312725488121,-0.02105920179936024,-0.021057645519095558,1.0002217204102428,-0.02105453357953749,-0.021056089445832243,-0.009232227471823892,-2.220446049250313e-16,-1.1102230246251565e-16
-8.91,-0.010575132412830406,0.00491819441120444,-0.021150264825660813,-0.02114868827195624,1.0002236418432608,-0.021145535799057952,-0.021147111929766555,-0.008971134084773314,2.220446049250313e-16,0.0
-8.9,-0.010619340954981705,0.0047713225171639876,-0.02123868190996341,-0.021237085504188898,1.000225515376044,-0.0212338933405218,-0.021235489314386638,-0.008703196769108502,2.220446049250313e-16,0.0
-8.89,-0.010662192114428634,0.004620661481939987,-0.021324384228857268,-0.021322768422199864,1.000227338839896,-0.021319537469941762,-0.02132115283590661,-0.008428350695241893,0.0,0.0
-8.879999999999999,-0.010703651156080893,0.0044661759856959036,-0.021407302312161786,-0.021405667585936223,1.0002291100504346,-0.021402398807491552,-0.02140403308439174,-0.008146531466614593,0.0,0.0
-8.87,-0.010743683023723489,0.004307830962474688,-0.021487366047446978,-0.02148571291336589,1.0002308268093205,-0.02148240733190605,-0.021484060008198153,-0.007857675141665221,-1.1102230246251565e-16,0.0
-8.86,-0.010782252342389945,0.004145591612621541,-0.02156450468477989,-0.021562833685181373,1.0002324869060693,-0.021559492385098848,-0.021561162918633928,-0.007561718256038553,0.0,0.0
-8.85,-0.010819323420849241,0.0039794234153395,-0.021638646841698483,-0.021636958549728615,1.0002340881199459,-0.021633582677001863,-0.021635270494842974,-0.00725859784503352,-2.220446049250313e-16,0.0
-8.84,-0.010854860254208043,0.0038092921413762615,-0.021709720508416085,-0.02170801552816413,1.0002356282219473,-0.02170460629062775,-0.021706310788914874,-0.006948251466288683,0.0,0.0
-8.83,-0.010888826526629293,0.0036351638658412067,-0.021777653053258586,-0.021775932019842566,1.000237104976869,-0.021772490687357766,-0.02177421123122278,-0.006630617222704297,0.0,-1.1102230246251565e-16
-8.82,-0.010921185614168256,0.0034570049811511764,-0.021842371228336512,-0.021840634807936722,1.0002385161454623,-0.021837162712458533,-0.02183889863599149,-0.006305633785599374,-1.1102230246251565e-16,0.0
-8.81,-0.01095190058772731,0.0032747822101037638,-0.02190380117545462,-0.021902050065292857,1.0002398594866801,-0.021898548600828162,-0.021900299207098434,-0.005973240418102683,-2.220446049250313e-16,-1.1102230246251565e-16
-8.8,-0.010980934216130648,0.0030884626190766135,-0.021961868432261295,-0.02196010336052339,1.000241132760014,-0.021956573982976367,-0.021958338544109727,-0.005633376998776104,0.0,0.0
-8.79,-0.01100824896931996,0.002898013631351274,-0.02201649793863992,-0.022014719664339297,1.0002423337279231,-0.022011163891238163,-0.02201294164855365,-0.00528598404546899,-1.1102230246251565e-16,0.0
-8.78,-0.011033807021672124,0.0027034030405602046,-0.022067614043344248,-0.022065823356124236,1.0002434601583587,-0.02206224276622667,-0.022064032930433523,-0.0049310027394023305,2.220446049250313e-16,0.0
-8.77,-0.011057570255440382,0.002504599024254948,-0.022115140510880763,-0.022113338230753343,1.0002445098273802,-0.022109734463523604,-0.022111536214983032,-0.004568374949480474,2.220446049250313e-16,-1.1102230246251565e-16
-8.76,-0.011079500264319682,0.002301570157594412,-0.022159000528639363,-0.022157187505658208,1.0002454805218708,-0.02215356226061436,-0.022155374749665467,-0.004198043256830039,0.0,0.0
-8.75,-0.011099558357137532,0.002094285427151088,-0.022199116714275064,-0.02219729382814062,1.000246370042348,-0.022193648864064604,-0.022195471211419585,-0.0038199509795635196,-1.1102230246251565e-16,0.0
-8.74,-0.011117705561671326,0.0018827142448336331,-0.022235411123342652,-0.02223357928293715,1.0002471762058736,-0.022229916416945824,-0.022231747714154187,-0.0034340421977664356,-3.3306690738754696e-16,-1.1102230246251565e-16
-8.73,-0.011133902628593274,0.0016668264619240027,-0.022267805257186548,-0.022265965400036912,1.0002478968490622,-0.022262286506508695,-0.02226412581649376,-0.0030402617787063614,2.220446049250313e-16,2.220446049250313e-16
-8.72,-0.011148110035543881,0.0014465923832272052,-0.022296220071087763,-0.02229437316275437,1.0002485298311907,-0.022290680172107426,-0.022292526529777222,-0.002638555402262132,0.0,0.0
-8.71,-0.011160287991335107,0.001221982781331797,-0.022320575982670215,-0.022318723016059597,1.00024907303741,-0.022315017913378744,-0.02231687032631216,-0.0022288695865716277,-1.1102230246251565e-16,0.0
-8.7,-0.011170396440284046,0.0009929689109790247,-0.022340792880568092,-0.022338934875167762,1.0002495243820575,-0.022335219698674632,-0.02233707714788647,-0.0018111517138962607,-2.220446049250313e-16,-1.1102230246251565e-16
-8.69,-0.011178395066678282,0.0007595225235388769,-0.022356790133356563,-0.022354928134390214,1.0002498818120735,-0.022351204973755694,-0.022353066414539862,-0.0013853500567009875,0.0,0.0
-8.68,-0.011184243299373793,0.000521615881590259,-0.022368486598747586,-0.02236662167624902,1.0002501433105213,-0.022362892670742023,-0.022364757033597187,-0.0009514138039468545,2.220446049250313e-16,0.0
-8.67,-0.011187900316526339,0.00027922177360396606,-0.022375800633052677,-0.022373933880856976,1.0002503069002129,-0.022370201217328873,-0.02237206740896573,-0.0005092930875957998,0.0,0.0
-8.66,-0.011189325050457314,3.231352872562041e-05,-0.022378650100914627,-0.022376782635565164,1.000250370647439,-0.022373048546264953,-0.022374915450698647,-5.893900932479015e-05,0.0,0.0
-8.65,-0.011188476192654864,-0.00021913496834351673,-0.022376952385309727,-0.0223750853448798,1.0002503326658054,-0.022371352105099537,-0.022373218584826462,0.00039969633255223033,0.0,0.0
-8.64,-0.01118531219891134,-0.00047514926237020007,-0.02237062439782268,-0.022368758940650633,1.000250191120176,-0.022365028866197866,-0.022366893763459038,0.000866659815956461,2.220446049250313e-16,-1.1102230246251565e-16
-8.629999999999999,-0.011179791294597716,-0.0007357543125198224,-0.02235958258919543,-0.022357719892532373,1.0002499442307222,-0.022353995337027376,-0.02235585747515963,0.0013419972677125467,-2.220446049250313e-16,0.0
-8.62,-0.011171871480075979,-0.0010009744771961795,-0.022343742960151958,-0.02234188421872133,1.0002495902770816,-0.022338167570718485,-0.022340025755593376,0.0018257534360144986,2.220446049250313e-16,0.0
-8.61,-0.011161510536250216,-0.0012708334987936148,-0.02232302107250043,-0.022321167496968834,1.0002491276026204,-0.022317461176900873,-0.02231931419845207,0.002317971962692549,-1.1102230246251565e-16,0.0
-8.6,-0.011148666030257267,-0.0015453544883632148,-0.022297332060514534,-0.022295484875873486,1.0002485546188091,-0.022291791332817296,-0.022293637966657346,0.002818695355281299,-1.1102230246251565e-16,0.0
-8.59,-0.011133295321297625,-0.0018245599101964058,-0.02226659064259525,-0.022264751086453708,1.0002478698097013,-0.022261072794717857,-0.022262911803844057,0.0033279649588925553,2.220446049250313e-16,0.0
-8.58,-0.01111535556660744,-0.002108471566328395,-0.02223071113321488,-0.022228880454002634,1.0002470717365228,-0.02222521990953719,-0.022227050046126042,0.0038458209278944846,2.220446049250313e-16,0.0
-8.57,-0.011094803727572149,-0.0023971105809643006,-0.022189607455144297,-0.02218778691022657,1.0002461590423697,-0.0221841466268548,-0.022185966634145838,0.004372302197399405,0.0,0.0
-8.56,-0.011071596575982685,-0.002690497384830757,-0.02214319315196537,-0.02214138400566919,1.0002451304570121,-0.02213776651114323,-0.022139575125410677,0.004907446454562364,0.0,0.0
-8.55,-0.011045690700434698,-0.0029886516994559785,-0.022091381400869397,-0.022089584922422634,1.0002439848018077,-0.02208599275430453,-0.02208778870691628,0.005451290109692932,2.220446049250313e-16,2.220446049250313e-16
-8.54,-0.011017042512871602,-0.0032915925213812735,-0.022034085025743205,-0.022032302487127422,1.0002427209947202,-0.02202873818849768,-0.022030520208060574,0.0060038682671826275,0.0,0.0
-8.53,-0.010985608255271976,-0.0035993381063066654,-0.021971216510543953,-0.021969449184262517,1.000241338055448,-0.021965915299259554,-0.021967682113849064,0.0065652146962496645,-2.220446049250313e-16,0.0
-8.52,-0.010951344006481803,-0.003911905953174588,-0.021902688012963606,-0.02190093716972684,1.0002398351106565,-0.021897436238920178,-0.021899186578393404,0.007135361801505135,0.0,0.0
-8.51,-0.010914205689192342,-0.0042293127881937054,-0.021828411378384684,-0.021826678284714192,1.0002382113993167,-0.021823212840316426,-0.021824945438705477,0.007714340593341096,0.0,0.0
-8.5,-0.010874149077064028,-0.004551574548806869,-0.021748298154128057,-0.021746584069882675,1.00023646627815,-0.021743156630804325,-0.021744870228788456,0.008302180658144654,-1.1102230246251565e-16,0.0
-8.49,-0.010831129801996806,-0.0048787063676061886,-0.021662259603993612,-0.021660565779819816,1.0002345992271766,-0.021657178846573363,-0.021658872194026384,0.008898910128340121,-2.220446049250313e-16,0.0
-8.48,-0.010785103361547501,-0.005210722556198564,-0.021570206723095002,-0.02156853439780501,1.0002326098553662,-0.021565190447264126,-0.021566862305874308,0.009504555652262015,2.220446049250313e-16,0.0
-8.47,-0.010736025126494679,-0.005547636589025158,-0.021472050252989358,-0.021470400650870542,1.000230497906391,-0.02146710213089192,-0.021468751276850575,0.010119142363861872,-2.220446049250313e-16,0.0
-8.46,-0.010683850348551238,-0.005889461087138189,-0.021367700697102476,-0.02136607502516212,1.0002282632644814,-0.021362824349077957,-0.02136444957583273,0.010742693852251597,-1.1102230246251565e-16,0.0
-8.45,-0.010628534168225302,-0.006236207801938658,-0.021257068336450604,-0.021255467781600496,1.0002259059603789,-0.021252267322590897,-0.021253867443658914,0.011375232131086502,2.220446049250313e-16,0.0
-8.44,-0.010570031622829608,-0.006587887598878281,-0.021140063245659216,-0.02113848897184501,1.0002234261773868,-0.021135341057199025,-0.021136914909036176,0.012016777607790534,-1.1102230246251565e-16,0.0
-8.43,-0.01050829765463978,-0.006944510441130119,-0.02101659530927956,-0.021015048454560325,1.0002208242575206,-0.021011955359838127,-0.021013501804757296,0.012667349052628426,-2.220446049250313e-16,-1.1102230246251565e-16
-8.42,-0.010443287119201686,-0.007306085373230381,-0.02088657423840337,-0.020885055911987156,1.0002181007077486,-0.020882019855093727,-0.0208835377842276,0.013326963567625758,-3.3306690738754696e-16,-1.1102230246251565e-16
-8.41,-0.010374954793788232,-0.007672620504696199,-0.020749909587576464,-0.020748420866818395,1.0002152562063291,-0.020745444002002015,-0.02074693233830342,0.013995636555342219,0.0,0.0
-8.4,-0.01030325538600569,-0.008044122993622699,-0.02060651077201138,-0.020605052699381093,1.0002122916092349,-0.0206021371111703,-0.020603594812443476,0.014673381687500639,0.0,-1.1102230246251565e-16
-8.39,-0.010228143542549788,-0.008420599030263399,-0.020456287085099577,-0.02045486066512552,1.0002092079566696,-0.020452008362220362,-0.020453434424174688,0.015360210873475656,2.220446049250313e-16,0.0
-8.379999999999999,-0.01014957385811166,-0.008802053820597979,-0.02029914771622332,-0.020297753912421935,1.0002060064796676,-0.020294966821553385,-0.020296360280873754,0.016056134228645925,-1.1102230246251565e-16,0.0
-8.37,-0.010067500884433844,-0.009188491569890914,-0.020135001768867688,-0.020133641500666044,1.0002026886067805,-0.020130921460443707,-0.020132281397866016,0.016761160042612862,0.0,0.0
-8.36,-0.009981879139516177,-0.009579915466246165,-0.019963758279032354,-0.01996243241869348,1.0001992559708408,-0.019959781173456863,-0.019961106716842505,0.017475294747291877,-2.220446049250313e-16,0.0
-8.35,-0.009892663116971899,-0.009976327664160668,-0.019785326233943797,-0.019784035603504446,1.0001957104158083,-0.019781454797200147,-0.01978274512459695,0.01819854288487789,0.0,0.0
-8.34,-0.00979980729553376,-0.010377729268081838,-0.01959961459106752,-0.019598359959298817,1.000192054003689,-0.01959585112940242,-0.01959710547208373,0.01893090707569117,0.0,0.0
-8.33,-0.009703266148710069,-0.010784120315972865,-0.019406532297420138,-0.01940531437682223,1.0001882890215277,-0.019402878948328064,-0.019404096593797732,0.019672387985907265,2.220446049250313e-16,0.0
-8.32,-0.009602994154590741,-0.011195499762890297,-0.019205988309181483,-0.019204807753023828,1.000184417988469,-0.019202447032526045,-0.019203627327477754,0.02042298429517595,-2.220446049250313e-16,0.0
-8.31,-0.009498945805803008,-0.011611865464578108,-0.018997891611606015,-0.01899674901102577,1.0001804436628854,-0.018994464180914626,-0.018995606534133968,0.021182692664133817,-1.1102230246251565e-16,0.0
-8.3,-0.00939107561961687,-0.012033214161082904,-0.01878215123923374,-0.018781047120405348,1.000176369049566,-0.0187788392332062,-0.018779943118401084,0.02195150770181589,2.220446049250313e-16,0.0
-8.29,-0.009279338148199753,-0.012459541460394557,-0.018558676296399505,-0.018557611117789235,1.0001721974069637,-0.018555481090670733,-0.018556546049217488,0.022729421932971203,-2.220446049250313e-16,0.0
-8.28,-0.009163687989020553,-0.012890841822116531,-0.018327375978041106,-0.0183263501277611,1.0001679322544992,-0.018324298737242065,-0.01832532438083221,0.023516425765287365,-1.1102230246251565e-16,0.0
-8.27,-0.009044079795402225,-0.013327108541171605,-0.01808815959080445,-0.018087173384081497,1.0001635773799116,-0.01808520126096701,-0.01808618727413945,0.024312507456531712,0.0,0.0
-8.26,-0.00892046828722312,-0.013768333731546043,-0.01784093657444624,-0.01783999025122129,1.0001591368466587,-0.0178380978757999,-0.0178390440183426,0.02511765308161212,0.0,0.0
-8.25,-0.008792808261766325,-0.014214508310078122,-0.01758561652353265,-0.01758471024620781,1.0001546150013572,-0.017582897943743254,-0.017583804052947762,0.025931846499565796,2.220446049250313e-16,0.0
-8.24,-0.008661054604716759,-0.01466562198029531,-0.017322109209433518,-0.017321243060784062,1.0001500164812593,-0.017319510997336546,-0.01732037699008786,0.026755069320481665,-3.3306690738754696e-16,-1.1102230246251565e-16
-8.23,-0.008525162301305456,-0.015121663216304948,-0.01705032460261091,-0.01704949858388057,1.000145346221765,-0.01704784676249481,-0.01704867263717768,0.027587300872363,0.0,0.0
-8.22,-0.008385086447600616,-0.015582619246743331,-0.016770172895201232,-0.01676938692439994,1.0001406094639569,-0.016767815181696847,-0.016768601019900686,0.02842851816793742,0.0,0.0
-8.21,-0.00824078226194482,-0.016048476038788128,-0.01648156452388964,-0.016480818434313534,1.0001358117621602,-0.01647932643752691,-0.016480072405527933,0.02927869587142144,-1.1102230246251565e-16,-1.1102230246251565e-16
-8.2,-0.008092205096537753,-0.01651921828223906,-0.016184410193075507,-0.016183703732069926,1.0001309589915202,-0.016182290976568706,-0.016182997326569398,0.030137806265247032,0.0,0.0
-8.19,-0.007939310449164043,-0.016994829373671628,-0.015878620898328085,-0.01587795372631513,1.000126057355588,-0.015876619533654,-0.015877286604758616,0.03100581921675769,-1.1102230246251565e-16,0.0
-8.18,-0.007782053975065009,-0.017475291400669824,-0.015564107950130019,-0.015563479639922929,1.0001211133939145,-0.015562223156466689,-0.0155628513753698,0.03188270214488364,0.0,0.0
-8.17,-0.0076203914989541955,-0.017960585126141636,-0.015240782997908391,-0.015240193034335953,1.000116133989643,-0.01523901323050375,-0.015239603111868864,0.03276841998680241,2.220446049250313e-16,0.0
-8.16,-0.00745427902717551,-0.01845068997272365,-0.01490855805435102,-0.014908005834216006,1.000111126377094,-0.014906901504393158,-0.014907453650897686,0.03366293516459561,0.0,0.0
-8.15,-0.007283672760003207,-0.018945584007279307,-0.014567345520006414,-0.014566830352402851,1.000106098149341,-0.014565800115570503,-0.014566315217591701,0.034566207551909915,0.0,0.0
-8.14,-0.0071085291040829035,-0.019445243925496396,-0.014217058208165807,-0.014216579315180767,1.0001010572657618,-0.014215621616314173,-0.014216100451230916,0.03547819444063259,2.220446049250313e-16,0.0
-8.129999999999999,-0.006928804685012621,-0.01994964503658903,-0.013857609370025241,-0.013857165887851615,1.0000960120595683,-0.013856279000140524,-0.013856722431223944,0.036398850507591146,2.220446049250313e-16,2.220446049250313e-16
-8.12,-0.0067444563600631054,-0.020458761248109077,-0.013488912720126211,-0.013488503700613805,1.0000909712453019,-0.013487685728559178,-0.0134880947034253,0.037328127781287024,0.0,0.0
-8.11,-0.0065554412310358055,-0.020972565050873495,-0.013110882462071611,-0.013110506874744729,1.000085943926288,-0.013109755758189059,-0.01311013130678428,0.03826597560867593,0.0,0.0
-8.1,-0.006361716657258271,-0.021491027504011648,-0.012723433314516542,-0.012723090049086982,1.000080939602045,-0.012722403568234663,-0.012722746800326682,0.03921234062200354,0.0,0.0
-8.09,-0.0061632402687151755,-0.0220141182201391,-0.012326480537430351,-0.01232616840683564,1.000075968175638,-0.012325544188324619,-0.012325856290467318,0.040167166705710106,0.0,-1.1102230246251565e-16
-8.08,-0.00595996997931406,-0.022541805350662907,-0.01191993995862812,-0.011919657702625543,1.0000710399609707,-0.01191909322671048,-0.011919375458653202,0.04113039496341507,0.0,0.0
-8.07,-0.005751864000284582,-0.023074055571224366,-0.011503728000569164,-0.011503474289916993,1.0000661656900063,-0.011502966898827223,-0.011503220589336493,0.04210196368499519,0.0,0.0
-8.06,-0.0055388808537099035,-0.02361083406728445,-0.011077761707419807,-0.01107753514867788,1.000061356519912,-0.011077082056214061,-0.011077308598276086,0.043081808313768226,0.0,0.0
-8.05,-0.005320979386188929,-0.024152104519857772,-0.010641958772377858,-0.010641757913360418,1.0000566240401156,-0.010641356215796642,-0.010641557061166762,0.044069861413796464,2.220446049250313e-16,0.0
-8.04,-0.005098118782628004,-0.024697829091400905,-0.010196237565256007,-0.01019606090117051,1.000051980279269,-0.010195707589528157,-0.010195884242594629,0.045066052637324064,0.0,0.0
-8.03,-0.004870258580160815,-0.025247968411860083,-0.00974051716032163,-0.009740363140627888,1.000047437712107,-0.009740055114391227,-0.009740209125317796,0.04607030869236186,-1.1102230246251565e-16,0.0
-8.02,-0.004637358682194484,-0.025802481564885623,-0.009274717364388969,-0.009274584400413765,1.000043009266196,-0.00927431848275654,-0.009274451439869663,0.047082553310437425,-2.220446049250313e-16,-1.1102230246251565e-16
-8.01,-0.004399379372581023,-0.026361326074216748,-0.008798758745162045,-0.008798645218505003,1.0000387083285605,-0.00879841817310066,-0.008798531694484543,0.04810270721452226,2.220446049250313e-16,0.0
-8.0,-0.004156281329912056,-0.026924457890244335,-0.008312562659824113,-0.00831246693159126,1.0000345487521787,-0.008312275481078416,-0.008312371205342731,0.04913068808715551,2.220446049250313e-16,-1.1102230246251565e-16
-7.99,-0.003908025641935334,-0.027491831376756582,-0.007816051283870667,-0.007815971704772785,1.0000305448623417,-0.007815812550952239,-0.00781589212713331,0.05016641053877941,-2.220446049250313e-16,0.0
-7.98,-0.003654573820091343,-0.02806339929787393,-0.007309147640182686,-0.007309082561536109,1.0000267114628618,-0.007308952407371912,-0.00730901748393252,0.05120978607630467,-2.220446049250313e-16,0.0
-7.97,-0.0033958878141682,-0.028639112805178838,-0.0067917756283364,-0.006791723414004498,1.0000230638421224,-0.0067916189875083,-0.006791671200395141,0.05226072307192314,-2.220446049250313e-16,0.0
-7.96,-0.003131930027073208,-0.02921892142504639,-0.006263860054146416,-0.006263819093460512,1.0000196177789604,-0.006263737173535028,-0.006263778133256736,0.05331912673218658,2.220446049250313e-16,0.0
-7.95,-0.0028626633297188183,-0.029802773046182215,-0.005725326659437637,-0.005725295381136619,1.00001638954837,-0.005725232825457379,-0.005725264103143179,0.05438489906737153,2.220446049250313e-16,0.0
-7.9399999999999995,-0.002588051076021554,-0.03039061390737293,-0.005176102152043108,-0.005176079039271398,1.0000133959270188,-0.005176032814285289,-0.005176055926685456,0.05545793886114877,0.0,0.0
-7.93,-0.002308057118011721,-0.03098238858545553,-0.004616114236023442,-0.004616097842427418,1.000010654198564,-0.0046160650555497965,-0.00461608144893619,0.05653814164057858,0.0,0.0
-7.92,-0.002022645821051637,-0.03157803998351225,-0.004045291642103274,-0.004045280609066567,1.000008182158761,-0.004045258543155636,-0.004045269576084024,0.057625399646453745,0.0,-1.1102230246251565e-16
-7.91,-0.0017317820791607744,-0.03217750931929591,-0.0034635641583215487,-0.003463557233379942,1.0000059981203506,-0.0034635433835714983,-0.0034635503084632572,0.058719601804010306,-1.1102230246251565e-16,0.0
-7.9,-0.0014354313304453202,-0.03278073611389282,-0.0028708626608906405,-0.0028708587173675395,1.000004120917718,-0.0028708508303506527,-0.0028708547738541886,0.05982063369403019,2.220446049250313e-16,0.0
-7.890000000000001,-0.001133559572630095,-0.033387658180628776,-0.00226711914526019,-0.0022671172031638108,1.0000025699113073,-0.002267113318980079,-0.0022671152610704267,0.06092837752435786,2.220446049250313e-16,0.0
-7.88,-0.0008261333786905384,-0.033998211614224665,-0.0016522667573810768,-0.001652266005604636,1.0000013649917872,-0.0016522645020535845,-0.0016522652538288108,0.062042712101855545,-1.1102230246251565e-16,0.0
-7.87,-0.0005131199125826216,-0.03461233078020725,-0.0010262398251652432,-0.001026239645031474,1.0000005265839507,-0.0010262392847640615,-0.0010262394648977615,0.06316351280482037,-1.1102230246251565e-16,0.0
-7.859999999999999,-0.00019448694506788526,-0.03522994830458224,-0.0003889738901357705,-0.0003889738803271017,1.0000000756503407,-0.000388973860709808,-0.00038897387051843336,0.0642906515558905,-1.1102230246251565e-16,0.0
-7.85,0.0001297971303680934,-0.03585099506377469,0.0002595942607361868,0.00025959425782054614,1.0000000336945896,0.00025959425198926277,0.00025959425490490554,0.06542399679546404,0.0,0.0
-7.84,0.00045976328150711425,-0.036475400174843936,0.0009195265630142285,0.0009195264334332,1.0000004227644608,0.0009195261742712629,0.0009195263038522042,0.06656341345565885,2.220446049250313e-16,0.0
-7.83,0.0007954418213014467,-0.03710309098597849,0.0015908836426028934,0.0015908829715395683,1.0000012654545816,0.001590881629414456,0.001590882300476753,0.06770876293483975,2.220446049250313e-16,0.0
-7.82,0.0011368623916916364,-0.037733993067277566,0.0022737247833832727,0.0022737228242615233,1.0000025849088543,0.002273718906027092,0.0022737208651428123,0.06885990307274135,-2.220446049250313e-16,-1.1102230246251565e-16
-7.8100000000000005,0.0014840539473415044,-0.03836803020182528,0.002968107894683009,0.0029681035366945063,1.000004404822536,0.002968094820752092,0.002968099178717521,0.07001668812621521,0.0,0.0
-7.8,0.001837044739293088,-0.039005124377063737,0.003674089478586176,0.0036740812125881325,1.0000067494439708,0.00367406468069251,0.0036740729466235634,0.07117896874563043,-1.1102230246251565e-16,2.220446049250313e-16
-7.79,0.0021958622985441033,-0.03964519577647111,0.004391724597088207,0.004391710479832734,1.000009643575969,0.004391682245566831,0.004391696362658945,0.07234659195195771,0.0,0.0
-7.779999999999999,0.0025605334195512295,-0.040288162771551485,0.005121066839102459,0.005121044455759092,1.0000131125768155,0.00512099968960066,0.005121022072591825,0.07351940111456867,0.0,-1.1102230246251565e-16
-7.77,0.0029310841436612804,-0.04093394191414159,0.005862168287322561,0.005862134712256269,1.0000171823608976,0.005862067563162079,0.005862101137536111,0.07469723592977941,0.0,-1.1102230246251565e-16
-7.76,0.0033075397424741247,-0.04158244792904208,0.006615079484948249,0.00661503124071611,1.0000218793989422,0.00661493475415181,0.0066149829971172925,0.07587993240017353,2.220446049250313e-16,2.220446049250313e-16
-7.75,0.0036899247011395295,-0.04223359370697819,0.007379849402279059,0.007379782416809748,1.0000272307178442,0.007379648449154329,0.007379715432434853,0.07706732281473443,0.0,-1.1102230246251565e-16
-7.74,0.004078262701591443,-0.042887290297896834,0.008156525403182886,0.008156434965104202,1.0000332639000828,0.0081562540943616,0.008156344528830468,0.07825923572982185,0.0,-1.1102230246251565e-16
-7.73,0.004472576605722666,-0.043543446904606195,0.008945153211445333,0.008945033923526162,1.000040007082705,0.008944795356277803,0.008944914638470325,0.07945549595102681,2.220446049250313e-16,0.0
-7.72,0.004872888438503096,-0.04420197087676376,0.009745776877006193,0.009745622607680622,1.0000474889558677,0.009745314082215807,0.009745468342750549,0.08065592451593834,-1.1102230246251565e-16,0.0
-7.71,0.005279219371044556,-0.04486276770521905,0.010558438742089112,0.010558242575031799,1.0000557387609303,0.010557850260597447,0.010558046414534682,0.08186033867785801,-3.3306690738754696e-16,-1.1102230246251565e-16
-7.699999999999999,0.005691589703616018,-0.045525741016717663,0.011383179407232037,0.011382933588955516,1.000064786288077,0.011382441981066787,0.011382687780233929,0.08306855189049865,-1.1102230246251565e-16,0.0
-7.6899999999999995,0.0061100188486116905,-0.04619079256897199,0.012220037697223381,0.012219733582669578,1.000074661873463,0.012219125394429379,0.012219429481738478,0.08428037379370197,-1.1102230246251565e-16,0.0
-7.68,0.006534525313476301,-0.046857822246105435,0.013069050626952601,0.013068678623052681,1.0000853963958727,0.013067934672430103,0.013068306638212226,0.08549561020021347,-1.1102230246251565e-16,-1.1102230246251565e-16
-7.67,0.006965126683590178,-0.04752672805447589,0.013930253367180356,0.013929802874358885,1.0000970212728733,0.013928901967381743,0.013929352407759957,0.0867140630835513,0.0,0.0
-7.66,0.007401839605118154,-0.048197406118884616,0.014803679210236308,0.01480313856183779,1.0001095684564565,0.014802057371657639,0.014802597948979186,0.08793553056700691,0.0,-1.1102230246251565e-16
-7.65,0.007844679767825616,-0.04886975067917674,0.01568935953565123,0.015688715935269215,1.0001230704281543,0.01568742887706272,0.015688072382407763,0.0891598069138162,-1.1102230246251565e-16,0.0
-7.640000000000001,0.008293661887865362,-0.04954365408723937,0.016587323775730724,0.016586563232422028,1.0001375601936169,0.016585042334096068,0.01658580275187921,0.09038668251853982,-3.3306690738754696e-16,-1.1102230246251565e-16
-7.63,0.0087487996905389,-0.05021900680440307,0.0174975993810778,0.017496706642446805,1.0001530712766424,0.017494921411122594,0.01749581398579807,0.09161594389969091,-1.1102230246251565e-16,-1.1102230246251565e-16
-7.62,0.009210105893035751,-0.050895697399252995,0.018420211786071502,0.0184191702692121,1.000169637712645,0.018417087553465408,0.018418128858347663,0.09284737369365088,-2.220446049250313e-16,0.0
-7.609999999999999,0.00967759218715511,-0.05157361254585616,0.01935518437431022,0.019353976094595684,1.0001872940415528,0.019351559942438305,0.019352767950644414,0.09408075064991334,2.220446049250313e-16,0.0
-7.6,0.010151269222012585,-0.05225263702240905,0.02030253844402517,0.020301143941739125,1.000206075300121,0.020298355454332975,0.02029974961185018,0.09531584962769342,0.0,2.220446049250313e-16
-7.59,0.010631146586737252,-0.05293265371031393,0.021262293173474504,0.02126069143827918,1.000226017013652,0.021257488619379004,0.021259089920259027,0.0965524415939471,-2.220446049250313e-16,-1.1102230246251565e-16
-7.58,0.01111723279316169,-0.05361354359368731,0.02223446558632338,0.02223263397956444,1.0002471551871115,0.022228971580693094,0.02223080264437031,0.0977902936228366,0.0,0.0
-7.57,0.011609535258509832,-0.05429518575930817,0.023219070517019665,0.023216984691870387,1.0002695262956252,0.023212814053236854,0.023214899203964422,0.0990291688966857,0.0,0.0
-7.5600000000000005,0.012108060288086269,-0.05497745739701073,0.024216120576172537,0.02421375439562331,1.0002931672743545,0.02420902328280196,0.024211388631195478,0.10026882670846352,0.0,0.0
-7.55,0.012612813057971245,-0.055660233800527925,0.02522562611594249,0.02522295156864547,1.0003181155077325,0.02521760400504062,0.02522027753171683,0.10150902246583868,-1.1102230246251565e-16,0.0
-7.54,0.013123797597725239,-0.056343388368791075,0.026247595195450477,0.02624458230943285,1.000344408818055,0.026238558404562917,0.026241570045854676,0.10274950769684346,-2.220446049250313e-16,2.220446049250313e-16
-7.529999999999999,0.013641016773107943,-0.05702679260769178,0.027282033546215886,0.027278650300479088,1.0003720854534162,0.027271886074120486,0.027275267809847497,0.10399003005718963,2.220446049250313e-16,0.0
-7.52,0.014164472268814812,-0.057710316132310716,0.028328944537629623,0.028325156771656076,1.0004011840749771,0.028317583973897473,0.028321369917165728,0.10523033333927424,2.220446049250313e-16,0.0
-7.51,0.014694164571236774,-0.058393826669620445,0.029388329142473548,0.029384100463666442,1.000431743743563,0.029375646390931175,0.0293798728799315,0.10647015748291863,-1.1102230246251565e-16,0.0
-7.5,0.015230092951246265,-0.059077190061665806,0.03046018590249253,0.030455477591578774,1.0004638039055758,0.030446064898683185,0.030450770590453546,0.1077092385878767,-1.1102230246251565e-16,0.0
-7.49,0.015772255447014737,-0.059760270269229046,0.03154451089402947,0.03153928180846027,1.000497404378214,0.03152882831678476,0.031534054282896705,0.10894730892815513,-2.220446049250313e-16,0.0
-7.48,0.016320648846865772,-0.060442929375983875,0.032641297693731544,0.03263550416911983,1.0005325853339964,0.032623922670979535,0.03262971249510373,0.11018409696818236,-1.1102230246251565e-16,0.0
-7.47,0.01687526867216844,-0.06112502759314464,0.03375053734433688,0.03374413309397549,1.0005693872845758,0.03373133115328642,0.03373773103058833,0.11141932738086623,-1.1102230246251565e-16,0.0
-7.46,0.01743610916027504,-0.061806423264614704,0.03487221832055008,0.034865154333059645,1.00060785106384,0.034851034082407126,0.034858092920717836,0.11265272106757643,-1.1102230246251565e-16,0.0
-7.449999999999999,0.018003163247508728,-0.06248697287264119,0.036006326495017456,0.03599855093017796,1.0006480178102917,0.03598300886440543,0.03599077838710659,0.11388399518009186,0.0,0.0
-7.4399999999999995,0.018576422552204264,-0.0631665310439784,0.03715284510440853,0.03714430318723375,1.000689928948699,0.03712722995367848,0.03713576480423728,0.11511286314454508,2.220446049250313e-16,0.0
-7.43,0.019155877357808177,-0.0638449505565682,0.038311754715616354,0.0383023886287357,1.0007336261710154,0.038283668814251756,0.038293026662333446,0.11633903468740436,0.0,0.0
-7.42,0.01974151659604159,-0.06452208234673937,0.03948303319208318,0.03947278196650097,1.0007791514165585,0.03945229388141894,0.03946253553050084,0.1175622158635236,-3.3306690738754696e-16,0.0
-7.41,0.02033332783013147,-0.06519777551693282,0.04066665566026294,0.04065545506457073,1.0008265468514463,0.04063307052375694,0.04064426002016043,0.11878210908629623,0.0,2.220446049250313e-16
-7.4,0.02093129723811469,-0.06587187734395673,0.04186259447622938,0.04185037690435282,1.0008758548472838,0.04182596100554036,0.04183816574879352,0.1199984131599454,-1.1102230246251565e-16,0.0
-7.390000000000001,0.02153540959621986,-0.06654423328777637,0.04307081919243972,0.04305751355000693,1.0009271179590988,0.04303092444958593,0.043044215304020396,0.1212108233139808,0.0,0.0
-7.38,0.022145648262331855,-0.06721468700084335,0.04429129652466371,0.044276828114088576,1.0009803789025216,0.04424791680055195,0.0442623682080348,0.12241903123985276,-1.1102230246251565e-16,0.0
-7.37,0.022761995159543715,-0.06788308033796898,0.04552399031908743,0.045508280723466916,1.0010356805302059,0.045476890788723204,0.04549258088241544,0.12362272512983244,0.0,0.0
-7.359999999999999,0.023384430759801705,-0.0685492533667464,0.04676886151960341,0.04675182848553431,1.0010930658074901,0.04671779589430998,0.046734806613338724,0.12482158971814517,0.0,-1.1102230246251565e-16
-7.35,0.024012934067647124,-0.06921304437852491,0.04802586813529425,0.048007425454721135,1.0011525777872965,0.04797057831228779,0.0479889955172125,0.12601530632438102,0.0,0.0
-7.34,0.024647482604061723,-0.06987428989994254,0.049294965208123445,0.049275022599335715,1.0012142595842661,0.0492351809178109,0.049255094506757274,0.12720355289920957,0.0,0.0
-7.33,0.02528805239042019,-0.07053282470501943,0.05057610478084038,0.05055456776874293,1.0012781543481324,0.0505115432322272,0.05053304725755465,0.1283860040724174,-2.220446049250313e-16,0.0
-7.32,0.02593461793255594,-0.07118848182781713,0.05186923586511188,0.05184600566090035,1.0013443052363311,0.051799601389723816,0.05182279417508868,0.12956233120329091,0.0,-1.1102230246251565e-16
-7.3100000000000005,0.026587152204944817,-0.07184109257566741,0.053174304409889635,0.05314927779026773,1.0014127553858478,0.05309928810463518,0.05312427236230252,0.13073220243336123,2.220446049250313e-16,0.0
-7.3,0.027245626635012312,-0.07249048654297498,0.054491253270024624,0.05446432245610765,1.0014835478843065,0.0544105326394434,0.05443741558769466,0.13189528274152848,0.0,-1.1102230246251565e-16
-7.29,0.027910011087569016,-0.07313649162559724,0.05582002217513803,0.055791074711193454,1.001556725740301,0.05573326077350102,0.0557621542539778,0.1330512340015777,-3.3306690738754696e-16,0.0
-7.279999999999999,0.02858027384938052,-0.0737789340358058,0.05716054769876104,0.057129466330943665,1.001632331852972,0.057067394772507815,0.057098415367325996,0.13419971504209977,0.0,0.0
-7.27,0.029256381613875664,-0.07441763831783212,0.05851276322775133,0.05847942578299716,1.0017104089808326,0.05841285335877044,0.058446122507231475,0.13534038170882423,2.220446049250313e-16,0.0
-7.26,0.029938299466000205,-0.07505242736400217,0.05987659893200041,0.0598408781972504,1.0017909997098515,0.05976955168227945,0.05980519579699863,0.13647288692937337,2.220446049250313e-16,-1.1102230246251565e-16
-7.25,0.030625990867219753,-0.07568312243146237,0.061251981734439506,0.061213745336370765,1.0018741464207948,0.06113740129263019,0.06117555187489634,0.13759688078043883,0.0,0.0
-7.24,0.03131941764067827,-0.07630954315950081,0.06263883528135654,0.06259794556680551,1.0019598912558352,0.06251631011182131,0.0625571038659947,0.13871201055738386,0.0,0.0
-7.23,0.032018539956517336,-0.07693150758746652,0.06403707991303467,0.06399339383030357,1.0020482760844351,0.06390618240796092,0.0639497613547099,0.13981792084626912,0.0,0.0
-7.22,0.032723316317361736,-0.07754883217329034,0.06544663263472347,0.06540000161596775,1.0021393424685134,0.06530691876991121,0.06535343035808151,0.14091425359829746,0.0,-1.1102230246251565e-16
-7.21,0.033433703543976484,-0.0781613318126096,0.06686740708795297,0.06681767693285424,1.0022331316269015,0.06671841608290147,0.06676801329980583,0.14200064820667052,0.0,0.0
-7.199999999999999,0.034149656761101654,-0.07876881985850025,0.06829931352220331,0.06824632428313927,1.0023296843991023,0.06814056750514061,0.06819340898505073,0.14307674158584655,-1.1102230246251565e-16,0.0
-7.1899999999999995,0.03487112938346937,-0.07937110814181844,0.06974225876693874,0.06968584463586706,1.0024290412083614,0.06957326244545857,0.06962951257607376,0.1441421682531858,0.0,0.0
-7.18,0.035598073102009846,-0.0799680069921547,0.07119614620401969,0.07113613540130043,1.0025312420240597,0.0710163865420077,0.07107621556866996,0.14519656041296655,-3.3306690738754696e-16,-1.1102230246251565e-16
-7.17,0.03633043787025104,-0.08055932525940278,0.07266087574050208,0.07259709040588866,1.0026363263234466,0.0724698216420517,0.07253340576947062,0.1462395480427518,2.220446049250313e-16,0.0
-7.16,0.037068171890917864,-0.08114487033594532,0.07413634378183573,0.07406859986787127,1.0027443330527173,0.07393344578287254,0.07400096727411756,0.1472707589820815,2.220446049250313e-16,0.0
-7.15,0.037811221602736964,-0.08172444817945923,0.07562244320547393,0.07555055037353534,1.00285530058746,0.075407133173824,0.07547878044633614,0.14828981902346589,-1.1102230246251565e-16,-1.1102230246251565e-16
-7.140000000000001,0.038559531667452164,-0.08229786333634202,0.07711906333490433,0.07704282485414267,1.002969266692481,0.07689075417955926,0.07696672189792933,0.14929635200564606,0.0,0.0
-7.13,0.039313044957056634,-0.0828649189657615,0.07862608991411327,0.078545302563545,1.0030862684810224,0.07838417530446015,0.07846466446971567,0.15028997990908954,-4.440892098500626e-16,-1.1102230246251565e-16
-7.12,0.04007170254124712,-0.08342541686433028,0.08014340508249423,0.08005785905650277,1.0032063423734006,0.07988725917829603,0.0799724772134329,0.1512703229536818,-1.1102230246251565e-16,-1.1102230246251565e-16
-7.109999999999999,0.040835443675106727,-0.0839791574914072,0.08167088735021345,0.08158036616772651,1.003329524055069,0.08139986454313776,0.08149002537463028,0.15223699969857252,0.0,0.0
-7.1,0.04160420578702055,-0.08452593999502626,0.0832084115740411,0.08311269199165418,1.0034558484341378,0.08292184624155145,0.08301717037656826,0.1531896271441294,4.440892098500626e-16,2.220446049250313e-16
-7.09,0.04237792446683184,-0.08506556223845586,0.08475584893366368,0.08465470086298488,1.0035853495983618,0.08445305520610011,0.08455376980515023,0.15412782083595317,-1.1102230246251565e-16,0.0
-7.08,0.043156533454242314,-0.08559782082738737,0.08631306690848463,0.08620625333798093,1.0037180607716236,0.08599333845017214,0.08609967739490224,0.15505119497089598,2.220446049250313e-16,0.0
-7.07,0.04393996462746421,-0.08612251113775674,0.08787992925492842,0.08776720617655769,1.0038540142699293,0.08754253906016472,0.0876547430160244,0.15595936250503087,0.0,0.0
-7.0600000000000005,0.04472814799212865,-0.08663942734419722,0.0894562959842573,0.0893374123251744,1.0039932414569448,0.08910049618904088,0.08921881266253051,0.15685193526350633,0.0,0.0
-7.05,0.04552101167045685,-0.08714836244912662,0.0910420233409137,0.0909167209005433,1.0041357726990945,0.09066704505128305,0.09079172844149608,0.15772852405222482,0.0,0.0
-7.04,0.046318481890698995,-0.08764910831246714,0.09263696378139799,0.09250497717416961,1.004281637320247,0.09224201691926165,0.09237332856343076,0.15858873877127316,2.220446049250313e-16,0.0
-7.029999999999999,0.04712048297684822,-0.08814145568200055,0.09424096595369644,0.09410202255774065,1.0044308635560169,0.09382523912104047,0.09396344733379558,0.15943218853003396,-1.1102230246251565e-16,0.0
-7.02,0.04792693733863324,-0.08862519422435688,0.09585387467726648,0.09570769458937416,1.0045834785077072,0.09541653503963247,0.09556191514567694,0.1602584817638992,-1.1102230246251565e-16,0.0
-7.01,0.04873776546179783,-0.08910011255663858,0.09747553092359566,0.09732182692074412,1.0047395080959227,0.09701572411372686,0.09716855847363774,0.1610672263525066,0.0,0.0
-7.0,0.04955288589867073,-0.08956599827867823,0.09910577179734147,0.09894424930509393,1.004898977013882,0.09862262183989898,0.09878319986875635,0.16185802973941252,0.0,-1.1102230246251565e-16
-6.99,0.050372215259033425,-0.09002263800593119,0.10074443051806685,0.10057478758615272,1.0050619086804602,0.10023703977631943,0.10040565795487001,0.16263049905311358,0.0,-1.1102230246251565e-16
-6.98,0.05119566820129062,-0.09046981740300179,0.10239133640258125,0.1022132636879661,1.0052283251929914,0.10185878554797327,0.10203574742603463,0.1633842412293242,0.0,0.0
-6.97,0.05202315742394982,-0.09090732121780297,0.10404631484789964,0.10385949560565451,1.0053982472798668,0.10348766285340147,0.1036732790452134,0.1641188631344137,-1.1102230246251565e-16,0.0
-6.96,0.052854593657414864,-0.09133493331634795,0.10570918731482973,0.10551329739710973,1.0055716942529567,0.10512347147297288,0.10531805964420424,0.16483397168990196,0.0,0.0
-6.949999999999999,0.05368988565610089,-0.09175243671817446,0.10737977131220178,0.10717447917564328,1.005748683959895,0.1067660072786967,0.10696989212481918,0.16552917399791267,0.0,0.0
-6.9399999999999995,0.054528940190873926,-0.09215961363239808,0.10905788038174785,0.10884284710359338,1.0059292327362594,0.10841506224557781,0.10862857546131954,0.1662040774674721,0.0,0.0
-6.93,0.05537166204182392,-0.09255624549439628,0.11074332408364784,0.11051820338690599,1.0061133553576833,0.11007042446452511,0.11029390470412122,0.1668582899415481,0.0,0.0
-6.92,0.05621795399137398,-0.09294211300311901,0.11243590798274795,0.11220034627069429,1.0063010649919362,0.11173187815681078,0.11196567098477074,0.1674914198247109,-1.1102230246251565e-16,0.0
-6.91,0.057067716817733836,-0.09331699615902625,0.11413543363546767,0.11388907003578992,1.006492373151012,0.11339920369008409,0.11364366152220251,0.1681030762113002,-2.220446049250313e-16,0.0
-6.9,0.057920849288701726,-0.09368067430264922,0.11584169857740345,0.11558416499629143,1.0066872896432626,0.11507217759593841,0.1153276596302784,0.1686928690139774,0.0,0.0
-6.890000000000001,0.05877724815582143,-0.09403292615377458,0.11755449631164286,0.1172854174981202,1.006885822525615,0.11675057258903089,0.11701744472661536,0.16926040909254,2.220446049250313e-16,0.0
-6.88,0.05963680814889935,-0.09437352985124808,0.1192736162977987,0.11899260991858918,1.0070879780559165,0.11843415758774574,0.11871279234270134,0.16980530838287036,-2.220446049250313e-16,0.0
-6.87,0.06049942197088745,-0.09470226299339639,0.1209988439417749,0.12070552066699146,1.0072937606454464,0.12012269773640023,0.12041347413530032,0.17032718002589062,-1.1102230246251565e-16,-1.1102230246251565e-16
-6.859999999999999,0.06136498029313867,-0.09501890267906428,0.12272996058627735,0.12242392418621677,1.0075031728116342,0.12181595442898258,0.12211925789914829,0.17082563849639257,4.440892098500626e-16,2.220446049250313e-16
-6.85,0.062233371751038394,-0.09532322554926377,0.12446674350207679,0.12414759095539661,1.0077162151310317,0.1235136853344099,0.12382990758093389,0.17130029973160554,0.0,0.0
-6.84,0.06310448294001962,-0.09561500782943298,0.12620896588003924,0.1258762874935873,1.0079328861925823,0.12521564442329833,0.1255451832945646,0.17175078125936902,0.0,0.0
-6.83,0.06397819841196624,-0.09589402537230174,0.12795639682393248,0.127609776364492,1.0081531825512249,0.12692158199622697,0.12726484133771163,0.1721767023257696,-4.440892098500626e-16,-1.1102230246251565e-16
-6.82,0.06485440067200984,-0.09616005370135965,0.1297088013440197,0.1293478161822245,1.008377098681888,0.12863124471348075,0.12898863420962725,0.17257768402210236,-2.220446049250313e-16,0.0
-6.8100000000000005,0.06573297017572659,-0.09641286805492429,0.13146594035145318,0.13109016161811995,1.0086046269339102,0.1303443756262558,0.1307163106302292,0.1729533494110147,2.220446049250313e-16,0.0
-6.8,0.06661378532673813,-0.09665224343080463,0.13322757065347626,0.1328365634085902,1.0088357574859383,0.13206071420930302,0.13244761556044013,0.17330332365168893,-1.1102230246251565e-16,0.0
-6.79,0.06749672247472313,-0.09687795463155686,0.13499344494944626,0.1345867683640275,1.0090704783013518,0.13377999639499052,0.1341822902237745,0.17362723412391934,-3.3306690738754696e-16,-1.1102230246251565e-16
-6.779999999999999,0.06838165591384482,-0.09708977631032793,0.13676331182768964,0.13634051937875655,1.0093087750842544,0.13550195460875988,0.13592007212916066,0.17392471055093828,2.220446049250313e-16,0.0
-6.77,0.06926845788159848,-0.09728748301728236,0.13853691576319696,0.13809755544203103,1.0095506312360856,0.13722631780594646,0.13766069509498238,0.17419538512084382,-2.220446049250313e-16,-1.1102230246251565e-16
-6.76,0.07015699855808637,-0.09747084924660829,0.14031399711617273,0.13985761165007796,1.0097960278129032,0.1389528115099403,0.13940388927432953,0.17443889260648332,2.220446049250313e-16,0.0
-6.75,0.07104714606572324,-0.09763964948409763,0.14209429213144648,0.14162041921918275,1.0100449434833763,0.14068115785165072,0.14114938118143713,0.1746548704836451,-1.1102230246251565e-16,0.0
-6.74,0.07193876646937906,-0.09779365825529564,0.14387753293875813,0.14338570549981527,1.0102973544875506,0.14241107561024602,0.1428968937192984,0.17484295904741096,0.0,0.0
-6.73,0.07283172377696366,-0.09793265017421483,0.14566344755392732,0.14515319399179147,1.0105532345964243,0.1441422802551314,0.14464614620843136,0.17500280152652373,0.0,0.0
-6.72,0.07372587994045818,-0.09805639999260757,0.14745175988091636,0.14692260436046561,1.010812555072393,0.14587448398912695,0.14639685441677824,0.1751340441956215,0.0,-1.1102230246251565e-16
-6.71,0.07462109485739866,-0.09816468264979236,0.14924218971479733,0.14869365245394858,1.0110752846306093,0.14760739579280896,0.1481487305907161,0.1752363364851954,0.0,0.0
-6.699999999999999,0.07551722637281738,-0.09825727332302756,0.15103445274563476,0.15046605032134552,1.0113413894013106,0.14934072146997115,0.14990148348715576,0.17530933108912447,-1.1102230246251565e-16,2.220446049250313e-16
-6.6899999999999995,0.07641413028164507,-0.09833394747842683,0.15282826056329013,0.15223950623200438,1.011610832893164,0.1510741636941627,0.15165481840670164,0.17535268406964555,-2.220446049250313e-16,0.0
-6.68,0.07731166033158152,-0.09839448092241032,0.15462332066316303,0.1540137246957699,1.0118835759576807,0.15280742205626013,0.15340843722785005,0.17536605495961632,2.220446049250313e-16,0.0
-6.67,0.07820966822643707,-0.09843864985368483,0.15641933645287415,0.15578840648423165,1.0121595767547515,0.15454019311302228,0.15516203844219426,0.17534910686193225,4.440892098500626e-16,0.0
-6.66,0.07910800362995135,-0.09846623091574691,0.1582160072599027,0.15756324865295848,1.0124387907193528,0.15627217043658306,0.1569153171906099,0.17530150654595972,-1.1102230246251565e-16,0.0
-6.65,0.08000651417009295,-0.0984770012499015,0.1600130283401859,0.1593379445647076,1.0127211705294785,0.15800304466482779,0.15866796530038846,0.1752229245408505,0.0,0.0
-6.640000000000001,0.08090504544384577,-0.09847073854878981,0.16181009088769155,0.1611121839135984,1.0130066660753436,0.15973250355260413,0.1604196713232889,0.17511303522560565,-3.3306690738754696e-16,0.0
-6.63,0.08180344102248563,-0.09844722111041862,0.16360688204497126,0.16288565275023792,1.0132952244299176,0.1614602320237094,0.16217012057447197,0.17497151691575993,0.0,0.0
-6.62,0.08270154245735205,-0.09840622789268404,0.1654030849147041,0.16465803350778568,1.0135867898208326,0.16318591222360115,0.16391899517228414,0.17479805194656003,-2.220446049250313e-16,0.0
-6.609999999999999,0.08359918928612049,-0.098347538568382,0.16719837857224099,0.16642900502894578,1.0138813036037237,0.164909223572773,0.16566597407885653,0.17459232675251632,-2.220446049250313e-16,-1.1102230246251565e-16
-6.6,0.08449621903957752,-0.0982709335806973,0.16899243807915504,0.1681982425938685,1.0141787042370476,0.16662984282073418,0.16741073314147836,0.1743540319432075,-1.1102230246251565e-16,0.0
-6.59,0.08539246724890584,-0.09817619419916397,0.17078493449781168,0.16996541794895173,1.0144789272584334,0.16834744410053679,0.16915294513471216,0.17408286237522677,-1.1102230246251565e-16,-1.1102230246251565e-16
-6.58,0.0862877674534808,-0.09806310257608776,0.1725755349069616,0.17173019933652114,1.0147819052626155,0.17006169898378387,0.17089227980320598,0.17377851722015775,-1.1102230246251565e-16,-1.1102230246251565e-16
-6.57,0.0871819512091845,-0.09793144180342307,0.174363902418369,0.17349225152537662,1.0150875678809994,0.17177227653605745,0.17262840390516668,0.17344070002847636,0.0,0.0
-6.5600000000000005,0.08807484809724075,-0.09778099597009517,0.1761496961944815,0.17525123584218683,1.0153958417629099,0.1734788433727028,0.174360981256451,0.17306911878927866,0.0,0.0
-6.55,0.08896628573357512,-0.097611550219759,0.17793257146715025,0.17700681020371392,1.0157066505585717,0.1751810637149014,0.17608967277523274,0.1726634859857398,-1.1102230246251565e-16,-1.1102230246251565e-16
-6.54,0.08985608977870362,-0.09742289080898577,0.17971217955740723,0.17875862914984986,1.0160199149038733,0.17687859944596662,0.17781413652720232,0.1722235186462152,2.220446049250313e-16,0.0
-6.529999999999999,0.09074408394815475,-0.09721480516586703,0.1814881678963095,0.1805063438774474,1.0163355524069593,0.17857111016779453,0.17953402777125615,0.17174893839089964,0.0,-1.1102230246251565e-16
-6.52,0.0916300900234278,-0.09698708194902853,0.1832601800468556,0.182249602274924,1.0166534776367049,0.180258253257402,0.18124899900562919,0.17123947147396862,0.0,0.0
-6.51,0.09251392786349147,-0.09673951110704167,0.18502785572698294,0.18398804895762008,1.0169736021131155,0.18193968392347978,0.18295870001442635,0.17069484882112781,0.0,0.0
-6.5,0.09339541541682653,-0.09647188393822533,0.18679083083365305,0.1857213253038907,1.0172958342997018,0.18361505526289543,0.1846627779145065,0.17011480606250912,0.0,-1.1102230246251565e-16
-6.49,0.09427436873401572,-0.09618399315082563,0.18854873746803144,0.18744906949191004,1.0176200795978765,0.18528401831707023,0.18636087720267125,0.16949908356085225,-1.1102230246251565e-16,0.0
-6.48,0.09515060198088435,-0.09587563292356453,0.1903012039617687,0.1891709165371663,1.0179462403434174,0.18694622212816284,0.18805263980311193,0.16884742643492143,-1.1102230246251565e-16,0.0
-6.47,0.09602392745219566,-0.09554659896654695,0.19204785490439133,0.1908864983306276,1.0182742158050444,0.18860131379498687,0.189737705115068,0.16815958457811414,-1.1102230246251565e-16,0.0
-6.46,0.09689415558590213,-0.09519668858251391,0.19378831117180426,0.19259544367755188,1.0186039021851527,0.1902489385285892,0.19141571006064426,0.16743531267222111,2.220446049250313e-16,0.0
-6.449999999999999,0.09776109497795919,-0.09482570072843324,0.19552218995591839,0.19429737833692526,1.0189351926227488,0.19188873970742193,0.19308628913274561,0.166674370196312,-1.1102230246251565e-16,0.0
-6.4399999999999995,0.09862455239770027,-0.09443343607741433,0.19724910479540053,0.1959919250614975,1.01926797719863,0.19352035893202754,0.19474907444307163,0.16587652143072068,0.0,0.0
-6.43,0.09948433280378012,-0.09401969708093731,0.19896866560756024,0.1976787036384001,1.0196021429428506,0.19514343607917717,0.1964036957701304,0.165041535456118,0.0,0.0
-6.42,0.10034023936068617,-0.09358428803138379,0.20068047872137235,0.19935733093031596,1.0199375738445169,0.19675760935537887,0.1980497806072161,0.1641691861476634,2.220446049250313e-16,0.0
-6.41,0.101192073455822,-0.09312701512485835,0.202384146911644,0.20102742091718184,1.02027415086395,0.19836251534969174,0.1996869542103038,0.16325925216423762,2.220446049250313e-16,-1.1102230246251565e-16
-6.4,0.10203963471716554,-0.09264768652428805,0.20407926943433108,0.20268858473839768,1.0206117519472575,0.19995778908577302,0.201314839645813,0.1623115169327645,-1.1102230246251565e-16,-1.1102230246251565e-16
-6.390000000000001,0.10288272103150412,-0.09214611242278826,0.20576544206300823,0.20434043073551958,1.0209502520433527,0.20154306407308747,0.2029330578381889,0.1613257686276398,2.220446049250313e-16,0.0
-6.38,0.10372112856324861,-0.09162210510728182,0.20744225712649722,0.2059825644954115,1.0212895231234558,0.20311797235720902,0.20454122761725385,0.1603018001452917,-1.1102230246251565e-16,0.0
-6.37,0.10455465177382967,-0.09107547902236038,0.20910930354765933,0.20761458889383302,1.02162943420312,0.2046821445691474,0.2061389657652805,0.15923940907390835,0.0,-1.1102230246251565e-16
-6.359999999999999,0.10538308344167749,-0.09050605083437267,0.21076616688335498,0.20923610413943827,1.0219698513668112,0.20623520997363126,0.2077258870637385,0.15813839765837168,-1.1102230246251565e-16,0.0
-6.35,0.10620621468278688,-0.08991363949572932,0.21241242936557375,0.21084670781816028,1.0223106377950808,0.20777679651627695,0.20930160433966527,0.1569985727604507,0.0,0.0
-6.34,0.10702383497187101,-0.08929806630940933,0.21404766994374202,0.21244599493796124,1.0226516537943628,0.20930653086958506,0.21086572851161742,0.15581974581431196,2.220446049250313e-16,0.0
-6.33,0.10783573216410357,-0.08865915499365529,0.21567146432820714,0.21403355797391915,1.022992756829428,0.2108240384776916,0.21241786863515225,0.15460173277741415,-2.220446049250313e-16,0.0
-6.32,0.10864169251745266,-0.08799673174684419,0.21728338503490532,0.21560898691363223,1.0233338015585272,0.2123289435998155,0.21395763194779652,0.15334435407686403,2.220446049250313e-16,-1.1102230246251565e-16
-6.3100000000000005,0.10944150071560735,-0.08731062531251974,0.2188830014312147,0.21717186930291457,1.0236746398712517,0.21382086935234013,0.21548462391345619,0.15204743455131764,-2.220446049250313e-16,0.0
-6.3,0.1102349398914978,-0.08660066704457164,0.2204698797829956,0.21872179029176056,1.0240151209291435,0.21529943774946553,0.2169984482662229,0.15071080338851847,-1.1102230246251565e-16,0.0
-6.29,0.11102179165141128,-0.0858666909725495,0.22204358330282256,0.22025833268055606,1.0243550912090775,0.21676426974237784,0.2184987070535348,0.1493342940585772,-1.1102230246251565e-16,-1.1102230246251565e-16
-6.279999999999999,0.11180183609970458,-0.08510853386709417,0.22360367219940916,0.22178107696651336,1.0246943945494484,0.21821498525687386,0.21998500067864973,0.1479177442430981,0.0,0.0
-6.27,0.11257485186411349,-0.08432603530547562,0.22514970372822699,0.22328960139030682,1.025032872199184,0.2196512032293887,0.22145692794238814,0.14646099576027646,2.220446049250313e-16,-1.1102230246251565e-16
-6.26,0.1133406161216614,-0.08351903773721908,0.2266812322433228,0.22478348198288967,1.0253703628696078,0.22107254164137471,0.22291408608410893,0.14496389448608824,0.0,0.0
-6.25,0.11409890462516654,-0.08268738654980762,0.2281978092503331,0.2262622926124691,1.0257067027891802,0.2224786175519767,0.22435607082187706,0.1434262902717112,2.220446049250313e-16,0.0
-6.24,0.11484949173034913,-0.08183093013444385,0.22969898346069825,0.22772560503161954,1.02604172576113,0.22386904712896027,0.22578247639178747,0.14184803685731842,-1.1102230246251565e-16,-1.1102230246251565e-16
-6.23,0.11559215042353893,-0.0809495199518572,0.23118430084707786,0.22917298892451535,1.0263752632240082,0.22524344567784219,0.22719289558640976,0.1402289917823976,-1.1102230246251565e-16,0.0
-6.22,0.11632665234998316,-0.08004301059814005,0.2326533046999663,0.23060401195426114,1.0267071443151718,0.22660142766918145,0.22858691979231865,0.1385690162927544,-3.3306690738754696e-16,0.0
-6.21,0.11705276784275521,-0.07911125987059879,0.23410553568551043,0.23201823981030387,1.027037195937226,0.2279426067639904,0.22996413902667898,0.13686797524437033,2.220446049250313e-16,0.0
-6.199999999999999,0.1177702659522648,-0.07815412883360179,0.2355405319045296,0.23341523625590785,1.027365242827432,0.2292665958372251,0.23132414197285495,0.13512573700428746,-4.440892098500626e-16,-1.1102230246251565e-16
-6.1899999999999995,0.11847891447636777,-0.07717148188441132,0.23695782895273554,0.23479456317567443,1.0276911076301058,0.23057300699932026,0.23266651601501254,0.13334217334870824,0.0,0.0
-6.18,0.11917847999107767,-0.07616318681898039,0.23835695998215534,0.23615578062309214,1.0280146109720107,0.2318614516157348,0.23399084727169156,0.13151715935849825,-2.220446049250313e-16,-1.1102230246251565e-16
-6.17,0.11986872788187657,-0.07512911489770079,0.23973745576375313,0.23749844686810095,1.0283355715407678,0.2331315403244794,0.23529672062831927,0.12965057331229432,0.0,0.0
-6.16,0.12054942237562574,-0.07406914091108434,0.24109884475125148,0.238822118444656,1.0286538061662864,0.23438288305159563,0.2365837197686444,0.1277422965774238,-1.1102230246251565e-16,-1.1102230246251565e-16
-6.15,0.12122032657307548,-0.07298314324536202,0.24244065314615096,0.24012635019827838,1.028969129905233,0.2356150890245653,0.23785142720507033,0.1257922134988507,0.0,-1.1102230246251565e-16
-6.140000000000001,0.12188120248197302,-0.07187100394798329,0.24376240496394605,0.24141069533358073,1.02928135612854,0.23682776678362782,0.23909942430786926,0.12380021128636957,-3.3306690738754696e-16,0.0
-6.13,0.1225318110507673,-0.07073260879299932,0.2450636221015346,0.24267470546175463,1.0295902966119697,0.23802052419098674,0.24032729133325956,0.12176617990027847,-2.220446049250313e-16,-1.1102230246251565e-16
-6.12,0.12317191220290984,-0.06956784734631402,0.24634382440581967,0.2439179306480121,1.029895761629732,0.23919296843789248,0.24153460745033373,0.11969001193576805,2.220446049250313e-16,0.0
-6.109999999999999,0.12380126487175049,-0.06837661303078316,0.24760252974350097,0.2451399194589705,1.0301975600511686,0.240344706049588,0.24272095076682504,0.1175716025062676,-1.1102230246251565e-16,0.0
-6.1,0.1244196270360261,-0.06715880319114832,0.2488392540720522,0.24634021900997435,1.0304954994405047,0.24147534288811212,0.24388589835370286,0.11541084912600577,-2.220446049250313e-16,0.0
-6.09,0.12502675575594163,-0.0659143191587844,0.25005351151188326,0.2475183750123474,1.0307893861596673,0.24258448415295425,0.24502902626859221,0.11320765159203766,2.220446049250313e-16,0.0
-6.08,0.12562240720983972,-0.06464306631624574,0.25124481441967944,0.2486739318205683,1.0310790254741773,0.24367173437956013,0.24614990957800942,0.110961911866008,-1.1102230246251565e-16,0.0
-6.07,0.12620633673145965,-0.06334495416159244,0.2524126734629193,0.24980643247936896,1.031364221662114,0.24473669743569246,0.24724812237841784,0.10867353395592136,-1.1102230246251565e-16,-1.1102230246251565e-16
-6.0600000000000005,0.12677829884778136,-0.062019896372479,0.2535565976955627,0.2509154187707509,1.0316447781261482,0.24577897651565309,0.24832323781610108,0.10634242379819811,2.220446049250313e-16,0.0
-6.05,0.12733804731745338,-0.060667810869987404,0.25467609463490676,0.2520004312609201,1.0319204975086445,0.24679817413237629,0.2493748281058597,0.10396848914030223,4.440892098500626e-16,0.0
-6.04,0.12788533516980163,-0.05928861988218768,0.25577067033960327,0.2530610093471392,1.0321911818098284,0.24779389210740868,0.2504024645485379,0.10155163942423479,2.220446049250313e-16,0.0
-6.029999999999999,0.12841991474441758,-0.057882250007405454,0.25683982948883516,0.25409669130450296,1.0324566325090143,0.24876573155879525,0.25140571754739177,0.09909178567118863,-1.1102230246251565e-16,0.0
-6.02,0.1289415377313213,-0.056448632277181957,0.2578830754626426,0.25510701433263483,1.032716650688886,0.24971329288689065,0.2523841566233098,0.09658884036767598,-3.3306690738754696e-16,0.0
-6.01,0.1294499552116985,-0.054987702218904,0.258899910423397,0.25609151460231666,1.0329710371628251,0.2506361757581274,0.25333735042890454,0.09404271735343459,-3.3306690738754696e-16,-1.1102230246251565e-16
-6.0,0.12994491769920688,-0.0534993999180893,0.25988983539841376,0.25704972730205317,1.033219592605277,0.2515339790867671,0.25426486676149307,0.0914533317114376,-1.1102230246251565e-16,0.0
-5.99,0.13042617518184887,-0.05198367008030602,0.26085235036369775,0.25798118668458175,1.0334621176851455,0.25240630101467254,0.2551662725749884,0.08882059966032818,2.220446049250313e-16,0.0
-5.9799999999999995,0.13089347716440872,-0.050440462092709186,0.26178695432881743,0.2588854261133406,1.033698413202206,0.25325273888914085,0.25604113399073114,0.0861444384496133,2.220446049250313e-16,0.0
-5.97,0.13134657271144778,-0.04886973008517554,0.26269314542289557,0.2597619781089018,1.0339282802265226,0.25407288923883803,0.25688901630728544,0.08342476625795549,0.0,0.0
-5.96,0.13178521049085698,-0.04727143299101619,0.26357042098171396,0.2606103743953897,1.034151520240858,0.2548663477478884,0.25770948400923716,0.08066150209490466,-2.220446049250313e-16,-1.1102230246251565e-16
-5.95,0.13220913881796076,-0.04564553460725103,0.2644182776359215,0.2614301459468962,1.0343679352860602,0.25563270922816766,0.25850210077502694,0.07785456570642649,-2.220446049250313e-16,0.0
-5.9399999999999995,0.13261810570016871,-0.04399200365442363,0.26523621140033743,0.2622208230339119,1.0345773281094093,0.2563715675898593,0.25926642948385903,0.07500387748458177,-2.220446049250313e-16,-1.1102230246251565e-16
-5.93,0.13301185888217087,-0.04231081383593927,0.26602371776434175,0.26298193526979324,1.0347795023159099,0.25708251581033625,0.26000203222172874,0.07210935838172476,0.0,0.0
-5.92,0.13339014589167283,-0.04060194389690511,0.26678029178334567,0.26371301165728833,1.034974262522507,0.2577651459014365,0.26070847028661776,0.06917092982958853,0.0,0.0
-5.91,0.13375271408566444,-0.03886537768245569,0.2675054281713289,0.2644135806351427,1.035161414515208,0.25841904887520206,0.2613853041929041,0.06618851366364031,2.220446049250313e-16,0.0
-5.9,0.134099310697219,-0.03710110419554301,0.268198621394438,0.2650831701248132,1.0353407654090883,0.2590438147081615,0.2620320936750453,0.06316203205308939,-3.3306690738754696e-16,-1.1102230246251565e-16
-5.89,0.1344296828828168,-0.03530911765417218,0.2688593657656336,0.2657213075773163,1.0355121238111598,0.2596390323042358,0.2626483976905904,0.06009140743694014,-1.1102230246251565e-16,0.0
-5.88,0.1347435777701886,-0.03348941754806443,0.2694871555403772,0.26632752002024285,1.0356752999860737,0.26020428945635843,0.2632337744225853,0.0569765624664916,2.220446049250313e-16,0.0
-5.87,0.13504074250667322,-0.03164200869472553,0.27008148501334645,0.26690133410496814,1.0358301060246389,0.2607391728068986,0.263787781281436,0.053817419954685496,0.0,0.0
-5.86,0.13532092430808415,-0.029766901294903884,0.2706418486161683,0.26744227615409616,1.035976356015125,0.2612432678069894,0.2643099749063026,0.05061390283272259,0.0,0.0
-5.85,0.1355838705080791,-0.02786411098741568,0.2711677410161582,0.26794987220917027,1.0361138662173217,0.2617161586748629,0.2647999111660964,0.047365934114363094,-1.1102230246251565e-16,0.0
-5.84,0.13582932860802696,-0.025933658903320233,0.2716586572160539,0.26842364807869196,1.0362424552393275,0.26215742835330225,0.2652571451601606,0.044073436868343654,2.220446049250313e-16,0.0
-5.83,0.13605704632736593,-0.02397557171942291,0.27211409265473185,0.2688631293864879,1.0363619442170326,0.2625666584663266,0.2656812312187173,0.04073633419934197,-2.220446049250313e-16,-1.1102230246251565e-16
-5.82,0.13626677165444703,-0.021989881711089856,0.27253354330889407,0.2692678416204693,1.03647215699627,0.2629434292752303,0.26607172290316994,0.03735454923793872,-2.220446049250313e-16,0.0
-5.81,0.13645825289785599,-0.01997662680435214,0.27291650579571197,0.26963731018182885,1.036572920317592,0.2632873196341016,0.2664281730063507,0.03392800514002352,0.0,-1.1102230246251565e-16
-5.8,0.13663123873820693,-0.017935850627281813,0.27326247747641386,0.26997106043472296,1.0366640640036422,0.2635979069449578,0.26675013355281124,0.030456625096107817,0.0,0.0
-5.79,0.13678547828040238,-0.015867602560617953,0.27357095656080477,0.2702686177564927,1.0367454211490852,0.26387476711263425,0.2670371557992596,0.02694033235100778,2.220446049250313e-16,0.0
-5.78,0.1369207211063508,-0.013771937787625982,0.2738414422127016,0.2705295075884726,1.0368168283130499,0.2641174744995744,0.26728879023524577,0.02337905023437774,0.0,0.0
-5.77,0.13703671732813585,-0.01164891734316863,0.2740734346562717,0.2707532554874463,1.0368781257140522,0.2643256018806738,0.26750458658421,0.019772702202574207,2.220446049250313e-16,0.0
-5.76,0.13713321764162992,-0.009498608161970987,0.27426643528325984,0.27093938717780564,1.0369291574273465,0.26449872039833794,0.2676840938050086,0.016121211892345916,0.0,0.0
-5.75,0.13720997338054372,-0.0073210831260568975,0.27441994676108744,0.27108742860447355,1.0369697715846677,0.264636399517921,0.2678268600940367,0.012424503186844939,-1.1102230246251565e-16,0.0
-5.74,0.13726673657090568,-0.005116421111341391,0.27453347314181137,0.27119690598665536,1.0369998205763131,0.2647382069837189,0.2679324328880764,0.008682500294474699,0.0,0.0
-5.7299999999999995,0.13730325998596166,-0.00288470703335648,0.2746065199719233,0.2712673458724829,1.0370191612555142,0.26480370877569753,0.26800035886799817,0.004895127841087079,-1.1102230246251565e-16,0.0
-5.72,0.13731929720148858,-0.000626031892093175,0.27463859440297717,0.27129827519462046,1.037027655145051,0.26483246906714647,0.2680301839634547,0.0010623109760583402,-1.1102230246251565e-16,0.0
-5.71,0.13731460265151257,0.0016595071840623614,0.27462920530302515,0.27128922132690375,1.0370251686460512,0.2648240501834525,0.2680214533587054,-0.002816024507226175,-2.220446049250313e-16,0.0
-5.7,0.1372889316844244,0.003971806895314652,0.2745778633688488,0.2712397121420858,1.037011573248921,0.2647780125621993,0.2679737114997222,-0.006739952035930063,-1.1102230246251565e-16,0.0
-5.6899999999999995,0.13724204061948234,0.006310757728388459,0.2744840812389647,0.27114927607076483,1.0369867457463469,0.264693914714803,0.2678865021027246,-0.010709544106819293,0.0,0.0
-5.68,0.1371736868036951,0.008676243915419091,0.2743473736073902,0.27101744216157503,1.0369505684483098,0.26457131318990734,0.2677593681643053,-0.014724872119247485,-1.1102230246251565e-16,0.0
-5.67,0.1370836286690754,0.011068143393826183,0.2741672573381508,0.2708437401427205,1.0369029293990464,0.26440976253876414,0.26759185197330904,-0.018786006191511044,0.0,0.0
-5.66,0.13697162579025468,0.013486327767185441,0.27394325158050936,0.2706277004849376,1.0368437225958895,0.2642088152828397,0.2673834951246322,-0.022893014959990285,-4.440892098500626e-16,0.0
-5.6499999999999995,0.1368374389424507,0.015930662267121014,0.2736748778849014,0.27036885446597275,1.0367728482099228,0.2639680218838915,0.26713383853512074,-0.027045965360498844,-2.220446049250313e-16,-1.1102230246251565e-16
-5.64,0.13668083015977775,0.01840100571623488,0.2733616603195555,0.2700667342366646,1.0366902128083704,0.26368693071677113,0.26684242246174467,-0.03124492239124574,2.220446049250313e-16,0.0
-5.63,0.1365015627938905,0.020897210492095072,0.273003125587781,0.26972087288872554,1.0365957295786519,0.2633650880452202,0.266508786522239,-0.03548994885681671,-2.220446049250313e-16,0.0
-5.62,0.1362994015729515,0.023419122492298248,0.272598803145903,0.269330804524315,1.036489318554021,0.26300203800093036,0.2661324697184008,-0.03978110509256392,-1.1102230246251565e-16,-1.1102230246251565e-16
-5.61,0.13607411266091257,0.025966581100627183,0.27214822532182514,0.26889606432750446,1.0363709068407019,0.2625973225661538,0.265713010462244,-0.04411844866879624,-2.220446049250313e-16,0.0
-5.6,0.13582546371709964,0.028539419154321642,0.2716509274341993,0.2684161886377344,1.036240428846443,0.2621504815601576,0.26524994660521484,-0.04850203407415249,-4.440892098500626e-16,-1.1102230246251565e-16
-5.59,0.1355532239560914,0.031137462912479725,0.2711064479121828,0.2678907150253667,1.0360978265103933,0.2616610526298245,0.2647428154706811,-0.052931912377533835,0.0,0.0
-5.58,0.135257164207881,0.0337605320256111,0.270514328415762,0.2673191823694386,1.0359430495342061,0.26112857124471667,0.26419115388991177,-0.05740813086797396,-1.1102230246251565e-16,0.0
-5.57,0.13493705697830982,0.036408439506356416,0.26987411395661964,0.2667011309377258,1.0357760556142774,0.2605525706969236,0.26359449824176967,-0.061930732671811255,2.220446049250313e-16,0.0
-5.56,0.1345926765097637,0.0390809917013939,0.2691853530195274,0.2660361024692293,1.0355968106750075,0.25993258210603304,0.26295238449635067,-0.06649975634653589,-2.220446049250313e-16,0.0
-5.55,0.13422379884211955,0.04177798826454899,0.2684475976842391,0.26532364025919625,1.0354052891029866,0.25926813442956825,0.2622643482628019,-0.07111523545067541,2.220446049250313e-16,0.0
-5.54,0.1338302018739317,0.04449922213112839,0.2676604037478634,0.2645632892467924,1.0352014739819826,0.25855875447924836,0.261529924841564,-0.07577719808909152,0.0,0.0
-5.53,0.1334116654238472,0.04724447949349112,0.2668233308476944,0.2637545961055473,1.0349853573286234,0.2578039669434415,0.26074864928128655,-0.08048566643304803,0.0,0.0
-5.52,0.13296797129223786,0.050013539777878646,0.2659359425844757,0.2628971093366905,1.0347569403286423,0.2570032944161878,0.25992005644067073,-0.0852406562144288,-2.220446049250313e-16,0.0
-5.51,0.13249890332303843,0.052806175622517854,0.26499780664607686,0.261990379365505,1.0345162335735634,0.2561562574331832,0.25904368105550263,-0.09004217619347508,0.0,-1.1102230246251565e-16
-5.5,0.13200424746577802,0.05562215285701865,0.26400849493155604,0.26103395864082185,1.034263257297689,0.2552623745151253,0.2581190578111432,-0.09489022759943237,4.440892098500626e-16,0.0
-5.49,0.13148379183779407,0.05846123048307762,0.26296758367558815,0.2600274017377856,1.0339980416152525,0.2543211622188329,0.2571457214207503,-0.09978480354348769,0.0,-1.1102230246251565e-16
-5.4799999999999995,0.1309373267866161,0.0613231606565093,0.2618746535732322,0.2589702654640211,1.033720626757588,0.25333213519656594,0.2561232067095123,-0.10472588840340628,2.220446049250313e-16,2.220446049250313e-16
-5.47,0.13036464495250769,0.0642076886706182,0.26072928990501537,0.25786210896933326,1.0334310633101627,0.252294806263979,0.2550510487051793,-0.10971345717927562,-1.1102230246251565e-16,-1.1102230246251565e-16
-5.46,0.12976554133115303,0.06711455294093269,0.25953108266230607,0.25670249385907257,1.033129412449316,0.2512086864771536,0.2539287827351834,-0.11474747481979466,2.220446049250313e-16,0.0
-5.45,0.129139813336478,0.07004348499131113,0.258279626672956,0.2554909843113065,1.0328157461785339,0.25007328521917155,0.25275594453064654,-0.1198278955185456,2.220446049250313e-16,0.0
-5.4399999999999995,0.12848726086359,0.07299420944144154,0.25697452172718,0.25422714719792905,1.0324901475640884,0.2488881102966933,0.2515320703375764,-0.1249546619797272,0.0,0.0
-5.43,0.12780768635182718,0.07596644399574683,0.25561537270365436,0.25291055220985215,1.0321527109698585,0.2476526680470241,0.25025669703556236,-0.13012770465283663,0.0,0.0
-5.42,0.12710089484790066,0.07895989943371574,0.2542017896958013,0.2515407719864149,1.031803542291142,0.24636646345615443,0.24892936226427828,-0.13534694093583058,0.0,0.0
-5.41,0.12636669406911988,0.08197427960166984,0.25273338813823976,0.25011738224915553,1.031442759187263,0.24502900028827954,0.24754960455811673,-0.14061227434631046,2.220446049250313e-16,0.0
-5.3999999999999995,0.12560489446668532,0.08500928140598575,0.25120978893337065,0.2486399619400848,1.031070491312766,0.2436397812273035,0.24611696348927004,-0.14592359366033036,-1.1102230246251565e-16,0.0
-5.39,0.1248153092890378,0.08806459480778499,0.2496306185780756,0.24710809336460826,1.030686880546984,0.2421983080308513,0.24463097981958987,-0.15128077201845336,2.220446049250313e-16,2.220446049250313e-16
-5.38,0.12399775464524748,0.09113990281910998,0.24799550929049496,0.24552136233923277,1.0302920812217533,0.2407040816973125,0.24309119566154735,-0.1566836659987392,-1.1102230246251565e-16,0.0
-5.37,0.12315204956843281,0.09423488150059559,0.24630409913686563,0.2438793583442099,1.0298862603470458,0.23915660264645863,0.24149715464863367,-0.16213211465638153,0.0,0.0
-5.36,0.12227801607919271,0.09734919996065482,0.24455603215838542,0.24218167468125104,1.0294695978342698,0.23755537091417395,0.23984840211552944,-0.16762593852978222,0.0,2.220446049250313e-16
-5.35,0.1213754792490397,0.1004825203561911,0.2427509584980794,0.24042790863646166,1.0290422867169922,0.23589988636185258,0.23814448528838308,-0.1731649386129041,0.0,0.0
-5.34,0.12044426726381943,0.1036344978948494,0.24088853452763886,0.2386176616486342,1.028604533368813,0.23418964890101907,0.23638495348553448,-0.17874889529380764,0.0,-1.1102230246251565e-16
-5.33,0.11948421148710246,0.10680478083882469,0.23896842297420492,0.23675053948304048,1.0281565577181224,0.23242415873373257,0.23456935832902193,-0.18437756725936238,2.220446049250313e-16,0.0
-5.32,0.11849514652353406,0.10999301051023411,0.23699029304706812,0.23482615241086233,1.0276985934594516,0.23060291660934215,0.23269725396721103,-0.19005069036618336,0.0,0.0
-5.31,0.11747691028212824,0.11319882129807203,0.23495382056425648,0.23284411539439825,1.0272308882611254,0.2287254240981609,0.23076819730888334,-0.19576797647795002,0.0,0.0
-5.3,0.11642934403949086,0.11642184066675547,0.23285868807898172,0.23080404827817927,1.0267537039689043,0.22679118388262856,0.22878174826911826,-0.20152911226934075,-2.220446049250313e-16,0.0
-5.29,0.11535229250295703,0.11966168916627858,0.23070458500591406,0.22870557598612568,1.0262673168053005,0.22479970006653005,0.22673747002730077,-0.20733375799693574,0.0,0.0
-5.28,0.1142456038736291,0.12291798044398111,0.2284912077472582,0.22654832872487385,1.0257720175642349,0.22275047850284124,0.22463492929758416,-0.21318154623752641,2.220446049250313e-16,0.0
-5.27,0.1131091299092993,0.1261903212579486,0.2262182598185986,0.22433194219339572,1.0252681118006914,0.22064302714076275,0.22247369661212973,-0.2190720805944102,2.220446049250313e-16,-1.1102230246251565e-16
-5.26,0.11194272598724359,0.12947831149205133,0.22388545197448717,0.22205605779903329,1.0247559200150151,0.21847685639250244,0.22025334661744225,-0.2250049343723548,-3.3306690738754696e-16,-1.1102230246251565e-16
-5.25,0.11074625116686915,0.13278154417263824,0.2214925023337383,0.21972032288005833,1.024235777831482,0.21625147952035376,0.21797345838410623,-0.23097964922206976,-4.440892098500626e-16,-1.1102230246251565e-16
-5.24,0.1095195682522035,0.13609960548689123,0.219039136504407,0.21732439093487135,1.0237080361707611,0.2139664130446172,0.21563361573022866,-0.2369957337551441,0.0,-1.1102230246251565e-16
-5.2299999999999995,0.10826254385420783,0.13943207480285466,0.21652508770841566,0.21486792185793938,1.0231730614158765,0.21162117717288825,0.21323340755887424,-0.2430526621305806,0.0,0.0
-5.22,0.10697504845290005,0.14277852469114663,0.2139500969058001,0.21235058218256853,1.0226312355712597,0.20921529625122767,0.2107724282097723,-0.24914987261420518,-1.1102230246251565e-16,0.0
-5.21,0.1056569564592717,0.1461385209483674,0.2113139129185434,0.20977204533059943,1.022082956414471,0.20674829923771104,0.20825027782555863,-0.2552867661124153,-2.220446049250313e-16,0.0
-5.2,0.10430814627698387,0.14951162262220757,0.20861629255396774,0.20713199186910522,1.0215286376401607,0.20421972019883214,0.20566656273280212,-0.26146270468189303,0.0,0.0
-5.1899999999999995,0.1029285003638262,0.15289738203827125,0.2058570007276524,0.20443010977416165,1.0209687089958168,0.20162909882921382,0.20302089583804667,-0.26767701001711935,2.220446049250313e-16,0.0
-5.18,0.10151790529292347,0.15629534482861795,0.20303581058584694,0.2016660947017502,1.0204036164088464,0.19897598099505007,0.2003128970390813,-0.273928961917712,2.220446049250313e-16,2.220446049250313e-16
-5.17,0.10007625181367288,0.15970504996203813,0.20015250362734577,0.1988396502658393,1.0198338221045107,0.1962599193016708,0.19754219365162634,-0.28021779673783537,0.0,0.0
-5.16,0.09860343491239847,0.16312602977606325,0.19720686982479693,0.19595048832368667,1.019259804714232,0.19348047368559523,0.19470842085160756,-0.28654270582013225,0.0,0.0
-5.1499999999999995,0.09709935387270462,0.1665578100107237,0.19419870774540923,0.19299832926838187,1.0186820593737709,0.1906372120313887,0.19181122213315563,-0.2929028339168787,0.0,0.0
-5.14,0.09556391233551431,0.16999990984405805,0.19112782467102862,0.1899829023286427,1.0181010978107623,0.18772971081360543,0.18885024978244722,-0.2992972776012866,0.0,-1.1102230246251565e-16
-5.13,0.0939970183587742,0.17345184192938573,0.1879940367175484,0.18690394587585718,1.0175174484210867,0.18475755576404562,0.18582516536746702,-0.3057250836721461,-1.1102230246251565e-16,0.0
-5.12,0.09239858447681273,0.1769131124343434,0.18479716895362547,0.18376120773835614,1.0169316563335389,0.18172034256451017,0.18273564024374458,-0.3121852475552376,0.0,0.0
-5.11,0.09076852775933325,0.18038322108169616,0.1815370555186665,0.180554445522875,1.0163442834622467,0.17861767756517313,0.1795813560760766,-0.3186767117052309,2.220446049250313e-16,0.0
-5.1,0.08910676987002675,0.1838616611919276,0.1782135397400535,0.17728342694315175,1.0157559085462804,0.17544917852863628,0.17636200537621136,-0.32519836401205315,-2.220446049250313e-16,-1.1102230246251565e-16
-5.09,0.08741323712478868,0.18734791972761342,0.17482647424957737,0.17394793015558863,1.0151671271758844,0.17221447539966248,0.17307729205643124,-0.33174903621599205,2.220446049250313e-16,0.0
-5.08,0.08568786054952099,0.19084147733958698,0.17137572109904198,0.1705477441018786,1.0145785518047465,0.16891321110050714,0.16972693199891808,-0.33832750233609843,2.220446049250313e-16,-1.1102230246251565e-16
-5.07,0.08393057593750633,0.19434180841489654,0.16786115187501266,0.16708266885848738,1.013990811747723,0.16554504235170117,0.16631065364075118,-0.34493247711673175,2.220446049250313e-16,0.0
-5.06,0.08214132390633577,0.1978483811265629,0.16428264781267155,0.16355251599284987,1.0134045531634157,0.1621096405180452,0.1628281985743264,-0.351562614497412,0.0,0.0
-5.05,0.08032004995437489,0.20136065748513718,0.16064009990874978,0.15995710892612117,1.012820439021001,0.15860669247949377,0.15927932216293855,-0.3582165061114268,0.0,0.0
-5.04,0.07846670451674986,0.20487809339206794,0.15693340903349973,0.15629628330229373,1.0122391490506952,0.15503590152650784,0.15566379417120793,-0.36489267981896834,0.0,0.0
-5.03,0.07658124302083982,0.2084001386948738,0.15316248604167965,0.1525698873634736,1.0116613796772453,0.1513969882793626,0.15198139940997987,-0.3715895982808582,-2.220446049250313e-16,0.0
-5.02,0.07466362594125665,0.21192623724412912,0.1493272518825133,0.14877778233107322,1.0110878439358193,0.14768969163078194,0.14823193839525658,-0.37830565757924633,0.0,0.0
-5.01,0.07271381885429738,0.21545582695226143,0.14542763770859476,0.14491984279265685,1.0105192713696767,0.14391376971116984,0.14441522802066062,-0.38503918589195696,-1.1102230246251565e-16,0.0
-5.0,0.0707317924918505,0.21898833985416763,0.141463584983701,0.1409959570941389,1.0099564079089953,0.1400690008755783,0.1405311022428554,-0.39178844222746884,2.220446049250313e-16,0.0
-4.99,0.06871752279474204,0.22252320216964241,0.13743504558948408,0.13700602773701367,1.0094000157302276,0.13615518471144442,0.1365794127792845,-0.39855161522778815,2.220446049250313e-16,0.0
-4.9799999999999995,0.06667099096550316,0.22605983436762725,0.13334198193100633,0.13294997178025567,1.0088508730953691,0.13217214306598632,0.13256002981751083,-0.40532682204677795,-2.220446049250313e-16,0.0
-4.97,0.06459218352054412,0.22959765123227358,0.12918436704108824,0.12882772124650327,1.0083097741705207,0.12811972109202346,0.12847284273536377,-0.41211210731175735,-2.220446049250313e-16,0.0
-4.96,0.062481092341715304,0.2331360619308281,0.12496218468343061,0.12463922353209805,1.0077775288231305,0.12399778831083857,0.12431776083101742,-0.4189054421764647,-1.1102230246251565e-16,-1.1102230246251565e-16
-4.95,0.060337714727242524,0.2366744700833309,0.12067542945448505,0.12038444182052921,1.0072549623973188,0.11980623969056584,0.12009471406205137,-0.4257047234736905,-2.220446049250313e-16,0.0
-4.9399999999999995,0.058162053442016706,0.24021227383413152,0.11632410688403341,0.11606335549878481,1.0067429154666885,0.11554499673842743,0.1158036537924486,-0.43250777297612897,-2.220446049250313e-16,0.0
-4.93,0.05595411676722422,0.24374886592521833,0.11190823353444844,0.111675960576088,1.006242243564044,0.1112140086050023,0.11144455354641045,-0.43931233677418097,0.0,-1.1102230246251565e-16
-4.92,0.05371391854929772,0.24728363377136292,0.10742783709859544,0.10722227010444657,1.005753816887454,0.10681325319853784,0.10701740976776751,-0.4461160847796191,0.0,0.0
-4.91,0.05144147824817498,0.2508159595370715,0.10288295649634996,0.10270231460042328,1.0052785199821141,0.10234273830717136,0.10252224258369068,-0.4529166103641525,0.0,0.0
-4.8999999999999995,0.04913682098484629,0.2543452202153454,0.09827364196969259,0.09811614246748315,1.0048172513974805,0.09780250272675509,0.0979590965713018,-0.4597114301420513,2.220446049250313e-16,0.0
-4.89,0.04679997758817626,0.2578707877082447,0.09359995517635251,0.0934638204182472,1.0043709233191764,0.09319261739181957,0.09332804152570204,-0.46649798390604946,-2.220446049250313e-16,0.0
-4.88,0.0444309846409799,0.2613920289092529,0.0888619692819598,0.08874543389593177,1.0039404611751972,0.08851318650703581,0.08862917322783143,-0.47327363472578005,-3.3306690738754696e-16,-1.1102230246251565e-16
-4.87,0.04202988452534152,0.264908305787436,0.08405976905068303,0.08396108749423357,1.003526803215965,0.08376434867638792,0.08386261421049793,-0.4800356692179743,-1.1102230246251565e-16,0.0
-4.86,0.039596725467156105,0.26841897547339366,0.07919345093431221,0.07911090537486432,1.0031309000678252,0.07894627802708264,0.07902851452080469,-0.48678129799759945,-2.220446049250313e-16,-1.1102230246251565e-16
-4.85,0.037131561579878535,0.27192339034699464,0.07426312315975707,0.07419503168191381,1.0027537142596088,0.07405918532507237,0.07412705247712367,-0.4935076563189927,-2.220446049250313e-16,-1.1102230246251565e-16
-4.84,0.03463445290746511,0.2754208981268928,0.06926890581493023,0.06921363095218194,1.002396219721921,0.06910331907890316,0.0691584354186731,-0.5002118049158744,-1.1102230246251565e-16,0.0
-4.83,0.03210546546648807,0.27891084196181776,0.06421093093297614,0.06416688852057692,1.0020594012588673,0.06407896662843468,0.06412290044565963,-0.5068907310489048,2.220446049250313e-16,0.0
-4.82,0.029544671287411207,0.2823925605236301,0.059089342574822415,0.0590550109196569,1.001744253991968,0.05898645521484187,0.059020715147876796,-0.5135413497691398,0.0,0.0
-4.81,0.02695214845500706,0.28586538810213746,0.05390429691001412,0.05387822627234415,1.0014517827760672,0.05382615302814592,0.05385217831955298,-0.5201605054054032,2.220446049250313e-16,2.220446049250313e-16
-4.8,0.024327981147902418,0.2893286547016615,0.048655962295804836,0.04863678467682061,1.001183001587088,0.048598470228394586,0.048617620658177416,-0.5267449732831531,2.220446049250313e-16,0.0
-4.79,0.021672259677232308,0.29278168613935,0.043344519354464615,0.043330958582570814,1.0009389328815568,0.043303859936471914,0.04331740544494523,-0.5332914616819381,2.220446049250313e-16,0.0
-4.78,0.018985080524391428,0.2962238041452214,0.037970161048782855,0.03796104315652734,1.0007206069278631,0.0379428191904116,0.037951929204412524,-0.539796614037953,2.220446049250313e-16,2.220446049250313e-16
-4.77,0.016266546377863393,0.29965432646393597,0.032533092755726786,0.03252735663823037,1.0005290611092976,0.032515889862966045,0.03252162234087264,-0.5462570113975755,-1.1102230246251565e-16,0.0
-4.76,0.013516766169115057,0.30307256695828194,0.027033532338230113,0.0270302406829034,1.000365339198976,0.027023659536101762,0.027026949748923355,-0.5526691751270402,0.0,0.0
-4.75,0.010735855107536253,0.306477835714368,0.021471710215072506,0.02147006069131242,1.00023049060682,0.02146676232799705,0.02146841139563312,-0.5590295698826059,-1.1102230246251565e-16,-1.1102230246251565e-16
-4.74,0.007923934714414552,0.3098694391485095,0.015847869428829105,0.015847206125276334,1.0001255695988545,0.015845879668075626,0.01584654287169335,-0.565334606844705,-1.1102230246251565e-16,0.0
-4.7299999999999995,0.005081132855925433,0.3132466801157973,0.010162265711850867,0.010162090807663789,1.000051634489139,0.010161741015544758,0.010161915908895156,-0.5715806472186039,2.220446049250313e-16,0.0
-4.72,0.0022075837751258293,0.3166088580203385,0.004415167550251659,0.00441515320571557,1.0000097468047482,0.004415124516895015,0.004415138861263368,-0.5777640060030875,-2.220446049250313e-16,0.0
-4.71,-0.0006965718770684024,0.3199552689271571,-0.0013931437541368048,-0.0013931433034901342,1.000000970424289,-0.001393142402197569,-0.0013931428528437255,-0.5838809560275764,-1.1102230246251565e-16,-1.1102230246251565e-16
-4.7,-0.0036311870119309963,0.32328520567573943,-0.0072623740238619925,-0.00726231018659608,1.0000263706905246,-0.0072621825150943455,-0.0072622463503402065,-0.589927732256907,0.0,0.0
-4.6899999999999995,-0.006596108074018825,0.32659795799521313,-0.01319221614803765,-0.013191833527731392,1.0000870134977737,-0.013191068347041424,-0.013191450927399723,-0.5959005363617773,-2.220446049250313e-16,-1.1102230246251565e-16
-4.68,-0.009591175013322215,0.32989281262114384,-0.01918235002664443,-0.019181173823646817,1.0001839643548305,-0.01917882180706428,-0.019179997750459123,-0.6017955415515496,0.0,0.0
-4.67,-0.01261622125849094,0.3331690534139389,-0.02523244251698188,-0.025229765801386042,1.0003182874242442,-0.02522441390325259,-0.025227089596848315,-0.6076088976647505,0.0,0.0
-4.66,-0.01567107369114519,0.3364259614788383,-0.03134214738229038,-0.03133701825962419,1.000491044538897,-0.0313267645456389,-0.031331890647583585,-0.6133367365111807,2.220446049250313e-16,0.0
-4.6499999999999995,-0.018755552621290215,0.3396628152874815,-0.03751110524258043,-0.03750231393480228,1.0007032941968963,-0.03748474244074977,-0.03749352633481254,-0.6189751774581076,0.0,0.0
-4.64,-0.02186947176384562,0.3428788908010306,-0.04373894352769124,-0.043725009393144304,1.0009560905359027,-0.04369716508171085,-0.043711083246301005,-0.6245203332515018,-2.220446049250313e-16,0.0
-4.63,-0.025012638216307958,0.34607346159483793,-0.050025276432615916,-0.05000443494962689,1.0012504822881034,-0.0499627988376054,-0.049983609089269805,-0.6299683160617736,2.220446049250313e-16,0.0
-4.62,-0.02818485243755499,0.34924579898463665,-0.05636970487510998,-0.05633989461491326,1.0015875117171276,-0.05628035914552234,-0.05631011271575602,-0.6353152437419055,0.0,0.0
-4.61,-0.031385908227809685,0.35239517215423927,-0.06277181645561937,-0.06273066607123867,1.0019682135383028,-0.06264851080849163,-0.06268956421156421,-0.6405572462843421,-1.1102230246251565e-16,0.0
-4.6,-0.03461559270977621,0.3555208482847261,-0.06923118541955242,-0.06917600067817407,1.0023936138237297,-0.06906586840219703,-0.06912089505071764,-0.6456904724614443,2.220446049250313e-16,2.220446049250313e-16
-4.59,-0.03787368631095996,0.3586220926851035,-0.07574737262191993,-0.07567512350913876,1.0028647288937447,-0.0755309967930336,-0.07560299831716,-0.6507110966327845,0.0,2.220446049250313e-16
-4.58,-0.04115996274718924,0.3616981689244158,-0.08231992549437848,-0.08222723341948296,1.0033825641964285,-0.08204241176973749,-0.0821347289952945,-0.655615325701062,-1.1102230246251565e-16,0.0
-4.57,-0.04447418900734624,0.3647483389652891,-0.08894837801469248,-0.08883150314687506,1.0039481131768935,-0.08859858079041975,-0.08871490433073846,-0.6603994061969417,-1.1102230246251565e-16,-1.1102230246251565e-16
-4.56,-0.04781612533932446,0.36777186329888617,-0.09563225067864892,-0.09548707944467459,1.0045623561381662,-0.09519792384644736,-0.09534230426248651,-0.6650596314717218,0.0,0.0
-4.55,-0.05118552523722235,0.37076800108125474,-0.1023710504744447,-0.10219308324887956,1.0052262590955539,-0.10183881444417543,-0.10201567192744349,-0.6695923489753866,2.220446049250313e-16,0.0
-4.54,-0.05458213542979014,0.37373601027104714,-0.10916427085958028,-0.10894860987916835,1.0059407726264524,-0.10851958070509334,-0.10873371423807231,-0.6739939675963472,2.220446049250313e-16,0.0
-4.53,-0.05800569587013656,0.37667514776858774,-0.11601139174027313,-0.11575272927444782,1.0067068307176201,-0.11523850658445982,-0.11549510253363862,-0.678260965037995,0.0,0.0
-4.52,-0.061455939726712344,0.3795846695562697,-0.12291187945342469,-0.1226044862632466,1.0075253496119951,-0.12199383320802687,-0.12229847330530098,-0.6823898952061475,-3.3306690738754696e-16,-1.1102230246251565e-16
-4.51,-0.0649325933755788,0.38246383084025365,-0.1298651867511576,-0.1295029008691788,1.0083972266571903,-0.1287837603259354,-0.1291424289950148,-0.686377395580518,0.0,-1.1102230246251565e-16
-4.5,-0.06843537639397844,0.38531188619345264,-0.13687075278795688,-0.13644696865161873,1.009323339157845,-0.135606447882359,-0.13602553886796218,-0.6902201945425539,-1.1102230246251565e-16,0.0
-4.49,-0.07196400155521272,0.38812808969977075,-0.14392800311042545,-0.14343566108159983,1.0103045432340463,-0.14246001769892386,-0.14294633995791817,-0.693915118631307,2.220446049250313e-16,0.0
-4.4799999999999995,-0.0755181748248436,0.39091169509958024,-0.1510363496496872,-0.15046792595286487,1.0113416726880697,-0.14934255526942147,-0.1499033380846995,-0.6974590996985299,2.220446049250313e-16,0.0
-4.47,-0.07909759535822591,0.3936619559364041,-0.15819519071645183,-0.15754268782786673,1.0124355378817036,-0.15625211166277322,-0.1568950089425353,-0.7008491819338258,-1.1102230246251565e-16,-1.1102230246251565e-16
-4.46,-0.082701955499387,0.3963781257047886,-0.165403910998774,-0.1646588485184224,1.0135869246264428,-0.16318670553069092,-0.16391979925792408,-0.7040825287305551,0.0,0.0
-4.45,-0.08633094078125751,0.39905945799933096,-0.17266188156251502,-0.17181528760058742,1.0147965930888359,-0.17014432521592052,-0.17097612801522466,-0.7071564293631933,4.440892098500626e-16,0.0
-4.4399999999999995,-0.08998422992726918,0.40170520666484355,-0.17996845985453835,-0.17901086296322252,1.0160652767132703,-0.1771229309564574,-0.1780623877479606,-0.7100683054470741,0.0,0.0
-4.43,-0.09366149485432583,0.40431462594762196,-0.18732298970865166,-0.18624441138959383,1.0173936811644682,-0.18412045718059622,-0.18517694589351064,-0.7128157171518371,-1.1102230246251565e-16,0.0
-4.42,-0.09736240067716302,0.4068869706477975,-0.19472480135432604,-0.1935147491712485,1.018782483291935,-0.1911348148872002,-0.19231814620859117,-0.715396369140519,0.0,0.0
-4.41,-0.10108660571409922,0.4094214962727393,-0.20217321142819844,-0.20082067275326979,1.0202323301185818,-0.19816389410508076,-0.19948431024263757,-0.7178081162069984,-1.1102230246251565e-16,-1.1102230246251565e-16
-4.3999999999999995,-0.10483376149419313,0.4119174591914824,-0.20966752298838626,-0.2081609594099269,1.0217438378556953,-0.20520556642495585,-0.20667373886594476,-0.7200489685855176,-1.1102230246251565e-16,0.0
-4.39,-0.10860351276581334,0.4143741167901533,-0.21720702553162669,-0.2155343679496077,1.023317590946377,-0.2122576875970156,-0.21388471384915597,-0.7221170969071704,-2.220446049250313e-16,-1.1102230246251565e-16
-4.38,-0.11239549750663308,0.4167907276283628,-0.22479099501326616,-0.22293963944782832,1.0249541411395215,-0.21931810018675413,-0.2211154994904563,-0.7240108367796135,-1.1102230246251565e-16,-1.1102230246251565e-16
-4.37,-0.11620934693505365,0.41916655159653887,-0.2324186938701073,-0.23037549800699395,1.026654006596325,-0.22638463628135733,-0.22836434428658148,-0.725728692967809,2.220446049250313e-16,0.0
-4.36,-0.12004468552306861,0.42150085007416654,-0.24008937104613723,-0.23784065154149994,1.028417671031245,-0.2334551202386359,-0.23562948264355477,-0.7272693431553037,2.220446049250313e-16,0.0
-4.35,-0.12390113101057665,0.42379288608891047,-0.2478022620211533,-0.24533379258666374,1.0302455828892452,-0.2405273714702186,-0.24290913662286268,-0.7286316412674457,2.220446049250313e-16,0.0
-4.34,-0.12777829442114771,0.4260419244765824,-0.25555658884229543,-0.2528535991298803,1.0321381545610597,-0.24759920725048354,-0.2502015177185977,-0.729814620339925,0.0,0.0
-4.33,-0.13167578007925654,0.42824723204192977,-0.2633515601585131,-0.26039873546233233,1.0340957616381197,-0.254668445542544,-0.25750482866095953,-0.7308174949181967,-1.1102230246251565e-16,-1.1102230246251565e-16
-4.32,-0.13559318562898307,0.43040807772020867,-0.27118637125796613,-0.2679678530494801,1.0361187422086637,-0.2617329078324423,-0.2648172652413457,-0.7316396629755938,-1.1102230246251565e-16,0.0
-4.31,-0.13953010205419322,0.4325237327395126,-0.27906020410838644,-0.27555959141851716,1.0382073961964509,-0.26879042196264835,-0.2721370181541801,-0.7322807073402938,0.0,0.0
-4.3,-0.14348611370020115,0.43459347078382177,-0.2869722274004023,-0.2831725790608916,1.0403619847433623,-0.275838824955905,-0.279462274850518,-0.7327403966237501,-2.220446049250313e-16,-1.1102230246251565e-16
-4.29,-0.14746079829692674,0.4366165681567455,-0.2949215965938535,-0.290805434347964,1.0425827296370622,-0.28287596582049634,-0.2867912213984289,-0.7330186856456891,-1.1102230246251565e-16,0.0
-4.28,-0.15145372698354642,0.4385923039459185,-0.30290745396709284,-0.2984567664577989,1.0448698127847442,-0.2898997083280608,-0.29412204434509476,-0.7331157153533111,0.0,0.0
-4.27,-0.1554644643346486,0.4405199601880213,-0.3109289286692972,-0.30612517631107733,1.0472233757338674,-0.2969079337552088,-0.301452932575574,-0.7330318122348911,-2.220446049250313e-16,0.0
-4.26,-0.15949256838789627,0.4423988220343916,-0.31898513677579254,-0.31380925751407107,1.0496435192406377,-0.3038985435803592,-0.3087820791631816,-0.7327674872305336,-1.1102230246251565e-16,-1.1102230246251565e-16
-4.25,-0.16353759067320559,0.4442281779171887,-0.32707518134641117,-0.32150759730661566,1.0521303028868563,-0.31086946212743405,-0.31610768320648774,-0.7323234341453536,2.220446049250313e-16,0.0
-4.24,-0.16759907624344075,0.4460073197160812,-0.3351981524868815,-0.3292187775129919,1.0546837447456079,-0.3178186391482994,-0.32342795164798754,-0.7317005275728647,-1.1102230246251565e-16,-1.1102230246251565e-16
-4.2299999999999995,-0.1716765637066334,0.44773554292541856,-0.3433531274132668,-0.3369413754936425,1.057303821096127,-0.32474405233616394,-0.33074110106959964,-0.730899820338761,-2.220446049250313e-16,0.0
-4.22,-0.17576958525972744,0.4494121468218538,-0.3515391705194549,-0.3446739650956429,1.059990466188025,-0.3316437097624778,-0.33804535946025244,-0.7299225404776398,2.220446049250313e-16,0.0
-4.21,-0.17987766672385902,0.4510364346323819,-0.35975533344771804,-0.3524151175998815,1.062743572054933,-0.33851565223028457,-0.3453389679509695,-0.7287700877574447,-3.3306690738754696e-16,0.0
-4.2,-0.18400032758116758,0.4526077137027555,-0.36800065516233516,-0.36016340266290475,1.0655629883774622,-0.34535795553737414,-0.3526201825130007,-0.7274440297685396,-1.1102230246251565e-16,-1.1102230246251565e-16
-4.1899999999999995,-0.1881370810131478,0.4541252956662443,-0.3762741620262956,-0.36791738925144263,1.068448522395249,-0.35216873264307,-0.3598872756147499,-0.7259460975963181,-3.3306690738754696e-16,0.0
-4.18,-0.19228743394054046,0.4555884966126996,-0.3845748678810809,-0.3756756465676513,1.0713999388677184,-0.35894613573294487,-0.3671385378334277,-0.7242781810980952,0.0,0.0
-4.17,-0.1964508870647704,0.45699663725788664,-0.3929017741295408,-0.383436744963181,1.074416960083068,-0.3656883581762929,-0.37437227941759343,-0.7224423238067144,2.220446049250313e-16,0.0
-4.16,-0.20062693491092762,0.45834904311305,-0.40125386982185524,-0.39119925684020984,1.0774992659148377,-0.3723936363716921,-0.38158683179696046,-0.7204407174848231,-2.220446049250313e-16,-1.1102230246251565e-16
-4.1499999999999995,-0.20481506587229834,0.4596450446546715,-0.40963013174459667,-0.3989617575376733,1.0806464939253242,-0.3790602514765604,-0.38878054903610576,-0.7182756963550992,2.220446049250313e-16,0.0
-4.14,-0.20901476225644353,0.46088397749438237,-0.41802952451288705,-0.4067228262009704,1.083858239514961,-0.385686531017156,-0.39595180922896733,-0.7159497310328641,0.0,0.0
-4.13,-0.21322550033283205,0.4620651825489956,-0.4264510006656641,-0.4144810466335253,1.087134056116699,-0.3922708503760519,-0.4030990158312999,-0.7134654221884734,0.0,0.0
-4.12,-0.21744675038202213,0.463188006210614,-0.43489350076404426,-0.42223500812864084,1.0904734554342925,-0.39881163415467397,-0.41022059892851453,-0.7108254939676439,2.220446049250313e-16,0.0
-4.11,-0.22167797674639675,0.46425180051677967,-0.4433559534927935,-0.42998330628018966,1.093875907723314,-0.40530735740907853,-0.4173150164366331,-0.708032787198439,0.0,-1.1102230246251565e-16
-4.1,-0.22591863788245173,0.4652559233206231,-0.45183727576490346,-0.43772454377077047,1.0973408421136295,-0.4117565467577081,-0.4243807552343676,-0.7050902524140098,0.0,0.0
-4.09,-0.2301681864146345,0.4661997384609743,-0.460336372829269,-0.44545733113604874,1.1008676469719725,-0.41815778136042264,-0.4314163322246245,-0.7020009427203732,-2.220446049250313e-16,-1.1102230246251565e-16
-4.08,-0.23442606919073783,0.4670826159323937,-0.46885213838147566,-0.45318028750411454,1.1044556703031962,-0.4245096937686652,-0.43842029532403964,-0.6987680065384935,0.0,0.0
-4.07,-0.2386917273388418,0.4679039320550873,-0.4773834546776836,-0.46089204130876865,1.1081042201886968,-0.4308109706471391,-0.445391224379422,-0.6953946802497628,-2.220446049250313e-16,-1.1102230246251565e-16
-4.06,-0.24296459632580644,0.4686630696446598,-0.4859291926516129,-0.46859123097577143,1.1118125652604616,-0.4370603533679038,-0.45232773201029075,-0.6918842807735933,-2.220446049250313e-16,-1.1102230246251565e-16
-4.05,-0.24724410601731112,0.46935941818167015,-0.49448821203462223,-0.476276505581178,1.115579935209126,-0.44325663847828684,-0.45922846437696485,-0.6882401981053258,4.440892098500626e-16,0.0
-4.04,-0.25152968073944354,0.4699923739809487,-0.5030593614788871,-0.48394652548100325,1.1194055213243972,-0.44939867804448974,-0.46609210187395367,-0.6844658878419669,-1.1102230246251565e-16,0.0
-4.03,-0.25582073934182786,0.47056134036062985,-0.5116414786836557,-0.4915999629115409,1.1232884770661533,-0.4554853798731916,-0.4729173597486484,-0.6805648637224433,2.220446049250313e-16,0.0
-4.02,-0.26011669526229747,0.47106572781086764,-0.5202333905245949,-0.4992355025597915,1.1272279186645067,-0.46151570761390115,-0.4797029886456027,-0.6765406902081122,0.0,-1.1102230246251565e-16
-4.01,-0.2644169565931015,0.4715049541621839,-0.528833913186203,-0.5068518421035333,1.1312229257471016,-0.4674886807451692,-0.48644777507691583,-0.6723969751281768,0.0,0.0
-4.0,-0.2687209261486511,0.4718784447534153,-0.5374418522973022,-0.5144476927206949,1.135272541991902,-0.47340337444815594,-0.49315054181950224,-0.6681373624134807,-2.220446049250313e-16,0.0
-3.99,-0.2730280015347911,0.47218563259921226,-0.5460560030695822,-0.5220217795677594,1.1393757758037195,-0.4792589193713483,-0.49981014824022507,-0.6637655249408865,0.0,0.0
-3.9799999999999995,-0.2773375752196008,0.4724259585570506,-0.5546751504392016,-0.5295728422270529,1.1435316010127359,-0.4850545012905367,-0.5064254905501197,-0.6592851575090719,0.0,0.0
-3.9699999999999998,-0.28164903460571356,0.47259887149371377,-0.5632980692114271,-0.5370996351228443,1.1477389575932855,-0.49078936066840234,-0.5129955019891086,-0.6546999699651769,-2.220446049250313e-16,0.0
-3.96,-0.2859617621041568,0.4727038284512016,-0.5719235242083136,-0.5446009279062916,1.1519967524011765,-0.49646279211831007,-0.5195191529428195,-0.6500136805002447,0.0,0.0
-3.95,-0.29027513520969955,0.47274029481202745,-0.5805502704193991,-0.552075505809335,1.1563038599278468,-0.5020741437770737,-0.5259954509932641,-0.6452300091299119,0.0,0.0
-3.9399999999999995,-0.2945885265777072,0.47270774446385566,-0.5891770531554144,-0.5595221699677418,1.1606591230696883,-0.5076228165916368,-0.5324234409053177,-0.6403526713752441,0.0,0.0
-3.9299999999999997,-0.29890130410249277,0.47260565996344217,-0.5978026082049855,-0.5669397377135674,1.1650613539108932,-0.5131082635247268,-0.5388022045510586,-0.6353853721570881,-1.1102230246251565e-16,0.0
-3.92,-0.3032128309971655,0.47243353269983274,-0.606425661994331,-0.5743270428373934,1.1695093345182255,-0.5185299886846526,-0.5451308607741767,-0.6303317999157411,0.0,-1.1102230246251565e-16
-3.91,-0.30752246587496007,0.4721908630567768,-0.6150449317499201,-0.5816829358207466,1.1740018177461498,-0.5238875463844548,-0.5514085651967409,-0.6251956209662178,-1.1102230246251565e-16,0.0
-3.8999999999999995,-0.3118295628320471,0.47187716057431406,-0.6236591256640942,-0.5890062840391932,1.1785375280508052,-0.5291805401356799,-0.5576345099707392,-0.619980474097862,0.0,-1.1102230246251565e-16
-3.8899999999999997,-0.316133471531811,0.4714919441094915,-0.632266943063622,-0.5962959719366424,1.1831151623113523,-0.5344086215820406,-0.5638079234768628,-0.6146899654255685,0.0,2.220446049250313e-16
-3.88,-0.3204335372905949,0.47103474199616735,-0.6408670745811899,-0.6035509011714727,1.1877333906572858,-0.5395714893782158,-0.5699280699730926,-0.6093276634984204,2.220446049250313e-16,0.0
-3.87,-0.3247291011648952,0.47050509220385883,-0.6494582023297903,-0.6107699907351154,1.1923908573003412,-0.5446688880189928,-0.5759942491956708,-0.6038970946701586,-2.220446049250313e-16,0.0
-3.8599999999999994,-0.32901950004000247,0.469902542495592,-0.6580390000800049,-0.6179521770438026,1.197086181369701,-0.5497006066238936,-0.5820057959151038,-0.5984017387345291,-2.220446049250313e-16,-1.1102230246251565e-16
-3.8499999999999996,-0.33330406672007706,0.469226650584709,-0.6666081334401541,-0.6250964140042116,1.2018179577492452,-0.5546664776823375,-0.5879620794498475,-0.5928450248272743,0.0,-1.1102230246251565e-16
-3.84,-0.3375821300196534,0.46847698429059026,-0.6751642600393069,-0.6322016730537873,1.2065847579156737,-0.5595663757642901,-0.5938625031403537,-0.5872303275952958,0.0,0.0
-3.83,-0.3418530148565565,0.4676531216932489,-0.683706029713113,-0.6392669431765391,1.211385130776364,-0.5644002162012118,-0.5997065037861371,-0.581560963632368,0.0,-1.1102230246251565e-16
-3.8200000000000003,-0.34611604234622556,0.46675465128675514,-0.6922320846924511,-0.6462912308951515,1.2162176035059091,-0.5691679537419949,-0.6054935510485262,-0.5758401881796805,0.0,0.0
-3.8099999999999996,-0.35037052989743217,0.4657811721314446,-0.7007410597948643,-0.653273560240265,1.221080682380337,-0.573869581188412,-0.6112231468217357,-0.5700711920884779,-1.1102230246251565e-16,0.0
-3.8,-0.35461579130937976,0.46473229400487187,-0.7092315826187595,-0.6602129726977974,1.2259728536080683,-0.5785051280144364,-0.6168948245748559,-0.5642570990411298,-2.220446049250313e-16,0.0
-3.79,-0.35885113687017794,0.46360763755146134,-0.7177022737403559,-0.6671085271352041,1.230892584156748,-0.5830746589736218,-0.6225081486673324,-0.55840096302609,0.0,0.0
-3.7800000000000002,-0.36307587345667264,0.46240683443081776,-0.7261517469133453,-0.6739592997075652,1.2358383225751268,-0.5875782726985328,-0.6280627136404379,-0.5525057660614402,2.220446049250313e-16,-1.1102230246251565e-16
-3.7699999999999996,-0.3672893046356258,0.4611295274646488,-0.7345786092712516,-0.680764383744417,1.240808499809252,-0.5920161002960389,-0.6335581434872009,-0.5465744161609781,0.0,0.0
-3.76,-0.37149073076622646,0.4597753707822608,-0.7429814615324529,-0.6875228896182296,1.245801530012265,-0.596388303942072,-0.6389940909031765,-0.540609745536206,4.440892098500626e-16,0.0
-3.75,-0.3756794491039264,0.4583440299645807,-0.7513588982078528,-0.6942339445954505,1.250815811347186,-0.6006950754792626,-0.6443702365203927,-0.5346145090269879,4.440892098500626e-16,0.0
-3.74,-0.3798547539055799,0.45683518218666685,-0.7597095078111598,-0.7008966926710092,1.2558497267820998,-0.6049366350206449,-0.6496862881267096,-0.5285913827531928,2.220446049250313e-16,0.0
-3.7299999999999995,-0.38401593653587845,0.45524851635866154,-0.7680318730717569,-0.7075102943871934,1.2609016448772328,-0.6091132295624344,-0.6549419798727684,-0.5225429629791939,0.0,0.0
-3.7199999999999998,-0.38816228557506216,0.45358373326514473,-0.7763245711501243,-0.7140739266377801,1.2659699205634487,-0.6132251316086589,-0.6601370714686128,-0.5164717651827704,0.0,0.0
-3.71,-0.39229308692789916,0.4518405457028472,-0.7845861738557983,-0.720586782458314,1.2710528959117637,-0.6172726378102397,-0.6652713473719893,-0.5103802233196608,0.0,0.0
-3.7,-0.39640762393391005,0.4500186786166803,-0.7928152478678201,-0.727048070803384,1.2761489008935096,-0.6212560676208879,-0.6703446159702291,-0.5042706892748087,-4.440892098500626e-16,0.0
-3.6899999999999995,-0.40050517747882797,0.4481178692340402,-0.8010103549576559,-0.7334570163117637,1.2812562541308394,-0.625175761972014,-0.6753567087575413,-0.49814543249116827,4.440892098500626e-16,0.0
-3.6799999999999997,-0.4045850261072737,0.44613786719734605,-0.8091700522145474,-0.739812859060236,1.2863732636373058,-0.6290320819686236,-0.68030747950944,-0.4920066397668387,-1.1102230246251565e-16,0.0
-3.67,-0.40864644613663614,0.4440784346947678,-0.8172928922732723,-0.7461148543069307,1.291498227548304,-0.6328254076080057,-0.6851968034559514,-0.48585641521122647,2.220446049250313e-16,0.0
-3.66,-0.41268871177213245,0.4419393465891059,-0.8253774235442649,-0.7523622722249516,1.2966294348411842,-0.6365561365228147,-0.6900245764551323,-0.4796967803509445,-1.1102230246251565e-16,0.0
-3.6499999999999995,-0.4167110952230392,0.43972039054477835,-0.8334221904460783,-0.7585543976270781,1.3017651660449128,-0.6402246827499792,-0.6947907141683636,-0.47352967437617255,0.0,0.0
-3.6399999999999997,-0.4207128668200694,0.43742136715287705,-0.8414257336401388,-0.7646905296822766,1.3069036939391694,-0.6438314755266914,-0.6994951512387648,-0.467356954518291,0.0,0.0
-3.63,-0.4246932951338876,0.4350420900542486,-0.8493865902677752,-0.7707699816247597,1.3120432842428322,-0.6473769581145703,-0.7041378404740111,-0.4611803965496962,0.0,0.0
-3.62,-0.4286516470947326,0.4325823860605645,-0.8573032941894652,-0.7767920804562753,1.317182196291807,-0.6508615866529213,-0.7087187520347156,-0.4550016953968705,0.0,0.0
-3.6099999999999994,-0.43258718811314,0.43004209527333503,-0.86517437622628,-0.782756166642311,1.3223186837062133,-0.6542858290418744,-0.7132378726294756,-0.4488224658579288,-1.1102230246251565e-16,-1.1102230246251565e-16
-3.5999999999999996,-0.4364991822017377,0.4274210712008317,-0.8729983644034754,-0.7886615938028504,1.3274509950469522,-0.6576501638560279,-0.7176952047175784,-0.4426442434160803,2.220446049250313e-16,0.0
-3.59,-0.4403868920981023,0.4247191808728733,-0.8807737841962046,-0.7945077283983126,1.3325773744617242,-0.6609550792890962,-0.7220907657202896,-0.4364684851406506,-1.1102230246251565e-16,0.0
-3.58,-0.44424957938864995,0.42193630495344114,-0.8884991587772999,-0.8002939494112552,1.337696062320574,-0.6642010721299216,-0.7264245872415533,-0.43029657066756377,-4.440892098500626e-16,-1.1102230246251565e-16
-3.5700000000000003,-0.44808650463354555,0.4190723378510813,-0.8961730092670911,-0.8060196480244147,1.3428052958410739,-0.6673886467700948,-0.7306967142988608,-0.42412980325143057,0.0,0.0
-3.5599999999999996,-0.45189692749261023,0.4161271878270552,-0.9037938549852205,-0.8116842272956243,1.347903309703276,-0.6705183142433111,-0.7349072045649697,-0.4179694108816612,-1.1102230246251565e-16,0.0
-3.55,-0.4556801068522024,0.41310077710120297,-0.9113602137044048,-0.8172871018301135,1.3529883366545843,-0.6735905912964819,-0.7390561276210695,-0.41181654745531093,4.440892098500626e-16,0.0
-3.54,-0.4594353009530582,0.4099930419554748,-0.9188706019061164,-0.8228276974506872,1.3580586081047124,-0.6766059994925251,-0.7431435642219345,-0.4056722939996413,0.0,0.0
-3.5300000000000002,-0.4631617675190623,0.4068039328351014,-0.9263235350381246,-0.8283054508662325,1.3631123547109123,-0.6795650643446618,-0.7471696055735196,-0.3995376599376956,4.440892098500626e-16,0.0
-3.5199999999999996,-0.4668587638869328,0.40353341444735746,-0.9337175277738656,-0.8337198093389934,1.368147806953671,-0.6824683144819628,-0.7511343526234013,-0.3934135843904724,-1.1102230246251565e-16,0.0
-3.51,-0.47052554713679456,0.4001814658578889,-0.9410510942735891,-0.8390702303510164,1.3731631957030888,-0.6853162808458109,-0.7550379153643965,-0.38730093750959493,-2.220446049250313e-16,0.0
-3.5,-0.47416137422362287,0.3967480805845585,-0.9483227484472457,-0.8443561812701573,1.378156752776163,-0.6881094959168771,-0.7588804121516393,-0.38120052183466374,-3.3306690738754696e-16,-1.1102230246251565e-16
-3.49,-0.47776550210952934,0.39323326668878295,-0.9555310042190587,-0.8495771390159981,1.3831267114852068,-0.690848492972134,-0.7626619690333283,-0.3751130736698054,0.0,0.0
-3.4799999999999995,-0.48133718789687113,0.38963704686431727,-0.9626743757937423,-0.8547325897260133,1.3880713071776505,-0.6935338053713803,-0.766382719095316,-0.36903926447420315,0.0,0.0
-3.4699999999999998,-0.48487568896215655,0.38595945852345737,-0.9697513779243131,-0.8598220284222943,1.3929887777674679,-0.6961659658726942,-0.7700428018196497,-0.362979702261715,0.0,0.0
-3.46,-0.48838026309072907,0.3822005538806202,-0.9767605261814581,-0.8648449586791247,1.3978773642584958,-0.6987455059761848,-0.7736423624571399,-0.3569349330049534,4.440892098500626e-16,0.0
-3.45,-0.4918501686121976,0.37836040003327165,-0.9837003372243952,-0.8698008922916622,1.402735311259893,-0.7012729552953695,-0.7771815514139682,-0.35090544203950896,2.220446049250313e-16,0.0
-3.4399999999999995,-0.49528466453659625,0.3744390790401652,-0.9905693290731925,-0.8746893489459835,1.4075608674940188,-0.7037488409554705,-0.7806605236523245,-0.3448916554642579,-2.220446049250313e-16,-1.1102230246251565e-16
-3.4299999999999997,-0.4986830106912423,0.3704366879968591,-0.9973660213824846,-0.8795098558907032,1.4123522862969873,-0.7061736870178862,-0.7840794381050101,-0.33889394153397673,4.440892098500626e-16,0.0
-3.42,-0.5020444678582748,0.3663533391084762,-1.0040889357165497,-0.8842619476103851,1.4171078261121817,-0.708548013930073,-0.7874384571039156,-0.33291261204073797,0.0,0.0
-3.41,-0.5053682979128411,0.3621891597596777,-1.0107365958256822,-0.8889451655009174,1.4218257509769923,-0.7108723380000436,-0.7907377458222407,-0.32694792368082704,-2.220446049250313e-16,0.0
-3.3999999999999995,-0.50865376396191,0.3579442925818154,-1.01730752792382,-0.8935590575470241,1.4265043310030552,-0.7131471708946681,-0.7939774717303002,-0.3210000794041519,2.220446049250313e-16,0.0
-3.3899999999999997,-0.5119001304836841,0.35361889551723363,-1.0238002609673682,-0.8981031780020603,1.4311418428502645,-0.7153730191609561,-0.7971578040647223,-0.31506922974335777,-2.220446049250313e-16,0.0
-3.38,-0.5151066634675876,0.34921314188068364,-1.0302133269351752,-0.9025770870702249,1.4357365701948397,-0.7175503837694738,-0.8002789133108285,-0.3091554741200769,-4.440892098500626e-16,-1.1102230246251565e-16
-3.37,-0.5182726305547997,0.34472722041782927,-1.0365452611095993,-0.9069803505913021,1.4402868041917094,-0.7196797596790521,-0.8033409706979511,-0.3032588621259664,0.0,0.0
-3.3599999999999994,-0.521397301179308,0.3401613353608043,-1.042794602358616,-0.9113125397280327,1.444790843931489,-0.721761635421926,-0.806344147707424,-0.2973793947763825,-2.220446049250313e-16,0.0
-3.3499999999999996,-0.5244799467094555,0.33551570648079965,-1.048959893418911,-0.9155732306562009,1.4492469968923218,-0.7237964927084463,-0.8092886155929669,-0.29151702573473764,0.0,0.0
-3.34,-0.527519840589956,0.3307905691376441,-1.055039681179912,-0.9197620042575104,1.4536535793868532,-0.7257848060505065,-0.8121745449131602,-0.2856716625057623,-2.220446049250313e-16,0.0
-3.33,-0.5305162584843448,0.325986174326357,-1.0610325169686896,-0.9238784458153019,1.4580089170045953,-0.7277270424028178,-0.8150021050756873,-0.2798431675960823,4.440892098500626e-16,0.0
-3.3200000000000003,-0.5334684784178418,0.32110278872064013,-1.0669369568356837,-0.9279221447131588,1.4623113450499483,-0.7296236608211777,-0.8177714638930156,-0.27403135964066627,-4.440892098500626e-16,-1.1102230246251565e-16
-3.3099999999999996,-0.5363757809205985,0.31614069471328476,-1.072751561841197,-0.9318926941364393,1.466559208976142,-0.7314751121368797,-0.8204827871491653,-0.26823601449386575,0.0,0.0
-3.3,-0.5392374491712956,0.3111001904534653,-1.0784748983425911,-0.9357896907767463,1.4707508648153371,-0.7332818386464122,-0.8231362381772052,-0.2624568662839063,-4.440892098500626e-16,0.0
-3.29,-0.5420527691410731,0.3059815898808937,-1.0841055382821463,-0.9396127345393601,1.4748846796051622,-0.7350442738156107,-0.8257319774471101,-0.2566936084298216,-2.220446049250313e-16,0.0
-3.2800000000000002,-0.5448210297377507,0.3007852227568088,-1.0896420594755014,-0.9433614282536182,1.4789590318119066,-0.7367628419974257,-0.828270162163592,-0.2509458946199544,-2.220446049250313e-16,0.0
-3.2699999999999996,-0.5475415229503211,0.29551143469177943,-1.0950830459006422,-0.9470353773862499,1.482972311750637,-0.7384379581624861,-0.8307509458735229,-0.24521333975125684,6.661338147750939e-16,0.0
-3.26,-0.5502135439936795,0.2901605871702931,-1.100427087987359,-0.9506341897576346,1.4869229220024618,-0.7400700276416461,-0.8331744780825521,-0.23949552082873343,2.220446049250313e-16,0.0
-3.25,-0.5528363914535654,0.28473305757210565,-1.105672782907131,-0.9541574752609703,1.4908092778291926,-0.7416594458797109,-0.8355409038805149,-0.23379197782446393,-4.440892098500626e-16,-1.1102230246251565e-16
-3.24,-0.5554093674316826,0.27922923919033593,-1.1108187348633651,-0.9576048455843084,1.4946298075856266,-0.7432065981995526,-0.83785036357523,-0.22810221449574578,0.0,2.220446049250313e-16
-3.2299999999999995,-0.557931777690969,0.27364954124627533,-1.115863555381938,-0.9609759139354197,1.4983829531296797,-0.7447118595758371,-0.8401029923342684,-0.22242569916196508,4.440892098500626e-16,0.0
-3.2199999999999998,-0.5604029318009872,0.2679943889008987,-1.1208058636019744,-0.9642702947694419,1.5020671702306017,-0.7461755944175953,-0.8422989198342866,-0.2167618654398931,-6.661338147750939e-16,0.0
-3.21,-0.5628221432834062,0.2622642232630464,-1.1256442865668124,-0.9674876035192589,1.5056809289754944,-0.7475981563588845,-0.8444382699175031,-0.21111011293715967,-2.220446049250313e-16,0.0
-3.2,-0.5651887297575398,0.2564595013942667,-1.1303774595150795,-0.9706274563285445,1.5092227141743413,-0.748979888056801,-0.8465211602548989,-0.20546980790373712,2.220446049250313e-16,-1.1102230246251565e-16
-3.1899999999999995,-0.5675020130859163,0.25058069631029484,-1.1350040261718326,-0.9736894697874128,1.5126910257637776,-0.7503211209961097,-0.848547702015723,-0.19984028384130448,-2.220446049250313e-16,0.0
-3.1799999999999997,-0.5697613195198447,0.24462829697915098,-1.1395226390396893,-0.9766732606706018,1.5160843792098044,-0.7516221752997797,-0.8505179995428804,-0.19422084207042506,2.220446049250313e-16,0.0
-3.17,-0.5719659798449486,0.2386028083158357,-1.1439319596898971,-0.9795784456781158,1.519401305909656,-0.7528833595447203,-0.8524321500337811,-0.18861075225550303,-2.220446049250313e-16,-1.1102230246251565e-16
-3.16,-0.5741153295266371,0.232504751173614,-1.1482306590532743,-0.9824046411782515,1.522640353593033,-0.7541049705820224,-0.8542902432262277,-0.18300925288753778,2.220446049250313e-16,0.0
-3.1499999999999995,-0.5762087088554794,0.22633466233186297,-1.1524174177109587,-0.9851514629529194,1.5258000867228951,-0.755287293361029,-0.8560923610889192,-0.17741555172471388,0.0,0.0
-3.1399999999999997,-0.5782454630924507,0.22009309448047498,-1.1564909261849015,-0.9878185259451779,1.528879086896021,-0.7564306007565622,-0.8578385775161492,-0.17182882619090567,-4.440892098500626e-16,0.0
-3.13,-0.5802249426140264,0.2137806162007921,-1.1604498852280527,-0.9904054440088972,1.5318759532435389,-0.7575351533986534,-0.8595289580262828,-0.16624822373218479,0.0,0.0
-3.12,-0.5821465030570786,0.20739781194306947,-1.1642930061141572,-0.9929118296604481,1.5347893028316106,-0.7586011995041234,-0.8611635594635845,-0.16067286213146117,6.661338147750939e-16,0.0
-3.1099999999999994,-0.5840095054635578,0.20094528200044395,-1.1680190109271156,-0.9953372938323367,1.5376177710624825,-0.7596289747093798,-0.8627424297029869,-0.15510182978138143,-2.220446049250313e-16,-1.1102230246251565e-16
-3.0999999999999996,-0.5858133164249155,0.19442364247940433,-1.171626632849831,-0.9976814456286769,1.5403600120760836,-0.760618701903799,-0.8642656073573783,-0.1495341859156403,-2.220446049250313e-16,0.0
-3.09,-0.5875573082262459,0.18783352526674077,-1.1751146164524917,-0.9999438920824126,1.5430146991523725,-0.7615705910630792,-0.8657331214869979,-0.1439689607988536,0.0,0.0
-3.08,-0.5892408589901075,0.1811755779929745,-1.178481717980215,-1.0021242379141846,1.5455805251146246,-0.7624848390819464,-0.8671449913105221,-0.1384051558751667,-2.220446049250313e-16,0.0
-3.0700000000000003,-0.5908633528199949,0.17445046399224973,-1.1817267056399898,-1.0042220852927428,1.5480562027338487,-0.7633616296056142,-0.8685012259174312,-0.1328417438757602,-2.220446049250313e-16,0.0
-3.0599999999999996,-0.5924241799434301,0.16765886225867993,-1.1848483598868602,-1.0062370335968067,1.5504404651345316,-0.7642011328593975,-0.8698018239812471,-0.127277668885424,0.0,-1.1102230246251565e-16
-3.05,-0.5939227368546369,0.16080146739914464,-1.1878454737092738,-1.0081686791782654,1.5527320662018962,-0.765003505475891,-0.8710467734732318,-0.12171184636837283,4.440892098500626e-16,-1.1102230246251565e-16
-3.04,-0.5953584264567704,0.15387898958251905,-1.1907168529135408,-1.0100166151266217,1.5549297809908735,-0.7657688903191245,-0.8722360513761422,-0.11614316315346268,-8.881784197001252e-16,-1.1102230246251565e-16
-3.0300000000000002,-0.5967306582036664,0.14689215448534232,-1.1934613164073329,-1.0117804310345766,1.5570324061369836,-0.766497416305114,-0.8733696233976337,-0.11057047737898086,8.881784197001252e-16,0.0
-3.0199999999999996,-0.5980388482410781,0.13984170323390852,-1.1960776964821562,-1.0134597127646452,1.559038760269308,-0.7671891982182316,-0.8744474436829105,-0.10499261839716012,0.0,-1.1102230246251565e-16
-3.01,-0.5992824195473682,0.13272839234278283,-1.1985648390947363,-1.0150540422167138,1.560947684425776,-0.7678443365228163,-0.8754694545262203,-0.09940838663857392,4.440892098500626e-16,0.0
-3.0,-0.6004608020736252,0.12555299364972863,-1.2009216041472504,-1.0165629970964303,1.5627580424709402,-0.7684629171694581,-0.8764355860807935,-0.09381655343654877,-2.220446049250313e-16,-1.1102230246251565e-16
-2.99,-0.6015734328831676,0.11831629424705482,-1.2031468657663351,-1.0179861506843255,1.5644687215164628,-0.7690450113953746,-0.8773457560668266,-0.08821586081174047,0.0,0.0
-2.9799999999999995,-0.6026197562904062,0.11101909640937024,-1.2052395125808124,-1.019323071605575,1.5660786323445046,-0.769590675518319,-0.8781998694771127,-0.08260502121699312,-4.440892098500626e-16,0.0
-2.9699999999999998,-0.6035992239990308,0.10366221751775218,-1.2071984479980615,-1.020573323600295,1.567586709834237,-0.7700999507234376,-0.8789978182799225,-0.07698271724260741,0.0,0.0
-2.96,-0.6045112952394882,0.09624648998031668,-1.2090225904789764,-1.0217364652942822,1.5689919133916832,-0.7705728628425097,-0.8797394811187407,-0.07134760128212096,4.440892098500626e-16,-1.1102230246251565e-16
-2.95,-0.6053554369057205,0.08877276114920475,-1.210710873811441,-1.022812049970104,1.5702932273831096,-0.7710094221249925,-0.8804247230084639,-0.06569829515871468,-6.661338147750939e-16,-1.1102230246251565e-16
-2.9399999999999995,-0.6061311236911269,0.08124189323397449,-1.2122622473822537,-1.0237996253384436,1.5714896615721887,-0.7714096230002889,-0.8810533950276642,-0.0600333897123343,-2.220446049250313e-16,0.0
-2.9299999999999997,-0.6068378382237215,0.07365476321140899,-1.213675676447443,-1.0246987333096136,1.5725802515611593,-0.771773443830661,-0.8816253340065298,-0.05435144434762337,6.661338147750939e-16,0.0
-2.92,-0.6074750712004506,0.0660122627317319,-1.2149501424009013,-1.0255089097651537,1.5735640592362201,-0.7721008466541974,-0.8821403622100884,-0.048650986542746674,2.220446049250313e-16,0.0
-2.91,-0.6080423215206383,0.058315298021248685,-1.2160846430412766,-1.0262296843294287,1.5744401732173976,-0.7723917769172423,-0.8825982870163247,-0.042930511319197985,-2.220446049250313e-16,-1.1102230246251565e-16
-2.8999999999999995,-0.6085390964185261,0.05056478978140557,-1.2170781928370522,-1.0268605801411426,1.5752077093131258,-0.7726461631956862,-0.8829989005887992,-0.0371884806726663,2.220446049250313e-16,0.0
-2.8899999999999997,-0.6089649115948772,0.04276167308428165,-1.2179298231897544,-1.0274011136247017,1.5758658109798012,-0.7728639169045118,-0.8833419795433829,-0.03142332296505187,0.0,0.0
-2.88,-0.6093192913476103,0.034906897264508484,-1.2186385826952206,-1.0278507942613528,1.5764136497865706,-0.7730449319949818,-0.883627284608719,-0.025633432277712438,2.220446049250313e-16,0.0
-2.87,-0.6096017687014296,0.027001425807637997,-1.2192035374028591,-1.0282091243600224,1.5768504258856149,-0.7731890846388372,-0.883854560280021,-0.019817167726046095,2.220446049250313e-16,0.0
-2.8599999999999994,-0.6098118855364222,0.019046236234956798,-1.2196237710728444,-1.02847559882781,1.5771753684882182,-0.7732962328988816,-0.8840235344658266,-0.013972852735510714,6.661338147750939e-16,2.220446049250313e-16
-2.8499999999999996,-0.6099491927155868,0.011042319984763281,-1.2198983854311736,-1.028649704940065,1.577387736346896,-0.7733662163853009,-0.8841339181273175,-0.008098774279208453,4.440892098500626e-16,0.0
-2.84,-0.6100132502112631,0.002990682290106904,-1.2200265004225261,-1.028730922110007,1.5774868182438915,-0.7733988558970645,-0.8841854049098238,-0.0021931820771699155,0.0,0.0
-2.83,-0.6100036272304304,-0.005107657946985534,-1.220007254460861,-1.0287187216578426,1.5774719334863387,-0.7733939530477398,-0.8841776707661314,0.003745712242484218,2.220446049250313e-16,0.0
-2.8200000000000003,-0.6099199023388427,-0.013251668284795732,-1.2198398046776855,-1.0286125665793422,1.5773424324084142,-0.7733512898750432,-0.884110373571211,0.009719736020313967,-1.1102230246251565e-15,-1.1102230246251565e-16
-2.8099999999999996,-0.609761663583966,-0.021440302874694873,-1.219523327167932,-1.0284119113138472,1.577097696880806,-0.7732706284334274,-0.883983152727989,0.015730756480025237,-2.220446049250313e-16,-1.1102230246251565e-16
-2.8,-0.6095285086166911,-0.029672502597403515,-1.2190570172333821,-1.02811620151169,1.5767371408278397,-0.773151710369007,-0.8837956287637885,0.021780681680348635,2.220446049250313e-16,-1.1102230246251565e-16
-2.79,-0.6092200448117854,-0.03794719520272564,-1.2184400896235708,-1.0277248738010119,1.5762602107526207,-0.7729942564760925,-0.8835474029170648,0.02787146150400868,8.881784197001252e-16,0.0
-2.7800000000000002,-0.6088358893870546,-0.046263295452727705,-1.2176717787741091,-1.0272373555539784,1.5756663862705524,-0.7727979662346027,-0.8832380567140679,0.03400508868338305,-1.3322676295501878e-15,-1.1102230246251565e-16
-2.7699999999999996,-0.6083756695211818,-0.054619705268357514,-1.2167513390423637,-1.0266530646524021,1.5749551806516227,-0.7725625173276008,-0.8828671515350657,0.0401835998624,4.440892098500626e-16,2.220446049250313e-16
-2.76,-0.6078390224702142,-0.06301531387947695,-1.2156780449404283,-1.0259714092527854,1.5741261413718348,-0.7722875651381899,-0.8824342281697706,0.04640907669412831,-4.440892098500626e-16,0.0
-2.75,-0.607225595682664,-0.07144899797830238,-1.214451191365328,-1.0251917875508265,1.5731788506742217,-0.7719727422249842,-0.8819388063616139,0.05268364697343779,8.881784197001252e-16,0.0
-2.74,-0.6065350469131945,-0.07991962187621805,-1.213070093826389,-1.02431358754542,1.572112926139838,-0.7716176577753596,-0.8813803843405205,0.05900948580398548,-2.220446049250313e-16,0.0
-2.7299999999999995,-0.6057670443348605,-0.08842603766395553,-1.211534088669721,-1.0233361868022228,1.5709280212692025,-0.771221897035667,-0.8807584383438467,0.06538881679868594,4.440892098500626e-16,0.0
-2.7199999999999998,-0.604921266649871,-0.096967085375108,-1.209842533299742,-1.0222589522168501,1.5696238260746225,-0.7707850207175843,-0.8800724221251495,0.07182391331267626,-8.881784197001252e-16,-1.1102230246251565e-16
-2.71,-0.6039974031988445,-0.10554159315297058,-1.207994806397689,-1.021081239777796,1.5682000676839003,-0.7703065643797578,-0.8793217664504673,0.07831709970765467,-6.661338147750939e-16,0.0
-2.7,-0.6029951540685292,-0.11414837742066816,-1.2059903081370584,-1.019802394329187,1.5666565109559012,-0.7697860377838783,-0.8785058785818087,0.08487075264628514,6.661338147750939e-16,0.0
-2.6899999999999995,-0.6019142301979521,-0.12278624305455936,-1.2038284603959042,-1.0184217493334904,1.5649929591084983,-0.7692229242243159,-0.8776241417475487,0.09148730241519698,6.661338147750939e-16,0.0
-2.6799999999999997,-0.6007543534829753,-0.13145398356088303,-1.2015087069659507,-1.0169386266343328,1.563209254359438,-0.7686166798304283,-0.8766759145994629,0.09816923427488408,-4.440892098500626e-16,-1.1102230246251565e-16
-2.67,-0.5995152568792224,-0.14015038125563378,-1.1990305137584447,-1.0153523362195886,1.5613052785806627,-0.7679667328406452,-0.8756605306561336,0.10491908983459862,1.1102230246251565e-15,0.0
-2.66,-0.5981966845033507,-0.14887420744762522,-1.1963933690067015,-1.013662175984938,1.559280953966669,-0.7672724828474212,-0.874577297732492,0.11173946845005606,0.0,0.0
-2.6499999999999995,-0.5967983917326387,-0.1576242226247252,-1.1935967834652774,-1.0118674314981104,1.5571362437175036,-0.7665333000121347,-0.8734254973552789,0.11863302864150942,2.220446049250313e-16,0.0
-2.6399999999999997,-0.595320145302859,-0.1663991766432265,-1.190640290605718,-1.0099673757640582,1.554871152736994,-0.765748524249015,-0.8722043841642346,0.12560248952942274,0.0,0.0
-2.63,-0.5937617234044096,-0.17519780892033512,-1.1875234468088192,-1.0079612689913378,1.5524857283468658,-0.7649174643771641,-0.8709131852988562,0.13265063228464577,2.220446049250313e-16,0.0
-2.62,-0.592122915776675,-0.18401884862973233,-1.18424583155335,-1.0058483583600037,1.5499800610173944,-0.7640393972397429,-0.8695510997705959,0.13978030158959412,4.440892098500626e-16,-1.1102230246251565e-16
-2.6099999999999994,-0.5904035238005886,-0.19286101490018995,-1.1808070476011772,-1.003627877791358,1.5473542851152764,-0.7631135667893973,-0.8681172978204077,0.14699440710653947,-6.661338147750939e-16,0.0
-2.5999999999999996,-0.5886033605893695,-0.20172301701719988,-1.177206721178739,-1.001299047719933,1.5446085796694247,-0.7621391831389952,-0.8666109202615946,0.1542959249486442,0.0,-1.1102230246251565e-16
-2.59,-0.5867222510774049,-0.21060355462759645,-1.1734445021548099,-0.9988610748681196,1.5417431691554044,-0.7611154215767627,-0.8650310778079503,0.16168789914888415,2.220446049250313e-16,-1.1102230246251565e-16
-2.58,-0.5847600321072537,-0.2195013179471218,-1.1695200642145074,-0.9963131520239121,1.5387583242992724,-0.760041421544926,-0.8633768503872462,0.16917344312143076,-6.661338147750939e-16,-1.1102230246251565e-16
-2.5700000000000003,-0.5827165525147405,-0.2284149879709148,-1.165433105029481,-0.9936544578222635,1.53565436290158,-0.7589162855809718,-0.8616472864401657,0.17675574110948164,0.0,0.0
-2.5599999999999996,-0.580591673212118,-0.23734323668688015,-1.161183346424236,-0.9908841565306105,1.5324316506823354,-0.7577390782206851,-0.8598414022048566,0.18443804961285085,0.0,0.0
-2.55,-0.578385267269269,-0.24628472729190087,-1.156770534538538,-0.9880013978391784,1.529090602147752,-0.7565088248621401,-0.8579581809873391,0.19222369878790915,-4.440892098500626e-16,0.0
-2.54,-0.5760972199929211,-0.2552381144108681,-1.1521944399858421,-0.9850053166567203,1.5256316814796054,-0.7552245105898744,-0.8559965724180857,0.20011609381168544,-4.440892098500626e-16,0.0
-2.5300000000000002,-0.5737274290038523,-0.2642020443184732,-1.1474548580077046,-0.9818950329124239,1.5220554034480749,-0.7538850789585271,-0.853955491695177,0.2081187162010539,2.220446049250313e-16,0.0
-2.5199999999999996,-0.5712758043120597,-0.27317515516373975,-1.1425516086241194,-0.9786696513647678,1.51836233434894,-0.7524894307352764,-0.8518338188145327,0.21623512507701748,-4.440892098500626e-16,0.0
-2.51,-0.5687422683898667,-0.28215607719724217,-1.1374845367797335,-0.9753282614181902,1.5145530929660422,-0.7510364226004966,-0.8496303977878179,0.22446895836305195,2.220446049250313e-16,0.0
-2.5,-0.566126756242945,-0.2911434330009864,-1.13225351248589,-0.9718699369484964,1.510628351559918,-0.7495248658061346,-0.8473440358487467,0.23282393390538175,-2.220446049250313e-16,0.0
-2.49,-0.5634292154792275,-0.30013583772089575,-1.126858430958455,-0.9682937361380268,1.5065888368835578,-0.7479535247914149,-0.8449735026486289,0.24130385050182404,4.440892098500626e-16,0.0
-2.4799999999999995,-0.5606496063756874,-0.30913189930186996,-1.1212992127513748,-0.9645987013216716,1.502435331226224,-0.7463211157555899,-0.842517529442144,0.24991258882454445,4.440892098500626e-16,0.0
-2.4699999999999998,-0.5577879019429628,-0.31813021872536856,-1.1155758038859256,-0.9607838588449342,1.4981686734863098,-0.7446263051876044,-0.8399748082644882,0.258654112220625,-2.220446049250313e-16,0.0
-2.46,-0.5548440879877989,-0.32712939024948606,-1.1096881759755979,-0.9568482189353185,1.4937897602741992,-0.7428677083526829,-0.8373439911011954,0.2675324673728212,2.220446049250313e-16,0.0
-2.45,-0.5518181631732918,-0.33612800165145895,-1.1036363263465836,-0.9527907755884384,1.4892995470461214,-0.7410438877360416,-0.8346236890521316,0.2765517848011829,0.0,0.0
-2.4399999999999995,-0.548710139076906,-0.34512463447257213,-1.097420278153812,-0.948610506470351,1.4846990492699825,-0.7391533514441238,-0.8318124714913556,0.28571627918443876,-2.220446049250313e-16,-1.1102230246251565e-16
-2.4299999999999997,-0.5455200402462494,-0.3541178642654103,-1.091040080492499,-0.9443063728377348,1.4799893436241622,-0.7371945515639905,-0.8289088652247634,0.2950302494780676,2.220446049250313e-16,-1.1102230246251565e-16
-2.42,-0.5422479042525779,-0.3631062608434192,-1.0844958085051557,-0.9398773194776577,1.4751715692302545,-0.7351658824817552,-0.8259113536476688,0.30449807880390184,0.0,-1.1102230246251565e-16
-2.41,-0.5388937817420155,-0.3720883885327148,-1.077787563484031,-0.9353222746688269,1.470246928920732,-0.7330656791612585,-0.8228183759047482,0.31412423408381235,0.0,-1.1102230246251565e-16
-2.3999999999999995,-0.5354577364844664,-0.38106280642610363,-1.0709154729689327,-0.93064015016634,1.4652166905424853,-0.7308922153844934,-0.8196283260550482,0.3239132653876175,2.220446049250313e-16,0.0
-2.3899999999999997,-0.531939845420199,-0.3900280686392573,-1.063879690840398,-0.9258298412121251,1.4600821882971728,-0.7286437019556773,-0.8163395522450803,0.33386980496272406,2.220446049250313e-16,0.0
-2.38,-0.5283401987040811,-0.39898272456900385,-1.0566803974081622,-0.9208902265734032,1.4548448241192844,-0.7263182848712693,-0.8129503558933514,0.343998565910226,-2.220446049250313e-16,0.0
-2.37,-0.5246588997474521,-0.4079253191536694,-1.0493177994949041,-0.9158201686117042,1.4495060690927886,-0.7239140434587122,-0.8094589908900651,0.35430434046915527,2.220446049250313e-16,0.0
-2.3599999999999994,-0.5208960652576073,-0.41685439313543293,-1.0417921305152147,-0.9106185133851188,1.4440674649071732,-0.7214289884871706,-0.8058636628161063,0.3647919978674112,0.0,0.0
-2.3499999999999996,-0.517051825274884,-0.425768483324632,-1.034103650549768,-0.9052840907866966,1.4385306253536478,-0.7188610602541357,-0.8021625281858736,0.3754664816944496,4.440892098500626e-16,0.0
-2.34,-0.5131263232073201,-0.4346661228659805,-1.0262526464146402,-0.8998157147220699,1.4328972378621756,-0.7162081266523812,-0.7983536937189706,0.3863328067472122,-2.220446049250313e-16,0.0
-2.33,-0.5091197158628826,-0.443545841506629,-1.0182394317257653,-0.8942121833296393,1.4271690650799607,-0.7134679812224741,-0.7944352156462942,0.39739605529687944,-4.440892098500626e-16,0.0
-2.3200000000000003,-0.5050321734792367,-0.452406165866027,-1.0100643469584734,-0.8884722792468452,1.421347946491867,-0.7106383411968105,-0.7904050990565807,0.4086613727199974,2.220446049250313e-16,0.0
-2.3099999999999996,-0.500863879751047,-0.4612456197075278,-1.001727759502094,-0.8825947699263252,1.4154358000831704,-0.7077168455420111,-0.7862612972900728,0.4201339624331899,-2.220446049250313e-16,0.0
-2.3,-0.49661503185479366,-0.4700627242116775,-0.9932300637095873,-0.8765784080059872,1.4094346240448865,-0.7047010530074475,-0.782001711386591,0.431819080066148,-3.3306690738754696e-16,0.0
-2.29,-0.49228584047108365,-0.47885599825114467,-0.9845716809421673,-0.8704219317372981,1.4033464985217603,-0.7015884401887084,-0.7776241895959716,0.443722026802858,0.0,0.0
-2.2800000000000002,-0.4878765298044495,-0.48762395866721875,-0.975753059608899,-0.8641240654763793,1.3971735874028421,-0.6983763996159509,-0.7731265269595641,0.45584814181603545,-2.220446049250313e-16,0.0
-2.2699999999999996,-0.4833873376006176,-0.4963651205478324,-0.9667746752012352,-0.8576835202427712,1.3909181401543564,-0.6950622378783181,-0.7685064649722493,0.4682027937146106,2.220446049250313e-16,-1.1102230246251565e-16
-2.26,-0.4788185151612328,-0.505077997507043,-0.9576370303224656,-0.8510989943510429,1.3845824936943378,-0.6916431737969632,-0.7637616913352723,0.48079137091876084,0.0,0.0
-2.25,-0.47417032735602527,-0.5137611019659241,-0.9483406547120505,-0.8443691741207333,1.378169074308258,-0.6881163366606883,-0.7588898398110608,0.4936192708715158,-1.1102230246251565e-16,-1.1102230246251565e-16
-2.24,-0.46944305263240965,-0.522412945434798,-0.9388861052648193,-0.8374927346704362,1.371680399604566,-0.6844787645398196,-0.7538884901921484,0.5066918879903354,0.0,-1.1102230246251565e-16
-2.2299999999999995,-0.4646369830225025,-0.5310320387967581,-0.929273966045005,-0.8304683408021752,1.3651190805087345,-0.6807274026956647,-0.7487551683973042,0.5200146002564074,-3.3306690738754696e-16,-1.1102230246251565e-16
-2.2199999999999998,-0.4597524241475487,-0.5396168925924147,-0.9195048482950974,-0.8232946479825644,1.358487823294044,-0.6768591021047901,-0.7434873467090295,0.5335927543336817,-2.220446049250313e-16,0.0
-2.21,-0.4547896952197401,-0.548166017305817,-0.9095793904394802,-0.8159703034275847,1.3517894316469028,-0.6728706181193677,-0.7380824441676835,0.5474316491040262,2.220446049250313e-16,0.0
-2.2,-0.44974912904142506,-0.5566779236514733,-0.8994982580828501,-0.8084939472981946,1.3450268087640787,-0.6687586092870396,-0.7325378271386758,0.5615365174992861,-2.220446049250313e-16,0.0
-2.1899999999999995,-0.444631072001691,-0.5651511228624215,-0.889262144003382,-0.800864214014324,1.3382029594786777,-0.6645196363560659,-0.7268508100703659,0.5759125065057384,0.0,0.0
-2.1799999999999997,-0.439435884070317,-0.5735841269792811,-0.878871768140634,-0.7930797336951856,1.331320992411163,-0.6601501614940392,-0.7210186564615995,0.5905646552113604,-1.1102230246251565e-16,-1.1102230246251565e-16
-2.17,-0.4341639387890802,-0.5819754491402345,-0.8683278775781604,-0.7851391337341846,1.3243841221410777,-0.6556465477510938,-0.7150385800591081,0.6054978707617877,2.220446049250313e-16,0.0
-2.16,-0.4288156232604166,-0.5903236038718588,-0.8576312465208332,-0.7770410405170762,1.317395671394467,-0.651005058801376,-0.7089077463063863,0.6207169020867906,2.220446049250313e-16,0.0
-2.1499999999999995,-0.4233913381334221,-0.5986271073807631,-0.8467826762668442,-0.7687840812923595,1.3103590732412391,-0.6462218589995219,-0.7026232740670357,0.6362263112559194,0.0,0.0
-2.1399999999999997,-0.41789149758719146,-0.6068844778459512,-0.8357829951743829,-0.7603668862032321,1.3032778732958916,-0.6412930137920246,-0.6961822376470076,0.6520304423196582,-4.440892098500626e-16,0.0
-2.13,-0.41231652931148216,-0.6150942357118652,-0.8246330586229643,-0.7517880904907336,1.2961557319141344,-0.6362144905266625,-0.6895816691416042,0.6681333874913871,0.0,0.0
-2.12,-0.40666687448470645,-0.623254903982025,-0.8133337489694129,-0.743046336878012,1.2889964263769857,-0.630982159706579,-0.6828185611345647,0.6845389505257558,2.220446049250313e-16,0.0
-2.1099999999999994,-0.40094298774923837,-0.6313650085132158,-0.8018859754984767,-0.734140278145875,1.2818038530528544,-0.6255917967391315,-0.6758898697779746,0.7012506071512215,-1.1102230246251565e-16,-1.1102230246251565e-16
-2.0999999999999996,-0.3951453371840371,-0.6394230783101472,-0.7902906743680742,-0.7250685799100158,1.2745820295269918,-0.6200390842332507,-0.6687925182831618,0.7182714624185921,-1.1102230246251565e-16,0.0
-2.09,-0.38927440427457527,-0.6474276458205313,-0.7785488085491505,-0.7158299236104477,1.2673350966864692,-0.6143196149027337,-0.6615234008540719,0.7356042048340132,2.220446049250313e-16,0.0
-2.08,-0.3833306838800782,-0.6553772472304988,-0.7666613677601564,-0.7064230097237924,1.2600673207475361,-0.6084288951365978,-0.6540793870959128,0.7532510571541245,4.440892098500626e-16,0.0
-2.0699999999999994,-0.37731468419806224,-0.6632704227603018,-0.7546293683961245,-0.6968465612090728,1.2527830952107926,-0.602362349301298,-0.6464573269329946,0.7712137237337497,-1.1102230246251565e-16,0.0
-2.0599999999999996,-0.37122692672617924,-0.6711057169602246,-0.7424538534523585,-0.6870993271976144,1.2454869427281268,-0.5961153248432138,-0.6386540560707326,0.7894933343326931,-1.1102230246251565e-16,0.0
-2.05,-0.36506794622135236,-0.6788816790066492,-0.7301358924427047,-0.6771800869374631,1.2381835168637583,-0.5896830982632473,-0.6306664020375918,0.8080903843087295,-1.1102230246251565e-16,0.0
-2.04,-0.35883829065621725,-0.6865968629981973,-0.7176765813124345,-0.6670876540024895,1.2308776037300797,-0.5830608820386128,-0.6224911908433907,0.8270046711489777,-3.3306690738754696e-16,0.0
-2.0300000000000002,-0.35253852117285805,-0.6942498282518879,-0.7050770423457161,-0.6568208807758883,1.2235741234771935,-0.5762438325697873,-0.6141252542906803,0.8462352273223354,-2.220446049250313e-16,-1.1102230246251565e-16
-2.0199999999999996,-0.34616921203384016,-0.7018391395992418,-0.6923384240676803,-0.6463786632172408,1.2162781316132092,-0.5692270592330704,-0.6055654379759323,0.8657802494718814,-2.220446049250313e-16,-1.1102230246251565e-16
-2.01,-0.339730950570546,-0.7093633676822647,-0.679461901141092,-0.6357599459215678,1.2089948201304532,-0.5620056346211445,-0.59680861001687,0.8856370240088122,0.0,-1.1102230246251565e-16
-2.0,-0.3332243371288042,-0.7168210892492474,-0.6664486742576085,-0.6249637274778489,1.2017295184107462,-0.5545746060552531,-0.5878516705414042,0.9058018492191304,0.0,0.0
-1.9900000000000002,-0.3266499850118271,-0.724210887450304,-0.6532999700236543,-0.6139890661333768,1.1944876938808986,-0.5469290084530534,-0.5786915619722699,0.9262699540513606,-2.220446049250313e-16,0.0
-1.9800000000000004,-0.32000852042045014,-0.731531352132591,-0.6400170408409003,-0.6028350857689082,1.187274952387501,-0.5390638786355971,-0.5693252801394351,0.9470354138187457,2.220446049250313e-16,0.0
-1.9700000000000006,-0.31330058239067937,-0.7387810801351343,-0.6266011647813587,-0.5915009821879516,1.180097038258022,-0.5309742711551113,-0.5597498862496676,0.9680910631228616,0.0,0.0
-1.959999999999999,-0.3065268227285506,-0.7459586755831966,-0.6130536454571012,-0.5799860297216202,1.1729598340131862,-0.522655275722092,-0.5499625197391745,0.9894284063878573,0.0,0.0
-1.9499999999999993,-0.2996879059423099,-0.753062750182112,-0.5993758118846197,-0.568289588148271,1.1658693596935923,-0.514102036305461,-0.5399604120308912,1.0110375264856901,-2.220446049250313e-16,0.0
-1.9399999999999995,-0.2927845091719047,-0.7600919235105377,-0.5855690183438094,-0.5564111099245802,1.1588317717616015,-0.5053097719729025,-0.5297409012126726,1.032906992032913,-2.220446049250313e-16,0.0
-1.9299999999999997,-0.28581732211581323,-0.7670448233130256,-0.5716346442316265,-0.544350147721892,1.1518533615377515,-0.4962737995298991,-0.5193014476463504,1.055023764048286,0.0,0.0
-1.92,-0.2787870469552027,-0.7739200857918712,-0.5575740939104054,-0.5321063622583831,1.1449405531292922,-0.4869895580049749,-0.5086396505100933,1.0773731027777316,0.0,2.220446049250313e-16
-1.9100000000000001,-0.2716943982754278,-0.780716355898156,-0.5433887965508556,-0.5196795304140097,1.138099900807037,-0.4774526350151983,-0.4977532652678544,1.0999384756176607,2.220446049250313e-16,-1.1102230246251565e-16
-1.9000000000000004,-0.26454010298487945,-0.7874322876219215,-0.5290802059697589,-0.5070695536112215,1.1313380857855897,-0.4676587950297554,-0.48664022204972807,1.1227014671986397,-2.220446049250313e-16,0.0
-1.8900000000000006,-0.25732490023118854,-0.794066544281405,-0.5146498004623771,-0.4942764664400491,1.1246619123612058,-0.4576040095301884,-0.47529864491573276,1.1456416928270399,0.0,0.0
-1.879999999999999,-0.2500495413147946,-0.8006177988112668,-0.5000990826295892,-0.48130044550143336,1.118078303361154,-0.44728448904356444,-0.46372687196287843,1.168736716620685,4.440892098500626e-16,0.0
-1.8699999999999992,-0.24271478959989554,-0.8070847340497389,-0.4854295791997911,-0.4681418184375696,1.1115942948585542,-0.4366967169992178,-0.45192347622132956,1.1919619758129927,2.220446049250313e-16,0.0
-1.8599999999999994,-0.23532142042276977,-0.8134660430246385,-0.47064284084553953,-0.4548010731125331,1.1052170301072817,-0.42583748533069105,-0.4398872872700117,1.2152907128357047,0.0,0.0
-1.8499999999999996,-0.22787022099750703,-0.8197604292381586,-0.45574044199501407,-0.44127886690077134,1.0989537526528634,-0.41470393171219544,-0.4276174134853238,1.2386939169189608,2.220446049250313e-16,0.0
-1.8399999999999999,-0.2203619903191397,-0.8259666069503824,-0.4407239806382794,-0.42757603603492966,1.092811798577253,-0.4032935782831629,-0.41511326481856137,1.2621402770654002,0.0,0.0
-1.83,-0.21279753906419496,-0.8320833014614472,-0.4255950781283899,-0.4136936049582908,1.086798587838202,-0.39160437167567486,-0.4023745759786087,1.2855961483567555,-2.220446049250313e-16,0.0
-1.8200000000000003,-0.20517768948867857,-0.8381092493922923,-0.41035537897735713,-0.3996327956207129,1.080921614667618,-0.3796347241178454,-0.38940142987643256,1.3090255336319847,0.0,0.0
-1.8100000000000005,-0.1975032753235038,-0.8440431989639198,-0.3950065506470076,-0.38539503665053904,1.0751884369979279,-0.3673835553420938,-0.37619428116723347,1.3323900826292614,2.220446049250313e-16,-1.1102230246251565e-16
-1.8000000000000007,-0.18977514166737922,-0.8498839102751029,-0.37955028333475843,-0.3709819723285906,1.0696066648911158,-0.3548503349812204,-0.3627539797050543,1.3556491107039756,2.220446049250313e-16,2.220446049250313e-16
-1.7899999999999991,-0.18199414487716853,-0.8556301555784745,-0.36398828975433706,-0.35639547128418636,1.0641839479518036,-0.3420351250880002,-0.3490817937035908,1.3787596392147863,-2.220446049250313e-16,0.0
-1.7799999999999994,-0.17416115245574595,-0.8612807195549214,-0.3483223049114919,-0.34163763482729353,1.0589279617135692,-0.32893862236656096,-0.3351794323763318,1.401676459603251,-1.1102230246251565e-16,-1.1102230246251565e-16
-1.7699999999999996,-0.16627704293734183,-0.8668343995862344,-0.33255408587468366,-0.3267108048254927,1.053846392996601,-0.3155621996570768,-0.3210490678094018,1.4243522230736414,2.220446049250313e-16,0.0
-1.7599999999999998,-0.15834270577042264,-0.8722900060259251,-0.3166854115408453,-0.31161757102979787,1.0489469242448803,-0.30190794617070066,-0.3066933558023348,1.446737557602172,2.220446049250313e-16,0.0
-1.75,-0.15035904119810176,-0.877646362468158,-0.3007180823962035,-0.29636077774937686,1.0442372168621696,-0.2879787059302788,-0.2921154553957731,1.4687812137648886,0.0,-1.1102230246251565e-16
-1.7400000000000002,-0.14232696013610643,-0.8829023060147254,-0.28465392027221287,-0.280943529772367,1.0397248935782673,-0.2737781138360183,-0.2773190467917233,1.4904302405667886,-1.1102230246251565e-16,0.0
-1.7300000000000004,-0.13424738404831796,-0.8880566875400021,-0.2684947680966359,-0.2653691974282598,1.0354175198900522,-0.2593106287453458,-0.26230834736197556,1.5116301920798891,2.220446049250313e-16,0.0
-1.7200000000000006,-0.12612124481990375,-0.8931083719538091,-0.2522424896398075,-0.24964142068700346,1.0313225846357135,-0.24458156293445782,-0.24708812543437522,1.5323253652549198,0.0,0.0
-1.709999999999999,-0.11794948462805961,-0.8980562384621272,-0.23589896925611922,-0.23376411219120116,1.0274474797750488,-0.22959710729717045,-0.23166371154547882,1.5524590687626802,-1.1102230246251565e-16,-1.1102230246251565e-16
-1.6999999999999993,-0.10973305581038972,-0.902899180825585,-0.21946611162077945,-0.21774145912075235,1.023799479463603,-0.21436435163628317,-0.2160410068523801,1.5719739221520597,0.0,-1.1102230246251565e-16
-1.6899999999999995,-0.10147292073092484,-0.9076361076156737,-0.20294584146184969,-0.20157792379403766,1.0203857185234702,-0.19889129941520417,-0.20022648840663435,1.5908121839906195,2.220446049250313e-16,0.0
-1.6799999999999997,-0.09317005164382704,-0.9122659424686032,-0.18634010328765407,-0.18527824291661643,1.017213170428526,-0.18318687636452213,-0.18422721100992437,1.6089161069914146,0.0,0.0
-1.67,-0.08482543055478245,-0.9167876243367508,-0.1696508611095649,-0.1688474253971251,1.014288624936323,-0.16726093238028336,-0.1680508053944101,1.6262283174412853,2.220446049250313e-16,-1.1102230246251565e-16
-1.6600000000000001,-0.07644004908011208,-0.9212001077376321,-0.15288009816022416,-0.15229074866098857,1.0116186655125932,-0.1511242362088672,-0.1517054725010948,1.6426922155479469,0.0,0.0
-1.6500000000000004,-0.06801490830362246,-0.9255023630003324,-0.13602981660724492,-0.13561375340544513,1.0092096467068676,-0.13478846248757248,-0.13519997366680434,1.6582523926361719,-1.1102230246251565e-16,-1.1102230246251565e-16
-1.6400000000000006,-0.059551018631219726,-0.9296933765093366,-0.11910203726243945,-0.11882223675423174,1.0070676716487643,-0.11826617080006784,-0.11854361657438343,1.6728550604689851,-1.1102230246251565e-16,-1.1102230246251565e-16
-1.629999999999999,-0.051049399643309366,-0.9337721509456914,-0.10209879928661873,-0.10192224378691983,1.005198569843675,-0.1015707765108508,-0.10174623687099787,1.6864484873715817,2.220446049250313e-16,0.0
-1.6199999999999992,-0.04251107994501545,-0.9377377055254414,-0.0850221598900309,-0.08492005743613991,1.003607875453539,-0.08471651326132598,-0.08481817541534392,1.6989834353174686,2.220446049250313e-16,0.0
-1.6099999999999994,-0.03393709701422188,-0.94158907623528,-0.06787419402844376,-0.06782218676541221,1.002300806252799,-0.06771838713988285,-0.06777025117507773,1.710413591721547,-1.1102230246251565e-16,0.0
-1.5999999999999996,-0.025328497047491527,-0.9453253160653466,-0.05065699409498305,-0.05063535366091931,1.0012822434512354,-0.05059212267699636,-0.050613729859996216,1.7206959893950902,-1.1102230246251565e-16,-1.1102230246251565e-16
-1.5899999999999999,-0.01668633480386683,-0.9489454952391151,-0.03337266960773366,-0.0333664779915599,1.0005567125739285,-0.03335410096033696,-0.033360288442701565,1.7297914079719334,0.0,0.0
-1.58,-0.008011673446587892,-0.9524487014403137,-0.016023346893175784,-0.016022661312950597,1.000128365583968,-0.016021290310889127,-0.016021975785523317,1.7376647501284548,-1.1102230246251565e-16,0.0
-1.5700000000000003,0.000694415617246227,-0.9558340400368148,0.001388831234492454,0.0013888307880178118,1.0000009644256338,0.0013888298950693084,0.0013888303415434276,1.7442853861021022,-1.1102230246251565e-16,-1.1102230246251565e-16
-1.5600000000000005,0.009430852899045003,-0.9591006343014371,0.018861705798090007,0.018860587591286088,1.0001778661546223,0.018858351535619832,0.018859469503801084,1.7496274603685134,-1.1102230246251565e-16,-1.1102230246251565e-16
-1.5500000000000007,0.018196550993094356,-0.9622476256296022,0.03639310198618871,0.03638507324870846,1.0006620098075958,0.03636902533472438,0.03637704769872249,1.7536701548632734,-2.220446049250313e-16,-1.1102230246251565e-16
-1.5399999999999991,0.02699041474289751,-0.9652741737537875,0.05398082948579502,0.05395464774326831,1.00145590514609,0.0539023527730065,0.05392848884691506,1.7563979038220598,0.0,0.0
-1.5299999999999994,0.03581134140945001,-0.9681794569547171,0.07162268281890002,0.0715615886345862,1.0025616233898926,0.07143968126041689,0.07150058817212851,1.7578005561466294,2.220446049250313e-16,-1.1102230246251565e-16
-1.5199999999999996,0.04465822084144223,-0.9709626722692405,0.08931644168288445,0.08919811341054128,1.0039807900328035,0.08896230144001682,0.0890800669290941,1.7578734821618232,2.220446049250313e-16,0.0
-1.5099999999999998,0.05352993564732771,-0.9736230356948337,0.10705987129465543,0.10685640225521874,1.0057145798096139,0.10645154544236823,0.10665362791173016,1.756617622683071,0.0,-1.1102230246251565e-16
-1.5,0.06242536136924969,-0.9761597823906758,0.12485072273849938,0.12452862103716068,1.0077637138577304,0.12388888488609048,0.1242080111591082,1.7540394794331111,-1.1102230246251565e-16,0.0
-1.4900000000000002,0.07134336665878492,-0.9785721668752458,0.14268673331756984,0.14220694431881273,1.0101284590906443,0.14125602742251406,0.14173004927263275,1.7501510469959685,2.220446049250313e-16,0.0
-1.4800000000000004,0.08028281345447433,-0.9808594632203808,0.16056562690894866,0.1598835781884536,1.0128086297739882,0.1585350106513009,0.15920672176552694,1.744969687639707,-1.1102230246251565e-16,0.0
-1.4700000000000006,0.08924255716110804,-0.9830209652417483,0.1784851143222161,0.1775507827196426,1.0158035912688115,0.1757082922883502,0.17662520788458666,1.7385179514411988,0.0,0.0
-1.459999999999999,0.09822144683073344,-0.985055986685681,0.1964428936614669,0.1952008938702271,1.0191122658814828,0.192758835545516,0.1939729373737077,1.7308233451722606,-2.220446049250313e-16,0.0
-1.4499999999999993,0.1072183253453432,-0.9869638614123158,0.2144366506906864,0.2128263446429888,1.0227331407358615,0.20967018878101293,0.21123763868796294,1.721918054326543,2.220446049250313e-16,0.0
-1.4399999999999995,0.11623202960123308,-0.9887439435749954,0.23246405920246616,0.23041968534289434,1.0266642775615054,0.226426558596746,0.22840738421492465,1.71183862345471,0.0,-1.1102230246251565e-16
-1.4299999999999997,0.12526139069496378,-0.9903956077958773,0.25052278138992756,0.24797360278103853,1.0309033242721384,0.24301287569016947,0.24547063211481038,1.7006256006118643,2.220446049250313e-16,2.220446049250313e-16
-1.42,0.13430523411091536,-0.9919182493377011,0.2686104682218307,0.265480938292709,1.0354475281917241,0.2594148529099532,0.26241626445167376,1.6883231521920758,2.220446049250313e-16,2.220446049250313e-16
-1.4100000000000001,0.1433623799103898,-0.9933112842716699,0.2867247598207796,0.2829347044557222,1.040293750771523,0.2756190351120856,0.27923362135218466,1.6749786547236372,2.220446049250313e-16,0.0
-1.4000000000000004,0.15243164292222733,-0.9945741496413943,0.30486328584445466,0.30032810041506725,1.045438483630614,0.29161284056209696,0.29591253099507364,1.6606422703249963,0.0,0.0
-1.3900000000000006,0.1615118329349006,-0.995706303622855,0.3230236658698012,0.31765452574037506,1.0508778657446187,0.30738459377571625,0.31244333530124796,1.6453665124813537,0.0,0.0
-1.379999999999999,0.17060175489005164,-0.9967072256803371,0.3412035097801033,0.3349075927633518,1.056607701602757,0.32292354983077953,0.32881691126033774,1.6292058086073844,-2.220446049250313e-16,0.0
-1.3699999999999992,0.1797002090774252,-0.9975764167182933,0.3594004181548504,0.3520811373626343,1.0626234801517804,0.3382199103143432,0.3450246878925106,1.6122160655287963,-1.1102230246251565e-16,0.0
-1.3599999999999994,0.18880599133118484,-0.9983133992290895,0.37761198266236967,0.36916922818322767,1.0689203943466539,0.35326483118808294,0.36105865890361283,1.5944542435643407,2.220446049250313e-16,0.0
-1.3499999999999996,0.19791789322754236,-0.998917717436592,0.3958357864550847,0.3861661742961829,1.0754933611317716,0.36805042295987367,0.37691139114574795,1.5759779443430653,-2.220446049250313e-16,0.0
-1.3399999999999999,0.20703470228368587,-0.9993889374355532,0.41406940456737173,0.4030665313215349,1.0823370416828473,0.3825697436387886,0.39257602904380573,1.5568450168723431,-3.3306690738754696e-16,0.0
-1.33,0.21615520215795944,-0.999726647326755,0.4323104043159189,0.41986510605313915,1.0894458617479774,0.39681678502343576,0.4080462951902428,1.5371131857047144,0.0,0.0
-1.3200000000000003,0.2252781728512556,-0.9999304573478699,0.4505563457025112,0.4365569596379812,1.0968140319364996,0.41078645292951194,0.42331648734546284,1.5168397043586634,0.0,0.0
-1.3100000000000005,0.23440239090958256,-1.0,0.46880478181916513,0.45313740937458,1.1044355678157576,0.4244745420018666,0.43838147210920475,1.4960810364515595,-1.1102230246251565e-16,0.0
-1.299999999999999,0.24352662962776792,-0.9999349301698569,0.48705325925553583,0.46960202920520794,1.1123043096884233,0.43787770577996615,0.45323667554950325,1.474892566321305,-2.220446049250313e-16,0.0
-1.2899999999999991,0.25264965925424865,-0.9997349252475435,0.5052993185084973,0.4859466489847913,1.1204139419362613,0.45099342269452325,0.46787807109024876,1.4533283402630721,0.0,2.220446049250313e-16
-1.2799999999999994,0.26177024719693226,-0.9993996852399031,0.5235404943938645,0.5021673526156675,1.1287580118298925,0.4638199586686644,0.48230216496662626,1.4314408389021887,-2.220446049250313e-16,0.0
-1.2699999999999996,0.27088715823005516,-0.998928932879398,0.5417743164601103,0.5182604751416905,1.1373299477178203,0.47635632698078606,0.49650597956003023,1.409280780674299,0.0,0.0
-1.2599999999999998,0.2799991547020225,-0.9983224137284878,0.559998309404045,0.5342225988979895,1.1461230765216224,0.48860224602019897,0.5104870349213636,1.3868969558961168,0.0,0.0
-1.25,0.2891049967441778,-0.9975798962794699,0.5782099934883556,0.5500505488137414,1.1551306404774329,0.5005580955322704,0.5242433287842453,1.3643360904892035,0.0,0.0
-1.2400000000000002,0.29820344248046277,-0.9967011720497494,0.5964068849609255,0.5657413869650447,1.164345813076508,0.5122248719090263,0.5377733153584742,1.3416427380666778,0.0,0.0
-1.2300000000000004,0.3072932482379257,-0.9956860556725129,0.6145864964758514,0.5812924064734224,1.1737617141696441,0.5236041430356494,0.5510758831797148,1.3188591988081495,-2.220446049250313e-16,-1.1102230246251565e-16
-1.2200000000000006,0.31637316875803595,-0.9945343849827696,0.6327463375160719,0.5967011248428433,1.1833714242113516,0.5346980031546399,0.5641503322744736,1.2960254633290151,-2.220446049250313e-16,0.0
-1.209999999999999,0.3254419574087637,-0.9932460210987348,0.6508839148175274,0.6119652768246072,1.193167997629919,0.5455090281590086,0.5769963508806613,1.2731791795925902,0.0,-1.1102230246251565e-16
-1.1999999999999993,0.3344983663973732,-0.9918208484985265,0.6689967327947464,0.6270828068951373,1.2031444753187563,0.5560402316750073,0.5896139919439543,1.2503556408123557,2.220446049250313e-16,0.0
-1.1899999999999995,0.3435411469839102,-0.9902587750921452,0.6870822939678204,0.6420518614269116,1.2132938962527102,0.5662950222447274,0.6020036495893974,1.227587792240864,-1.1102230246251565e-16,0.0
-1.1799999999999997,0.35256904969530867,-0.9885597322887186,0.7051380993906173,0.6568707806273849,1.2236093082402617,0.5762771618701678,0.6141660357465073,1.2049062547356095,-4.440892098500626e-16,-1.1102230246251565e-16
-1.17,0.3615808245400971,-0.986723675058977,0.7231616490801942,0.6715380903152622,1.234083777828874,0.5859907261340506,0.6261021570852485,1.1823393630234782,-3.3306690738754696e-16,0.0
-1.1600000000000001,0.3705752212236518,-0.984750581992944,0.7411504424473035,0.6860524935976893,1.2447103993860715,0.5954400660690722,0.6378132923997153,1.1599132166483328,-1.1102230246251565e-16,0.0
-1.1500000000000004,0.3795509893639542,-0.982640455352814,0.7591019787279084,0.7004128625061361,1.2554823033832956,0.6046297719069931,0.6493009705566297,1.137651741674378,-4.440892098500626e-16,-1.1102230246251565e-16
-1.1400000000000006,0.38850687870780937,-0.9803933211209998,0.7770137574156187,0.7146182296429929,1.2663926639131868,0.613564638802175,0.6605669491070235,1.115576761325606,-2.220446049250313e-16,0.0
-1.129999999999999,0.39744163934748133,-0.9780092290433244,0.7948832786949627,0.728667779885242,1.2774347054737685,0.6222496345910379,0.6716131936418672,1.0937080738634892,-1.1102230246251565e-16,-1.1102230246251565e-16
-1.1199999999999992,0.40635402193769316,-0.975488252667346,0.8127080438753863,0.7425608421861005,1.2886017090551125,0.6306898696194633,0.6824418579560754,1.0720635361365676,-1.1102230246251565e-16,0.0
-1.1099999999999994,0.4152427779129703,-0.9728304893757882,0.8304855558259406,0.756296881510342,1.2998870175655735,0.6388905686443987,0.6930552650703726,1.0506591513723522,0.0,0.0
-1.0999999999999996,0.4241066597052501,-0.9700360604150668,0.8482133194105002,0.769875490933966,1.3112840406355057,0.6468570447936045,0.7034558891468341,1.0295091599208908,-5.551115123125783e-16,-1.1102230246251565e-16
-1.0899999999999999,0.43294442096173763,-0.9671051109188947,0.8658888419234753,0.7832963839343204,1.322786258836845,0.6545946755486183,0.7136463383217704,1.0086261317969467,-2.220446049250313e-16,0.0
-1.08,0.44175481676295275,-0.9640378099269483,0.8835096335259055,0.796559386892395,1.3343872273568418,0.6621088807002178,0.7236293384687247,0.9880210600021461,0.0,0.0
-1.0700000000000003,0.45053660384092487,-0.9608343503985858,0.9010732076818497,0.8096644318250299,1.3460805791638397,0.6694051022128108,0.7334077178948333,0.9677034537374282,4.440892098500626e-16,0.0
-1.0600000000000005,0.45928854079748993,-0.9574949492216008,0.9185770815949799,0.8226115493611168,1.3578600277022483,0.6764887859239683,0.7429843929655151,0.9476814307383842,4.440892098500626e-16,0.0
-1.049999999999999,0.4680093883226467,-0.9540198472160059,0.9360187766452934,0.8354008619725493,1.3697193691528757,0.683365364997495,0.752362354645365,0.927961808080566,2.220446049250313e-16,2.220446049250313e-16
-1.0399999999999991,0.47669790941291657,-0.9504093091328315,0.9533958188258331,0.8480325774676669,1.3816524842935654,0.6900402450427333,0.761544655937121,0.9085501909078874,0.0,0.0
-1.0299999999999994,0.4853528695896854,-0.9466636236479316,0.9707057391793708,0.8605069827523013,1.393653339993762,0.6965187908089938,0.770534400195635,0.8894510586343886,0.0,0.0
-1.0199999999999996,0.49397303711745094,-0.9427831033507932,0.9879460742349019,0.8728244378610781,1.4057159903750667,0.7028063143617671,0.7793347302896731,0.8706678482580132,2.220446049250313e-16,0.0
-1.0099999999999998,0.5025571832219518,-0.9387680847283391,1.0051143664439035,0.8849853702596123,1.4178345776683292,0.7089080646466133,0.7879488185812136,0.852203034504299,2.220446049250313e-16,-1.1102230246251565e-16
-1.0,0.5111040823081262,-0.9346189281437204,1.0222081646162524,0.8969902694163697,1.4300033327961608,0.7148292183469775,0.7963798576894241,0.8340582065886989,0.0,-1.1102230246251565e-16
-0.9900000000000002,0.519612512177852,-0.9303360178100949,1.039225024355704,0.9088396816413965,1.442216575708071,0.720574871943547,0.8046310520047095,0.8162341414486761,2.220446049250313e-16,0.0
-0.9800000000000004,0.5280812542474266,-0.9259197617593885,1.0561625084948532,0.9205342051877893,1.454468715493785,0.7261500348849311,0.8127056099170169,0.7987308733513309,0.0,0.0
-0.9700000000000006,0.5365090937647378,-0.9213705918060395,1.0730181875294755,0.9320744856106304,1.466754250298611,0.7315596237822553,0.8206067367218813,0.781547759829611,-4.440892098500626e-16,0.0
-0.9599999999999991,0.5448948200260828,-0.9166889635057217,1.0897896400521656,0.9434612113771806,1.4790677670631012,0.7368084575435631,0.8283376281674348,0.7646835439406505,-6.661338147750939e-16,0.0
-0.9499999999999993,0.5532372265925801,-0.9118753561090567,1.1064744531851602,0.9546951097213429,1.4914039411076394,0.7419012533676161,0.8359014646057071,0.7481364128741078,-2.220446049250313e-16,0.0
-0.9399999999999995,0.5615351115061517,-0.9069302725103007,1.1230702230123033,0.9657769427348337,1.503757535581087,0.7468426235206348,0.8433014057119973,0.731904052966952,-2.220446049250313e-16,0.0
-0.9299999999999997,0.5697872775049975,-0.9018542391910291,1.139574555009995,0.9767075036869631,1.5161234007910531,0.7516370728236303,0.8505405857367372,0.7159837012048291,0.0,0.0
-0.9199999999999999,0.5779925322385431,-0.89664780615881,1.1559850644770862,0.9874876135646413,1.5284964734320106,0.7562889967822395,0.8576221092552148,0.7003721933090584,0.0,-1.1102230246251565e-16
-0.9100000000000001,0.5861496884818015,-0.8913115468808767,1.172299376963603,0.9981181178239498,1.5408717757260828,0.7608026802951837,0.8645490473815632,0.6850660085233822,-2.220446049250313e-16,0.0
-0.9000000000000004,0.594257564349108,-0.885846058212807,1.188515128698216,1.0085998833444791,1.5532444144900497,0.7651822968817314,0.8713244344146375,0.6700613112260436,2.220446049250313e-16,0.0
-0.8900000000000006,0.6023149835071814,-0.8802519603222171,1.2046299670143628,1.0189337955775741,1.565609580140919,0.7694319083726706,0.8779512648846914,0.6553539895011516,4.440892098500626e-16,0.0
-0.879999999999999,0.6103207753874668,-0.8745298966074766,1.2206415507749335,1.0291207558796336,1.5779625456512696,0.7735554650133603,0.8844324909711484,0.6409396908090151,4.440892098500626e-16,0.0
-0.8699999999999992,0.6182737753977084,-0.8686805336114659,1.236547550795417,1.039161679021668,1.590298665464492,0.7775568059313236,0.8907710202631581,0.6268138548985679,0.0,-1.1102230246251565e-16
-0.8599999999999994,0.6261728251327261,-0.8627045609303684,1.2523456502654522,1.0490574908664736,1.6026133743791102,0.7814396599246154,0.8969697138361034,0.6129717441064508,-4.440892098500626e-16,0.0
-0.8499999999999996,0.634016772584323,-0.8566026911175334,1.268033545168646,1.058809126204879,1.614902186410361,0.7852076465307524,0.9030313846186208,0.5994084711872579,-2.220446049250313e-16,-1.1102230246251565e-16
-0.8399999999999999,0.6418044723503008,-0.8503756595824077,1.2836089447006016,1.068417526742782,1.6271606936364316,0.7888642773394133,0.9089587960261827,0.5861190248178665,1.1102230246251565e-15,0.0
-0.8300000000000001,0.6495347858425288,-0.8440242244845594,1.2990695716850575,1.077883639230874,1.6393845650359156,0.7924129575153084,0.9147546608386771,0.5730982929162166,-8.881784197001252e-16,0.0
-0.8200000000000003,0.6572065814940241,-0.8375491666228073,1.3144131629880482,1.0872084137292213,1.6515695453223413,0.7958569875006449,0.9204216403008209,0.5603410839113839,0.0,0.0
-0.8100000000000005,0.664818734964997,-0.8309512893194757,1.329637469929994,1.0963928019991114,1.6637114537809239,0.7991995648694256,0.9259623434255825,0.5478421460975861,-4.440892098500626e-16,0.0
-0.7999999999999989,0.6723701293478209,-0.824231418299793,1.3447402586956418,1.1054377560148791,1.6758061831121227,0.8024437863084729,0.9313793264821033,0.5355961852000074,-6.661338147750939e-16,0.0
-0.7899999999999991,0.6798596553708715,-0.8173904015664585,1.359719310741743,1.1143442265886716,1.6878496982859583,0.8055926497024958,0.9366750926508423,0.5235978802752026,2.220446049250313e-16,0.0
-0.7799999999999994,0.687286211601213,-0.8104291092693868,1.374572423202426,1.123113162101454,1.699838035410606,0.8086490563028199,0.9418520918298995,0.5118418980633578,-6.661338147750939e-16,0.0
-0.7699999999999996,0.6946487046460627,-0.8033484335706715,1.3892974092921253,1.1317455073337896,1.7117673006182268,0.8116158129614711,0.946912720577581,0.5003229059041691,-2.220446049250313e-16,0.0
-0.7599999999999998,0.7019460493530054,-0.7961492885047751,1.4038920987060108,1.1402422023902623,1.7236336689706337,0.8144956344142578,0.9518593221773877,0.48903558332233016,6.661338147750939e-16,0.0
-0.75,0.709177169008911,-0.7888326098339808,1.418354338017822,1.1486041817116839,1.7354333833869782,0.8172911455982682,0.9566941868126263,0.4779746323829584,0.0,-1.1102230246251565e-16
-0.7400000000000002,0.716340995537511,-0.7813993548991284,1.432681991075022,1.1568323731695136,1.747162753595294,0.8200048839908379,0.9614195518388235,0.4671347869116127,8.881784197001252e-16,0.0
-0.7300000000000004,0.7234364696955918,-0.7738505024656617,1.4468729393911837,1.1649276972371938,1.7588181551094144,0.8226393019585219,0.9660376021430341,0.4565108206679833,4.440892098500626e-16,0.0
-0.7200000000000006,0.7304625412677622,-0.7661870525650175,1.4609250825355244,1.172891066233385,1.770396028232505,0.8251967691059812,0.9705504705800061,0.4460975545568953,0.0,0.0
-0.7099999999999991,0.7374181692597537,-0.7584100263313868,1.4748363385195074,1.1807233836323443,1.7818928770881897,0.8276795746159293,0.9749602384759725,0.4358898629549836,-8.881784197001252e-16,0.0
-0.6999999999999993,0.744302322090203,-0.7505204658338801,1.488604644180406,1.1884255434369413,1.7933052686800073,0.8300899295724027,0.9792689361915905,0.42588267922631223,0.0,-1.1102230246251565e-16
-0.6899999999999995,0.7511139777808965,-0.7425194339041183,1.502227955561793,1.195998429610079,1.8046298319797787,0.8324299692606576,0.9834785437362764,0.41607100049527973,0.0,0.0
-0.6799999999999997,0.757852124145408,-0.7344080139593026,1.515704248290816,1.203442915560485,1.8158632570452071,0.8347017554378996,0.9875909914268173,0.40644989174053103,0.0,0.0
-0.6699999999999999,0.7645157589761064,-0.7261873098207801,1.5290315179522127,1.2107598636791015,1.8270022941669364,0.8369072785698991,0.9916081605837758,0.39701448926907507,8.881784197001252e-16,0.0
-0.6600000000000001,0.7711038902294877,-0.7178584455281496,1.5422077804589753,1.2179501249225095,1.8380437530451226,0.8390484600292948,0.9955318842597709,0.3877600036256035,4.440892098500626e-16,0.0
-0.6500000000000004,0.7776155362097904,-0.7094225651489405,1.5552310724195808,1.22501453844003,1.8489845019954494,0.8411271542520526,0.9993639479942392,0.37868172198798744,4.440892098500626e-16,0.0
-0.6400000000000006,0.7840497257508535,-0.7008808325839072,1.568099451501707,1.2319539312413461,1.8598214671844053,0.843145150849163,1.0031060905897815,0.36977501009614305,-4.440892098500626e-16,0.0
-0.629999999999999,0.7904054983961805,-0.6922344313679697,1.580810996792361,1.2387691179016878,1.8705516318935593,0.845104176671192,1.0067600049056487,0.36103531375788245,0.0,0.0
-0.6199999999999992,0.79668190457716,-0.6834845644668566,1.59336380915432,1.2454609003017816,1.8811720358124522,0.8470058978237833,1.010327338664336,0.35245815997203833,1.3322676295501878e-15,0.0
-0.6099999999999994,0.8028780057894243,-0.6746324540694639,1.6057560115788485,1.2520300673999776,1.891679774359712,0.8488519216326442,1.0138096952676587,0.3440391577059629,0.0,0.0
-0.5999999999999996,0.808992874767282,-0.665679341376005,1.617985749534564,1.2584773950340802,1.9020719980318634,0.8506437985569143,1.0172086346190108,0.33577399836162375,4.440892098500626e-16,-1.1102230246251565e-16
-0.5899999999999999,0.8150255956562035,-0.6566264863819712,1.630051191312407,1.264803645750598,1.912345911779299,0.8523830240501641,1.0205256739488635,0.32765845596171694,8.881784197001252e-16,0.0
-0.5800000000000001,0.8209752641833168,-0.6474751676579552,1.6419505283666336,1.2710095686592704,1.9224987744088335,0.8540710403685597,1.0237622886408446,0.3196883870846817,-4.440892098500626e-16,-1.1102230246251565e-16
-0.5700000000000003,0.8268409878258741,-0.6382266821253842,1.6536819756517482,1.2770958993108485,1.9325278980122043,0.8557092383259892,1.0269199130560265,0.3118597305751146,-4.440892098500626e-16,-1.1102230246251565e-16
-0.5600000000000005,0.8326218859776544,-0.6288823448282068,1.6652437719553088,1.2830633595962553,1.942430647419862,0.8572989589961724,1.0299999413532939,0.3041685070538551,-4.440892098500626e-16,0.0
-0.5499999999999989,0.8383170901132655,-0.6194434887005806,1.676634180226531,1.2889126576653656,1.9522044396793823,0.858841495361977,1.0330037283039064,0.2966108182499585,-8.881784197001252e-16,0.0
-0.5399999999999991,0.8439257439503031,-0.6099114643306177,1.6878514879006061,1.294644487863756,1.9618467435577858,0.8603380939123242,1.0359325900985747,0.2891828461748684,-1.3322676295501878e-15,0.0
-0.5299999999999994,0.8494470036093458,-0.6002876397202132,1.6988940072186915,1.3002595306859064,1.9713550790670828,0.8617899561872285,1.0387878051455686,0.28188085215730335,8.881784197001252e-16,2.220446049250313e-16
-0.5199999999999996,0.8548800377717329,-0.590573400041043,1.7097600755434659,1.3057584527433967,1.9807270170122884,0.8631982402716217,1.0415706148585469,0.27470117575578346,0.0,0.0
-0.5099999999999998,0.8602240278351012,-0.5807701473867514,1.7204480556702024,1.3111419067467822,1.9899601785612144,0.8645640622387353,1.0442822244329661,0.26764023356415795,4.440892098500626e-16,-1.1102230246251565e-16
-0.5,0.865478168066644,-0.5708793005213982,1.730956336133288,1.3164105314998884,1.999052234835292,0.8658884975438906,1.0469238036100699,0.2606945179241306,-1.3322676295501878e-15,-1.1102230246251565e-16
-0.4900000000000002,0.8706416657540569,-0.5609022946242104,1.7412833315081138,1.3215649519053696,2.0080009065207105,0.8671725823696256,1.0494964874275876,0.2538605955574767,0.0,0.0
-0.4800000000000004,0.8757137413541399,-0.5508405810306969,1.7514274827082799,1.3266057789804442,2.0168039634991453,0.8684173149231427,1.0520013769564087,0.24713510612946044,0.0,0.0
-0.47000000000000064,0.8806936286390179,-0.5406956269701806,1.7613872572780358,1.3315336098818,2.0254592244973586,0.8696236566871124,1.0544395400225839,0.24051476075386927,0.0,0.0
-0.4599999999999991,0.8855805748399539,-0.5304689152998011,1.7711611496799078,1.3363490279387304,2.033964556754973,0.8707925336248994,1.0568120119141307,0.23399634044906953,0.0,-1.1102230246251565e-16
-0.4499999999999993,0.8903738407887134,-0.5201619442350567,1.7807476815774268,1.341052602693622,2.0423178757097,0.8719248373413085,1.0591197960721848,0.22757669455357618,1.3322676295501878e-15,0.0
-0.4399999999999995,0.8950727010564634,-0.5097762270769167,1.7901454021129268,1.3456448899489952,2.0505171446993686,0.8730214261999668,1.0613638647661419,0.22125273910875112,-8.881784197001252e-16,0.0
-0.4299999999999997,0.899676444090158,-0.4993132919355981,1.799352888180316,1.350126431820322,2.0585603746800443,0.8740831263984588,1.0635451597524874,0.21502145521550847,-4.440892098500626e-16,0.0
-0.41999999999999993,0.9041843723463922,-0.4887746814510408,1.8083687446927843,1.3544977567939334,2.066445623959594,0.8751107330023526,1.0656645929170905,0.2088798873711482,0.0,0.0
-0.41000000000000014,0.9085958024226897,-0.4781619525101497,1.8171916048453793,1.358759379789356,2.074170997946053,0.8761050109392392,1.0677230469007901,0.20282514179180802,0.0,0.0
-0.40000000000000036,0.9129100651861967,-0.46747667596086706,1.8258201303723933,1.362911802225477,2.0817346489101496,0.8770666959539078,1.0697213757081543,0.196854384725419,4.440892098500626e-16,-1.1102230246251565e-16
-0.39000000000000057,0.9171265058997515,-0.45672043632313386,1.834253011799503,1.3669555120899681,2.089134775761379,0.8779964955257684,1.0716604052993393,0.19096484075949874,0.0,-1.1102230246251565e-16
-0.379999999999999,0.9212444843453054,-0.4458948314968029,1.8424889686906107,1.3708909840114543,2.096369623837025,0.8788950897496159,1.0735409341650186,0.1851537911276157,-1.3322676295501878e-15,0.0
-0.3699999999999992,0.9252633749446586,-0.43500147246657905,1.8505267498893172,1.3747186793339314,2.1034374847035315,0.8797631321808164,1.0753637338843807,0.17941857201790803,0.0,0.0
-0.35999999999999943,0.9291825668774998,-0.4240419830040203,1.8583651337549996,1.3784390461929998,2.1103366959696825,0.8806012506459759,1.0771295496662394,0.17375657288659827,-8.881784197001252e-16,-1.1102230246251565e-16
-0.34999999999999964,0.9330014641967059,-0.4130179993667061,1.8660029283934119,1.382052519593482,2.117065641111014,0.8814100480201233,1.078839100873312,0.16816523477910128,0.0,0.0
-0.33999999999999986,0.9367194859408873,-0.4019311699946078,1.8734389718817746,1.3855595214880472,2.1236227493049324,0.8821901029714228,1.0804930815297569,0.16264204866094015,0.0,-1.1102230246251565e-16
-0.33000000000000007,0.9403360662441489,-0.3907831552037402,1.8806721324882978,1.3889604608564854,2.130006495276031,0.8829419706744032,1.0820921608120764,0.15718455376038742,0.0,-1.1102230246251565e-16
-0.3200000000000003,0.9438506544430465,-0.37957562687715996,1.887701308886093,1.3922557337852992,2.136215399151094,0.8836661834926582,1.0836369835235145,0.1517903359244561,-8.881784197001252e-16,0.0
-0.3100000000000005,0.9472627151807077,-0.36831026815337814,1.8945254303614154,1.3954457235473081,2.1422480263233075,0.8843632516319538,1.085128170552083,0.1464570259896037,-4.440892098500626e-16,0.0
-0.29999999999999893,0.9505717285081026,-0.356988773112254,1.9011434570162051,1.3985308006809825,2.148102987325218,0.8850336637646397,1.0865663193123767,0.14118229816827196,-4.440892098500626e-16,0.0
-0.28999999999999915,0.9537771899824319,-0.34561284645845214,1.9075543799648638,1.4015113230692466,2.153778937709981,0.8856778876262402,1.087952004171333,0.1359638684521793,-1.3322676295501878e-15,0.0
-0.27999999999999936,0.9568786107626227,-0.3341842032025003,1.9137572215252454,1.4043876360175125,2.159274577940477,0.886296370585066,1.0892857768581172,0.13079949303306307,-1.7763568394002505e-15,-1.1102230246251565e-16
-0.2699999999999996,0.9598755177018976,-0.3227045683395624,1.9197510354037952,1.4071600723307158,2.164588653285872,0.886889540185656,1.0905681668582976,0.1256869667414283,4.440892098500626e-16,0.0
-0.2599999999999998,0.9627674534374053,-0.31117567652596395,1.9255349068748107,1.4098289523891552,2.169719953725224,0.8874578046668335,1.0917996817925064,0.12062412150366379,1.3322676295501878e-15,0.0
-0.25,0.9655539764768891,-0.29959927175355683,1.9311079529537782,1.4123945842229397,2.1746673138577615,0.8880015534551259,1.092980807779759,0.11560882481776182,0.0,-1.1102230246251565e-16
-0.2400000000000002,0.9682346612823749,-0.28797710702199103,1.9364693225647498,1.4148572635848777,2.17942961281946,0.8885211576342674,1.094112009785628,0.11063897824773938,-4.440892098500626e-16,-1.1102230246251565e-16
-0.23000000000000043,0.9708090983508592,-0.2763109440089687,1.9416181967017183,1.4172172740216376,2.184005774205561,0.8890169703914761,1.0951937319554539,0.10571251593674329,-8.881784197001252e-16,2.220446049250313e-16
-0.22000000000000064,0.9732768942919796,-0.26460255273855166,1.9465537885839592,1.419474886943041,2.1883947659987135,0.889489327441164,1.0962263979327775,0.10082740313871168,-4.440892098500626e-16,0.0
-0.20999999999999908,0.9756376719026504,-0.25285371124759526,1.9512753438053008,1.4216303616893453,2.192595600502403,0.8899385474267086,1.0972104111631842,0.09598163476837084,-8.881784197001252e-16,0.0
-0.1999999999999993,0.9778910702386457,-0.24106620525039593,1.9557821404772915,1.4236839455963999,2.1966073342793737,0.8903649323008894,1.0981461551837366,0.0911732339692635,0.0,0.0
-0.1899999999999995,0.980036744683116,-0.2292418278015943,1.960073489366232,1.4256358740585502,2.200429068094747,0.890768767685555,1.0990339938981766,0.08640025069941028,4.440892098500626e-16,-1.1102230246251565e-16
-0.17999999999999972,0.9820743670120193,-0.21738237895745247,1.9641487340240387,1.427486370589196,2.204059946863568,0.8911503232110684,1.0998742718380696,0.08166076033416571,4.440892098500626e-16,2.220446049250313e-16
-0.16999999999999993,0.9840036254564569,-0.20548966543554872,1.9680072509129138,1.429235646878901,2.2074991596025137,0.8915098528360376,1.1006673144100636,0.07695286228573832,4.440892098500626e-16,0.0
-0.16000000000000014,0.9858242247618949,-0.19356550027297917,1.9716484495237898,1.4308839028509663,2.2107459393855198,0.8918475951478226,1.1014134281294203,0.07227467863880614,0.0,-1.1102230246251565e-16
-0.15000000000000036,0.9875358862442617,-0.1816117024831393,1.9750717724885234,1.4324313267143913,2.213799563303091,0.8921637736442702,1.1021129008399844,0.06762435280160306,-4.440892098500626e-16,-1.1102230246251565e-16
-0.14000000000000057,0.9891383478429079,-0.16963009671116447,1.9782766956858158,1.433878095014146,2.2166593524250833,0.8924585969971115,1.1027660019207361,0.06300004817180836,-4.440892098500626e-16,0.0
-0.129999999999999,0.9906313641704149,-0.1576225128881015,1.9812627283408297,1.4352243726786895,2.21932467176674,0.8927322592974214,1.1033729824790734,0.05839994681653023,-1.3322676295501878e-15,0.0
-0.11999999999999922,0.992014706559244,-0.14559078588390448,1.984029413118488,1.4364703130646708,2.2217949302578064,0.8929849402835169,1.1039340755309628,0.05382224816564591,-4.440892098500626e-16,-1.1102230246251565e-16
-0.10999999999999943,0.9932881631052146,-0.13353675515929847,1.9865763262104292,1.4376160579987656,2.2240695807145348,0.8932168055516477,1.1044494961680866,0.04926516771771201,4.440892098500626e-16,0.0
-0.09999999999999964,0.9944515387077989,-0.12146226441663324,1.9889030774155978,1.4386617378165896,2.2261481198144106,0.8934280067497973,1.1049194417121084,0.04472693575765957,0.0,0.0
-0.08999999999999986,0.9955046551072289,-0.10936916124977229,1.9910093102144577,1.4396074713986526,2.2280300880734645,0.8936186817548976,1.1053440918561712,0.04020579608543577,-4.440892098500626e-16,0.0
-0.08000000000000007,0.9964473509184021,-0.09725929679310957,1.9928947018368042,1.4404533662033063,2.229715069826009,0.8937889548337291,1.1057236087937334,0.03570000475475028,0.0,0.0
-0.07000000000000028,0.9972794816615846,-0.08513452536978966,1.9945589633231693,1.4411995182966584,2.2312026932066917,0.8939389367877566,1.1060581373348388,0.031207828821058936,-1.3322676295501878e-15,0.0
-0.0600000000000005,0.9980009197898971,-0.07299670413921128,1.9960018395797943,1.441846012379413,2.2324926301347383,0.8940687250821199,1.1063478050099096,0.026727545097903448,-1.7763568394002505e-15,0.0
-0.049999999999998934,0.9986115547135844,-0.06084769274389049,1.9972231094271689,1.442392921810619,2.23358459630029,0.8941784039589858,1.1065927221611398,0.022257438920709537,8.881784197001252e-16,0.0
-0.03999999999999915,0.9991112928210595,-0.04868935295577616,1.998222585642119,1.4428403086282962,2.2344783511527417,0.8942680445354321,1.1067929820215616,0.017795802917140675,0.0,0.0
-0.02999999999999936,0.9995000574967168,-0.036523548322065086,1.9990001149934336,1.4431882235669204,2.2351736978910073,0.8943377048860164,1.1069486607818424,0.013340935783077294,-4.440892098500626e-16,-1.1102230246251565e-16
-0.019999999999999574,0.9997777891355143,-0.024352143810639222,1.9995555782710286,1.4434367060717548,2.2356704834556425,0.8943874301101588,1.1070598176448672,0.008891141063310555,-1.3322676295501878e-15,0.0
-0.009999999999999787,0.9999444451543165,-0.012177005455172477,1.999888890308633,1.4435857843100077,2.2359685985227737,0.894417252384443,1.1071264948681478,0.0044447259360055795,2.220446049250313e-15,0.0
0.0,1.0,0.0,2.0,1.4436354751788103,2.23606797749979,0.8944271909999159,1.1071487177940904,-0.0,8.881784197001252e-16,0.0
0.009999999999999787,0.9999444451543165,0.012177005455172477,1.999888890308633,1.4435857843100077,2.2359685985227737,0.894417252384443,1.1071264948681478,-0.0044447259360055795,2.220446049250313e-15,0.0
0.019999999999999574,0.9997777891355143,0.024352143810639222,1.9995555782710286,1.4434367060717548,2.2356704834556425,0.8943874301101588,1.1070598176448672,-0.008891141063310555,-1.3322676295501878e-15,0.0
0.02999999999999936,0.9995000574967168,0.036523548322065086,1.9990001149934336,1.4431882235669204,2.2351736978910073,0.8943377048860164,1.1069486607818424,-0.013340935783077294,-4.440892098500626e-16,-1.1102230246251565e-16
0.040000000000000924,0.9991112928210594,0.048689352955778316,1.9982225856421187,1.442840308628296,2.2344783511527413,0.8942680445354321,1.1067929820215616,-0.01779580291714147,-8.881784197001252e-16,0.0
0.05000000000000071,0.9986115547135843,0.060847692743892644,1.9972231094271686,1.4423929218106188,2.2335845963002896,0.8941784039589858,1.1065927221611398,-0.02225743892071033,0.0,0.0
0.0600000000000005,0.9980009197898971,0.07299670413921128,1.9960018395797943,1.441846012379413,2.2324926301347383,0.8940687250821199,1.1063478050099096,-0.026727545097903448,-1.7763568394002505e-15,0.0
0.07000000000000028,0.9972794816615846,0.08513452536978966,1.9945589633231693,1.4411995182966584,2.2312026932066917,0.8939389367877566,1.1060581373348388,-0.031207828821058936,-1.3322676295501878e-15,0.0
0.08000000000000007,0.9964473509184021,0.09725929679310957,1.9928947018368042,1.4404533662033063,2.229715069826009,0.8937889548337291,1.1057236087937334,-0.03570000475475028,0.0,0.0
0.08999999999999986,0.9955046551072289,0.10936916124977229,1.9910093102144577,1.4396074713986526,2.2280300880734645,0.8936186817548976,1.1053440918561712,-0.04020579608543577,-4.440892098500626e-16,0.0
0.09999999999999964,0.9944515387077989,0.12146226441663324,1.9889030774155978,1.4386617378165896,2.2261481198144106,0.8934280067497973,1.1049194417121084,-0.04472693575765957,0.0,0.0
0.10999999999999943,0.9932881631052146,0.13353675515929847,1.9865763262104292,1.4376160579987656,2.2240695807145348,0.8932168055516477,1.1044494961680866,-0.04926516771771201,4.440892098500626e-16,0.0
0.120000000000001,0.9920147065592437,0.14559078588390664,1.9840294131184875,1.4364703130646705,2.221794930257806,0.8929849402835169,1.1039340755309628,-0.05382224816564673,-1.3322676295501878e-15,-1.1102230246251565e-16
0.13000000000000078,0.9906313641704146,0.15762251288810367,1.9812627283408293,1.4352243726786893,2.21932467176674,0.8927322592974212,1.1033729824790734,-0.05839994681653105,4.440892098500626e-16,0.0
0.14000000000000057,0.9891383478429079,0.16963009671116447,1.9782766956858158,1.433878095014146,2.2166593524250833,0.8924585969971115,1.1027660019207361,-0.06300004817180836,-4.440892098500626e-16,0.0
0.15000000000000036,0.9875358862442617,0.1816117024831393,1.9750717724885234,1.4324313267143913,2.213799563303091,0.8921637736442702,1.1021129008399844,-0.06762435280160306,-4.440892098500626e-16,-1.1102230246251565e-16
0.16000000000000014,0.9858242247618949,0.19356550027297917,1.9716484495237898,1.4308839028509663,2.2107459393855198,0.8918475951478226,1.1014134281294203,-0.07227467863880614,0.0,-1.1102230246251565e-16
0.16999999999999993,0.9840036254564569,0.20548966543554872,1.9680072509129138,1.429235646878901,2.2074991596025137,0.8915098528360376,1.1006673144100636,-0.07695286228573832,4.440892098500626e-16,0.0
0.17999999999999972,0.9820743670120193,0.21738237895745247,1.9641487340240387,1.427486370589196,2.204059946863568,0.8911503232110684,1.0998742718380696,-0.08166076033416571,4.440892098500626e-16,2.220446049250313e-16
0.1899999999999995,0.980036744683116,0.2292418278015943,1.960073489366232,1.4256358740585502,2.200429068094747,0.890768767685555,1.0990339938981766,-0.08640025069941028,4.440892098500626e-16,-1.1102230246251565e-16
0.20000000000000107,0.9778910702386454,0.241066205250398,1.9557821404772908,1.4236839455963994,2.196607334279373,0.8903649323008892,1.0981461551837366,-0.09117323396926434,-8.881784197001252e-16,0.0
0.21000000000000085,0.97563767190265,0.25285371124759737,1.9512753438053,1.421630361689345,2.1925956005024028,0.8899385474267085,1.0972104111631842,-0.0959816347683717,0.0,0.0
0.22000000000000064,0.9732768942919796,0.26460255273855166,1.9465537885839592,1.419474886943041,2.1883947659987135,0.889489327441164,1.0962263979327775,-0.10082740313871168,-4.440892098500626e-16,0.0
0.23000000000000043,0.9708090983508592,0.2763109440089687,1.9416181967017183,1.4172172740216376,2.184005774205561,0.8890169703914761,1.0951937319554539,-0.10571251593674329,-8.881784197001252e-16,2.220446049250313e-16
0.2400000000000002,0.9682346612823749,0.28797710702199103,1.9364693225647498,1.4148572635848777,2.17942961281946,0.8885211576342674,1.094112009785628,-0.11063897824773938,-4.440892098500626e-16,-1.1102230246251565e-16
0.25,0.9655539764768891,0.29959927175355683,1.9311079529537782,1.4123945842229397,2.1746673138577615,0.8880015534551259,1.092980807779759,-0.11560882481776182,0.0,-1.1102230246251565e-16
0.2599999999999998,0.9627674534374053,0.31117567652596395,1.9255349068748107,1.4098289523891552,2.169719953725224,0.8874578046668335,1.0917996817925064,-0.12062412150366379,1.3322676295501878e-15,0.0
0.2699999999999996,0.9598755177018976,0.3227045683395624,1.9197510354037952,1.4071600723307158,2.164588653285872,0.886889540185656,1.0905681668582976,-0.1256869667414283,4.440892098500626e-16,0.0
0.27999999999999936,0.9568786107626227,0.3341842032025003,1.9137572215252454,1.4043876360175125,2.159274577940477,0.886296370585066,1.0892857768581172,-0.13079949303306307,-1.7763568394002505e-15,-1.1102230246251565e-16
0.2900000000000009,0.9537771899824312,0.34561284645845414,1.9075543799648624,1.401511323069246,2.15377893770998,0.88567788762624,1.0879520041713329,-0.13596386845218025,-1.3322676295501878e-15,0.0
0.3000000000000007,0.950571728508102,0.3569887731122561,1.901143457016204,1.398530800680982,2.1481029873252173,0.8850336637646394,1.0865663193123765,-0.1411822981682729,-8.881784197001252e-16,0.0
0.3100000000000005,0.9472627151807077,0.36831026815337814,1.8945254303614154,1.3954457235473081,2.1422480263233075,0.8843632516319538,1.085128170552083,-0.1464570259896037,-4.440892098500626e-16,0.0
0.3200000000000003,0.9438506544430465,0.37957562687715996,1.887701308886093,1.3922557337852992,2.136215399151094,0.8836661834926582,1.0836369835235145,-0.1517903359244561,-8.881784197001252e-16,0.0
0.33000000000000007,0.9403360662441489,0.3907831552037402,1.8806721324882978,1.3889604608564854,2.130006495276031,0.8829419706744032,1.0820921608120764,-0.15718455376038742,0.0,-1.1102230246251565e-16
0.33999999999999986,0.9367194859408873,0.4019311699946078,1.8734389718817746,1.3855595214880472,2.1236227493049324,0.8821901029714228,1.0804930815297569,-0.16264204866094015,0.0,-1.1102230246251565e-16
0.34999999999999964,0.9330014641967059,0.4130179993667061,1.8660029283934119,1.382052519593482,2.117065641111014,0.8814100480201233,1.078839100873312,-0.16816523477910128,0.0,0.0
0.35999999999999943,0.9291825668774998,0.4240419830040203,1.8583651337549996,1.3784390461929998,2.1103366959696825,0.8806012506459759,1.0771295496662394,-0.17375657288659827,-8.881784197001252e-16,-1.1102230246251565e-16
0.370000000000001,0.9252633749446578,0.435001472466581,1.8505267498893156,1.3747186793339308,2.10343748470353,0.8797631321808165,1.0753637338843802,-0.17941857201790906,0.0,2.220446049250313e-16
0.3800000000000008,0.9212444843453046,0.44589483149680487,1.8424889686906092,1.3708909840114536,2.096369623837024,0.8788950897496156,1.0735409341650182,-0.18515379112761673,8.881784197001252e-16,0.0
0.39000000000000057,0.9171265058997515,0.45672043632313386,1.834253011799503,1.3669555120899681,2.089134775761379,0.8779964955257684,1.0716604052993393,-0.19096484075949874,0.0,-1.1102230246251565e-16
0.40000000000000036,0.9129100651861967,0.46747667596086706,1.8258201303723933,1.362911802225477,2.0817346489101496,0.8770666959539078,1.0697213757081543,-0.196854384725419,4.440892098500626e-16,-1.1102230246251565e-16
0.41000000000000014,0.9085958024226897,0.4781619525101497,1.8171916048453793,1.358759379789356,2.074170997946053,0.8761050109392392,1.0677230469007901,-0.20282514179180802,0.0,0.0
0.41999999999999993,0.9041843723463922,0.4887746814510408,1.8083687446927843,1.3544977567939334,2.066445623959594,0.8751107330023526,1.0656645929170905,-0.2088798873711482,0.0,0.0
0.4299999999999997,0.899676444090158,0.4993132919355981,1.799352888180316,1.350126431820322,2.0585603746800443,0.8740831263984588,1.0635451597524874,-0.21502145521550847,-4.440892098500626e-16,0.0
0.4399999999999995,0.8950727010564634,0.5097762270769167,1.7901454021129268,1.3456448899489952,2.0505171446993686,0.8730214261999668,1.0613638647661419,-0.22125273910875112,-8.881784197001252e-16,0.0
0.45000000000000107,0.8903738407887125,0.5201619442350585,1.780747681577425,1.3410526026936211,2.0423178757096982,0.8719248373413083,1.0591197960721843,-0.22757669455357726,4.440892098500626e-16,0.0
0.46000000000000085,0.885580574839953,0.5304689152998028,1.771161149679906,1.3363490279387293,2.033964556754971,0.870792533624899,1.0568120119141302,-0.23399634044907067,-4.440892098500626e-16,0.0
0.47000000000000064,0.8806936286390179,0.5406956269701806,1.7613872572780358,1.3315336098818,2.0254592244973586,0.8696236566871124,1.0544395400225839,-0.24051476075386927,0.0,0.0
0.4800000000000004,0.8757137413541399,0.5508405810306969,1.7514274827082799,1.3266057789804442,2.0168039634991453,0.8684173149231427,1.0520013769564087,-0.24713510612946044,0.0,0.0
0.4900000000000002,0.8706416657540569,0.5609022946242104,1.7412833315081138,1.3215649519053696,2.0080009065207105,0.8671725823696256,1.0494964874275876,-0.2538605955574767,0.0,0.0
0.5,0.865478168066644,0.5708793005213982,1.730956336133288,1.3164105314998884,1.999052234835292,0.8658884975438906,1.0469238036100699,-0.2606945179241306,-1.3322676295501878e-15,-1.1102230246251565e-16
0.5099999999999998,0.8602240278351012,0.5807701473867514,1.7204480556702024,1.3111419067467822,1.9899601785612144,0.8645640622387353,1.0442822244329661,-0.26764023356415795,4.440892098500626e-16,-1.1102230246251565e-16
0.5199999999999996,0.8548800377717329,0.590573400041043,1.7097600755434659,1.3057584527433967,1.9807270170122884,0.8631982402716217,1.0415706148585469,-0.27470117575578346,0.0,0.0
0.5299999999999994,0.8494470036093458,0.6002876397202132,1.6988940072186915,1.3002595306859064,1.9713550790670828,0.8617899561872285,1.0387878051455686,-0.28188085215730335,8.881784197001252e-16,2.220446049250313e-16
0.5400000000000009,0.843925743950302,0.6099114643306192,1.687851487900604,1.294644487863755,1.9618467435577842,0.8603380939123241,1.035932590098574,-0.2891828461748696,-4.440892098500626e-16,-1.1102230246251565e-16
0.5500000000000007,0.8383170901132645,0.6194434887005824,1.676634180226529,1.2889126576653644,1.9522044396793805,0.8588414953619766,1.033003728303906,-0.29661081824995983,-8.881784197001252e-16,0.0
0.5600000000000005,0.8326218859776544,0.6288823448282068,1.6652437719553088,1.2830633595962553,1.942430647419862,0.8572989589961724,1.0299999413532939,-0.3041685070538551,-4.440892098500626e-16,0.0
0.5700000000000003,0.8268409878258741,0.6382266821253842,1.6536819756517482,1.2770958993108485,1.9325278980122043,0.8557092383259892,1.0269199130560265,-0.3118597305751146,-4.440892098500626e-16,-1.1102230246251565e-16
0.5800000000000001,0.8209752641833168,0.6474751676579552,1.6419505283666336,1.2710095686592704,1.9224987744088335,0.8540710403685597,1.0237622886408446,-0.3196883870846817,-4.440892098500626e-16,-1.1102230246251565e-16
0.5899999999999999,0.8150255956562035,0.6566264863819712,1.630051191312407,1.264803645750598,1.912345911779299,0.8523830240501641,1.0205256739488635,-0.32765845596171694,8.881784197001252e-16,0.0
0.5999999999999996,0.808992874767282,0.665679341376005,1.617985749534564,1.2584773950340802,1.9020719980318634,0.8506437985569143,1.0172086346190108,-0.33577399836162375,4.440892098500626e-16,-1.1102230246251565e-16
0.6099999999999994,0.8028780057894243,0.6746324540694639,1.6057560115788485,1.2520300673999776,1.891679774359712,0.8488519216326442,1.0138096952676587,-0.3440391577059629,0.0,0.0
0.620000000000001,0.7966819045771589,0.683484564466858,1.5933638091543179,1.2454609003017802,1.8811720358124497,0.8470058978237831,1.0103273386643354,-0.3524581599720398,-8.881784197001252e-16,0.0
0.6300000000000008,0.7904054983961794,0.6922344313679712,1.5808109967923587,1.2387691179016866,1.8705516318935578,0.8451041766711915,1.006760004905648,-0.361035313757884,1.3322676295501878e-15,0.0
0.6400000000000006,0.7840497257508535,0.7008808325839072,1.568099451501707,1.2319539312413461,1.8598214671844053,0.843145150849163,1.0031060905897815,-0.36977501009614305,-4.440892098500626e-16,0.0
0.6500000000000004,0.7776155362097904,0.7094225651489405,1.5552310724195808,1.22501453844003,1.8489845019954494,0.8411271542520526,0.9993639479942392,-0.37868172198798744,4.440892098500626e-16,0.0
0.6600000000000001,0.7711038902294877,0.7178584455281496,1.5422077804589753,1.2179501249225095,1.8380437530451226,0.8390484600292948,0.9955318842597709,-0.3877600036256035,4.440892098500626e-16,0.0
0.6699999999999999,0.7645157589761064,0.7261873098207801,1.5290315179522127,1.2107598636791015,1.8270022941669364,0.8369072785698991,0.9916081605837758,-0.39701448926907507,8.881784197001252e-16,0.0
0.6799999999999997,0.757852124145408,0.7344080139593026,1.515704248290816,1.203442915560485,1.8158632570452071,0.8347017554378996,0.9875909914268173,-0.40644989174053103,0.0,0.0
0.6899999999999995,0.7511139777808965,0.7425194339041183,1.502227955561793,1.195998429610079,1.8046298319797787,0.8324299692606576,0.9834785437362764,-0.41607100049527973,0.0,0.0
0.7000000000000011,0.7443023220902016,0.7505204658338815,1.4886046441804033,1.1884255434369397,1.793305268680005,0.8300899295724022,0.9792689361915896,-0.4258826792263141,0.0,0.0
0.7100000000000009,0.7374181692597525,0.7584100263313881,1.474836338519505,1.180723383632343,1.7818928770881877,0.8276795746159289,0.9749602384759718,-0.4358898629549854,-8.881784197001252e-16,-1.1102230246251565e-16
0.7200000000000006,0.7304625412677622,0.7661870525650175,1.4609250825355244,1.172891066233385,1.770396028232505,0.8251967691059812,0.9705504705800061,-0.4460975545568953,0.0,0.0
0.7300000000000004,0.7234364696955918,0.7738505024656617,1.4468729393911837,1.1649276972371938,1.7588181551094144,0.8226393019585219,0.9660376021430341,-0.4565108206679833,4.440892098500626e-16,0.0
0.7400000000000002,0.716340995537511,0.7813993548991284,1.432681991075022,1.1568323731695136,1.747162753595294,0.8200048839908379,0.9614195518388235,-0.4671347869116127,8.881784197001252e-16,0.0
0.75,0.709177169008911,0.7888326098339808,1.418354338017822,1.1486041817116839,1.7354333833869782,0.8172911455982682,0.9566941868126263,-0.4779746323829584,0.0,-1.1102230246251565e-16
0.7599999999999998,0.7019460493530054,0.7961492885047751,1.4038920987060108,1.1402422023902623,1.7236336689706337,0.8144956344142578,0.9518593221773877,-0.48903558332233016,6.661338147750939e-16,0.0
0.7699999999999996,0.6946487046460627,0.8033484335706715,1.3892974092921253,1.1317455073337896,1.7117673006182268,0.8116158129614711,0.946912720577581,-0.5003229059041691,-2.220446049250313e-16,0.0
0.7799999999999994,0.687286211601213,0.8104291092693868,1.374572423202426,1.123113162101454,1.699838035410606,0.8086490563028199,0.9418520918298995,-0.5118418980633578,-6.661338147750939e-16,0.0
0.7900000000000009,0.6798596553708701,0.8173904015664597,1.3597193107417402,1.1143442265886698,1.687849698285956,0.805592649702495,0.9366750926508413,-0.5235978802752046,-2.220446049250313e-16,0.0
0.8000000000000007,0.6723701293478197,0.8242314182997941,1.3447402586956394,1.1054377560148778,1.675806183112121,0.8024437863084725,0.9313793264821024,-0.5355961852000094,2.220446049250313e-16,0.0
0.8100000000000005,0.664818734964997,0.8309512893194757,1.329637469929994,1.0963928019991114,1.6637114537809239,0.7991995648694256,0.9259623434255825,-0.5478421460975861,-4.440892098500626e-16,0.0
0.8200000000000003,0.6572065814940241,0.8375491666228073,1.3144131629880482,1.0872084137292213,1.6515695453223413,0.7958569875006449,0.9204216403008209,-0.5603410839113839,0.0,0.0
0.8300000000000001,0.6495347858425288,0.8440242244845594,1.2990695716850575,1.077883639230874,1.6393845650359156,0.7924129575153084,0.9147546608386771,-0.5730982929162166,-8.881784197001252e-16,0.0
0.8399999999999999,0.6418044723503008,0.8503756595824077,1.2836089447006016,1.068417526742782,1.6271606936364316,0.7888642773394133,0.9089587960261827,-0.5861190248178665,1.1102230246251565e-15,0.0
0.8499999999999996,0.634016772584323,0.8566026911175334,1.268033545168646,1.058809126204879,1.614902186410361,0.7852076465307524,0.9030313846186208,-0.5994084711872579,-2.220446049250313e-16,-1.1102230246251565e-16
0.8599999999999994,0.6261728251327261,0.8627045609303684,1.2523456502654522,1.0490574908664736,1.6026133743791102,0.7814396599246154,0.8969697138361034,-0.6129717441064508,-4.440892098500626e-16,0.0
0.870000000000001,0.618273775397707,0.8686805336114669,1.236547550795414,1.0391616790216662,1.59029866546449,0.7775568059313228,0.890771020263157,-0.6268138548985704,8.881784197001252e-16,0.0
0.8800000000000008,0.6103207753874654,0.8745298966074776,1.2206415507749309,1.0291207558796318,1.5779625456512674,0.7735554650133596,0.8844324909711473,-0.6409396908090176,-2.220446049250313e-16,-1.1102230246251565e-16
0.8900000000000006,0.6023149835071814,0.8802519603222171,1.2046299670143628,1.0189337955775741,1.565609580140919,0.7694319083726706,0.8779512648846914,-0.6553539895011516,4.440892098500626e-16,0.0
0.9000000000000004,0.594257564349108,0.885846058212807,1.188515128698216,1.0085998833444791,1.5532444144900497,0.7651822968817314,0.8713244344146375,-0.6700613112260436,2.220446049250313e-16,0.0
0.9100000000000001,0.5861496884818015,0.8913115468808767,1.172299376963603,0.9981181178239498,1.5408717757260828,0.7608026802951837,0.8645490473815632,-0.6850660085233822,-2.220446049250313e-16,0.0
0.9199999999999999,0.5779925322385431,0.89664780615881,1.1559850644770862,0.9874876135646413,1.5284964734320106,0.7562889967822395,0.8576221092552148,-0.7003721933090584,0.0,-1.1102230246251565e-16
0.9299999999999997,0.5697872775049975,0.9018542391910291,1.139574555009995,0.9767075036869631,1.5161234007910531,0.7516370728236303,0.8505405857367372,-0.7159837012048291,0.0,0.0
0.9399999999999995,0.5615351115061517,0.9069302725103007,1.1230702230123033,0.9657769427348337,1.503757535581087,0.7468426235206348,0.8433014057119973,-0.731904052966952,-2.220446049250313e-16,0.0
0.9500000000000011,0.5532372265925787,0.9118753561090577,1.1064744531851574,0.954695109721341,1.4914039411076372,0.7419012533676155,0.8359014646057058,-0.7481364128741108,-4.440892098500626e-16,0.0
0.9600000000000009,0.5448948200260811,0.9166889635057226,1.0897896400521623,0.9434612113771784,1.479067767063099,0.7368084575435617,0.8283376281674334,-0.7646835439406539,0.0,0.0
0.9700000000000006,0.5365090937647378,0.9213705918060395,1.0730181875294755,0.9320744856106304,1.466754250298611,0.7315596237822553,0.8206067367218813,-0.781547759829611,-4.440892098500626e-16,0.0
0.9800000000000004,0.5280812542474266,0.9259197617593885,1.0561625084948532,0.9205342051877893,1.454468715493785,0.7261500348849311,0.8127056099170169,-0.7987308733513309,0.0,0.0
0.9900000000000002,0.519612512177852,0.9303360178100949,1.039225024355704,0.9088396816413965,1.442216575708071,0.720574871943547,0.8046310520047095,-0.8162341414486761,2.220446049250313e-16,0.0
1.0,0.5111040823081262,0.9346189281437204,1.0222081646162524,0.8969902694163697,1.4300033327961608,0.7148292183469775,0.7963798576894241,-0.8340582065886989,0.0,-1.1102230246251565e-16
1.0099999999999998,0.5025571832219518,0.9387680847283391,1.0051143664439035,0.8849853702596123,1.4178345776683292,0.7089080646466133,0.7879488185812136,-0.852203034504299,2.220446049250313e-16,-1.1102230246251565e-16
1.0199999999999996,0.49397303711745094,0.9427831033507932,0.9879460742349019,0.8728244378610781,1.4057159903750667,0.7028063143617671,0.7793347302896731,-0.8706678482580132,2.220446049250313e-16,0.0
1.0299999999999994,0.4853528695896854,0.9466636236479316,0.9707057391793708,0.8605069827523013,1.393653339993762,0.6965187908089938,0.770534400195635,-0.8894510586343886,0.0,0.0
1.040000000000001,0.476697909412915,0.9504093091328322,0.95339581882583,0.8480325774676646,1.3816524842935631,0.6900402450427322,0.7615446559371194,-0.9085501909078908,-2.220446049250313e-16,0.0
1.0500000000000007,0.46800938832264516,0.9540198472160065,0.9360187766452903,0.8354008619725469,1.3697193691528735,0.6833653649974937,0.7523623546453635,-0.9279618080805697,-1.1102230246251565e-16,-1.1102230246251565e-16
1.0600000000000005,0.45928854079748993,0.9574949492216008,0.9185770815949799,0.8226115493611168,1.3578600277022483,0.6764887859239683,0.7429843929655151,-0.9476814307383842,4.440892098500626e-16,0.0
1.0700000000000003,0.45053660384092487,0.9608343503985858,0.9010732076818497,0.8096644318250299,1.3460805791638397,0.6694051022128108,0.7334077178948333,-0.9677034537374282,4.440892098500626e-16,0.0
1.08,0.44175481676295275,0.9640378099269483,0.8835096335259055,0.796559386892395,1.3343872273568418,0.6621088807002178,0.7236293384687247,-0.9880210600021461,0.0,0.0
1.0899999999999999,0.43294442096173763,0.9671051109188947,0.8658888419234753,0.7832963839343204,1.322786258836845,0.6545946755486183,0.7136463383217704,-1.0086261317969467,-2.220446049250313e-16,0.0
1.0999999999999996,0.4241066597052501,0.9700360604150668,0.8482133194105002,0.769875490933966,1.3112840406355057,0.6468570447936045,0.7034558891468341,-1.0295091599208908,-5.551115123125783e-16,-1.1102230246251565e-16
1.1099999999999994,0.4152427779129703,0.9728304893757882,0.8304855558259406,0.756296881510342,1.2998870175655735,0.6388905686443987,0.6930552650703726,-1.0506591513723522,0.0,0.0
1.120000000000001,0.4063540219376916,0.9754882526673465,0.8127080438753832,0.7425608421860981,1.2886017090551105,0.6306898696194616,0.6824418579560736,-1.0720635361365716,-1.1102230246251565e-16,0.0
1.1300000000000008,0.3974416393474797,0.9780092290433248,0.7948832786949594,0.7286677798852396,1.2774347054737665,0.6222496345910365,0.6716131936418652,-1.0937080738634932,0.0,0.0
1.1400000000000006,0.38850687870780937,0.9803933211209998,0.7770137574156187,0.7146182296429929,1.2663926639131868,0.613564638802175,0.6605669491070235,-1.115576761325606,-2.220446049250313e-16,0.0
1.1500000000000004,0.3795509893639542,0.982640455352814,0.7591019787279084,0.7004128625061361,1.2554823033832956,0.6046297719069931,0.6493009705566297,-1.137651741674378,-4.440892098500626e-16,-1.1102230246251565e-16
1.1600000000000001,0.3705752212236518,0.984750581992944,0.7411504424473035,0.6860524935976893,1.2447103993860715,0.5954400660690722,0.6378132923997153,-1.1599132166483328,-1.1102230246251565e-16,0.0
1.17,0.3615808245400971,0.986723675058977,0.7231616490801942,0.6715380903152622,1.234083777828874,0.5859907261340506,0.6261021570852485,-1.1823393630234782,-3.3306690738754696e-16,0.0
1.1799999999999997,0.35256904969530867,0.9885597322887186,0.7051380993906173,0.6568707806273849,1.2236093082402617,0.5762771618701678,0.6141660357465073,-1.2049062547356095,-4.440892098500626e-16,-1.1102230246251565e-16
1.1899999999999995,0.3435411469839102,0.9902587750921452,0.6870822939678204,0.6420518614269116,1.2132938962527102,0.5662950222447274,0.6020036495893974,-1.227587792240864,-1.1102230246251565e-16,0.0
1.200000000000001,0.33449836639737157,0.9918208484985267,0.6689967327947431,0.6270828068951345,1.2031444753187546,0.5560402316750054,0.589613991943952,-1.2503556408123597,2.220446049250313e-16,0.0
1.2100000000000009,0.3254419574087621,0.993246021098735,0.6508839148175242,0.6119652768246044,1.1931679976299172,0.5455090281590066,0.576996350880659,-1.273179179592594,0.0,0.0
1.2200000000000006,0.31637316875803595,0.9945343849827696,0.6327463375160719,0.5967011248428433,1.1833714242113516,0.5346980031546399,0.5641503322744736,-1.2960254633290151,-2.220446049250313e-16,0.0
1.2300000000000004,0.3072932482379257,0.9956860556725129,0.6145864964758514,0.5812924064734224,1.1737617141696441,0.5236041430356494,0.5510758831797148,-1.3188591988081495,-2.220446049250313e-16,-1.1102230246251565e-16
1.2400000000000002,0.29820344248046277,0.9967011720497494,0.5964068849609255,0.5657413869650447,1.164345813076508,0.5122248719090263,0.5377733153584742,-1.3416427380666778,0.0,0.0
1.25,0.2891049967441778,0.9975798962794699,0.5782099934883556,0.5500505488137414,1.1551306404774329,0.5005580955322704,0.5242433287842453,-1.3643360904892035,0.0,0.0
1.2599999999999998,0.2799991547020225,0.9983224137284878,0.559998309404045,0.5342225988979895,1.1461230765216224,0.48860224602019897,0.5104870349213636,-1.3868969558961168,0.0,0.0
1.2699999999999996,0.27088715823005516,0.998928932879398,0.5417743164601103,0.5182604751416905,1.1373299477178203,0.47635632698078606,0.49650597956003023,-1.409280780674299,0.0,0.0
1.2799999999999994,0.26177024719693226,0.9993996852399031,0.5235404943938645,0.5021673526156675,1.1287580118298925,0.4638199586686644,0.48230216496662626,-1.4314408389021887,-2.220446049250313e-16,0.0
1.290000000000001,0.25264965925424704,0.9997349252475437,0.5052993185084941,0.4859466489847884,1.1204139419362598,0.45099342269452086,0.46787807109024615,-1.4533283402630763,0.0,0.0
1.3000000000000007,0.24352662962776628,0.999934930169857,0.48705325925553256,0.46960202920520494,1.112304309688422,0.43787770577996377,0.45323667554950064,-1.4748925663213088,0.0,-1.1102230246251565e-16
1.3100000000000005,0.23440239090958256,1.0,0.46880478181916513,0.45313740937458,1.1044355678157576,0.4244745420018666,0.43838147210920475,-1.4960810364515595,-1.1102230246251565e-16,0.0
1.3200000000000003,0.2252781728512556,0.9999304573478699,0.4505563457025112,0.4365569596379812,1.0968140319364996,0.41078645292951194,0.42331648734546284,-1.5168397043586634,0.0,0.0
1.33,0.21615520215795944,0.999726647326755,0.4323104043159189,0.41986510605313915,1.0894458617479774,0.39681678502343576,0.4080462951902428,-1.5371131857047144,0.0,0.0
1.3399999999999999,0.20703470228368587,0.9993889374355532,0.41406940456737173,0.4030665313215349,1.0823370416828473,0.3825697436387886,0.39257602904380573,-1.5568450168723431,-3.3306690738754696e-16,0.0
1.3499999999999996,0.19791789322754236,0.998917717436592,0.3958357864550847,0.3861661742961829,1.0754933611317716,0.36805042295987367,0.37691139114574795,-1.5759779443430653,-2.220446049250313e-16,0.0
1.3599999999999994,0.18880599133118484,0.9983133992290895,0.37761198266236967,0.36916922818322767,1.0689203943466539,0.35326483118808294,0.36105865890361283,-1.5944542435643407,2.220446049250313e-16,0.0
1.370000000000001,0.17970020907742357,0.9975764167182932,0.35940041815484713,0.35208113736263125,1.0626234801517793,0.33821991031434046,0.34502468789250773,-1.6122160655287996,0.0,0.0
1.3800000000000008,0.17060175489005003,0.9967072256803371,0.34120350978010006,0.33490759276334875,1.056607701602756,0.3229235498307767,0.32881691126033485,-1.6292058086073877,-2.220446049250313e-16,-1.1102230246251565e-16
1.3900000000000006,0.1615118329349006,0.995706303622855,0.3230236658698012,0.31765452574037506,1.0508778657446187,0.30738459377571625,0.31244333530124796,-1.6453665124813537,0.0,0.0
1.4000000000000004,0.15243164292222733,0.9945741496413943,0.30486328584445466,0.30032810041506725,1.045438483630614,0.29161284056209696,0.29591253099507364,-1.6606422703249963,0.0,0.0
1.4100000000000001,0.1433623799103898,0.9933112842716699,0.2867247598207796,0.2829347044557222,1.040293750771523,0.2756190351120856,0.27923362135218466,-1.6749786547236372,2.220446049250313e-16,0.0
1.42,0.13430523411091536,0.9919182493377011,0.2686104682218307,0.265480938292709,1.0354475281917241,0.2594148529099532,0.26241626445167376,-1.6883231521920758,2.220446049250313e-16,2.220446049250313e-16
1.4299999999999997,0.12526139069496378,0.9903956077958773,0.25052278138992756,0.24797360278103853,1.0309033242721384,0.24301287569016947,0.24547063211481038,-1.7006256006118643,2.220446049250313e-16,2.220446049250313e-16
1.4399999999999995,0.11623202960123308,0.9887439435749954,0.23246405920246616,0.23041968534289434,1.0266642775615054,0.226426558596746,0.22840738421492465,-1.71183862345471,0.0,-1.1102230246251565e-16
1.450000000000001,0.10721832534534159,0.9869638614123155,0.21443665069068318,0.21282634464298564,1.0227331407358609,0.20967018878100996,0.21123763868795986,-1.7219180543265447,2.220446049250313e-16,0.0
1.4600000000000009,0.09822144683073186,0.9850559866856807,0.19644289366146372,0.195200893870224,1.0191122658814824,0.19275883554551299,0.19397293737370466,-1.730823345172262,0.0,0.0
1.4700000000000006,0.08924255716110804,0.9830209652417483,0.1784851143222161,0.1775507827196426,1.0158035912688115,0.1757082922883502,0.17662520788458666,-1.7385179514411988,0.0,0.0
1.4800000000000004,0.08028281345447433,0.9808594632203808,0.16056562690894866,0.1598835781884536,1.0128086297739882,0.1585350106513009,0.15920672176552694,-1.744969687639707,-1.1102230246251565e-16,0.0
1.4900000000000002,0.07134336665878492,0.9785721668752458,0.14268673331756984,0.14220694431881273,1.0101284590906443,0.14125602742251406,0.14173004927263275,-1.7501510469959685,2.220446049250313e-16,0.0
1.5,0.06242536136924969,0.9761597823906758,0.12485072273849938,0.12452862103716068,1.0077637138577304,0.12388888488609048,0.1242080111591082,-1.7540394794331111,-1.1102230246251565e-16,0.0
1.5099999999999998,0.05352993564732771,0.9736230356948337,0.10705987129465543,0.10685640225521874,1.0057145798096139,0.10645154544236823,0.10665362791173016,-1.756617622683071,0.0,-1.1102230246251565e-16
1.5199999999999996,0.04465822084144223,0.9709626722692405,0.08931644168288445,0.08919811341054128,1.0039807900328035,0.08896230144001682,0.0890800669290941,-1.7578734821618232,2.220446049250313e-16,0.0
1.5299999999999994,0.03581134140945001,0.9681794569547171,0.07162268281890002,0.0715615886345862,1.0025616233898926,0.07143968126041689,0.07150058817212851,-1.7578005561466294,2.220446049250313e-16,-1.1102230246251565e-16
1.540000000000001,0.026990414742895943,0.9652741737537869,0.05398082948579189,0.053954647743265166,1.0014559051460898,0.05390235277300335,0.05392848884691194,-1.7563979038220592,-1.1102230246251565e-16,0.0
1.5500000000000007,0.018196550993094356,0.9622476256296022,0.03639310198618871,0.03638507324870846,1.0006620098075958,0.03636902533472438,0.03637704769872249,-1.7536701548632734,-2.220446049250313e-16,-1.1102230246251565e-16
1.5600000000000005,0.009430852899045003,0.9591006343014371,0.018861705798090007,0.018860587591286088,1.0001778661546223,0.018858351535619832,0.018859469503801084,-1.7496274603685134,-1.1102230246251565e-16,-1.1102230246251565e-16
1.5700000000000003,0.000694415617246227,0.9558340400368148,0.001388831234492454,0.0013888307880178118,1.0000009644256338,0.0013888298950693084,0.0013888303415434276,-1.7442853861021022,-1.1102230246251565e-16,-1.1102230246251565e-16
1.58,-0.008011673446587892,0.9524487014403137,-0.016023346893175784,-0.016022661312950597,1.000128365583968,-0.016021290310889127,-0.016021975785523317,-1.7376647501284548,-1.1102230246251565e-16,0.0
1.5899999999999999,-0.01668633480386683,0.9489454952391151,-0.03337266960773366,-0.0333664779915599,1.0005567125739285,-0.03335410096033696,-0.033360288442701565,-1.7297914079719334,0.0,0.0
1.5999999999999996,-0.025328497047491527,0.9453253160653466,-0.05065699409498305,-0.05063535366091931,1.0012822434512354,-0.05059212267699636,-0.050613729859996216,-1.7206959893950902,-1.1102230246251565e-16,-1.1102230246251565e-16
1.6099999999999994,-0.03393709701422188,0.94158907623528,-0.06787419402844376,-0.06782218676541221,1.002300806252799,-0.06771838713988285,-0.06777025117507773,-1.710413591721547,-1.1102230246251565e-16,0.0
1.620000000000001,-0.04251107994501696,0.9377377055254406,-0.08502215989003392,-0.08492005743614292,1.0036078754535391,-0.0847165132613289,-0.08481817541534692,-1.698983435317466,0.0,-1.1102230246251565e-16
1.6300000000000008,-0.05104939964331088,0.9337721509456908,-0.10209879928662176,-0.10192224378692284,1.0051985698436752,-0.1015707765108538,-0.10174623687100087,-1.6864484873715795,0.0,0.0
1.6400000000000006,-0.059551018631219726,0.9296933765093366,-0.11910203726243945,-0.11882223675423174,1.0070676716487643,-0.11826617080006784,-0.11854361657438343,-1.6728550604689851,-1.1102230246251565e-16,-1.1102230246251565e-16
1.6500000000000004,-0.06801490830362246,0.9255023630003324,-0.13602981660724492,-0.13561375340544513,1.0092096467068676,-0.13478846248757248,-0.13519997366680434,-1.6582523926361719,-1.1102230246251565e-16,-1.1102230246251565e-16
1.6600000000000001,-0.07644004908011208,0.9212001077376321,-0.15288009816022416,-0.15229074866098857,1.0116186655125932,-0.1511242362088672,-0.1517054725010948,-1.6426922155479469,0.0,0.0
1.67,-0.08482543055478245,0.9167876243367508,-0.1696508611095649,-0.1688474253971251,1.014288624936323,-0.16726093238028336,-0.1680508053944101,-1.6262283174412853,2.220446049250313e-16,-1.1102230246251565e-16
1.6799999999999997,-0.09317005164382704,0.9122659424686032,-0.18634010328765407,-0.18527824291661643,1.017213170428526,-0.18318687636452213,-0.18422721100992437,-1.6089161069914146,0.0,0.0
1.6899999999999995,-0.10147292073092484,0.9076361076156737,-0.20294584146184969,-0.20157792379403766,1.0203857185234702,-0.19889129941520417,-0.20022648840663435,-1.5908121839906195,2.220446049250313e-16,0.0
1.700000000000001,-0.10973305581039121,0.9028991808255842,-0.21946611162078242,-0.21774145912075524,1.0237994794636036,-0.2143643516362859,-0.21604100685238292,-1.5719739221520561,0.0,-1.1102230246251565e-16
1.7100000000000009,-0.11794948462806105,0.8980562384621263,-0.2358989692561221,-0.23376411219120397,1.0274474797750495,-0.22959710729717311,-0.23166371154548157,-1.5524590687626765,-1.1102230246251565e-16,-1.1102230246251565e-16
1.7200000000000006,-0.12612124481990375,0.8931083719538091,-0.2522424896398075,-0.24964142068700346,1.0313225846357135,-0.24458156293445782,-0.24708812543437522,-1.5323253652549198,0.0,0.0
1.7300000000000004,-0.13424738404831796,0.8880566875400021,-0.2684947680966359,-0.2653691974282598,1.0354175198900522,-0.2593106287453458,-0.26230834736197556,-1.5116301920798891,2.220446049250313e-16,0.0
1.7400000000000002,-0.14232696013610643,0.8829023060147254,-0.28465392027221287,-0.280943529772367,1.0397248935782673,-0.2737781138360183,-0.2773190467917233,-1.4904302405667886,-1.1102230246251565e-16,0.0
1.75,-0.15035904119810176,0.877646362468158,-0.3007180823962035,-0.29636077774937686,1.0442372168621696,-0.2879787059302788,-0.2921154553957731,-1.4687812137648886,0.0,-1.1102230246251565e-16
1.7599999999999998,-0.15834270577042264,0.8722900060259251,-0.3166854115408453,-0.31161757102979787,1.0489469242448803,-0.30190794617070066,-0.3066933558023348,-1.446737557602172,2.220446049250313e-16,0.0
1.7699999999999996,-0.16627704293734183,0.8668343995862344,-0.33255408587468366,-0.3267108048254927,1.053846392996601,-0.3155621996570768,-0.3210490678094018,-1.4243522230736414,2.220446049250313e-16,0.0
1.7799999999999994,-0.17416115245574595,0.8612807195549214,-0.3483223049114919,-0.34163763482729353,1.0589279617135692,-0.32893862236656096,-0.3351794323763318,-1.401676459603251,-1.1102230246251565e-16,-1.1102230246251565e-16
1.790000000000001,-0.18199414487716994,0.8556301555784736,-0.3639882897543399,-0.356395471284189,1.0641839479518047,-0.34203512508800255,-0.3490817937035933,-1.3787596392147818,0.0,0.0
1.8000000000000007,-0.18977514166737922,0.8498839102751029,-0.37955028333475843,-0.3709819723285906,1.0696066648911158,-0.3548503349812204,-0.3627539797050543,-1.3556491107039756,2.220446049250313e-16,2.220446049250313e-16
1.8100000000000005,-0.1975032753235038,0.8440431989639198,-0.3950065506470076,-0.38539503665053904,1.0751884369979279,-0.3673835553420938,-0.37619428116723347,-1.3323900826292614,2.220446049250313e-16,-1.1102230246251565e-16
1.8200000000000003,-0.20517768948867857,0.8381092493922923,-0.41035537897735713,-0.3996327956207129,1.080921614667618,-0.3796347241178454,-0.38940142987643256,-1.3090255336319847,0.0,0.0
1.83,-0.21279753906419496,0.8320833014614472,-0.4255950781283899,-0.4136936049582908,1.086798587838202,-0.39160437167567486,-0.4023745759786087,-1.2855961483567555,-2.220446049250313e-16,0.0
1.8399999999999999,-0.2203619903191397,0.8259666069503824,-0.4407239806382794,-0.42757603603492966,1.092811798577253,-0.4032935782831629,-0.41511326481856137,-1.2621402770654002,0.0,0.0
1.8499999999999996,-0.22787022099750703,0.8197604292381586,-0.45574044199501407,-0.44127886690077134,1.0989537526528634,-0.41470393171219544,-0.4276174134853238,-1.2386939169189608,2.220446049250313e-16,0.0
1.8599999999999994,-0.23532142042276977,0.8134660430246385,-0.47064284084553953,-0.4548010731125331,1.1052170301072817,-0.42583748533069105,-0.4398872872700117,-1.2152907128357047,0.0,0.0
1.870000000000001,-0.24271478959989687,0.8070847340497377,-0.48542957919979374,-0.4681418184375719,1.1115942948585553,-0.43669671699921975,-0.45192347622133167,-1.1919619758129882,0.0,2.220446049250313e-16
1.8800000000000008,-0.2500495413147959,0.8006177988112655,-0.5000990826295918,-0.48130044550143564,1.118078303361155,-0.4472844890435664,-0.4637268719628805,-1.1687367166206808,-4.440892098500626e-16,-1.1102230246251565e-16
1.8900000000000006,-0.25732490023118854,0.794066544281405,-0.5146498004623771,-0.4942764664400491,1.1246619123612058,-0.4576040095301884,-0.47529864491573276,-1.1456416928270399,0.0,0.0
1.9000000000000004,-0.26454010298487945,0.7874322876219215,-0.5290802059697589,-0.5070695536112215,1.1313380857855897,-0.4676587950297554,-0.48664022204972807,-1.1227014671986397,-2.220446049250313e-16,0.0
1.9100000000000001,-0.2716943982754278,0.780716355898156,-0.5433887965508556,-0.5196795304140097,1.138099900807037,-0.4774526350151983,-0.4977532652678544,-1.0999384756176607,2.220446049250313e-16,-1.1102230246251565e-16
1.92,-0.2787870469552027,0.7739200857918712,-0.5575740939104054,-0.5321063622583831,1.1449405531292922,-0.4869895580049749,-0.5086396505100933,-1.0773731027777316,0.0,2.220446049250313e-16
1.9299999999999997,-0.28581732211581323,0.7670448233130256,-0.5716346442316265,-0.544350147721892,1.1518533615377515,-0.4962737995298991,-0.5193014476463504,-1.055023764048286,0.0,0.0
1.9399999999999995,-0.2927845091719047,0.7600919235105377,-0.5855690183438094,-0.5564111099245802,1.1588317717616015,-0.5053097719729025,-0.5297409012126726,-1.032906992032913,-2.220446049250313e-16,0.0
1.950000000000001,-0.2996879059423111,0.7530627501821108,-0.5993758118846222,-0.5682895881482731,1.1658693596935936,-0.5141020363054625,-0.539960412030893,-1.0110375264856863,0.0,0.0
1.9600000000000009,-0.30652682272855175,0.7459586755831953,-0.6130536454571035,-0.5799860297216222,1.1729598340131873,-0.5226552757220937,-0.5499625197391762,-0.9894284063878535,-2.220446049250313e-16,-1.1102230246251565e-16
1.9700000000000006,-0.31330058239067937,0.7387810801351343,-0.6266011647813587,-0.5915009821879516,1.180097038258022,-0.5309742711551113,-0.5597498862496676,-0.9680910631228616,0.0,0.0
1.9800000000000004,-0.32000852042045014,0.731531352132591,-0.6400170408409003,-0.6028350857689082,1.187274952387501,-0.5390638786355971,-0.5693252801394351,-0.9470354138187457,2.220446049250313e-16,0.0
1.9900000000000002,-0.3266499850118271,0.724210887450304,-0.6532999700236543,-0.6139890661333768,1.1944876938808986,-0.5469290084530534,-0.5786915619722699,-0.9262699540513606,-2.220446049250313e-16,0.0
2.0,-0.3332243371288042,0.7168210892492474,-0.6664486742576085,-0.6249637274778489,1.2017295184107462,-0.5545746060552531,-0.5878516705414042,-0.9058018492191304,0.0,0.0
2.01,-0.339730950570546,0.7093633676822647,-0.679461901141092,-0.6357599459215678,1.2089948201304532,-0.5620056346211445,-0.59680861001687,-0.8856370240088122,0.0,-1.1102230246251565e-16
2.0199999999999996,-0.34616921203384016,0.7018391395992418,-0.6923384240676803,-0.6463786632172408,1.2162781316132092,-0.5692270592330704,-0.6055654379759323,-0.8657802494718814,-2.220446049250313e-16,-1.1102230246251565e-16
2.030000000000001,-0.3525385211728586,0.6942498282518872,-0.7050770423457172,-0.6568208807758892,1.2235741234771944,-0.5762438325697877,-0.6141252542906811,-0.8462352273223336,2.220446049250313e-16,0.0
2.040000000000001,-0.35883829065621786,0.6865968629981966,-0.7176765813124357,-0.6670876540024906,1.2308776037300806,-0.5830608820386135,-0.6224911908433914,-0.8270046711489758,0.0,-1.1102230246251565e-16
2.0500000000000007,-0.36506794622135286,0.6788816790066484,-0.7301358924427057,-0.677180086937464,1.238183516863759,-0.5896830982632478,-0.6306664020375925,-0.8080903843087277,0.0,0.0
2.0600000000000005,-0.37122692672617974,0.6711057169602238,-0.7424538534523595,-0.6870993271976151,1.2454869427281274,-0.5961153248432143,-0.6386540560707331,-0.7894933343326915,0.0,0.0
2.0700000000000003,-0.3773146841980628,0.6632704227603011,-0.7546293683961256,-0.6968465612090736,1.2527830952107932,-0.6023623493012983,-0.6464573269329953,-0.7712137237337482,0.0,0.0
2.08,-0.3833306838800782,0.6553772472304988,-0.7666613677601564,-0.7064230097237924,1.2600673207475361,-0.6084288951365978,-0.6540793870959128,-0.7532510571541245,4.440892098500626e-16,0.0
2.09,-0.38927440427457527,0.6474276458205313,-0.7785488085491505,-0.7158299236104477,1.2673350966864692,-0.6143196149027337,-0.6615234008540719,-0.7356042048340132,2.220446049250313e-16,0.0
2.0999999999999996,-0.3951453371840371,0.6394230783101472,-0.7902906743680742,-0.7250685799100158,1.2745820295269918,-0.6200390842332507,-0.6687925182831618,-0.7182714624185921,-1.1102230246251565e-16,0.0
2.1099999999999994,-0.40094298774923837,0.6313650085132158,-0.8018859754984767,-0.734140278145875,1.2818038530528544,-0.6255917967391315,-0.6758898697779746,-0.7012506071512215,-1.1102230246251565e-16,-1.1102230246251565e-16
2.120000000000001,-0.406666874484707,0.6232549039820243,-0.813333748969414,-0.743046336878013,1.2889964263769866,-0.6309821597065796,-0.6828185611345654,-0.6845389505257543,4.440892098500626e-16,2.220446049250313e-16
2.130000000000001,-0.41231652931148266,0.6150942357118645,-0.8246330586229653,-0.7517880904907344,1.296155731914135,-0.6362144905266629,-0.6895816691416049,-0.6681333874913856,0.0,0.0
2.1400000000000006,-0.41789149758719185,0.6068844778459506,-0.8357829951743837,-0.7603668862032327,1.3032778732958923,-0.641293013792025,-0.696182237647008,-0.652030442319657,0.0,0.0
2.1500000000000004,-0.4233913381334226,0.5986271073807624,-0.8467826762668452,-0.7687840812923603,1.3103590732412398,-0.6462218589995224,-0.7026232740670364,-0.6362263112559181,0.0,0.0
2.16,-0.4288156232604166,0.5903236038718588,-0.8576312465208332,-0.7770410405170762,1.317395671394467,-0.651005058801376,-0.7089077463063863,-0.6207169020867906,2.220446049250313e-16,0.0
2.17,-0.4341639387890802,0.5819754491402345,-0.8683278775781604,-0.7851391337341846,1.3243841221410777,-0.6556465477510938,-0.7150385800591081,-0.6054978707617877,2.220446049250313e-16,0.0
2.1799999999999997,-0.439435884070317,0.5735841269792811,-0.878871768140634,-0.7930797336951856,1.331320992411163,-0.6601501614940392,-0.7210186564615995,-0.5905646552113604,-1.1102230246251565e-16,-1.1102230246251565e-16
2.1899999999999995,-0.444631072001691,0.5651511228624215,-0.889262144003382,-0.800864214014324,1.3382029594786777,-0.6645196363560659,-0.7268508100703659,-0.5759125065057384,0.0,0.0
2.200000000000001,-0.4497491290414256,0.5566779236514724,-0.8994982580828512,-0.8084939472981955,1.3450268087640793,-0.6687586092870399,-0.7325378271386764,-0.5615365174992847,-4.440892098500626e-16,0.0
2.210000000000001,-0.45478969521974066,0.5481660173058164,-0.9095793904394813,-0.8159703034275856,1.3517894316469035,-0.6728706181193682,-0.7380824441676842,-0.5474316491040249,0.0,0.0
2.2200000000000006,-0.45975242414754924,0.5396168925924141,-0.9195048482950985,-0.8232946479825652,1.3584878232940447,-0.6768591021047905,-0.74348734670903,-0.5335927543336804,-5.551115123125783e-16,0.0
2.2300000000000004,-0.464636983022503,0.5310320387967574,-0.929273966045006,-0.8304683408021759,1.3651190805087352,-0.6807274026956651,-0.7487551683973047,-0.5200146002564061,-2.220446049250313e-16,0.0
2.24,-0.46944305263240965,0.522412945434798,-0.9388861052648193,-0.8374927346704362,1.371680399604566,-0.6844787645398196,-0.7538884901921484,-0.5066918879903354,0.0,-1.1102230246251565e-16
2.25,-0.47417032735602527,0.5137611019659241,-0.9483406547120505,-0.8443691741207333,1.378169074308258,-0.6881163366606883,-0.7588898398110608,-0.4936192708715158,-1.1102230246251565e-16,-1.1102230246251565e-16
2.26,-0.4788185151612328,0.505077997507043,-0.9576370303224656,-0.8510989943510429,1.3845824936943378,-0.6916431737969632,-0.7637616913352723,-0.48079137091876084,0.0,0.0
2.2699999999999996,-0.4833873376006176,0.4963651205478324,-0.9667746752012352,-0.8576835202427712,1.3909181401543564,-0.6950622378783181,-0.7685064649722493,-0.4682027937146106,2.220446049250313e-16,-1.1102230246251565e-16
2.280000000000001,-0.48787652980444995,0.4876239586672178,-0.9757530596088999,-0.86412406547638,1.397173587402843,-0.6983763996159512,-0.7731265269595645,-0.45584814181603417,4.440892098500626e-16,0.0
2.290000000000001,-0.4922858404710841,0.4788559982511439,-0.9845716809421682,-0.8704219317372988,1.4033464985217607,-0.7015884401887087,-0.777624189595972,-0.44372202680285694,-4.440892098500626e-16,-1.1102230246251565e-16
2.3000000000000007,-0.49661503185479405,0.4700627242116767,-0.9932300637095881,-0.8765784080059877,1.4094346240448872,-0.7047010530074477,-0.7820017113865914,-0.43181908006614694,0.0,0.0
2.3100000000000005,-0.5008638797510473,0.46124561970752703,-1.0017277595020946,-0.8825947699263258,1.415435800083171,-0.7077168455420112,-0.7862612972900731,-0.420133962433189,2.220446049250313e-16,0.0
2.3200000000000003,-0.5050321734792367,0.452406165866027,-1.0100643469584734,-0.8884722792468452,1.421347946491867,-0.7106383411968105,-0.7904050990565807,-0.4086613727199974,2.220446049250313e-16,0.0
2.33,-0.5091197158628826,0.443545841506629,-1.0182394317257653,-0.8942121833296393,1.4271690650799607,-0.7134679812224741,-0.7944352156462942,-0.39739605529687944,-4.440892098500626e-16,0.0
2.34,-0.5131263232073201,0.4346661228659805,-1.0262526464146402,-0.8998157147220699,1.4328972378621756,-0.7162081266523812,-0.7983536937189706,-0.3863328067472122,-2.220446049250313e-16,0.0
2.3499999999999996,-0.517051825274884,0.425768483324632,-1.034103650549768,-0.9052840907866966,1.4385306253536478,-0.7188610602541357,-0.8021625281858736,-0.3754664816944496,4.440892098500626e-16,0.0
2.3599999999999994,-0.5208960652576073,0.41685439313543293,-1.0417921305152147,-0.9106185133851188,1.4440674649071732,-0.7214289884871706,-0.8058636628161063,-0.3647919978674112,0.0,0.0
2.370000000000001,-0.5246588997474523,0.40792531915366853,-1.0493177994949046,-0.9158201686117046,1.449506069092789,-0.7239140434587124,-0.8094589908900653,-0.3543043404691544,6.661338147750939e-16,0.0
2.380000000000001,-0.5283401987040814,0.398982724569003,-1.0566803974081629,-0.9208902265734037,1.4548448241192848,-0.7263182848712696,-0.8129503558933517,-0.3439985659102251,-2.220446049250313e-16,0.0
2.3900000000000006,-0.5319398454201992,0.3900280686392566,-1.0638796908403985,-0.9258298412121253,1.460082188297173,-0.7286437019556773,-0.8163395522450805,-0.3338698049627233,-2.220446049250313e-16,0.0
2.4000000000000004,-0.5354577364844667,0.38106280642610285,-1.0709154729689334,-0.9306401501663405,1.4652166905424857,-0.7308922153844938,-0.8196283260550485,-0.32391326538761656,0.0,0.0
2.41,-0.5388937817420155,0.3720883885327148,-1.077787563484031,-0.9353222746688269,1.470246928920732,-0.7330656791612585,-0.8228183759047482,-0.31412423408381235,0.0,-1.1102230246251565e-16
2.42,-0.5422479042525779,0.3631062608434192,-1.0844958085051557,-0.9398773194776577,1.4751715692302545,-0.7351658824817552,-0.8259113536476688,-0.30449807880390184,0.0,-1.1102230246251565e-16
2.4299999999999997,-0.5455200402462494,0.3541178642654103,-1.091040080492499,-0.9443063728377348,1.4799893436241622,-0.7371945515639905,-0.8289088652247634,-0.2950302494780676,2.220446049250313e-16,-1.1102230246251565e-16
2.4399999999999995,-0.548710139076906,0.34512463447257213,-1.097420278153812,-0.948610506470351,1.4846990492699825,-0.7391533514441238,-0.8318124714913556,-0.28571627918443876,-2.220446049250313e-16,-1.1102230246251565e-16
2.450000000000001,-0.5518181631732921,0.3361280016514582,-1.1036363263465843,-0.9527907755884388,1.489299547046122,-0.7410438877360417,-0.8346236890521319,-0.27655178480118203,2.220446049250313e-16,0.0
2.460000000000001,-0.5548440879877993,0.32712939024948534,-1.1096881759755985,-0.9568482189353188,1.4937897602741996,-0.742867708352683,-0.8373439911011957,-0.26753246737282044,0.0,0.0
2.4700000000000006,-0.557787901942963,0.3181302187253677,-1.115575803885926,-0.9607838588449346,1.49816867348631,-0.7446263051876048,-0.8399748082644884,-0.25865411222062423,-2.220446049250313e-16,-1.1102230246251565e-16
2.4800000000000004,-0.5606496063756876,0.30913189930186913,-1.1212992127513752,-0.9645987013216718,1.502435331226224,-0.7463211157555902,-0.8425175294421441,-0.2499125888245437,-4.440892098500626e-16,-1.1102230246251565e-16
2.49,-0.5634292154792275,0.30013583772089575,-1.126858430958455,-0.9682937361380268,1.5065888368835578,-0.7479535247914149,-0.8449735026486289,-0.24130385050182404,4.440892098500626e-16,0.0
2.5,-0.566126756242945,0.2911434330009864,-1.13225351248589,-0.9718699369484964,1.510628351559918,-0.7495248658061346,-0.8473440358487467,-0.23282393390538175,-2.220446049250313e-16,0.0
2.51,-0.5687422683898667,0.28215607719724217,-1.1374845367797335,-0.9753282614181902,1.5145530929660422,-0.7510364226004966,-0.8496303977878179,-0.22446895836305195,2.220446049250313e-16,0.0
2.5199999999999996,-0.5712758043120597,0.27317515516373975,-1.1425516086241194,-0.9786696513647678,1.51836233434894,-0.7524894307352764,-0.8518338188145327,-0.21623512507701748,-4.440892098500626e-16,0.0
2.530000000000001,-0.5737274290038527,0.2642020443184724,-1.1474548580077053,-0.9818950329124243,1.5220554034480753,-0.7538850789585274,-0.8539554916951774,-0.20811871620105313,0.0,0.0
2.540000000000001,-0.5760972199929213,0.2552381144108672,-1.1521944399858426,-0.9850053166567206,1.5256316814796058,-0.7552245105898745,-0.8559965724180859,-0.2001160938116847,0.0,0.0
2.5500000000000007,-0.5783852672692691,0.2462847272919001,-1.1567705345385382,-0.9880013978391786,1.5290906021477522,-0.7565088248621401,-0.8579581809873392,-0.19222369878790851,0.0,0.0
2.5600000000000005,-0.5805916732121181,0.2373432366868793,-1.1611833464242363,-0.9908841565306107,1.5324316506823354,-0.7577390782206854,-0.8598414022048567,-0.18443804961285015,-4.440892098500626e-16,-1.1102230246251565e-16
2.5700000000000003,-0.5827165525147405,0.2284149879709148,-1.165433105029481,-0.9936544578222635,1.53565436290158,-0.7589162855809718,-0.8616472864401657,-0.17675574110948164,0.0,0.0
2.58,-0.5847600321072537,0.2195013179471218,-1.1695200642145074,-0.9963131520239121,1.5387583242992724,-0.760041421544926,-0.8633768503872462,-0.16917344312143076,-6.661338147750939e-16,-1.1102230246251565e-16
2.59,-0.5867222510774049,0.21060355462759645,-1.1734445021548099,-0.9988610748681196,1.5417431691554044,-0.7611154215767627,-0.8650310778079503,-0.16168789914888415,2.220446049250313e-16,-1.1102230246251565e-16
2.5999999999999996,-0.5886033605893695,0.20172301701719988,-1.177206721178739,-1.001299047719933,1.5446085796694247,-0.7621391831389952,-0.8666109202615946,-0.1542959249486442,0.0,-1.1102230246251565e-16
2.6099999999999994,-0.5904035238005886,0.19286101490018995,-1.1808070476011772,-1.003627877791358,1.5473542851152764,-0.7631135667893973,-0.8681172978204077,-0.14699440710653947,-6.661338147750939e-16,0.0
2.620000000000001,-0.5921229157766752,0.18401884862973153,-1.1842458315533504,-1.005848358360004,1.5499800610173948,-0.764039397239743,-0.8695510997705961,-0.13978030158959345,6.661338147750939e-16,0.0
2.630000000000001,-0.5937617234044098,0.17519780892033435,-1.1875234468088196,-1.007961268991338,1.5524857283468663,-0.7649174643771641,-0.8709131852988563,-0.13265063228464513,6.661338147750939e-16,0.0
2.6400000000000006,-0.5953201453028591,0.16639917664322573,-1.1906402906057183,-1.0099673757640582,1.554871152736994,-0.765748524249015,-0.8722043841642347,-0.1256024895294221,-6.661338147750939e-16,0.0
2.6500000000000004,-0.5967983917326389,0.15762422262472445,-1.1935967834652779,-1.0118674314981106,1.5571362437175038,-0.7665333000121347,-0.8734254973552791,-0.11863302864150879,2.220446049250313e-16,0.0
2.66,-0.5981966845033507,0.14887420744762522,-1.1963933690067015,-1.013662175984938,1.559280953966669,-0.7672724828474212,-0.874577297732492,-0.11173946845005606,0.0,0.0
2.67,-0.5995152568792224,0.14015038125563378,-1.1990305137584447,-1.0153523362195886,1.5613052785806627,-0.7679667328406452,-0.8756605306561336,-0.10491908983459862,1.1102230246251565e-15,0.0
2.6799999999999997,-0.6007543534829753,0.13145398356088303,-1.2015087069659507,-1.0169386266343328,1.563209254359438,-0.7686166798304283,-0.8766759145994629,-0.09816923427488408,-4.440892098500626e-16,-1.1102230246251565e-16
2.6899999999999995,-0.6019142301979521,0.12278624305455936,-1.2038284603959042,-1.0184217493334904,1.5649929591084983,-0.7692229242243159,-0.8776241417475487,-0.09148730241519698,6.661338147750939e-16,0.0
2.700000000000001,-0.6029951540685293,0.11414837742066736,-1.2059903081370587,-1.019802394329187,1.5666565109559012,-0.7697860377838783,-0.8785058785818088,-0.08487075264628455,2.220446049250313e-16,0.0
2.710000000000001,-0.6039974031988448,0.10554159315296979,-1.2079948063976895,-1.0210812397777964,1.568200067683901,-0.7703065643797579,-0.8793217664504676,-0.07831709970765403,0.0,0.0
2.7200000000000006,-0.604921266649871,0.09696708537510723,-1.209842533299742,-1.0222589522168501,1.5696238260746225,-0.7707850207175843,-0.8800724221251495,-0.0718239133126757,-8.881784197001252e-16,-1.1102230246251565e-16
2.7300000000000004,-0.6057670443348606,0.08842603766395474,-1.2115340886697212,-1.0233361868022228,1.5709280212692025,-0.771221897035667,-0.8807584383438468,-0.06538881679868533,-2.220446049250313e-16,0.0
2.74,-0.6065350469131945,0.07991962187621805,-1.213070093826389,-1.02431358754542,1.572112926139838,-0.7716176577753596,-0.8813803843405205,-0.05900948580398548,-2.220446049250313e-16,0.0
2.75,-0.607225595682664,0.07144899797830238,-1.214451191365328,-1.0251917875508265,1.5731788506742217,-0.7719727422249842,-0.8819388063616139,-0.05268364697343779,8.881784197001252e-16,0.0
2.76,-0.6078390224702142,0.06301531387947695,-1.2156780449404283,-1.0259714092527854,1.5741261413718348,-0.7722875651381899,-0.8824342281697706,-0.04640907669412831,-4.440892098500626e-16,0.0
2.7699999999999996,-0.6083756695211818,0.054619705268357514,-1.2167513390423637,-1.0266530646524021,1.5749551806516227,-0.7725625173276008,-0.8828671515350657,-0.0401835998624,4.440892098500626e-16,2.220446049250313e-16
2.780000000000001,-0.6088358893870546,0.046263295452726984,-1.2176717787741091,-1.0272373555539784,1.5756663862705524,-0.7727979662346027,-0.8832380567140679,-0.03400508868338251,-1.3322676295501878e-15,-1.1102230246251565e-16
2.790000000000001,-0.6092200448117854,0.03794719520272487,-1.2184400896235708,-1.0277248738010119,1.5762602107526207,-0.7729942564760925,-0.8835474029170648,-0.027871461504008113,8.881784197001252e-16,0.0
2.8000000000000007,-0.6095285086166912,0.029672502597402797,-1.2190570172333823,-1.02811620151169,1.5767371408278397,-0.773151710369007,-0.8837956287637886,-0.021780681680348097,-2.220446049250313e-16,-1.1102230246251565e-16
2.8100000000000005,-0.6097616635839659,0.02144030287469412,-1.2195233271679318,-1.0284119113138472,1.577097696880806,-0.7732706284334274,-0.8839831527279889,-0.01573075648002469,2.220446049250313e-16,-1.1102230246251565e-16
2.8200000000000003,-0.6099199023388427,0.013251668284795732,-1.2198398046776855,-1.0286125665793422,1.5773424324084142,-0.7733512898750432,-0.884110373571211,-0.009719736020313967,-1.1102230246251565e-15,-1.1102230246251565e-16
2.83,-0.6100036272304304,0.005107657946985534,-1.220007254460861,-1.0287187216578426,1.5774719334863387,-0.7733939530477398,-0.8841776707661314,-0.003745712242484218,2.220446049250313e-16,0.0
2.84,-0.6100132502112631,-0.002990682290106904,-1.2200265004225261,-1.028730922110007,1.5774868182438915,-0.7733988558970645,-0.8841854049098238,0.0021931820771699155,0.0,0.0
2.8499999999999996,-0.6099491927155868,-0.011042319984763281,-1.2198983854311736,-1.028649704940065,1.577387736346896,-0.7733662163853009,-0.8841339181273175,0.008098774279208453,4.440892098500626e-16,0.0
2.8599999999999994,-0.6098118855364222,-0.019046236234956798,-1.2196237710728444,-1.02847559882781,1.5771753684882182,-0.7732962328988816,-0.8840235344658266,0.013972852735510714,6.661338147750939e-16,2.220446049250313e-16
2.870000000000001,-0.6096017687014296,-0.027001425807638684,-1.2192035374028591,-1.0282091243600224,1.5768504258856149,-0.7731890846388372,-0.883854560280021,0.019817167726046598,2.220446049250313e-16,0.0
2.880000000000001,-0.6093192913476102,-0.03490689726450917,-1.2186385826952204,-1.0278507942613526,1.5764136497865704,-0.7730449319949818,-0.8836272846087189,0.02563343227771295,4.440892098500626e-16,0.0
2.8900000000000006,-0.6089649115948771,-0.042761673084282345,-1.2179298231897542,-1.0274011136247017,1.5758658109798012,-0.7728639169045118,-0.8833419795433828,0.03142332296505239,4.440892098500626e-16,0.0
2.9000000000000004,-0.6085390964185261,-0.05056478978140623,-1.2170781928370522,-1.0268605801411426,1.5752077093131258,-0.7726461631956862,-0.8829989005887992,0.037188480672666786,2.220446049250313e-16,0.0
2.91,-0.6080423215206383,-0.058315298021248685,-1.2160846430412766,-1.0262296843294287,1.5744401732173976,-0.7723917769172423,-0.8825982870163247,0.042930511319197985,-2.220446049250313e-16,-1.1102230246251565e-16
2.92,-0.6074750712004506,-0.0660122627317319,-1.2149501424009013,-1.0255089097651537,1.5735640592362201,-0.7721008466541974,-0.8821403622100884,0.048650986542746674,2.220446049250313e-16,0.0
2.9299999999999997,-0.6068378382237215,-0.07365476321140899,-1.213675676447443,-1.0246987333096136,1.5725802515611593,-0.771773443830661,-0.8816253340065298,0.05435144434762337,6.661338147750939e-16,0.0
2.9399999999999995,-0.6061311236911269,-0.08124189323397449,-1.2122622473822537,-1.0237996253384436,1.5714896615721887,-0.7714096230002889,-0.8810533950276642,0.0600333897123343,-2.220446049250313e-16,0.0
2.950000000000001,-0.6053554369057204,-0.08877276114920539,-1.2107108738114407,-1.022812049970104,1.5702932273831096,-0.7710094221249925,-0.8804247230084639,0.06569829515871517,0.0,-1.1102230246251565e-16
2.960000000000001,-0.6045112952394881,-0.09624648998031728,-1.2090225904789762,-1.021736465294282,1.568991913391683,-0.7705728628425097,-0.8797394811187407,0.07134760128212142,0.0,0.0
2.9700000000000006,-0.6035992239990307,-0.10366221751775281,-1.2071984479980613,-1.0205733236002947,1.5675867098342366,-0.7700999507234376,-0.8789978182799224,0.0769827172426079,-6.661338147750939e-16,-1.1102230246251565e-16
2.9800000000000004,-0.6026197562904062,-0.11101909640937091,-1.2052395125808124,-1.019323071605575,1.5660786323445046,-0.769590675518319,-0.8781998694771127,0.0826050212169936,-4.440892098500626e-16,0.0
2.99,-0.6015734328831676,-0.11831629424705482,-1.2031468657663351,-1.0179861506843255,1.5644687215164628,-0.7690450113953746,-0.8773457560668266,0.08821586081174047,0.0,0.0
3.0,-0.6004608020736252,-0.12555299364972863,-1.2009216041472504,-1.0165629970964303,1.5627580424709402,-0.7684629171694581,-0.8764355860807935,0.09381655343654877,-2.220446049250313e-16,-1.1102230246251565e-16
3.01,-0.5992824195473682,-0.13272839234278283,-1.1985648390947363,-1.0150540422167138,1.560947684425776,-0.7678443365228163,-0.8754694545262203,0.09940838663857392,4.440892098500626e-16,0.0
3.0199999999999996,-0.5980388482410781,-0.13984170323390852,-1.1960776964821562,-1.0134597127646452,1.559038760269308,-0.7671891982182316,-0.8744474436829105,0.10499261839716012,0.0,-1.1102230246251565e-16
3.030000000000001,-0.5967306582036662,-0.14689215448534296,-1.1934613164073324,-1.0117804310345762,1.557032406136983,-0.7664974163051139,-0.8733696233976336,0.11057047737898137,-4.440892098500626e-16,0.0
3.040000000000001,-0.5953584264567704,-0.15387898958251972,-1.1907168529135408,-1.0100166151266217,1.5549297809908735,-0.7657688903191245,-0.8722360513761422,0.11614316315346318,-8.881784197001252e-16,-1.1102230246251565e-16
3.0500000000000007,-0.5939227368546368,-0.16080146739914525,-1.1878454737092736,-1.008168679178265,1.5527320662018957,-0.7650035054758909,-0.8710467734732317,0.12171184636837332,-4.440892098500626e-16,0.0
3.0600000000000005,-0.59242417994343,-0.16765886225868054,-1.18484835988686,-1.0062370335968065,1.5504404651345314,-0.7642011328593975,-0.869801823981247,0.12727766888542447,0.0,0.0
3.0700000000000003,-0.5908633528199949,-0.17445046399224973,-1.1817267056399898,-1.0042220852927428,1.5480562027338487,-0.7633616296056142,-0.8685012259174312,0.1328417438757602,-2.220446049250313e-16,0.0
3.08,-0.5892408589901075,-0.1811755779929745,-1.178481717980215,-1.0021242379141846,1.5455805251146246,-0.7624848390819464,-0.8671449913105221,0.1384051558751667,-2.220446049250313e-16,0.0
3.09,-0.5875573082262459,-0.18783352526674077,-1.1751146164524917,-0.9999438920824126,1.5430146991523725,-0.7615705910630792,-0.8657331214869979,0.1439689607988536,0.0,0.0
3.0999999999999996,-0.5858133164249155,-0.19442364247940433,-1.171626632849831,-0.9976814456286769,1.5403600120760836,-0.760618701903799,-0.8642656073573783,0.1495341859156403,-2.220446049250313e-16,0.0
3.1099999999999994,-0.5840095054635578,-0.20094528200044395,-1.1680190109271156,-0.9953372938323367,1.5376177710624825,-0.7596289747093798,-0.8627424297029869,0.15510182978138143,-2.220446049250313e-16,-1.1102230246251565e-16
3.120000000000001,-0.5821465030570785,-0.20739781194307003,-1.164293006114157,-0.992911829660448,1.5347893028316104,-0.7586011995041234,-0.8611635594635844,0.16067286213146167,2.220446049250313e-16,-1.1102230246251565e-16
3.130000000000001,-0.5802249426140261,-0.21378061620079267,-1.1604498852280523,-0.9904054440088969,1.5318759532435384,-0.7575351533986534,-0.8595289580262826,0.16624822373218529,-2.220446049250313e-16,0.0
3.1400000000000006,-0.5782454630924505,-0.22009309448047554,-1.156490926184901,-0.9878185259451776,1.5288790868960207,-0.7564306007565619,-0.857838577516149,0.1718288261909062,-2.220446049250313e-16,-1.1102230246251565e-16
3.1500000000000004,-0.5762087088554791,-0.22633466233186353,-1.1524174177109583,-0.9851514629529191,1.5258000867228947,-0.7552872933610288,-0.856092361088919,0.17741555172471438,-4.440892098500626e-16,-1.1102230246251565e-16
3.16,-0.5741153295266371,-0.232504751173614,-1.1482306590532743,-0.9824046411782515,1.522640353593033,-0.7541049705820224,-0.8542902432262277,0.18300925288753778,2.220446049250313e-16,0.0
3.17,-0.5719659798449486,-0.2386028083158357,-1.1439319596898971,-0.9795784456781158,1.519401305909656,-0.7528833595447203,-0.8524321500337811,0.18861075225550303,-2.220446049250313e-16,-1.1102230246251565e-16
3.1799999999999997,-0.5697613195198447,-0.24462829697915098,-1.1395226390396893,-0.9766732606706018,1.5160843792098044,-0.7516221752997797,-0.8505179995428804,0.19422084207042506,2.220446049250313e-16,0.0
3.1899999999999995,-0.5675020130859163,-0.25058069631029484,-1.1350040261718326,-0.9736894697874128,1.5126910257637776,-0.7503211209961097,-0.848547702015723,0.19984028384130448,-2.220446049250313e-16,0.0
3.200000000000001,-0.5651887297575395,-0.25645950139426726,-1.130377459515079,-0.9706274563285442,1.5092227141743408,-0.7489798880568009,-0.8465211602548987,0.20546980790373762,-2.220446049250313e-16,0.0
3.210000000000001,-0.562822143283406,-0.2622642232630468,-1.125644286566812,-0.9674876035192587,1.5056809289754942,-0.7475981563588845,-0.8444382699175029,0.21111011293716012,4.440892098500626e-16,0.0
3.2200000000000006,-0.5604029318009871,-0.26799438890089927,-1.1208058636019742,-0.9642702947694417,1.5020671702306014,-0.7461755944175952,-0.8422989198342865,0.21676186543989356,-6.661338147750939e-16,0.0
3.2300000000000004,-0.5579317776909688,-0.27364954124627583,-1.1158635553819376,-0.9609759139354194,1.4983829531296793,-0.744711859575837,-0.8401029923342682,0.22242569916196558,0.0,0.0
3.24,-0.5554093674316826,-0.27922923919033593,-1.1108187348633651,-0.9576048455843084,1.4946298075856266,-0.7432065981995526,-0.83785036357523,0.22810221449574578,0.0,2.220446049250313e-16
3.25,-0.5528363914535654,-0.28473305757210565,-1.105672782907131,-0.9541574752609703,1.4908092778291926,-0.7416594458797109,-0.8355409038805149,0.23379197782446393,-4.440892098500626e-16,-1.1102230246251565e-16
3.26,-0.5502135439936795,-0.2901605871702931,-1.100427087987359,-0.9506341897576346,1.4869229220024618,-0.7400700276416461,-0.8331744780825521,0.23949552082873343,2.220446049250313e-16,0.0
3.2699999999999996,-0.5475415229503211,-0.29551143469177943,-1.0950830459006422,-0.9470353773862499,1.482972311750637,-0.7384379581624861,-0.8307509458735229,0.24521333975125684,6.661338147750939e-16,0.0
3.280000000000001,-0.5448210297377505,-0.30078522275680936,-1.089642059475501,-0.9433614282536179,1.4789590318119061,-0.7367628419974256,-0.8282701621635917,0.25094589461995503,-4.440892098500626e-16,0.0
3.290000000000001,-0.5420527691410727,-0.3059815898808941,-1.0841055382821454,-0.9396127345393596,1.4748846796051616,-0.7350442738156105,-0.8257319774471098,0.25669360842982214,-2.220446049250313e-16,0.0
3.3000000000000007,-0.5392374491712953,-0.3111001904534659,-1.0784748983425907,-0.9357896907767461,1.470750864815337,-0.733281838646412,-0.8231362381772049,0.26245686628390696,2.220446049250313e-16,0.0
3.3100000000000005,-0.5363757809205981,-0.3161406947132851,-1.0727515618411962,-0.9318926941364389,1.4665592089761417,-0.7314751121368793,-0.820482787149165,0.2682360144938662,4.440892098500626e-16,0.0
3.3200000000000003,-0.5334684784178418,-0.32110278872064013,-1.0669369568356837,-0.9279221447131588,1.4623113450499483,-0.7296236608211777,-0.8177714638930156,0.27403135964066627,-4.440892098500626e-16,-1.1102230246251565e-16
3.33,-0.5305162584843448,-0.325986174326357,-1.0610325169686896,-0.9238784458153019,1.4580089170045953,-0.7277270424028178,-0.8150021050756873,0.2798431675960823,4.440892098500626e-16,0.0
3.34,-0.527519840589956,-0.3307905691376441,-1.055039681179912,-0.9197620042575104,1.4536535793868532,-0.7257848060505065,-0.8121745449131602,0.2856716625057623,-2.220446049250313e-16,0.0
3.3499999999999996,-0.5244799467094555,-0.33551570648079965,-1.048959893418911,-0.9155732306562009,1.4492469968923218,-0.7237964927084463,-0.8092886155929669,0.29151702573473764,0.0,0.0
3.3599999999999994,-0.521397301179308,-0.3401613353608043,-1.042794602358616,-0.9113125397280327,1.444790843931489,-0.721761635421926,-0.806344147707424,0.2973793947763825,-2.220446049250313e-16,0.0
3.370000000000001,-0.5182726305547994,-0.3447272204178297,-1.0365452611095989,-0.9069803505913018,1.440286804191709,-0.719679759679052,-0.8033409706979509,0.303258862125967,-4.440892098500626e-16,-1.1102230246251565e-16
3.380000000000001,-0.5151066634675874,-0.3492131418806841,-1.0302133269351748,-0.9025770870702247,1.4357365701948397,-0.7175503837694734,-0.8002789133108283,0.3091554741200774,4.440892098500626e-16,0.0
3.3900000000000006,-0.5119001304836838,-0.35361889551723397,-1.0238002609673675,-0.8981031780020599,1.431141842850264,-0.7153730191609556,-0.7971578040647219,0.3150692297433584,2.220446049250313e-16,0.0
3.4000000000000004,-0.5086537639619098,-0.35794429258181587,-1.0173075279238195,-0.8935590575470238,1.4265043310030547,-0.713147170894668,-0.7939774717303,0.32100007940415237,-2.220446049250313e-16,-1.1102230246251565e-16
3.41,-0.5053682979128411,-0.3621891597596777,-1.0107365958256822,-0.8889451655009174,1.4218257509769923,-0.7108723380000436,-0.7907377458222407,0.32694792368082704,-2.220446049250313e-16,0.0
3.42,-0.5020444678582748,-0.3663533391084762,-1.0040889357165497,-0.8842619476103851,1.4171078261121817,-0.708548013930073,-0.7874384571039156,0.33291261204073797,0.0,0.0
3.4299999999999997,-0.4986830106912423,-0.3704366879968591,-0.9973660213824846,-0.8795098558907032,1.4123522862969873,-0.7061736870178862,-0.7840794381050101,0.33889394153397673,4.440892098500626e-16,0.0
3.4399999999999995,-0.49528466453659625,-0.3744390790401652,-0.9905693290731925,-0.8746893489459835,1.4075608674940188,-0.7037488409554705,-0.7806605236523245,0.3448916554642579,-2.220446049250313e-16,-1.1102230246251565e-16
3.450000000000001,-0.4918501686121973,-0.3783604000332721,-0.9837003372243946,-0.8698008922916619,1.4027353112598926,-0.7012729552953694,-0.7771815514139678,0.3509054420395096,0.0,0.0
3.460000000000001,-0.4883802630907288,-0.3822005538806205,-0.9767605261814576,-0.8648449586791243,1.3978773642584952,-0.6987455059761847,-0.7736423624571397,0.35693493300495394,-2.220446049250313e-16,0.0
3.4700000000000006,-0.4848756889621563,-0.38595945852345775,-0.9697513779243127,-0.859822028422294,1.3929887777674677,-0.6961659658726941,-0.7700428018196495,0.3629797022617155,4.440892098500626e-16,0.0
3.4800000000000004,-0.48133718789687074,-0.3896370468643175,-0.9626743757937415,-0.8547325897260126,1.3880713071776498,-0.6935338053713801,-0.7663827190953155,0.36903926447420365,-2.220446049250313e-16,0.0
3.49,-0.47776550210952934,-0.39323326668878295,-0.9555310042190587,-0.8495771390159981,1.3831267114852068,-0.690848492972134,-0.7626619690333283,0.3751130736698054,0.0,0.0
3.5,-0.47416137422362287,-0.3967480805845585,-0.9483227484472457,-0.8443561812701573,1.378156752776163,-0.6881094959168771,-0.7588804121516393,0.38120052183466374,-3.3306690738754696e-16,-1.1102230246251565e-16
3.51,-0.47052554713679456,-0.4001814658578889,-0.9410510942735891,-0.8390702303510164,1.3731631957030888,-0.6853162808458109,-0.7550379153643965,0.38730093750959493,-2.220446049250313e-16,0.0
3.5199999999999996,-0.4668587638869328,-0.40353341444735746,-0.9337175277738656,-0.8337198093389934,1.368147806953671,-0.6824683144819628,-0.7511343526234013,0.3934135843904724,-1.1102230246251565e-16,0.0
3.530000000000001,-0.463161767519062,-0.4068039328351017,-0.926323535038124,-0.8283054508662322,1.3631123547109119,-0.6795650643446616,-0.7471696055735194,0.3995376599376961,0.0,0.0
3.540000000000001,-0.4594353009530579,-0.4099930419554752,-0.9188706019061158,-0.8228276974506868,1.358058608104712,-0.676605999492525,-0.7431435642219343,0.40567229399964183,-1.1102230246251565e-16,0.0
3.5500000000000007,-0.4556801068522021,-0.41310077710120324,-0.9113602137044042,-0.817287101830113,1.3529883366545836,-0.6735905912964816,-0.7390561276210692,0.4118165474553115,-4.440892098500626e-16,-1.1102230246251565e-16
3.5600000000000005,-0.4518969274926099,-0.41612718782705543,-0.9037938549852198,-0.8116842272956238,1.3479033097032755,-0.670518314243311,-0.7349072045649694,0.4179694108816616,-2.220446049250313e-16,0.0
3.5700000000000003,-0.44808650463354555,-0.4190723378510813,-0.8961730092670911,-0.8060196480244147,1.3428052958410739,-0.6673886467700948,-0.7306967142988608,0.42412980325143057,0.0,0.0
3.58,-0.44424957938864995,-0.42193630495344114,-0.8884991587772999,-0.8002939494112552,1.337696062320574,-0.6642010721299216,-0.7264245872415533,0.43029657066756377,-4.440892098500626e-16,-1.1102230246251565e-16
3.59,-0.4403868920981023,-0.4247191808728733,-0.8807737841962046,-0.7945077283983126,1.3325773744617242,-0.6609550792890962,-0.7220907657202896,0.4364684851406506,-1.1102230246251565e-16,0.0
3.5999999999999996,-0.4364991822017377,-0.4274210712008317,-0.8729983644034754,-0.7886615938028504,1.3274509950469522,-0.6576501638560279,-0.7176952047175784,0.4426442434160803,2.220446049250313e-16,0.0
3.6099999999999994,-0.43258718811314,-0.43004209527333503,-0.86517437622628,-0.782756166642311,1.3223186837062133,-0.6542858290418744,-0.7132378726294756,0.4488224658579288,-1.1102230246251565e-16,-1.1102230246251565e-16
3.620000000000001,-0.42865164709473225,-0.43258238606056476,-0.8573032941894645,-0.7767920804562748,1.3171821962918067,-0.6508615866529209,-0.7087187520347151,0.45500169539687113,0.0,-1.1102230246251565e-16
3.630000000000001,-0.4246932951338872,-0.4350420900542489,-0.8493865902677744,-0.7707699816247592,1.3120432842428318,-0.6473769581145699,-0.7041378404740106,0.46118039654969684,0.0,0.0
3.6400000000000006,-0.4207128668200691,-0.4374213671528772,-0.8414257336401382,-0.764690529682276,1.306903693939169,-0.6438314755266911,-0.6994951512387644,0.46735695451829157,0.0,0.0
3.6500000000000004,-0.4167110952230388,-0.4397203905447785,-0.8334221904460776,-0.7585543976270774,1.3017651660449123,-0.6402246827499789,-0.6947907141683631,0.4735296743761731,2.220446049250313e-16,0.0
3.66,-0.41268871177213245,-0.4419393465891059,-0.8253774235442649,-0.7523622722249516,1.2966294348411842,-0.6365561365228147,-0.6900245764551323,0.4796967803509445,-1.1102230246251565e-16,0.0
3.67,-0.40864644613663614,-0.4440784346947678,-0.8172928922732723,-0.7461148543069307,1.291498227548304,-0.6328254076080057,-0.6851968034559514,0.48585641521122647,2.220446049250313e-16,0.0
3.6799999999999997,-0.4045850261072737,-0.44613786719734605,-0.8091700522145474,-0.739812859060236,1.2863732636373058,-0.6290320819686236,-0.68030747950944,0.4920066397668387,-1.1102230246251565e-16,0.0
3.6899999999999995,-0.40050517747882797,-0.4481178692340402,-0.8010103549576559,-0.7334570163117637,1.2812562541308394,-0.625175761972014,-0.6753567087575413,0.49814543249116827,4.440892098500626e-16,0.0
3.700000000000001,-0.39640762393390966,-0.45001867861668043,-0.7928152478678193,-0.7270480708033834,1.2761489008935092,-0.6212560676208875,-0.6703446159702287,0.5042706892748092,-2.220446049250313e-16,-1.1102230246251565e-16
3.710000000000001,-0.39229308692789877,-0.4518405457028474,-0.7845861738557975,-0.7205867824583133,1.2710528959117633,-0.6172726378102392,-0.6652713473719888,0.5103802233196614,0.0,0.0
3.7200000000000006,-0.3881622855750618,-0.4535837332651449,-0.7763245711501237,-0.7140739266377796,1.265969920563448,-0.6132251316086587,-0.6601370714686124,0.5164717651827709,-3.3306690738754696e-16,-1.1102230246251565e-16
3.7300000000000004,-0.38401593653587807,-0.45524851635866165,-0.7680318730717561,-0.7075102943871927,1.2609016448772323,-0.6091132295624339,-0.6549419798727679,0.5225429629791944,0.0,0.0
3.74,-0.3798547539055799,-0.45683518218666685,-0.7597095078111598,-0.7008966926710092,1.2558497267820998,-0.6049366350206449,-0.6496862881267096,0.5285913827531928,2.220446049250313e-16,0.0
3.75,-0.3756794491039264,-0.4583440299645807,-0.7513588982078528,-0.6942339445954505,1.250815811347186,-0.6006950754792626,-0.6443702365203927,0.5346145090269879,4.440892098500626e-16,0.0
3.76,-0.37149073076622646,-0.4597753707822608,-0.7429814615324529,-0.6875228896182296,1.245801530012265,-0.596388303942072,-0.6389940909031765,0.540609745536206,4.440892098500626e-16,0.0
3.7699999999999996,-0.3672893046356258,-0.4611295274646488,-0.7345786092712516,-0.680764383744417,1.240808499809252,-0.5920161002960389,-0.6335581434872009,0.5465744161609781,0.0,0.0
3.780000000000001,-0.3630758734566723,-0.46240683443081787,-0.7261517469133446,-0.6739592997075646,1.2358383225751264,-0.5875782726985325,-0.6280627136404375,0.5525057660614406,0.0,0.0
3.790000000000001,-0.35885113687017756,-0.46360763755146145,-0.7177022737403551,-0.6671085271352034,1.2308925841567473,-0.5830746589736214,-0.6225081486673318,0.5584009630260907,-3.3306690738754696e-16,0.0
3.8000000000000007,-0.3546157913093794,-0.46473229400487187,-0.7092315826187588,-0.6602129726977969,1.2259728536080678,-0.5785051280144361,-0.6168948245748554,0.5642570990411301,-4.440892098500626e-16,-1.1102230246251565e-16
3.8100000000000005,-0.3503705298974318,-0.46578117213144477,-0.7007410597948636,-0.6532735602402643,1.2210806823803366,-0.5738695811884116,-0.6112231468217352,0.5700711920884786,0.0,0.0
3.8200000000000003,-0.34611604234622556,-0.46675465128675514,-0.6922320846924511,-0.6462912308951515,1.2162176035059091,-0.5691679537419949,-0.6054935510485262,0.5758401881796805,0.0,0.0
3.83,-0.3418530148565565,-0.4676531216932489,-0.683706029713113,-0.6392669431765391,1.211385130776364,-0.5644002162012118,-0.5997065037861371,0.581560963632368,0.0,-1.1102230246251565e-16
3.84,-0.3375821300196534,-0.46847698429059026,-0.6751642600393069,-0.6322016730537873,1.2065847579156737,-0.5595663757642901,-0.5938625031403537,0.5872303275952958,0.0,0.0
3.8499999999999996,-0.33330406672007706,-0.469226650584709,-0.6666081334401541,-0.6250964140042116,1.2018179577492452,-0.5546664776823375,-0.5879620794498475,0.5928450248272743,0.0,-1.1102230246251565e-16
3.8599999999999994,-0.32901950004000247,-0.469902542495592,-0.6580390000800049,-0.6179521770438026,1.197086181369701,-0.5497006066238936,-0.5820057959151038,0.5984017387345291,-2.220446049250313e-16,-1.1102230246251565e-16
3.870000000000001,-0.32472910116489484,-0.470505092203859,-0.6494582023297897,-0.6107699907351148,1.192390857300341,-0.5446688880189923,-0.5759942491956703,0.6038970946701592,0.0,-1.1102230246251565e-16
3.880000000000001,-0.32043353729059454,-0.4710347419961673,-0.6408670745811891,-0.6035509011714721,1.1877333906572853,-0.5395714893782153,-0.5699280699730921,0.6093276634984207,2.220446049250313e-16,0.0
3.8900000000000006,-0.3161334715318106,-0.4714919441094916,-0.6322669430636212,-0.5962959719366417,1.1831151623113518,-0.5344086215820402,-0.5638079234768623,0.614689965425569,0.0,0.0
3.9000000000000004,-0.31182956283204666,-0.47187716057431406,-0.6236591256640933,-0.5890062840391924,1.1785375280508048,-0.5291805401356794,-0.5576345099707386,0.6199804740978626,0.0,0.0
3.91,-0.30752246587496007,-0.4721908630567768,-0.6150449317499201,-0.5816829358207466,1.1740018177461498,-0.5238875463844548,-0.5514085651967409,0.6251956209662178,-1.1102230246251565e-16,0.0
3.92,-0.3032128309971655,-0.47243353269983274,-0.606425661994331,-0.5743270428373934,1.1695093345182255,-0.5185299886846526,-0.5451308607741767,0.6303317999157411,0.0,-1.1102230246251565e-16
3.9299999999999997,-0.29890130410249277,-0.47260565996344217,-0.5978026082049855,-0.5669397377135674,1.1650613539108932,-0.5131082635247268,-0.5388022045510586,0.6353853721570881,-1.1102230246251565e-16,0.0
3.9399999999999995,-0.2945885265777072,-0.47270774446385566,-0.5891770531554144,-0.5595221699677418,1.1606591230696883,-0.5076228165916368,-0.5324234409053177,0.6403526713752441,0.0,0.0
3.950000000000001,-0.2902751352096992,-0.4727402948120275,-0.5805502704193984,-0.5520755058093344,1.1563038599278466,-0.5020741437770733,-0.5259954509932636,0.6452300091299124,4.440892098500626e-16,0.0
3.960000000000001,-0.2859617621041564,-0.4727038284512017,-0.5719235242083128,-0.5446009279062909,1.151996752401176,-0.4964627921183097,-0.5195191529428188,0.6500136805002451,0.0,0.0
3.9700000000000006,-0.28164903460571317,-0.4725988714937136,-0.5632980692114263,-0.5370996351228436,1.147738957593285,-0.49078936066840184,-0.512995501989108,0.654699969965177,-4.440892098500626e-16,0.0
3.9800000000000004,-0.2773375752196004,-0.4724259585570506,-0.5546751504392008,-0.5295728422270523,1.1435316010127354,-0.48505450129053607,-0.5064254905501191,0.6592851575090724,-2.220446049250313e-16,0.0
3.99,-0.2730280015347911,-0.47218563259921226,-0.5460560030695822,-0.5220217795677594,1.1393757758037195,-0.4792589193713483,-0.49981014824022507,0.6637655249408865,0.0,0.0
4.0,-0.2687209261486511,-0.4718784447534153,-0.5374418522973022,-0.5144476927206949,1.135272541991902,-0.47340337444815594,-0.49315054181950224,0.6681373624134807,-2.220446049250313e-16,0.0
4.01,-0.2644169565931015,-0.4715049541621839,-0.528833913186203,-0.5068518421035333,1.1312229257471016,-0.4674886807451692,-0.48644777507691583,0.6723969751281768,0.0,0.0
4.02,-0.26011669526229747,-0.47106572781086764,-0.5202333905245949,-0.4992355025597915,1.1272279186645067,-0.46151570761390115,-0.4797029886456027,0.6765406902081122,0.0,-1.1102230246251565e-16
4.030000000000001,-0.25582073934182753,-0.47056134036062985,-0.5116414786836551,-0.4915999629115403,1.1232884770661529,-0.4554853798731913,-0.47291735974864785,0.6805648637224437,0.0,0.0
4.040000000000001,-0.2515296807394432,-0.4699923739809486,-0.5030593614788864,-0.4839465254810027,1.119405521324397,-0.44939867804448924,-0.4660921018739531,0.684465887841967,0.0,0.0
4.050000000000001,-0.24724410601731078,-0.46935941818167026,-0.49448821203462157,-0.47627650558117735,1.1155799352091256,-0.4432566384782864,-0.45922846437696435,0.6882401981053263,-1.1102230246251565e-16,-1.1102230246251565e-16
4.0600000000000005,-0.24296459632580608,-0.4686630696446598,-0.48592919265161216,-0.4685912309757708,1.1118125652604613,-0.4370603533679032,-0.4523277320102902,0.6918842807735937,0.0,0.0
4.07,-0.2386917273388418,-0.4679039320550873,-0.4773834546776836,-0.46089204130876865,1.1081042201886968,-0.4308109706471391,-0.445391224379422,0.6953946802497628,-2.220446049250313e-16,-1.1102230246251565e-16
4.08,-0.23442606919073783,-0.4670826159323937,-0.46885213838147566,-0.45318028750411454,1.1044556703031962,-0.4245096937686652,-0.43842029532403964,0.6987680065384935,0.0,0.0
4.09,-0.2301681864146345,-0.4661997384609743,-0.460336372829269,-0.44545733113604874,1.1008676469719725,-0.41815778136042264,-0.4314163322246245,0.7020009427203732,-2.220446049250313e-16,-1.1102230246251565e-16
4.1,-0.22591863788245173,-0.4652559233206231,-0.45183727576490346,-0.43772454377077047,1.0973408421136295,-0.4117565467577081,-0.4243807552343676,0.7050902524140098,0.0,0.0
4.109999999999999,-0.2216779767463971,-0.46425180051677967,-0.4433559534927942,-0.4299833062801903,1.0938759077233142,-0.40530735740907914,-0.4173150164366337,0.7080327871984387,-1.1102230246251565e-16,-1.1102230246251565e-16
4.120000000000001,-0.21744675038202177,-0.4631880062106139,-0.43489350076404354,-0.4222350081286401,1.090473455434292,-0.3988116341546734,-0.4102205989285139,0.7108254939676442,0.0,0.0
4.130000000000001,-0.21322550033283166,-0.4620651825489955,-0.4264510006656633,-0.4144810466335246,1.0871340561166987,-0.39227085037605136,-0.40309901583129926,0.7134654221884736,-2.220446049250313e-16,0.0
4.140000000000001,-0.20901476225644317,-0.4608839774943823,-0.41802952451288633,-0.40672282620096967,1.0838582395149605,-0.38568653101715544,-0.3959518092289667,0.7159497310328643,-2.220446049250313e-16,-1.1102230246251565e-16
4.15,-0.20481506587229795,-0.4596450446546713,-0.4096301317445959,-0.39896175753767255,1.080646493925324,-0.37906025147655975,-0.3887805490361051,0.7182756963550992,4.440892098500626e-16,2.220446049250313e-16
4.16,-0.20062693491092762,-0.45834904311305,-0.40125386982185524,-0.39119925684020984,1.0774992659148377,-0.3723936363716921,-0.38158683179696046,0.7204407174848231,-2.220446049250313e-16,-1.1102230246251565e-16
4.17,-0.1964508870647704,-0.45699663725788664,-0.3929017741295408,-0.383436744963181,1.074416960083068,-0.3656883581762929,-0.37437227941759343,0.7224423238067144,2.220446049250313e-16,0.0
4.18,-0.19228743394054046,-0.4555884966126996,-0.3845748678810809,-0.3756756465676513,1.0713999388677184,-0.35894613573294487,-0.3671385378334277,0.7242781810980952,0.0,0.0
4.1899999999999995,-0.1881370810131478,-0.4541252956662443,-0.3762741620262956,-0.36791738925144263,1.068448522395249,-0.35216873264307,-0.3598872756147499,0.7259460975963181,-3.3306690738754696e-16,0.0
4.200000000000001,-0.18400032758116722,-0.45260771370275543,-0.36800065516233443,-0.3601634026629041,1.065562988377462,-0.3453579555373736,-0.3526201825130001,0.72744402976854,-2.220446049250313e-16,-1.1102230246251565e-16
4.210000000000001,-0.17987766672385863,-0.45103643463238174,-0.35975533344771726,-0.3524151175998808,1.062743572054933,-0.33851565223028385,-0.3453389679509688,0.728770087757445,2.220446049250313e-16,2.220446049250313e-16
4.220000000000001,-0.1757695852597271,-0.44941214682185376,-0.3515391705194542,-0.3446739650956423,1.0599904661880246,-0.3316437097624773,-0.3380453594602518,0.72992254047764,-1.1102230246251565e-16,0.0
4.23,-0.17167656370663303,-0.44773554292541845,-0.34335312741326607,-0.33694137549364184,1.0573038210961268,-0.3247440523361634,-0.330741101069599,0.7308998203387611,-1.1102230246251565e-16,0.0
4.24,-0.16759907624344075,-0.4460073197160812,-0.3351981524868815,-0.3292187775129919,1.0546837447456079,-0.3178186391482994,-0.32342795164798754,0.7317005275728647,-1.1102230246251565e-16,-1.1102230246251565e-16
4.25,-0.16353759067320559,-0.4442281779171887,-0.32707518134641117,-0.32150759730661566,1.0521303028868563,-0.31086946212743405,-0.31610768320648774,0.7323234341453536,2.220446049250313e-16,0.0
4.26,-0.15949256838789627,-0.4423988220343916,-0.31898513677579254,-0.31380925751407107,1.0496435192406377,-0.3038985435803592,-0.3087820791631816,0.7327674872305336,-1.1102230246251565e-16,-1.1102230246251565e-16
4.27,-0.1554644643346486,-0.4405199601880213,-0.3109289286692972,-0.30612517631107733,1.0472233757338674,-0.2969079337552088,-0.301452932575574,0.7330318122348911,-2.220446049250313e-16,0.0
4.280000000000001,-0.151453726983546,-0.43859230394591814,-0.302907453967092,-0.2984567664577981,1.044869812784744,-0.28989970832806006,-0.294122044345094,0.733115715353311,-1.1102230246251565e-16,-1.1102230246251565e-16
4.290000000000001,-0.1474607982969264,-0.43661656815674543,-0.2949215965938528,-0.29080543434796335,1.042582729637062,-0.2828759658204958,-0.2867912213984283,0.7330186856456893,-2.220446049250313e-16,-1.1102230246251565e-16
4.300000000000001,-0.14348611370020078,-0.4345934707838216,-0.28697222740040157,-0.28317257906089094,1.0403619847433623,-0.27583882495590434,-0.27946227485051733,0.7327403966237501,2.220446049250313e-16,0.0
4.3100000000000005,-0.13953010205419286,-0.4325237327395124,-0.2790602041083857,-0.2755595914185165,1.0382073961964506,-0.26879042196264774,-0.27213701815417946,0.7322807073402937,0.0,0.0
4.32,-0.13559318562898307,-0.43040807772020867,-0.27118637125796613,-0.2679678530494801,1.0361187422086637,-0.2617329078324423,-0.2648172652413457,0.7316396629755938,-1.1102230246251565e-16,0.0
4.33,-0.13167578007925654,-0.42824723204192977,-0.2633515601585131,-0.26039873546233233,1.0340957616381197,-0.254668445542544,-0.25750482866095953,0.7308174949181967,-1.1102230246251565e-16,-1.1102230246251565e-16
4.34,-0.12777829442114771,-0.4260419244765824,-0.25555658884229543,-0.2528535991298803,1.0321381545610597,-0.24759920725048354,-0.2502015177185977,0.729814620339925,0.0,0.0
4.35,-0.12390113101057665,-0.42379288608891047,-0.2478022620211533,-0.24533379258666374,1.0302455828892452,-0.2405273714702186,-0.24290913662286268,0.7286316412674457,2.220446049250313e-16,0.0
4.359999999999999,-0.12004468552306896,-0.4215008500741667,-0.24008937104613792,-0.23784065154150064,1.028417671031245,-0.23345512023863663,-0.23562948264355543,0.7272693431553037,-1.1102230246251565e-16,0.0
4.370000000000001,-0.1162093469350533,-0.4191665515965386,-0.2324186938701066,-0.2303754980069933,1.0266540065963246,-0.2263846362813568,-0.2283643442865808,0.7257286929678087,-3.3306690738754696e-16,-1.1102230246251565e-16
4.380000000000001,-0.11239549750663277,-0.4167907276283627,-0.22479099501326555,-0.22293963944782774,1.0249541411395213,-0.21931810018675363,-0.22111549949045572,0.7240108367796136,-2.220446049250313e-16,-1.1102230246251565e-16
4.390000000000001,-0.10860351276581302,-0.4143741167901532,-0.21720702553162605,-0.21553436794960704,1.023317590946377,-0.212257687597015,-0.21388471384915536,0.7221170969071703,0.0,0.0
4.4,-0.1048337614941928,-0.41191745919148226,-0.2096675229883856,-0.20816095940992624,1.0217438378556953,-0.20520556642495524,-0.20667373886594412,0.7200489685855175,2.220446049250313e-16,2.220446049250313e-16
4.41,-0.10108660571409922,-0.4094214962727393,-0.20217321142819844,-0.20082067275326979,1.0202323301185818,-0.19816389410508076,-0.19948431024263757,0.7178081162069984,-1.1102230246251565e-16,-1.1102230246251565e-16
4.42,-0.09736240067716302,-0.4068869706477975,-0.19472480135432604,-0.1935147491712485,1.018782483291935,-0.1911348148872002,-0.19231814620859117,0.715396369140519,0.0,0.0
4.43,-0.09366149485432583,-0.40431462594762196,-0.18732298970865166,-0.18624441138959383,1.0173936811644682,-0.18412045718059622,-0.18517694589351064,0.7128157171518371,-1.1102230246251565e-16,0.0
4.4399999999999995,-0.08998422992726918,-0.40170520666484355,-0.17996845985453835,-0.17901086296322252,1.0160652767132703,-0.1771229309564574,-0.1780623877479606,0.7100683054470741,0.0,0.0
4.450000000000001,-0.08633094078125719,-0.3990594579993308,-0.17266188156251439,-0.1718152876005868,1.0147965930888356,-0.17014432521591985,-0.17097612801522402,0.7071564293631932,2.220446049250313e-16,0.0
4.460000000000001,-0.0827019554993867,-0.39637812570478836,-0.1654039109987734,-0.16465884851842186,1.0135869246264426,-0.1631867055306904,-0.16391979925792352,0.7040825287305549,-2.220446049250313e-16,0.0
4.470000000000001,-0.07909759535822561,-0.3936619559364039,-0.15819519071645122,-0.1575426878278661,1.0124355378817036,-0.15625211166277264,-0.15689500894253472,0.7008491819338255,0.0,0.0
4.48,-0.07551817482484328,-0.39091169509958,-0.15103634964968657,-0.15046792595286426,1.0113416726880695,-0.14934255526942083,-0.14990333808469886,0.6974590996985296,0.0,-1.1102230246251565e-16
4.49,-0.07196400155521272,-0.38812808969977075,-0.14392800311042545,-0.14343566108159983,1.0103045432340463,-0.14246001769892386,-0.14294633995791817,0.693915118631307,2.220446049250313e-16,0.0
4.5,-0.06843537639397844,-0.38531188619345264,-0.13687075278795688,-0.13644696865161873,1.009323339157845,-0.135606447882359,-0.13602553886796218,0.6902201945425539,-1.1102230246251565e-16,0.0
4.51,-0.0649325933755788,-0.38246383084025365,-0.1298651867511576,-0.1295029008691788,1.0083972266571903,-0.1287837603259354,-0.1291424289950148,0.686377395580518,0.0,-1.1102230246251565e-16
4.52,-0.061455939726712344,-0.3795846695562697,-0.12291187945342469,-0.1226044862632466,1.0075253496119951,-0.12199383320802687,-0.12229847330530098,0.6823898952061475,-3.3306690738754696e-16,-1.1102230246251565e-16
4.530000000000001,-0.05800569587013626,-0.37667514776858746,-0.11601139174027252,-0.11575272927444721,1.0067068307176201,-0.11523850658445921,-0.11549510253363801,0.6782609650379945,0.0,0.0
4.540000000000001,-0.054582135429789826,-0.37373601027104675,-0.10916427085957965,-0.10894860987916773,1.0059407726264522,-0.10851958070509275,-0.1087337142380717,0.6739939675963467,-1.1102230246251565e-16,0.0
4.550000000000001,-0.05118552523722205,-0.37076800108125446,-0.1023710504744441,-0.10219308324887896,1.0052262590955536,-0.10183881444417485,-0.1020156719274429,0.669592348975386,-1.1102230246251565e-16,0.0
4.5600000000000005,-0.047816125339324174,-0.36777186329888595,-0.09563225067864835,-0.09548707944467404,1.004562356138166,-0.09519792384644683,-0.09534230426248594,0.6650596314717216,-3.3306690738754696e-16,-1.1102230246251565e-16
4.57,-0.04447418900734624,-0.3647483389652891,-0.08894837801469248,-0.08883150314687506,1.0039481131768935,-0.08859858079041975,-0.08871490433073846,0.6603994061969417,-1.1102230246251565e-16,-1.1102230246251565e-16
4.58,-0.04115996274718924,-0.3616981689244158,-0.08231992549437848,-0.08222723341948296,1.0033825641964285,-0.08204241176973749,-0.0821347289952945,0.655615325701062,-1.1102230246251565e-16,0.0
4.59,-0.03787368631095996,-0.3586220926851035,-0.07574737262191993,-0.07567512350913876,1.0028647288937447,-0.0755309967930336,-0.07560299831716,0.6507110966327845,0.0,2.220446049250313e-16
4.6,-0.03461559270977621,-0.3555208482847261,-0.06923118541955242,-0.06917600067817407,1.0023936138237297,-0.06906586840219703,-0.06912089505071764,0.6456904724614443,2.220446049250313e-16,2.220446049250313e-16
4.609999999999999,-0.031385908227809976,-0.35239517215423954,-0.06277181645561995,-0.06273066607123927,1.0019682135383028,-0.06264851080849212,-0.06268956421156478,0.6405572462843426,-2.220446049250313e-16,-1.1102230246251565e-16
4.620000000000001,-0.028184852437554697,-0.3492457989846363,-0.056369704875109394,-0.05633989461491268,1.0015875117171276,-0.05628035914552173,-0.056310112715755437,0.6353152437419051,2.220446049250313e-16,0.0
4.630000000000001,-0.025012638216307673,-0.3460734615948376,-0.05002527643261535,-0.05000443494962633,1.0012504822881034,-0.04996279883760484,-0.049983609089269236,0.629968316061773,2.220446049250313e-16,-1.1102230246251565e-16
4.640000000000001,-0.021869471763845346,-0.3428788908010303,-0.04373894352769069,-0.04372500939314375,1.0009560905359027,-0.04369716508171024,-0.04371108324630046,0.6245203332515014,-2.220446049250313e-16,-1.1102230246251565e-16
4.65,-0.01875555262128994,-0.33966281528748127,-0.03751110524257988,-0.03750231393480174,1.0007032941968963,-0.03748474244074916,-0.03749352633481199,0.6189751774581073,2.220446049250313e-16,0.0
4.66,-0.01567107369114519,-0.3364259614788383,-0.03134214738229038,-0.03133701825962419,1.000491044538897,-0.0313267645456389,-0.031331890647583585,0.6133367365111807,2.220446049250313e-16,0.0
4.67,-0.01261622125849094,-0.3331690534139389,-0.02523244251698188,-0.025229765801386042,1.0003182874242442,-0.02522441390325259,-0.025227089596848315,0.6076088976647505,0.0,0.0
4.68,-0.009591175013322215,-0.32989281262114384,-0.01918235002664443,-0.019181173823646817,1.0001839643548305,-0.01917882180706428,-0.019179997750459123,0.6017955415515496,0.0,0.0
4.6899999999999995,-0.006596108074018825,-0.32659795799521313,-0.01319221614803765,-0.013191833527731392,1.0000870134977737,-0.013191068347041424,-0.013191450927399723,0.5959005363617773,-2.220446049250313e-16,-1.1102230246251565e-16
4.700000000000001,-0.0036311870119307343,-0.32328520567573915,-0.007262374023861469,-0.007262310186595556,1.0000263706905246,-0.007262182515093846,-0.007262246350339683,0.5899277322569064,0.0,2.220446049250313e-16
4.710000000000001,-0.000696571877068143,-0.3199552689271568,-0.001393143754136286,-0.0013931433034896153,1.000000970424289,-0.0013931424021970695,-0.0013931428528432069,0.5838809560275758,-1.1102230246251565e-16,0.0
4.720000000000001,0.0022075837751260865,-0.3166088580203382,0.004415167550252173,0.004415153205716083,1.0000097468047482,0.0044151245168955145,0.004415138861263882,0.5777640060030871,-2.220446049250313e-16,-1.1102230246251565e-16
4.73,0.005081132855925687,-0.313246680115797,0.010162265711851373,0.010162090807664295,1.0000516344891388,0.010161741015545261,0.010161915908895662,0.5715806472186034,-2.220446049250313e-16,-1.1102230246251565e-16
4.74,0.007923934714414552,-0.3098694391485095,0.015847869428829105,0.015847206125276334,1.0001255695988545,0.015845879668075626,0.01584654287169335,0.565334606844705,-1.1102230246251565e-16,0.0
4.75,0.010735855107536253,-0.306477835714368,0.021471710215072506,0.02147006069131242,1.00023049060682,0.02146676232799705,0.02146841139563312,0.5590295698826059,-1.1102230246251565e-16,-1.1102230246251565e-16
4.76,0.013516766169115057,-0.30307256695828194,0.027033532338230113,0.0270302406829034,1.000365339198976,0.027023659536101762,0.027026949748923355,0.5526691751270402,0.0,0.0
4.77,0.016266546377863393,-0.29965432646393597,0.032533092755726786,0.03252735663823037,1.0005290611092976,0.032515889862966045,0.03252162234087264,0.5462570113975755,-1.1102230246251565e-16,0.0
4.780000000000001,0.01898508052439166,-0.296223804145221,0.03797016104878332,0.037961043156527804,1.0007206069278631,0.03794281919041204,0.03795192920441299,0.5397966140379522,2.220446049250313e-16,0.0
4.790000000000001,0.021672259677232547,-0.2927816861393498,0.043344519354465094,0.04333095858257129,1.0009389328815568,0.043303859936472414,0.04331740544494571,0.5332914616819375,0.0,-1.1102230246251565e-16
4.800000000000001,0.024327981147902654,-0.28932865470166125,0.04865596229580531,0.048636784676821074,1.001183001587088,0.04859847022839503,0.04861762065817789,0.5267449732831524,0.0,-1.1102230246251565e-16
4.8100000000000005,0.026952148455007287,-0.28586538810213713,0.053904296910014575,0.053878226272344606,1.0014517827760672,0.05382615302814636,0.05385217831955344,0.5201605054054025,2.220446049250313e-16,0.0
4.82,0.029544671287411207,-0.2823925605236301,0.059089342574822415,0.0590550109196569,1.001744253991968,0.05898645521484187,0.059020715147876796,0.5135413497691398,0.0,0.0
4.83,0.03210546546648807,-0.27891084196181776,0.06421093093297614,0.06416688852057692,1.0020594012588673,0.06407896662843468,0.06412290044565963,0.5068907310489048,2.220446049250313e-16,0.0
4.84,0.03463445290746511,-0.2754208981268928,0.06926890581493023,0.06921363095218194,1.002396219721921,0.06910331907890316,0.0691584354186731,0.5002118049158744,-1.1102230246251565e-16,0.0
4.85,0.037131561579878535,-0.27192339034699464,0.07426312315975707,0.07419503168191381,1.0027537142596088,0.07405918532507237,0.07412705247712367,0.4935076563189927,-2.220446049250313e-16,-1.1102230246251565e-16
4.859999999999999,0.039596725467155876,-0.2684189754733939,0.07919345093431175,0.07911090537486386,1.0031309000678252,0.07894627802708219,0.07902851452080423,0.48678129799759984,-1.1102230246251565e-16,-1.1102230246251565e-16
4.870000000000001,0.04202988452534173,-0.26490830578743574,0.08405976905068346,0.08396108749423399,1.003526803215965,0.08376434867638831,0.08386261421049836,0.48003566921797364,-1.1102230246251565e-16,0.0
4.880000000000001,0.04443098464098012,-0.26139202890925256,0.08886196928196025,0.08874543389593223,1.0039404611751974,0.0885131865070363,0.08862917322783187,0.4732736347257795,0.0,2.220446049250313e-16
4.890000000000001,0.04679997758817646,-0.25787078770824434,0.09359995517635292,0.09346382041824759,1.0043709233191767,0.09319261739181993,0.09332804152570243,0.4664979839060488,2.220446049250313e-16,0.0
4.9,0.04913682098484651,-0.2543452202153451,0.09827364196969302,0.0981161424674836,1.0048172513974805,0.09780250272675546,0.09795909657130224,0.45971143014205074,0.0,0.0
4.91,0.05144147824817498,-0.2508159595370715,0.10288295649634996,0.10270231460042328,1.0052785199821141,0.10234273830717136,0.10252224258369068,0.4529166103641525,0.0,0.0
4.92,0.05371391854929772,-0.24728363377136292,0.10742783709859544,0.10722227010444657,1.005753816887454,0.10681325319853784,0.10701740976776751,0.4461160847796191,0.0,0.0
4.93,0.05595411676722422,-0.24374886592521833,0.11190823353444844,0.111675960576088,1.006242243564044,0.1112140086050023,0.11144455354641045,0.43931233677418097,0.0,-1.1102230246251565e-16
4.9399999999999995,0.058162053442016706,-0.24021227383413152,0.11632410688403341,0.11606335549878481,1.0067429154666885,0.11554499673842743,0.1158036537924486,0.43250777297612897,-2.220446049250313e-16,0.0
4.950000000000001,0.060337714727242704,-0.23667447008333056,0.12067542945448541,0.12038444182052954,1.007254962397319,0.11980623969056614,0.12009471406205173,0.42570472347368987,2.220446049250313e-16,2.220446049250313e-16
4.960000000000001,0.06248109234171551,-0.23313606193082784,0.12496218468343102,0.12463922353209847,1.0077775288231305,0.12399778831083896,0.12431776083101784,0.41890544217646425,-2.220446049250313e-16,-1.1102230246251565e-16
4.970000000000001,0.0645921835205443,-0.22959765123227324,0.1291843670410886,0.12882772124650363,1.008309774170521,0.1281197210920238,0.1284728427353641,0.41211210731175674,2.220446049250313e-16,0.0
4.98,0.06667099096550336,-0.22605983436762694,0.13334198193100671,0.13294997178025605,1.0088508730953694,0.13217214306598665,0.1325600298175112,0.40532682204677745,2.220446049250313e-16,0.0
4.99,0.06871752279474204,-0.22252320216964241,0.13743504558948408,0.13700602773701367,1.0094000157302276,0.13615518471144442,0.1365794127792845,0.39855161522778815,2.220446049250313e-16,0.0
5.0,0.0707317924918505,-0.21898833985416763,0.141463584983701,0.1409959570941389,1.0099564079089953,0.1400690008755783,0.1405311022428554,0.39178844222746884,2.220446049250313e-16,0.0
5.01,0.07271381885429738,-0.21545582695226143,0.14542763770859476,0.14491984279265685,1.0105192713696767,0.14391376971116984,0.14441522802066062,0.38503918589195696,-1.1102230246251565e-16,0.0
5.02,0.07466362594125665,-0.21192623724412912,0.1493272518825133,0.14877778233107322,1.0110878439358193,0.14768969163078194,0.14823193839525658,0.37830565757924633,0.0,0.0
5.030000000000001,0.07658124302083999,-0.20840013869487348,0.15316248604167998,0.15256988736347396,1.0116613796772453,0.15139698827936288,0.15198139940998018,0.37158959828085747,-3.3306690738754696e-16,-1.1102230246251565e-16
5.040000000000001,0.07846670451675003,-0.20487809339206764,0.15693340903350006,0.15629628330229403,1.0122391490506955,0.15503590152650817,0.15566379417120824,0.3648926798189677,2.220446049250313e-16,0.0
5.050000000000001,0.08032004995437504,-0.20136065748513685,0.16064009990875008,0.15995710892612147,1.012820439021001,0.15860669247949405,0.15927932216293886,0.3582165061114262,-1.1102230246251565e-16,-1.1102230246251565e-16
5.0600000000000005,0.08214132390633594,-0.19784838112656258,0.16428264781267188,0.16355251599285017,1.013404553163416,0.1621096405180455,0.1628281985743267,0.35156261449741144,4.440892098500626e-16,0.0
5.07,0.08393057593750633,-0.19434180841489654,0.16786115187501266,0.16708266885848738,1.013990811747723,0.16554504235170117,0.16631065364075118,0.34493247711673175,2.220446049250313e-16,0.0
5.08,0.08568786054952099,-0.19084147733958698,0.17137572109904198,0.1705477441018786,1.0145785518047465,0.16891321110050714,0.16972693199891808,0.33832750233609843,2.220446049250313e-16,-1.1102230246251565e-16
5.09,0.08741323712478868,-0.18734791972761342,0.17482647424957737,0.17394793015558863,1.0151671271758844,0.17221447539966248,0.17307729205643124,0.33174903621599205,2.220446049250313e-16,0.0
5.1,0.08910676987002675,-0.1838616611919276,0.1782135397400535,0.17728342694315175,1.0157559085462804,0.17544917852863628,0.17636200537621136,0.32519836401205315,-2.220446049250313e-16,-1.1102230246251565e-16
5.109999999999999,0.0907685277593331,-0.1803832210816965,0.1815370555186662,0.1805544455228747,1.0163442834622465,0.17861767756517283,0.17958135607607628,0.31867671170523143,-1.1102230246251565e-16,-1.1102230246251565e-16
5.120000000000001,0.09239858447681286,-0.17691311243434307,0.18479716895362572,0.18376120773835639,1.0169316563335389,0.1817203425645104,0.1827356402437448,0.3121852475552369,-1.1102230246251565e-16,0.0
5.130000000000001,0.09399701835877435,-0.17345184192938545,0.1879940367175487,0.18690394587585746,1.0175174484210867,0.18475755576404593,0.1858251653674673,0.3057250836721455,-2.220446049250313e-16,0.0
5.140000000000001,0.09556391233551445,-0.16999990984405774,0.1911278246710289,0.18998290232864298,1.0181010978107623,0.18772971081360576,0.1888502497824475,0.29929727760128605,-1.1102230246251565e-16,0.0
5.15,0.09709935387270473,-0.16655781001072337,0.19419870774540945,0.19299832926838212,1.0186820593737709,0.19063721203138886,0.19181122213315582,0.29290283391687816,-1.1102230246251565e-16,0.0
5.16,0.09860343491239847,-0.16312602977606325,0.19720686982479693,0.19595048832368667,1.019259804714232,0.19348047368559523,0.19470842085160756,0.28654270582013225,0.0,0.0
5.17,0.10007625181367288,-0.15970504996203813,0.20015250362734577,0.1988396502658393,1.0198338221045107,0.1962599193016708,0.19754219365162634,0.28021779673783537,0.0,0.0
5.18,0.10151790529292347,-0.15629534482861795,0.20303581058584694,0.2016660947017502,1.0204036164088464,0.19897598099505007,0.2003128970390813,0.273928961917712,2.220446049250313e-16,2.220446049250313e-16
5.1899999999999995,0.1029285003638262,-0.15289738203827125,0.2058570007276524,0.20443010977416165,1.0209687089958168,0.20162909882921382,0.20302089583804667,0.26767701001711935,2.220446049250313e-16,0.0
5.200000000000001,0.104308146276984,-0.1495116226222073,0.208616292553968,0.20713199186910544,1.0215286376401607,0.20421972019883236,0.20566656273280234,0.26146270468189253,-1.1102230246251565e-16,0.0
5.210000000000001,0.1056569564592718,-0.14613852094836707,0.2113139129185436,0.20977204533059962,1.0220829564144713,0.20674829923771118,0.20825027782555883,0.25528676611241474,4.440892098500626e-16,0.0
5.220000000000001,0.10697504845290015,-0.1427785246911463,0.2139500969058003,0.21235058218256872,1.0226312355712597,0.2092152962512279,0.2107724282097725,0.24914987261420454,-2.220446049250313e-16,0.0
5.23,0.10826254385420793,-0.13943207480285436,0.21652508770841586,0.21486792185793954,1.0231730614158767,0.21162117717288836,0.2132334075588744,0.24305266213058002,2.220446049250313e-16,0.0
5.24,0.1095195682522035,-0.13609960548689123,0.219039136504407,0.21732439093487135,1.0237080361707611,0.2139664130446172,0.21563361573022866,0.2369957337551441,0.0,-1.1102230246251565e-16
5.25,0.11074625116686915,-0.13278154417263824,0.2214925023337383,0.21972032288005833,1.024235777831482,0.21625147952035376,0.21797345838410623,0.23097964922206976,-4.440892098500626e-16,-1.1102230246251565e-16
5.26,0.11194272598724359,-0.12947831149205133,0.22388545197448717,0.22205605779903329,1.0247559200150151,0.21847685639250244,0.22025334661744225,0.2250049343723548,-3.3306690738754696e-16,-1.1102230246251565e-16
5.27,0.1131091299092993,-0.1261903212579486,0.2262182598185986,0.22433194219339572,1.0252681118006914,0.22064302714076275,0.22247369661212973,0.2190720805944102,2.220446049250313e-16,-1.1102230246251565e-16
5.280000000000001,0.11424560387362916,-0.1229179804439808,0.2284912077472583,0.22654832872487396,1.0257720175642349,0.22275047850284138,0.22463492929758425,0.2131815462375259,2.220446049250313e-16,0.0
5.290000000000001,0.11535229250295716,-0.1196616891662783,0.23070458500591431,0.22870557598612593,1.0262673168053005,0.22479970006653022,0.226737470027301,0.20733375799693524,-1.1102230246251565e-16,0.0
5.300000000000001,0.11642934403949096,-0.11642184066675518,0.2328586880789819,0.23080404827817944,1.0267537039689043,0.22679118388262873,0.22878174826911846,0.20152911226934025,-2.220446049250313e-16,0.0
5.3100000000000005,0.1174769102821283,-0.11319882129807173,0.2349538205642566,0.23284411539439834,1.0272308882611254,0.22872542409816107,0.23076819730888345,0.1957679764779495,-1.1102230246251565e-16,0.0
5.32,0.11849514652353406,-0.10999301051023411,0.23699029304706812,0.23482615241086233,1.0276985934594516,0.23060291660934215,0.23269725396721103,0.19005069036618336,0.0,0.0
5.33,0.11948421148710246,-0.10680478083882469,0.23896842297420492,0.23675053948304048,1.0281565577181224,0.23242415873373257,0.23456935832902193,0.18437756725936238,2.220446049250313e-16,0.0
5.34,0.12044426726381943,-0.1036344978948494,0.24088853452763886,0.2386176616486342,1.028604533368813,0.23418964890101907,0.23638495348553448,0.17874889529380764,0.0,-1.1102230246251565e-16
5.35,0.1213754792490397,-0.1004825203561911,0.2427509584980794,0.24042790863646166,1.0290422867169922,0.23589988636185258,0.23814448528838308,0.1731649386129041,0.0,0.0
5.359999999999999,0.12227801607919261,-0.09734919996065507,0.24455603215838523,0.24218167468125087,1.0294695978342698,0.23755537091417378,0.23984840211552924,0.1676259385297827,2.220446049250313e-16,0.0
5.370000000000001,0.12315204956843286,-0.0942348815005953,0.2463040991368657,0.24387935834421,1.0298862603470458,0.23915660264645863,0.24149715464863375,0.16213211465638103,0.0,0.0
5.380000000000001,0.12399775464524754,-0.0911399028191097,0.24799550929049508,0.24552136233923288,1.0302920812217533,0.24070408169731253,0.24309119566154747,0.15668366599873873,-2.220446049250313e-16,-1.1102230246251565e-16
5.390000000000001,0.12481530928903785,-0.08806459480778472,0.2496306185780757,0.2471080933646083,1.030686880546984,0.24219830803085135,0.24463097981958995,0.15128077201845286,0.0,0.0
5.4,0.12560489446668544,-0.08500928140598547,0.25120978893337087,0.24863996194008503,1.031070491312766,0.24363978122730368,0.24611696348927026,0.14592359366032986,-2.220446049250313e-16,0.0
5.41,0.12636669406911988,-0.08197427960166984,0.25273338813823976,0.25011738224915553,1.031442759187263,0.24502900028827954,0.24754960455811673,0.14061227434631046,2.220446049250313e-16,0.0
5.42,0.12710089484790066,-0.07895989943371574,0.2542017896958013,0.2515407719864149,1.031803542291142,0.24636646345615443,0.24892936226427828,0.13534694093583058,0.0,0.0
5.43,0.12780768635182718,-0.07596644399574683,0.25561537270365436,0.25291055220985215,1.0321527109698585,0.2476526680470241,0.25025669703556236,0.13012770465283663,0.0,0.0
5.4399999999999995,0.12848726086359,-0.07299420944144154,0.25697452172718,0.25422714719792905,1.0324901475640884,0.2488881102966933,0.2515320703375764,0.1249546619797272,0.0,0.0
5.450000000000001,0.12913981333647803,-0.07004348499131088,0.25827962667295606,0.2554909843113066,1.0328157461785339,0.25007328521917155,0.2527559445306466,0.11982789551854515,2.220446049250313e-16,0.0
5.460000000000001,0.1297655413311531,-0.06711455294093244,0.2595310826623062,0.2567024938590727,1.033129412449316,0.2512086864771536,0.2539287827351835,0.11474747481979422,2.220446049250313e-16,0.0
5.470000000000001,0.1303646449525077,-0.06420768867061798,0.2607292899050154,0.25786210896933337,1.0334310633101627,0.2522948062639791,0.25505104870517936,0.10971345717927523,-1.1102230246251565e-16,0.0
5.48,0.13093732678661618,-0.06132316065650902,0.26187465357323236,0.25897026546402124,1.033720626757588,0.2533321351965661,0.25612320670951244,0.10472588840340581,2.220446049250313e-16,2.220446049250313e-16
5.49,0.13148379183779407,-0.05846123048307762,0.26296758367558815,0.2600274017377856,1.0339980416152525,0.2543211622188329,0.2571457214207503,0.09978480354348769,0.0,-1.1102230246251565e-16
5.5,0.13200424746577802,-0.05562215285701865,0.26400849493155604,0.26103395864082185,1.034263257297689,0.2552623745151253,0.2581190578111432,0.09489022759943237,4.440892098500626e-16,0.0
5.51,0.13249890332303843,-0.052806175622517854,0.26499780664607686,0.261990379365505,1.0345162335735634,0.2561562574331832,0.25904368105550263,0.09004217619347508,0.0,-1.1102230246251565e-16
5.52,0.13296797129223786,-0.050013539777878646,0.2659359425844757,0.2628971093366905,1.0347569403286423,0.2570032944161878,0.25992005644067073,0.0852406562144288,-2.220446049250313e-16,0.0
5.530000000000001,0.13341166542384722,-0.04724447949349087,0.26682333084769444,0.26375459610554736,1.0349853573286234,0.25780396694344154,0.2607486492812866,0.0804856664330476,0.0,-1.1102230246251565e-16
5.540000000000001,0.13383020187393171,-0.044499222131128155,0.26766040374786343,0.26456328924679245,1.0352014739819826,0.25855875447924836,0.26152992484156407,0.0757771980890911,0.0,0.0
5.550000000000001,0.13422379884211957,-0.041777988264548774,0.26844759768423915,0.2653236402591963,1.0354052891029866,0.2592681344295683,0.262264348262802,0.07111523545067504,2.220446049250313e-16,0.0
5.5600000000000005,0.13459267650976375,-0.03908099170139365,0.2691853530195275,0.26603610246922943,1.0355968106750075,0.2599325821060332,0.2629523844963508,0.06649975634653547,-3.3306690738754696e-16,0.0
5.57,0.13493705697830982,-0.036408439506356416,0.26987411395661964,0.2667011309377258,1.0357760556142774,0.2605525706969236,0.26359449824176967,0.061930732671811255,2.220446049250313e-16,0.0
5.58,0.135257164207881,-0.0337605320256111,0.270514328415762,0.2673191823694386,1.0359430495342061,0.26112857124471667,0.26419115388991177,0.05740813086797396,-1.1102230246251565e-16,0.0
5.59,0.1355532239560914,-0.031137462912479725,0.2711064479121828,0.2678907150253667,1.0360978265103933,0.2616610526298245,0.2647428154706811,0.052931912377533835,0.0,0.0
5.6,0.13582546371709964,-0.028539419154321642,0.2716509274341993,0.2684161886377344,1.036240428846443,0.2621504815601576,0.26524994660521484,0.04850203407415249,-4.440892098500626e-16,-1.1102230246251565e-16
5.610000000000001,0.13607411266091254,-0.02596658110062694,0.2721482253218251,0.2688960643275044,1.0363709068407019,0.2625973225661537,0.26571301046224394,0.04411844866879582,-1.1102230246251565e-16,-1.1102230246251565e-16
5.620000000000001,0.13629940157295153,-0.023419122492298036,0.27259880314590307,0.26933080452431507,1.036489318554021,0.26300203800093047,0.2661324697184009,0.03978110509256356,-2.220446049250313e-16,0.0
5.630000000000001,0.1365015627938905,-0.020897210492094857,0.273003125587781,0.26972087288872554,1.0365957295786519,0.2633650880452202,0.266508786522239,0.03548994885681635,-2.220446049250313e-16,0.0
5.640000000000001,0.13668083015977778,-0.018401005716234636,0.27336166031955555,0.27006673423666466,1.0366902128083701,0.26368693071677124,0.2668424224617447,0.031244922391245333,-2.220446049250313e-16,-1.1102230246251565e-16
5.65,0.13683743894245076,-0.015930662267120824,0.2736748778849015,0.27036885446597286,1.0367728482099228,0.2639680218838916,0.2671338385351208,0.027045965360498518,-3.3306690738754696e-16,0.0
5.66,0.13697162579025468,-0.013486327767185441,0.27394325158050936,0.2706277004849376,1.0368437225958895,0.2642088152828397,0.2673834951246322,0.022893014959990285,-4.440892098500626e-16,0.0
5.67,0.1370836286690754,-0.011068143393826183,0.2741672573381508,0.2708437401427205,1.0369029293990464,0.26440976253876414,0.26759185197330904,0.018786006191511044,0.0,0.0
5.68,0.1371736868036951,-0.008676243915419091,0.2743473736073902,0.27101744216157503,1.0369505684483098,0.26457131318990734,0.2677593681643053,0.014724872119247485,-1.1102230246251565e-16,0.0
5.6899999999999995,0.13724204061948234,-0.006310757728388459,0.2744840812389647,0.27114927607076483,1.0369867457463469,0.264693914714803,0.2678865021027246,0.010709544106819293,0.0,0.0
5.700000000000001,0.1372889316844244,-0.00397180689531447,0.2745778633688488,0.2712397121420858,1.037011573248921,0.2647780125621993,0.2679737114997222,0.0067399520359297535,-1.1102230246251565e-16,0.0
5.710000000000001,0.1373146026515126,-0.0016595071840621422,0.2746292053030252,0.2712892213269038,1.0370251686460512,0.26482405018345256,0.2680214533587055,0.002816024507225803,-2.220446049250313e-16,-1.1102230246251565e-16
5.720000000000001,0.13731929720148855,0.0006260318920933921,0.2746385944029771,0.2712982751946204,1.037027655145051,0.26483246906714647,0.2680301839634546,-0.0010623109760587084,-1.1102230246251565e-16,0.0
5.73,0.13730325998596168,0.0028847070333566757,0.27460651997192337,0.27126734587248297,1.0370191612555142,0.2648037087756976,0.2680003588679982,-0.004895127841087411,-2.220446049250313e-16,-1.1102230246251565e-16
5.74,0.13726673657090568,0.005116421111341391,0.27453347314181137,0.27119690598665536,1.0369998205763131,0.2647382069837189,0.2679324328880764,-0.008682500294474699,0.0,0.0
5.75,0.13720997338054372,0.0073210831260568975,0.27441994676108744,0.27108742860447355,1.0369697715846677,0.264636399517921,0.2678268600940367,-0.012424503186844939,-1.1102230246251565e-16,0.0
5.76,0.13713321764162992,0.009498608161970987,0.27426643528325984,0.27093938717780564,1.0369291574273465,0.26449872039833794,0.2676840938050086,-0.016121211892345916,0.0,0.0
5.77,0.13703671732813585,0.01164891734316863,0.2740734346562717,0.2707532554874463,1.0368781257140522,0.2643256018806738,0.26750458658421,-0.019772702202574207,2.220446049250313e-16,0.0
5.780000000000001,0.13692072110635078,0.013771937787626158,0.27384144221270157,0.27052950758847255,1.0368168283130499,0.2641174744995744,0.2672887902352457,-0.023379050234378043,0.0,0.0
5.790000000000001,0.13678547828040238,0.01586760256061813,0.27357095656080477,0.2702686177564927,1.0367454211490852,0.26387476711263425,0.2670371557992596,-0.02694033235100808,2.220446049250313e-16,0.0
5.800000000000001,0.13663123873820693,0.01793585062728201,0.27326247747641386,0.26997106043472296,1.0366640640036422,0.2635979069449578,0.26675013355281124,-0.030456625096108154,0.0,0.0
5.8100000000000005,0.13645825289785596,0.0199766268043523,0.2729165057957119,0.2696373101818288,1.036572920317592,0.26328731963410157,0.26642817300635063,-0.03392800514002379,0.0,0.0
5.82,0.13626677165444703,0.021989881711089856,0.27253354330889407,0.2692678416204693,1.03647215699627,0.2629434292752303,0.26607172290316994,-0.03735454923793872,-2.220446049250313e-16,0.0
5.83,0.13605704632736593,0.02397557171942291,0.27211409265473185,0.2688631293864879,1.0363619442170326,0.2625666584663266,0.2656812312187173,-0.04073633419934197,-2.220446049250313e-16,-1.1102230246251565e-16
5.84,0.13582932860802696,0.025933658903320233,0.2716586572160539,0.26842364807869196,1.0362424552393275,0.26215742835330225,0.2652571451601606,-0.044073436868343654,2.220446049250313e-16,0.0
5.85,0.1355838705080791,0.02786411098741568,0.2711677410161582,0.26794987220917027,1.0361138662173217,0.2617161586748629,0.2647999111660964,-0.047365934114363094,-1.1102230246251565e-16,0.0
5.860000000000001,0.13532092430808418,0.02976690129490405,0.27064184861616836,0.2674422761540962,1.035976356015125,0.2612432678069895,0.26430997490630265,-0.05061390283272287,0.0,-1.1102230246251565e-16
5.870000000000001,0.13504074250667322,0.0316420086947257,0.27008148501334645,0.26690133410496814,1.0358301060246389,0.2607391728068986,0.263787781281436,-0.05381741995468578,0.0,0.0
5.880000000000001,0.13474357777018853,0.03348941754806458,0.26948715554037705,0.26632752002024274,1.0356752999860737,0.26020428945635843,0.2632337744225851,-0.056976562466491874,4.440892098500626e-16,0.0
5.890000000000001,0.1344296828828168,0.03530911765417234,0.2688593657656336,0.2657213075773163,1.0355121238111598,0.2596390323042358,0.2626483976905904,-0.060091407436940414,-1.1102230246251565e-16,0.0
5.9,0.134099310697219,0.03710110419554301,0.268198621394438,0.2650831701248132,1.0353407654090883,0.2590438147081615,0.2620320936750453,-0.06316203205308939,-3.3306690738754696e-16,-1.1102230246251565e-16
5.91,0.13375271408566444,0.03886537768245569,0.2675054281713289,0.2644135806351427,1.035161414515208,0.25841904887520206,0.2613853041929041,-0.06618851366364031,2.220446049250313e-16,0.0
5.92,0.13339014589167283,0.04060194389690511,0.26678029178334567,0.26371301165728833,1.034974262522507,0.2577651459014365,0.26070847028661776,-0.06917092982958853,0.0,0.0
5.93,0.13301185888217087,0.04231081383593927,0.26602371776434175,0.26298193526979324,1.0347795023159099,0.25708251581033625,0.26000203222172874,-0.07210935838172476,0.0,0.0
5.9399999999999995,0.13261810570016871,0.04399200365442363,0.26523621140033743,0.2622208230339119,1.0345773281094093,0.2563715675898593,0.25926642948385903,-0.07500387748458177,-2.220446049250313e-16,-1.1102230246251565e-16
5.950000000000001,0.13220913881796076,0.045645534607251174,0.2644182776359215,0.2614301459468962,1.0343679352860602,0.25563270922816766,0.25850210077502694,-0.07785456570642672,-2.220446049250313e-16,0.0
5.960000000000001,0.1317852104908569,0.047271432991016285,0.2635704209817138,0.26061037439538953,1.034151520240858,0.2548663477478882,0.257709484009237,-0.08066150209490483,-2.220446049250313e-16,0.0
5.970000000000001,0.13134657271144767,0.04886973008517566,0.26269314542289535,0.25976197810890156,1.0339282802265224,0.2540728892388378,0.2568890163072853,-0.08342476625795571,-2.220446049250313e-16,-1.1102230246251565e-16
5.98,0.1308934771644087,0.05044046209270934,0.2617869543288174,0.25888542611334053,1.0336984132022058,0.25325273888914074,0.2560411339907311,-0.08614443844961356,-2.220446049250313e-16,0.0
5.99,0.13042617518184887,0.05198367008030602,0.26085235036369775,0.25798118668458175,1.0334621176851455,0.25240630101467254,0.2551662725749884,-0.08882059966032818,2.220446049250313e-16,0.0
6.0,0.12994491769920688,0.0534993999180893,0.25988983539841376,0.25704972730205317,1.033219592605277,0.2515339790867671,0.25426486676149307,-0.0914533317114376,-1.1102230246251565e-16,0.0
6.010000000000002,0.12944995521169847,0.054987702218904276,0.25889991042339694,0.2560915146023166,1.0329710371628253,0.2506361757581273,0.2533373504289045,-0.09404271735343507,2.220446049250313e-16,0.0
6.02,0.1289415377313213,0.056448632277181957,0.2578830754626426,0.25510701433263483,1.032716650688886,0.24971329288689065,0.2523841566233098,-0.09658884036767598,-3.3306690738754696e-16,0.0
6.030000000000001,0.12841991474441747,0.05788225000740571,0.25683982948883494,0.25409669130450274,1.0324566325090143,0.24876573155879508,0.25140571754739155,-0.09909178567118908,0.0,0.0
6.039999999999999,0.12788533516980166,0.05928861988218754,0.2557706703396033,0.2530610093471393,1.0321911818098282,0.2477938921074088,0.25040246454853793,-0.10155163942423456,-4.440892098500626e-16,-1.1102230246251565e-16
6.050000000000001,0.12733804731745335,0.060667810869987536,0.2546760946349067,0.25200043126092003,1.0319204975086442,0.24679817413237617,0.24937482810585965,-0.10396848914030245,-2.220446049250313e-16,0.0
6.059999999999999,0.12677829884778147,0.06201989637247879,0.25355659769556294,0.25091541877075113,1.0316447781261482,0.2457789765156533,0.2483232378161013,-0.10634242379819772,0.0,0.0
6.07,0.12620633673145965,0.06334495416159244,0.2524126734629193,0.24980643247936896,1.031364221662114,0.24473669743569246,0.24724812237841784,-0.10867353395592136,-1.1102230246251565e-16,-1.1102230246251565e-16
6.080000000000002,0.1256224072098396,0.06464306631624596,0.2512448144196792,0.2486739318205681,1.0310790254741773,0.24367173437955997,0.2461499095780092,-0.1109619118660084,0.0,0.0
6.09,0.12502675575594163,0.0659143191587844,0.25005351151188326,0.2475183750123474,1.0307893861596673,0.24258448415295425,0.24502902626859221,-0.11320765159203766,2.220446049250313e-16,0.0
6.100000000000001,0.12441962703602603,0.06715880319114856,0.24883925407205207,0.24634021900997422,1.0304954994405047,0.24147534288811195,0.24388589835370275,-0.11541084912600622,-1.1102230246251565e-16,0.0
6.109999999999999,0.12380126487175049,0.06837661303078316,0.24760252974350097,0.2451399194589705,1.0301975600511686,0.240344706049588,0.24272095076682504,-0.1175716025062676,-1.1102230246251565e-16,0.0
6.120000000000001,0.12317191220290974,0.06956784734631412,0.24634382440581948,0.24391793064801187,1.0298957616297317,0.23919296843789226,0.24153460745033356,-0.11969001193576823,0.0,-1.1102230246251565e-16
6.129999999999999,0.1225318110507674,0.07073260879299922,0.2450636221015348,0.24267470546175482,1.0295902966119699,0.23802052419098696,0.24032729133325972,-0.12176617990027831,2.220446049250313e-16,2.220446049250313e-16
6.140000000000001,0.12188120248197302,0.07187100394798329,0.24376240496394605,0.24141069533358073,1.02928135612854,0.23682776678362782,0.23909942430786926,-0.12380021128636957,-3.3306690738754696e-16,0.0
6.149999999999999,0.1212203265730756,0.07298314324536183,0.2424406531461512,0.2401263501982786,1.028969129905233,0.23561508902456546,0.23785142720507058,-0.12579221349885034,-2.220446049250313e-16,0.0
6.16,0.12054942237562574,0.07406914091108434,0.24109884475125148,0.238822118444656,1.0286538061662864,0.23438288305159563,0.2365837197686444,-0.1277422965774238,-1.1102230246251565e-16,-1.1102230246251565e-16
6.170000000000002,0.11986872788187643,0.07512911489770094,0.23973745576375285,0.2374984468681007,1.0283355715407678,0.2331315403244792,0.23529672062831902,-0.12965057331229463,2.220446049250313e-16,2.220446049250313e-16
6.18,0.11917847999107767,0.07616318681898039,0.23835695998215534,0.23615578062309214,1.0280146109720107,0.2318614516157348,0.23399084727169156,-0.13151715935849825,-2.220446049250313e-16,-1.1102230246251565e-16
6.190000000000001,0.1184789144763677,0.07717148188441154,0.2369578289527354,0.23479456317567432,1.0276911076301058,0.2305730069993201,0.2326665160150124,-0.13334217334870863,0.0,0.0
6.199999999999999,0.1177702659522648,0.07815412883360179,0.2355405319045296,0.23341523625590785,1.027365242827432,0.2292665958372251,0.23132414197285495,-0.13512573700428746,-4.440892098500626e-16,-1.1102230246251565e-16
6.210000000000001,0.11705276784275513,0.07911125987059886,0.23410553568551026,0.2320182398103037,1.027037195937226,0.22794260676399022,0.2299641390266788,-0.13686797524437047,2.220446049250313e-16,-1.1102230246251565e-16
6.219999999999999,0.1163266523499832,0.08004301059813997,0.2326533046999664,0.2306040119542612,1.026707144315172,0.22660142766918157,0.2285869197923187,-0.1385690162927542,0.0,0.0
6.23,0.11559215042353893,0.0809495199518572,0.23118430084707786,0.22917298892451535,1.0263752632240082,0.22524344567784219,0.22719289558640976,-0.1402289917823976,-1.1102230246251565e-16,0.0
6.240000000000002,0.11484949173034899,0.08183093013444401,0.22969898346069798,0.2277256050316193,1.02604172576113,0.22386904712896008,0.2257824763917872,-0.1418480368573187,0.0,0.0
6.25,0.11409890462516654,0.08268738654980762,0.2281978092503331,0.2262622926124691,1.0257067027891802,0.2224786175519767,0.22435607082187706,-0.1434262902717112,2.220446049250313e-16,0.0
6.260000000000002,0.11334061612166126,0.08351903773721923,0.2266812322433225,0.2247834819828894,1.0253703628696078,0.22107254164137438,0.22291408608410865,-0.14496389448608854,2.220446049250313e-16,0.0
6.27,0.11257485186411349,0.08432603530547562,0.22514970372822699,0.22328960139030682,1.025032872199184,0.2196512032293887,0.22145692794238814,-0.14646099576027646,2.220446049250313e-16,-1.1102230246251565e-16
6.280000000000001,0.11180183609970444,0.08510853386709431,0.22360367219940888,0.2217810769665131,1.0246943945494484,0.21821498525687355,0.21998500067864946,-0.14791774424309834,0.0,-1.1102230246251565e-16
6.289999999999999,0.11102179165141134,0.08586669097254943,0.22204358330282267,0.22025833268055617,1.0243550912090775,0.216764269742378,0.2184987070535349,-0.1493342940585771,-1.1102230246251565e-16,0.0
6.300000000000001,0.11023493989149775,0.08660066704457174,0.2204698797829955,0.21872179029176048,1.0240151209291435,0.21529943774946553,0.2169984482662228,-0.15071080338851867,-1.1102230246251565e-16,0.0
6.309999999999999,0.10944150071560745,0.08731062531251958,0.2188830014312149,0.21717186930291477,1.023674639871252,0.21382086935234024,0.21548462391345638,-0.15204743455131736,2.220446049250313e-16,0.0
6.32,0.10864169251745266,0.08799673174684419,0.21728338503490532,0.21560898691363223,1.0233338015585272,0.2123289435998155,0.21395763194779652,-0.15334435407686403,2.220446049250313e-16,-1.1102230246251565e-16
6.330000000000002,0.10783573216410343,0.08865915499365541,0.21567146432820686,0.21403355797391888,1.022992756829428,0.21082403847769138,0.212417868635152,-0.15460173277741437,0.0,2.220446049250313e-16
6.34,0.10702383497187101,0.08929806630940933,0.21404766994374202,0.21244599493796124,1.0226516537943628,0.20930653086958506,0.21086572851161742,-0.15581974581431196,2.220446049250313e-16,0.0
6.350000000000001,0.10620621468278672,0.08991363949572945,0.21241242936557345,0.21084670781815998,1.0223106377950808,0.20777679651627656,0.20930160433966497,-0.15699857276045096,2.220446049250313e-16,0.0
6.359999999999999,0.10538308344167749,0.09050605083437267,0.21076616688335498,0.20923610413943827,1.0219698513668112,0.20623520997363126,0.2077258870637385,-0.15813839765837168,-1.1102230246251565e-16,0.0
6.370000000000001,0.10455465177382955,0.09107547902236042,0.2091093035476591,0.20761458889383283,1.02162943420312,0.20468214456914724,0.2061389657652803,-0.1592394090739084,0.0,-1.1102230246251565e-16
6.379999999999999,0.10372112856324868,0.09162210510728176,0.20744225712649736,0.2059825644954116,1.0212895231234558,0.20311797235720908,0.20454122761725396,-0.16030180014529155,-1.1102230246251565e-16,-1.1102230246251565e-16
6.390000000000001,0.10288272103150412,0.09214611242278826,0.20576544206300823,0.20434043073551958,1.0209502520433527,0.20154306407308747,0.2029330578381889,-0.1613257686276398,2.220446049250313e-16,0.0
6.399999999999999,0.10203963471716575,0.09264768652428802,0.2040792694343315,0.2026885847383981,1.0206117519472575,0.19995778908577352,0.2013148396458134,-0.1623115169327644,-2.220446049250313e-16,0.0
6.41,0.101192073455822,0.09312701512485835,0.202384146911644,0.20102742091718184,1.02027415086395,0.19836251534969174,0.1996869542103038,-0.16325925216423762,2.220446049250313e-16,-1.1102230246251565e-16
6.420000000000002,0.100340239360686,0.09358428803138384,0.200680478721372,0.19935733093031566,1.0199375738445167,0.1967576093553786,0.19804978060721576,-0.1641691861476635,-2.220446049250313e-16,0.0
6.43,0.09948433280378012,0.09401969708093731,0.19896866560756024,0.1976787036384001,1.0196021429428506,0.19514343607917717,0.1964036957701304,-0.165041535456118,0.0,0.0
6.440000000000001,0.0986245523977001,0.0944334360774144,0.1972491047954002,0.1959919250614972,1.01926797719863,0.1935203589320272,0.1947490744430713,-0.1658765214307208,0.0,-1.1102230246251565e-16
6.449999999999999,0.09776109497795919,0.09482570072843324,0.19552218995591839,0.19429737833692526,1.0189351926227488,0.19188873970742193,0.19308628913274561,-0.166674370196312,-1.1102230246251565e-16,0.0
6.460000000000001,0.09689415558590207,0.09519668858251396,0.19378831117180415,0.19259544367755177,1.0186039021851525,0.19024893852858915,0.19141571006064415,-0.1674353126722212,-2.220446049250313e-16,-1.1102230246251565e-16
6.469999999999999,0.09602392745219573,0.09554659896654692,0.19204785490439147,0.19088649833062776,1.0182742158050444,0.18860131379498704,0.18973770511506813,-0.16815958457811406,-1.1102230246251565e-16,0.0
6.48,0.09515060198088435,0.09587563292356453,0.1903012039617687,0.1891709165371663,1.0179462403434174,0.18694622212816284,0.18805263980311193,-0.16884742643492143,-1.1102230246251565e-16,0.0
6.490000000000002,0.09427436873401553,0.09618399315082563,0.18854873746803105,0.18744906949190968,1.0176200795978765,0.18528401831706984,0.18636087720267086,-0.16949908356085225,0.0,0.0
6.5,0.09339541541682653,0.09647188393822533,0.18679083083365305,0.1857213253038907,1.0172958342997018,0.18361505526289543,0.1846627779145065,-0.17011480606250912,0.0,-1.1102230246251565e-16
6.510000000000002,0.09251392786349132,0.09673951110704174,0.18502785572698263,0.18398804895761978,1.0169736021131153,0.1819396839234795,0.18295870001442607,-0.17069484882112795,-2.220446049250313e-16,-1.1102230246251565e-16
6.52,0.0916300900234278,0.09698708194902853,0.1832601800468556,0.182249602274924,1.0166534776367049,0.180258253257402,0.18124899900562919,-0.17123947147396862,0.0,0.0
6.530000000000001,0.09074408394815463,0.09721480516586713,0.18148816789630925,0.18050634387744716,1.0163355524069593,0.1785711101677943,0.1795340277712559,-0.17174893839089983,2.220446049250313e-16,0.0
6.539999999999999,0.08985608977870368,0.09742289080898572,0.17971217955740737,0.17875862914984997,1.0160199149038731,0.17687859944596673,0.17781413652720246,-0.17222351864621513,-2.220446049250313e-16,0.0
6.550000000000001,0.08896628573357505,0.09761155021975902,0.1779325714671501,0.17700681020371378,1.0157066505585717,0.17518106371490136,0.1760896727752326,-0.17266348598573983,0.0,0.0
6.559999999999999,0.08807484809724088,0.09778099597009508,0.17614969619448176,0.1752512358421871,1.0153958417629099,0.17347884337270303,0.17436098125645125,-0.17306911878927853,0.0,0.0
6.57,0.0871819512091845,0.09793144180342307,0.174363902418369,0.17349225152537662,1.0150875678809994,0.17177227653605745,0.17262840390516668,-0.17344070002847636,0.0,0.0
6.580000000000002,0.0862877674534806,0.09806310257608773,0.1725755349069612,0.17173019933652073,1.0147819052626155,0.17006169898378343,0.17089227980320562,-0.17377851722015775,0.0,0.0
6.59,0.08539246724890584,0.09817619419916397,0.17078493449781168,0.16996541794895173,1.0144789272584334,0.16834744410053679,0.16915294513471216,-0.17408286237522677,-1.1102230246251565e-16,-1.1102230246251565e-16
6.600000000000001,0.0844962190395774,0.09827093358069733,0.1689924380791548,0.16819824259386826,1.0141787042370476,0.16662984282073384,0.1674107331414781,-0.17435403194320756,0.0,-1.1102230246251565e-16
6.609999999999999,0.08359918928612049,0.098347538568382,0.16719837857224099,0.16642900502894578,1.0138813036037237,0.164909223572773,0.16566597407885653,-0.17459232675251632,-2.220446049250313e-16,-1.1102230246251565e-16
6.620000000000001,0.08270154245735199,0.09840622789268405,0.16540308491470398,0.16465803350778555,1.0135867898208326,0.163185912223601,0.16391899517228403,-0.17479805194656006,-2.220446049250313e-16,0.0
6.629999999999999,0.08180344102248568,0.09844722111041858,0.16360688204497137,0.16288565275023803,1.0132952244299176,0.16146023202370957,0.16217012057447208,-0.17497151691575985,-1.1102230246251565e-16,0.0
6.640000000000001,0.08090504544384577,0.09847073854878981,0.16181009088769155,0.1611121839135984,1.0130066660753436,0.15973250355260413,0.1604196713232889,-0.17511303522560565,-3.3306690738754696e-16,0.0
6.649999999999999,0.08000651417009312,0.0984770012499015,0.16001302834018624,0.15933794456470793,1.0127211705294785,0.15800304466482817,0.1586679653003888,-0.17522292454085048,-1.1102230246251565e-16,0.0
6.66,0.07910800362995135,0.09846623091574691,0.1582160072599027,0.15756324865295848,1.0124387907193528,0.15627217043658306,0.1569153171906099,-0.17530150654595972,-1.1102230246251565e-16,0.0
6.670000000000002,0.07820966822643692,0.09843864985368482,0.15641933645287384,0.1557884064842313,1.0121595767547513,0.15454019311302197,0.15516203844219395,-0.17534910686193222,0.0,0.0
6.68,0.07731166033158152,0.09839448092241032,0.15462332066316303,0.1540137246957699,1.0118835759576807,0.15280742205626013,0.15340843722785005,-0.17536605495961632,2.220446049250313e-16,0.0
6.690000000000001,0.0764141302816449,0.0983339474784268,0.1528282605632898,0.15223950623200405,1.011610832893164,0.15107416369416238,0.1516548184067013,-0.1753526840696455,-1.1102230246251565e-16,0.0
6.699999999999999,0.07551722637281738,0.09825727332302756,0.15103445274563476,0.15046605032134552,1.0113413894013106,0.14934072146997115,0.14990148348715576,-0.17530933108912447,-1.1102230246251565e-16,2.220446049250313e-16
6.710000000000001,0.07462109485739858,0.09816468264979235,0.14924218971479716,0.14869365245394842,1.0110752846306093,0.1476073957928088,0.14814873059071593,-0.17523633648519538,0.0,-1.1102230246251565e-16
6.719999999999999,0.07372587994045825,0.09805639999260757,0.1474517598809165,0.14692260436046578,1.010812555072393,0.1458744839891271,0.14639685441677838,-0.1751340441956215,0.0,-1.1102230246251565e-16
6.73,0.07283172377696366,0.09793265017421483,0.14566344755392732,0.14515319399179147,1.0105532345964243,0.1441422802551314,0.14464614620843136,-0.17500280152652373,0.0,0.0
6.740000000000002,0.0719387664693789,0.0977936582552956,0.1438775329387578,0.14338570549981497,1.0102973544875504,0.1424110756102457,0.1428968937192981,-0.17484295904741096,-2.220446049250313e-16,-1.1102230246251565e-16
6.75,0.07104714606572324,0.09763964948409763,0.14209429213144648,0.14162041921918275,1.0100449434833763,0.14068115785165072,0.14114938118143713,-0.1746548704836451,-1.1102230246251565e-16,0.0
6.760000000000002,0.07015699855808621,0.09747084924660826,0.14031399711617243,0.13985761165007765,1.009796027812903,0.13895281150994,0.13940388927432923,-0.17443889260648332,-1.1102230246251565e-16,-1.1102230246251565e-16
6.77,0.06926845788159848,0.09728748301728236,0.13853691576319696,0.13809755544203103,1.0095506312360856,0.13722631780594646,0.13766069509498238,-0.17419538512084382,-2.220446049250313e-16,-1.1102230246251565e-16
6.780000000000001,0.06838165591384467,0.09708977631032793,0.13676331182768933,0.13634051937875624,1.0093087750842542,0.1355019546087596,0.13592007212916035,-0.17392471055093833,-1.1102230246251565e-16,0.0
6.789999999999999,0.0674967224747232,0.09687795463155686,0.1349934449494464,0.13458676836402766,1.009070478301352,0.13377999639499066,0.13418229022377465,-0.17362723412391934,0.0,0.0
6.800000000000001,0.06661378532673805,0.0966522434308046,0.1332275706534761,0.13283656340859004,1.0088357574859383,0.13206071420930285,0.13244761556043996,-0.17330332365168888,0.0,-1.1102230246251565e-16
6.809999999999999,0.06573297017572673,0.09641286805492431,0.13146594035145345,0.13109016161812023,1.0086046269339102,0.13034437562625603,0.13071631063022948,-0.17295334941101473,0.0,0.0
6.82,0.06485440067200984,0.09616005370135965,0.1297088013440197,0.1293478161822245,1.008377098681888,0.12863124471348075,0.12898863420962725,-0.17257768402210236,-2.220446049250313e-16,0.0
6.830000000000002,0.06397819841196604,0.09589402537230164,0.1279563968239321,0.1276097763644916,1.0081531825512249,0.12692158199622658,0.12726484133771124,-0.17217670232576948,-3.3306690738754696e-16,-1.1102230246251565e-16
6.84,0.06310448294001962,0.09561500782943298,0.12620896588003924,0.1258762874935873,1.0079328861925823,0.12521564442329833,0.1255451832945646,-0.17175078125936902,0.0,0.0
6.850000000000001,0.062233371751038206,0.09532322554926366,0.12446674350207641,0.12414759095539625,1.0077162151310315,0.1235136853344096,0.12382990758093353,-0.17130029973160538,-2.220446049250313e-16,-1.1102230246251565e-16
6.859999999999999,0.06136498029313867,0.09501890267906428,0.12272996058627735,0.12242392418621677,1.0075031728116342,0.12181595442898258,0.12211925789914829,-0.17082563849639257,4.440892098500626e-16,2.220446049250313e-16
6.870000000000001,0.06049942197088737,0.09470226299339636,0.12099884394177474,0.1207055206669913,1.0072937606454464,0.12012269773640018,0.12041347413530015,-0.17032718002589062,-1.1102230246251565e-16,0.0
6.879999999999999,0.059636808148899406,0.09437352985124808,0.11927361629779881,0.11899260991858927,1.0070879780559168,0.11843415758774588,0.11871279234270145,-0.16980530838287036,2.220446049250313e-16,0.0
6.890000000000001,0.05877724815582143,0.09403292615377458,0.11755449631164286,0.1172854174981202,1.006885822525615,0.11675057258903089,0.11701744472661536,-0.16926040909254,2.220446049250313e-16,0.0
6.899999999999999,0.057920849288701906,0.09368067430264933,0.11584169857740381,0.11558416499629179,1.0066872896432626,0.11507217759593878,0.11532765963027874,-0.16869286901397756,0.0,0.0
6.91,0.057067716817733836,0.09331699615902625,0.11413543363546767,0.11388907003578992,1.006492373151012,0.11339920369008409,0.11364366152220251,-0.1681030762113002,-2.220446049250313e-16,0.0
6.920000000000002,0.056217953991373845,0.09294211300311898,0.11243590798274769,0.11220034627069403,1.0063010649919362,0.11173187815681056,0.11196567098477049,-0.16749141982471086,0.0,0.0
6.93,0.05537166204182392,0.09255624549439628,0.11074332408364784,0.11051820338690599,1.0061133553576833,0.11007042446452511,0.11029390470412122,-0.1668582899415481,0.0,0.0
6.940000000000001,0.054528940190873794,0.09215961363239802,0.10905788038174759,0.10884284710359311,1.0059292327362594,0.10841506224557744,0.10862857546131928,-0.16620407746747198,0.0,0.0
6.949999999999999,0.05368988565610089,0.09175243671817446,0.10737977131220178,0.10717447917564328,1.005748683959895,0.1067660072786967,0.10696989212481918,-0.16552917399791267,0.0,0.0
6.960000000000001,0.0528545936574148,0.09133493331634794,0.1057091873148296,0.1055132973971096,1.0055716942529567,0.10512347147297271,0.10531805964420411,-0.16483397168990194,0.0,0.0
6.969999999999999,0.052023157423949896,0.090907321217803,0.10404631484789979,0.10385949560565466,1.0053982472798668,0.10348766285340164,0.10367327904521353,-0.16411886313441376,-1.1102230246251565e-16,0.0
6.98,0.05119566820129062,0.09046981740300179,0.10239133640258125,0.1022132636879661,1.0052283251929914,0.10185878554797327,0.10203574742603463,-0.1633842412293242,0.0,0.0
6.990000000000002,0.050372215259033286,0.0900226380059311,0.10074443051806657,0.10057478758615246,1.0050619086804602,0.1002370397763192,0.10040565795486975,-0.16263049905311341,0.0,-1.1102230246251565e-16
7.0,0.04955288589867073,0.08956599827867823,0.09910577179734147,0.09894424930509393,1.004898977013882,0.09862262183989898,0.09878319986875635,-0.16185802973941252,0.0,-1.1102230246251565e-16
7.010000000000002,0.048737765461797686,0.0891001125566385,0.09747553092359537,0.09732182692074383,1.0047395080959227,0.09701572411372653,0.09716855847363746,-0.16106722635250645,0.0,-1.1102230246251565e-16
7.02,0.04792693733863324,0.08862519422435688,0.09585387467726648,0.09570769458937416,1.0045834785077072,0.09541653503963247,0.09556191514567694,-0.1602584817638992,-1.1102230246251565e-16,0.0
7.030000000000001,0.047120482976848066,0.08814145568200042,0.09424096595369613,0.09410202255774035,1.0044308635560169,0.0938252391210401,0.09396344733379529,-0.15943218853003374,0.0,-1.1102230246251565e-16
7.039999999999999,0.04631848189069906,0.08764910831246717,0.09263696378139812,0.09250497717416975,1.004281637320247,0.09224201691926182,0.09237332856343089,-0.15858873877127322,2.220446049250313e-16,0.0
7.050000000000001,0.045521011670456794,0.08714836244912659,0.09104202334091359,0.0909167209005432,1.0041357726990945,0.09066704505128288,0.09079172844149597,-0.1577285240522248,2.220446049250313e-16,0.0
7.059999999999999,0.04472814799212881,0.08663942734419736,0.08945629598425762,0.08933741232517473,1.0039932414569448,0.08910049618904126,0.08921881266253083,-0.15685193526350655,-1.1102230246251565e-16,0.0
7.07,0.04393996462746421,0.08612251113775674,0.08787992925492842,0.08776720617655769,1.0038540142699293,0.08754253906016472,0.0876547430160244,-0.15595936250503087,0.0,0.0
7.080000000000002,0.04315653345424217,0.0855978208273873,0.08631306690848434,0.08620625333798067,1.0037180607716234,0.08599333845017182,0.08609967739490194,-0.15505119497089584,-1.1102230246251565e-16,-1.1102230246251565e-16
7.09,0.04237792446683184,0.08506556223845586,0.08475584893366368,0.08465470086298488,1.0035853495983618,0.08445305520610011,0.08455376980515023,-0.15412782083595317,-1.1102230246251565e-16,0.0
7.100000000000001,0.04160420578702044,0.08452593999502621,0.08320841157404088,0.08311269199165394,1.0034558484341376,0.08292184624155113,0.08301717037656804,-0.1531896271441293,0.0,0.0
7.109999999999999,0.040835443675106727,0.0839791574914072,0.08167088735021345,0.08158036616772651,1.003329524055069,0.08139986454313776,0.08149002537463028,-0.15223699969857252,0.0,0.0
7.120000000000001,0.040071702541247034,0.0834254168643302,0.08014340508249407,0.0800578590565026,1.0032063423734006,0.07988725917829581,0.07997247721343274,-0.1512703229536817,-1.1102230246251565e-16,0.0
7.129999999999999,0.03931304495705669,0.08286491896576155,0.07862608991411338,0.07854530256354511,1.0030862684810227,0.07838417530446024,0.07846466446971578,-0.15028997990908963,0.0,0.0
7.140000000000001,0.038559531667452164,0.08229786333634202,0.07711906333490433,0.07704282485414267,1.002969266692481,0.07689075417955926,0.07696672189792933,-0.14929635200564606,0.0,0.0
7.150000000000002,0.03781122160273684,0.08172444817945913,0.07562244320547368,0.07555055037353507,1.00285530058746,0.07540713317382378,0.0754787804463359,-0.14828981902346575,-1.1102230246251565e-16,-1.1102230246251565e-16
7.16,0.037068171890917864,0.08114487033594532,0.07413634378183573,0.07406859986787127,1.0027443330527173,0.07393344578287254,0.07400096727411756,-0.1472707589820815,2.220446049250313e-16,0.0
7.170000000000002,0.0363304378702509,0.08055932525940265,0.0726608757405018,0.07259709040588838,1.0026363263234463,0.07246982164205139,0.07253340576947034,-0.14623954804275155,-3.3306690738754696e-16,-1.1102230246251565e-16
7.18,0.035598073102009846,0.0799680069921547,0.07119614620401969,0.07113613540130043,1.0025312420240597,0.0710163865420077,0.07107621556866996,-0.14519656041296655,-3.3306690738754696e-16,-1.1102230246251565e-16
7.190000000000001,0.034871129383469236,0.07937110814181833,0.06974225876693847,0.0696858446358668,1.0024290412083614,0.06957326244545835,0.0696295125760735,-0.1441421682531856,0.0,2.220446049250313e-16
7.199999999999999,0.034149656761101654,0.07876881985850025,0.06829931352220331,0.06824632428313927,1.0023296843991023,0.06814056750514061,0.06819340898505073,-0.14307674158584655,-1.1102230246251565e-16,0.0
7.210000000000001,0.03343370354397642,0.07816133181260955,0.06686740708795284,0.06681767693285413,1.0022331316269013,0.06671841608290131,0.06676801329980571,-0.1420006482066704,-3.3306690738754696e-16,-1.1102230246251565e-16
7.219999999999999,0.032723316317361806,0.07754883217329042,0.06544663263472361,0.06540000161596787,1.0021393424685134,0.06530691876991138,0.06535343035808165,-0.1409142535982976,0.0,0.0
7.23,0.032018539956517336,0.07693150758746652,0.06403707991303467,0.06399339383030357,1.0020482760844351,0.06390618240796092,0.0639497613547099,-0.13981792084626912,0.0,0.0
7.240000000000002,0.03131941764067815,0.0763095431595007,0.0626388352813563,0.06259794556680527,1.0019598912558352,0.06251631011182109,0.06255710386599446,-0.13871201055738366,0.0,0.0
7.25,0.030625990867219753,0.07568312243146237,0.061251981734439506,0.061213745336370765,1.0018741464207948,0.06113740129263019,0.06117555187489634,-0.13759688078043883,0.0,0.0
7.260000000000002,0.029938299466000084,0.07505242736400206,0.05987659893200017,0.059840878197250154,1.0017909997098515,0.05976955168227923,0.05980519579699839,-0.13647288692937318,2.220446049250313e-16,-1.1102230246251565e-16
7.27,0.029256381613875664,0.07441763831783212,0.05851276322775133,0.05847942578299716,1.0017104089808326,0.05841285335877044,0.058446122507231475,-0.13534038170882423,2.220446049250313e-16,0.0
7.280000000000001,0.0285802738493804,0.07377893403580571,0.0571605476987608,0.057129466330943415,1.001632331852972,0.05706739477250743,0.05709841536732575,-0.1341997150420996,0.0,0.0
7.289999999999999,0.027910011087569082,0.0731364916255973,0.055820022175138165,0.05579107471119359,1.0015567257403013,0.05573326077350117,0.05576215425397793,-0.1330512340015778,2.220446049250313e-16,0.0
7.300000000000001,0.02724562663501225,0.0724904865429749,0.0544912532700245,0.05446432245610752,1.0014835478843065,0.05441053263944334,0.054437415587694535,-0.13189528274152834,0.0,0.0
7.309999999999999,0.026587152204944932,0.07184109257566752,0.053174304409889864,0.053149277790267964,1.0014127553858478,0.05309928810463539,0.05312427236230275,-0.13073220243336142,2.220446049250313e-16,0.0
7.32,0.02593461793255594,0.07118848182781713,0.05186923586511188,0.05184600566090035,1.0013443052363311,0.051799601389723816,0.05182279417508868,-0.12956233120329091,0.0,-1.1102230246251565e-16
7.330000000000002,0.02528805239042009,0.07053282470501936,0.05057610478084018,0.05055456776874273,1.0012781543481324,0.050511543232227035,0.05053304725755445,-0.12838600407241726,-2.220446049250313e-16,-1.1102230246251565e-16
7.34,0.024647482604061723,0.06987428989994254,0.049294965208123445,0.049275022599335715,1.0012142595842661,0.0492351809178109,0.049255094506757274,-0.12720355289920957,0.0,0.0
7.350000000000001,0.024012934067647016,0.06921304437852481,0.04802586813529403,0.04800742545472091,1.0011525777872965,0.04797057831228757,0.04798899551721229,-0.12601530632438085,2.220446049250313e-16,0.0
7.359999999999999,0.023384430759801705,0.0685492533667464,0.04676886151960341,0.04675182848553431,1.0010930658074901,0.04671779589430998,0.046734806613338724,-0.12482158971814517,0.0,-1.1102230246251565e-16
7.370000000000001,0.02276199515954366,0.06788308033796892,0.04552399031908732,0.0455082807234668,1.0010356805302059,0.04547689078872315,0.045492580882415326,-0.12362272512983231,0.0,2.220446049250313e-16
7.379999999999999,0.022145648262331914,0.06721468700084342,0.04429129652466383,0.0442768281140887,1.0009803789025216,0.044247916800552005,0.04426236820803492,-0.12241903123985289,-1.1102230246251565e-16,-1.1102230246251565e-16
7.390000000000001,0.02153540959621986,0.06654423328777637,0.04307081919243972,0.04305751355000693,1.0009271179590988,0.04303092444958593,0.043044215304020396,-0.1212108233139808,0.0,0.0
7.400000000000002,0.020931297238114585,0.06587187734395664,0.04186259447622917,0.04185037690435261,1.0008758548472838,0.04182596100554014,0.04183816574879331,-0.11999841315994521,-1.1102230246251565e-16,0.0
7.41,0.02033332783013147,0.06519777551693282,0.04066665566026294,0.04065545506457073,1.0008265468514463,0.04063307052375694,0.04064426002016043,-0.11878210908629623,0.0,2.220446049250313e-16
7.420000000000002,0.019741516596041488,0.06452208234673926,0.039483033192082975,0.03947278196650076,1.0007791514165585,0.03945229388141877,0.03946253553050063,-0.11756221586352339,-3.3306690738754696e-16,-1.1102230246251565e-16
7.43,0.019155877357808177,0.0638449505565682,0.038311754715616354,0.0383023886287357,1.0007336261710154,0.038283668814251756,0.038293026662333446,-0.11633903468740436,0.0,0.0
7.440000000000001,0.018576422552204166,0.06316653104397829,0.03715284510440833,0.03714430318723356,1.000689928948699,0.037127229953678315,0.03713576480423709,-0.11511286314454489,2.220446049250313e-16,0.0
7.449999999999999,0.018003163247508728,0.06248697287264119,0.036006326495017456,0.03599855093017796,1.0006480178102917,0.03598300886440543,0.03599077838710659,-0.11388399518009186,0.0,0.0
7.460000000000001,0.017436109160274993,0.06180642326461467,0.034872218320549986,0.03486515433305955,1.00060785106384,0.034851034082407126,0.03485809292071774,-0.11265272106757636,-1.1102230246251565e-16,0.0
7.469999999999999,0.016875268672168493,0.06112502759314471,0.03375053734433699,0.0337441330939756,1.0005693872845758,0.03373133115328648,0.033737731030588435,-0.11141932738086635,-1.1102230246251565e-16,-1.1102230246251565e-16
7.48,0.016320648846865772,0.060442929375983875,0.032641297693731544,0.03263550416911983,1.0005325853339964,0.032623922670979535,0.03262971249510373,-0.11018409696818236,-1.1102230246251565e-16,0.0
7.490000000000002,0.015772255447014636,0.05976027026922891,0.03154451089402927,0.03153928180846007,1.000497404378214,0.03152882831678454,0.031534054282896504,-0.10894730892815488,-2.220446049250313e-16,0.0
7.5,0.015230092951246265,0.059077190061665806,0.03046018590249253,0.030455477591578774,1.0004638039055758,0.030446064898683185,0.030450770590453546,-0.1077092385878767,-1.1102230246251565e-16,0.0
7.510000000000002,0.014694164571236677,0.058393826669620306,0.029388329142473354,0.029384100463666248,1.000431743743563,0.029375646390930953,0.029379872879931306,-0.10647015748291838,-1.1102230246251565e-16,0.0
7.52,0.014164472268814812,0.057710316132310716,0.028328944537629623,0.028325156771656076,1.0004011840749771,0.028317583973897473,0.028321369917165728,-0.10523033333927424,2.220446049250313e-16,0.0
7.530000000000001,0.013641016773107847,0.05702679260769164,0.027282033546215695,0.0272786503004789,1.0003720854534162,0.027271886074120264,0.027275267809847306,-0.10399003005718938,2.220446049250313e-16,0.0
7.539999999999999,0.01312379759772528,0.056343388368791124,0.02624759519545056,0.02624458230943293,1.000344408818055,0.026238558404562972,0.02624157004585476,-0.10274950769684355,-2.220446049250313e-16,0.0
7.550000000000001,0.012612813057971194,0.05566023380052786,0.02522562611594239,0.02522295156864537,1.0003181155077325,0.025217604005040563,0.02522027753171673,-0.10150902246583857,-1.1102230246251565e-16,2.220446049250313e-16
7.559999999999999,0.012108060288086354,0.054977457397010834,0.024216120576172707,0.02421375439562348,1.0002931672743545,0.02420902328280218,0.024211388631195648,-0.10026882670846371,0.0,0.0
7.57,0.011609535258509832,0.05429518575930817,0.023219070517019665,0.023216984691870387,1.0002695262956252,0.023212814053236854,0.023214899203964422,-0.0990291688966857,0.0,0.0
7.580000000000002,0.011117232793161605,0.0536135435936872,0.02223446558632321,0.02223263397956427,1.0002471551871115,0.022228971580692872,0.022230802644370145,-0.09779029362283641,0.0,0.0
7.59,0.010631146586737252,0.05293265371031393,0.021262293173474504,0.02126069143827918,1.000226017013652,0.021257488619379004,0.021259089920259027,-0.0965524415939471,-2.220446049250313e-16,-1.1102230246251565e-16
7.600000000000001,0.010151269222012501,0.05225263702240895,0.020302538444025003,0.020301143941738962,1.000206075300121,0.020298355454332808,0.020299749611850014,-0.09531584962769322,0.0,0.0
7.609999999999999,0.00967759218715511,0.05157361254585616,0.01935518437431022,0.019353976094595684,1.0001872940415528,0.019351559942438305,0.019352767950644414,-0.09408075064991334,2.220446049250313e-16,0.0
7.620000000000001,0.009210105893035708,0.05089569739925292,0.018420211786071415,0.018419170269212012,1.000169637712645,0.01841708755346524,0.018418128858347576,-0.09284737369365074,-2.220446049250313e-16,-1.1102230246251565e-16
7.629999999999999,0.008748799690538933,0.05021900680440308,0.017497599381077866,0.017496706642446867,1.0001530712766424,0.01749492141112276,0.017495813985798137,-0.09161594389969094,-1.1102230246251565e-16,0.0
7.640000000000001,0.008293661887865362,0.04954365408723937,0.016587323775730724,0.016586563232422028,1.0001375601936169,0.016585042334096068,0.01658580275187921,-0.09038668251853982,-3.3306690738754696e-16,-1.1102230246251565e-16
7.650000000000002,0.007844679767825541,0.04886975067917665,0.015689359535651082,0.01568871593526907,1.0001230704281543,0.015687428877062554,0.015688072382407613,-0.08915980691381603,-1.1102230246251565e-16,0.0
7.66,0.007401839605118154,0.048197406118884616,0.014803679210236308,0.01480313856183779,1.0001095684564565,0.014802057371657639,0.014802597948979186,-0.08793553056700691,0.0,-1.1102230246251565e-16
7.670000000000002,0.006965126683590099,0.04752672805447575,0.013930253367180198,0.01392980287435873,1.0000970212728733,0.013928901967381576,0.013929352407759799,-0.08671406308355104,0.0,0.0
7.68,0.006534525313476301,0.046857822246105435,0.013069050626952601,0.013068678623052681,1.0000853963958727,0.013067934672430103,0.013068306638212226,-0.08549561020021347,-1.1102230246251565e-16,-1.1102230246251565e-16
7.690000000000001,0.006110018848611618,0.04619079256897187,0.012220037697223235,0.012219733582669434,1.000074661873463,0.012219125394429212,0.012219429481738332,-0.08428037379370176,-1.1102230246251565e-16,-1.1102230246251565e-16
7.699999999999999,0.005691589703616018,0.045525741016717663,0.011383179407232037,0.011382933588955516,1.000064786288077,0.011382441981066787,0.011382687780233929,-0.08306855189049865,-1.1102230246251565e-16,0.0
7.710000000000001,0.005279219371044518,0.04486276770521898,0.010558438742089036,0.010558242575031724,1.0000557387609306,0.010557850260597388,0.010558046414534606,-0.08186033867785789,2.220446049250313e-16,0.0
7.719999999999999,0.004872888438503133,0.04420197087676382,0.009745776877006266,0.009745622607680695,1.0000474889558677,0.009745314082215973,0.009745468342750621,-0.08065592451593845,-1.1102230246251565e-16,0.0
7.73,0.004472576605722666,0.043543446904606195,0.008945153211445333,0.008945033923526162,1.000040007082705,0.008944795356277803,0.008944914638470325,-0.07945549595102681,2.220446049250313e-16,0.0
7.740000000000002,0.004078262701591374,0.04288729029789673,0.008156525403182747,0.008156434965104063,1.0000332639000828,0.008156254094361545,0.00815634452883033,-0.07825923572982166,0.0,0.0
7.75,0.0036899247011395295,0.04223359370697819,0.007379849402279059,0.007379782416809748,1.0000272307178442,0.007379648449154329,0.007379715432434853,-0.07706732281473443,0.0,-1.1102230246251565e-16
7.760000000000002,0.003307539742474057,0.041582447929041956,0.006615079484948114,0.0066150312407159744,1.000021879398942,0.006614934754151644,0.006614982997117157,-0.07587993240017331,-1.1102230246251565e-16,0.0
7.77,0.0029310841436612804,0.04093394191414159,0.005862168287322561,0.005862134712256269,1.0000171823608976,0.005862067563162079,0.005862101137536111,-0.07469723592977941,0.0,-1.1102230246251565e-16
7.780000000000001,0.0025605334195511636,0.04028816277155136,0.005121066839102327,0.005121044455758961,1.0000131125768155,0.005120999689600604,0.005121022072591693,-0.07351940111456845,0.0,0.0
7.789999999999999,0.002195862298544136,0.039645195776471166,0.004391724597088272,0.004391710479832799,1.0000096435759689,0.004391682245566887,0.00439169636265901,-0.0723465919519578,-4.440892098500626e-16,-1.1102230246251565e-16
7.800000000000001,0.0018370447392930564,0.03900512437706368,0.0036740894785861128,0.003674081212588069,1.0000067494439708,0.003674064680692399,0.0036740729466235,-0.07117896874563032,-1.1102230246251565e-16,-1.1102230246251565e-16
7.809999999999999,0.001484053947341567,0.03836803020182541,0.002968107894683134,0.0029681035366946316,1.000004404822536,0.0029680948207521473,0.0029680991787176462,-0.07001668812621543,0.0,0.0
7.82,0.0011368623916916364,0.037733993067277566,0.0022737247833832727,0.0022737228242615233,1.0000025849088543,0.002273718906027092,0.0022737208651428123,-0.06885990307274135,-2.220446049250313e-16,-1.1102230246251565e-16
7.830000000000002,0.0007954418213013862,0.037103090985978374,0.0015908836426027724,0.0015908829715394475,1.0000012654545816,0.0015908816294142895,0.001590882300476632,-0.06770876293483953,2.220446049250313e-16,0.0
7.84,0.00045976328150711425,0.036475400174843936,0.0009195265630142285,0.0009195264334332,1.0000004227644608,0.0009195261742712629,0.0009195263038522042,-0.06656341345565885,2.220446049250313e-16,0.0
7.850000000000001,0.0001297971303680353,0.03585099506377457,0.0002595942607360706,0.0002595942578204299,1.0000000336945896,0.00025959425198909624,0.0002595942549047893,-0.06542399679546383,0.0,-1.1102230246251565e-16
7.859999999999999,-0.00019448694506788526,0.03522994830458224,-0.0003889738901357705,-0.0003889738803271017,1.0000000756503407,-0.000388973860709808,-0.00038897387051843336,-0.0642906515558905,-1.1102230246251565e-16,0.0
7.870000000000001,-0.0005131199125826496,0.03461233078020719,-0.0010262398251652991,-0.0010262396450315301,1.0000005265839507,-0.001026239284764228,-0.0010262394648978175,-0.06316351280482026,-1.1102230246251565e-16,0.0
7.879999999999999,-0.0008261333786905109,0.03399821161422472,-0.0016522667573810217,-0.001652266005604581,1.0000013649917872,-0.0016522645020535845,-0.0016522652538287557,-0.06204271210185565,-1.1102230246251565e-16,0.0
7.890000000000001,-0.001133559572630095,0.033387658180628776,-0.00226711914526019,-0.0022671172031638108,1.0000025699113073,-0.002267113318980079,-0.0022671152610704267,-0.06092837752435786,2.220446049250313e-16,0.0
7.900000000000002,-0.0014354313304453731,0.0327807361138927,-0.0028708626608907463,-0.002870858717367645,1.0000041209177177,-0.0028708508303507086,-0.0028708547738542944,-0.05982063369402998,-2.220446049250313e-16,0.0
7.91,-0.0017317820791607744,0.03217750931929591,-0.0034635641583215487,-0.003463557233379942,1.0000059981203506,-0.0034635433835714983,-0.0034635503084632572,-0.058719601804010306,-1.1102230246251565e-16,0.0
7.920000000000002,-0.002022645821051688,0.031578039983512135,-0.004045291642103376,-0.004045280609066669,1.000008182158761,-0.004045258543155747,-0.004045269576084126,-0.05762539964645353,0.0,0.0
7.93,-0.002308057118011721,0.03098238858545553,-0.004616114236023442,-0.004616097842427418,1.000010654198564,-0.0046160650555497965,-0.00461608144893619,-0.05653814164057858,0.0,0.0
7.940000000000001,-0.0025880510760216027,0.030390613907372816,-0.005176102152043205,-0.005176079039271495,1.0000133959270188,-0.0051760328142853446,-0.0051760559266855535,-0.05545793886114856,0.0,-1.1102230246251565e-16
7.949999999999999,-0.0028626633297187945,0.029802773046182274,-0.005725326659437589,-0.005725295381136571,1.00001638954837,-0.005725232825457212,-0.005725264103143131,-0.054384899067371636,2.220446049250313e-16,0.0
7.960000000000001,-0.0031319300270732315,0.02921892142504633,-0.006263860054146463,-0.006263819093460559,1.0000196177789604,-0.006263737173535194,-0.006263778133256783,-0.05331912673218647,2.220446049250313e-16,0.0
7.969999999999999,-0.003395887814168177,0.028639112805178894,-0.006791775628336354,-0.006791723414004451,1.0000230638421224,-0.0067916189875083,-0.006791671200395095,-0.05226072307192324,-2.220446049250313e-16,0.0
7.98,-0.003654573820091343,0.02806339929787393,-0.007309147640182686,-0.007309082561536109,1.0000267114628618,-0.007308952407371912,-0.00730901748393252,-0.05120978607630467,-2.220446049250313e-16,0.0
7.990000000000002,-0.003908025641935378,0.027491831376756475,-0.007816051283870756,-0.007815971704772875,1.0000305448623417,-0.007815812550952239,-0.007815892127133399,-0.05016641053877922,-2.220446049250313e-16,0.0
8.0,-0.004156281329912056,0.026924457890244335,-0.008312562659824113,-0.00831246693159126,1.0000345487521787,-0.008312275481078416,-0.008312371205342731,-0.04913068808715551,2.220446049250313e-16,-1.1102230246251565e-16
8.010000000000002,-0.004399379372581064,0.026361326074216648,-0.008798758745162128,-0.008798645218505088,1.0000387083285605,-0.00879841817310066,-0.008798531694484626,-0.048102707214522075,2.220446049250313e-16,0.0
8.02,-0.004637358682194484,0.025802481564885623,-0.009274717364388969,-0.009274584400413765,1.000043009266196,-0.00927431848275654,-0.009274451439869663,-0.047082553310437425,-2.220446049250313e-16,-1.1102230246251565e-16
8.030000000000001,-0.004870258580160856,0.025247968411859976,-0.009740517160321711,-0.00974036314062797,1.000047437712107,-0.009740055114391282,-0.009740209125317877,-0.046070308692361665,-1.1102230246251565e-16,-1.1102230246251565e-16
8.04,-0.005098118782628004,0.024697829091400905,-0.010196237565256007,-0.01019606090117051,1.000051980279269,-0.010195707589528157,-0.010195884242594629,-0.045066052637324064,0.0,0.0
8.05,-0.005320979386188929,0.024152104519857772,-0.010641958772377858,-0.010641757913360418,1.0000566240401156,-0.010641356215796642,-0.010641557061166762,-0.044069861413796464,2.220446049250313e-16,0.0
8.059999999999999,-0.005538880853709864,0.023610834067284543,-0.011077761707419727,-0.011077535148677799,1.000061356519912,-0.011077082056214006,-0.011077308598276006,-0.0430818083137684,0.0,0.0
8.07,-0.005751864000284582,0.023074055571224366,-0.011503728000569164,-0.011503474289916993,1.0000661656900063,-0.011502966898827223,-0.011503220589336493,-0.04210196368499519,0.0,0.0
8.080000000000002,-0.005959969979314097,0.022541805350662816,-0.011919939958628193,-0.011919657702625616,1.0000710399609707,-0.011919093226710536,-0.011919375458653274,-0.041130394963414904,0.0,-1.1102230246251565e-16
8.09,-0.0061632402687151755,0.0220141182201391,-0.012326480537430351,-0.01232616840683564,1.000075968175638,-0.012325544188324619,-0.012325856290467318,-0.040167166705710106,0.0,-1.1102230246251565e-16
8.100000000000001,-0.0063617166572583084,0.02149102750401156,-0.012723433314516617,-0.012723090049087058,1.000080939602045,-0.012722403568234718,-0.012722746800326756,-0.039212340622003385,0.0,0.0
8.11,-0.0065554412310358055,0.020972565050873495,-0.013110882462071611,-0.013110506874744729,1.000085943926288,-0.013109755758189059,-0.01311013130678428,-0.03826597560867593,0.0,0.0
8.120000000000001,-0.00674445636006314,0.02045876124810899,-0.01348891272012628,-0.013488503700613873,1.0000909712453019,-0.013487685728559344,-0.013488094703425369,-0.037328127781286864,0.0,0.0
8.129999999999999,-0.006928804685012621,0.01994964503658903,-0.013857609370025241,-0.013857165887851615,1.0000960120595683,-0.013856279000140524,-0.013856722431223944,-0.036398850507591146,2.220446049250313e-16,2.220446049250313e-16
8.14,-0.0071085291040829035,0.019445243925496396,-0.014217058208165807,-0.014216579315180767,1.0001010572657618,-0.014215621616314173,-0.014216100451230916,-0.03547819444063259,2.220446049250313e-16,0.0
8.150000000000002,-0.007283672760003236,0.018945584007279217,-0.014567345520006473,-0.01456683035240291,1.000106098149341,-0.014565800115570503,-0.01456631521759176,-0.03456620755190975,0.0,0.0
8.16,-0.00745427902717551,0.01845068997272365,-0.01490855805435102,-0.014908005834216006,1.000111126377094,-0.014906901504393158,-0.014907453650897686,-0.03366293516459561,0.0,0.0
8.170000000000002,-0.007620391498954219,0.017960585126141536,-0.015240782997908438,-0.015240193034336,1.000116133989643,-0.015239013230503806,-0.01523960311186891,-0.03276841998680223,2.220446049250313e-16,0.0
8.18,-0.007782053975065009,0.017475291400669824,-0.015564107950130019,-0.015563479639922929,1.0001211133939145,-0.015562223156466689,-0.0155628513753698,-0.03188270214488364,0.0,0.0
8.190000000000001,-0.007939310449164069,0.016994829373671538,-0.015878620898328137,-0.015877953726315185,1.000126057355588,-0.015876619533654,-0.015877286604758668,-0.031005819216757522,-1.1102230246251565e-16,0.0
8.2,-0.008092205096537753,0.01651921828223906,-0.016184410193075507,-0.016183703732069926,1.0001309589915202,-0.016182290976568706,-0.016182997326569398,-0.030137806265247032,0.0,0.0
8.21,-0.00824078226194482,0.016048476038788128,-0.01648156452388964,-0.016480818434313534,1.0001358117621602,-0.01647932643752691,-0.016480072405527933,-0.02927869587142144,-1.1102230246251565e-16,-1.1102230246251565e-16
8.219999999999999,-0.008385086447600588,0.01558261924674341,-0.016770172895201177,-0.016769386924399887,1.0001406094639567,-0.016767815181696684,-0.01676860101990063,-0.028428518167937563,-3.3306690738754696e-16,0.0
8.23,-0.008525162301305456,0.015121663216304948,-0.01705032460261091,-0.01704949858388057,1.000145346221765,-0.01704784676249481,-0.01704867263717768,-0.027587300872363,0.0,0.0
8.240000000000002,-0.008661054604716778,0.014665621980295222,-0.017322109209433556,-0.0173212430607841,1.0001500164812593,-0.017319510997336546,-0.0173203769900879,-0.026755069320481505,-3.3306690738754696e-16,-1.1102230246251565e-16
8.25,-0.008792808261766325,0.014214508310078122,-0.01758561652353265,-0.01758471024620781,1.0001546150013572,-0.017582897943743254,-0.017583804052947762,-0.025931846499565796,2.220446049250313e-16,0.0
8.260000000000002,-0.008920468287223142,0.013768333731545965,-0.017840936574446284,-0.01783999025122134,1.0001591368466587,-0.017838097875799954,-0.017839044018342645,-0.025117653081611978,0.0,-1.1102230246251565e-16
8.27,-0.009044079795402225,0.013327108541171605,-0.01808815959080445,-0.018087173384081497,1.0001635773799116,-0.01808520126096701,-0.01808618727413945,-0.024312507456531712,0.0,0.0
8.280000000000001,-0.009163687989020576,0.012890841822116458,-0.01832737597804115,-0.018326350127761144,1.0001679322544992,-0.018324298737242065,-0.018325324380832255,-0.023516425765287233,-1.1102230246251565e-16,0.0
8.29,-0.009279338148199753,0.012459541460394557,-0.018558676296399505,-0.018557611117789235,1.0001721974069637,-0.018555481090670733,-0.018556546049217488,-0.022729421932971203,-2.220446049250313e-16,0.0
8.3,-0.00939107561961687,0.012033214161082904,-0.01878215123923374,-0.018781047120405348,1.000176369049566,-0.0187788392332062,-0.018779943118401084,-0.02195150770181589,2.220446049250313e-16,0.0
8.309999999999999,-0.009498945805802999,0.011611865464578193,-0.018997891611605998,-0.018996749011025754,1.0001804436628854,-0.018994464180914626,-0.01899560653413395,-0.021182692664133973,-1.1102230246251565e-16,0.0
8.32,-0.009602994154590741,0.011195499762890297,-0.019205988309181483,-0.019204807753023828,1.000184417988469,-0.019202447032526045,-0.019203627327477754,-0.02042298429517595,-2.220446049250313e-16,0.0
8.330000000000002,-0.00970326614871009,0.010784120315972796,-0.01940653229742018,-0.019405314376822275,1.0001882890215277,-0.01940287894832823,-0.019404096593797774,-0.01967238798590714,2.220446049250313e-16,0.0
8.34,-0.00979980729553376,0.010377729268081838,-0.01959961459106752,-0.019598359959298817,1.000192054003689,-0.01959585112940242,-0.01959710547208373,-0.01893090707569117,0.0,0.0
8.350000000000001,-0.009892663116971916,0.009976327664160596,-0.019785326233943832,-0.01978403560350448,1.0001957104158083,-0.019781454797200147,-0.019782745124596986,-0.01819854288487776,0.0,0.0
8.36,-0.009981879139516177,0.009579915466246165,-0.019963758279032354,-0.01996243241869348,1.0001992559708408,-0.019959781173456863,-0.019961106716842505,-0.017475294747291877,-2.220446049250313e-16,0.0
8.370000000000001,-0.010067500884433861,0.009188491569890845,-0.020135001768867723,-0.02013364150066608,1.0002026886067805,-0.020130921460443707,-0.02013228139786605,-0.016761160042612737,0.0,0.0
8.379999999999999,-0.01014957385811166,0.008802053820597979,-0.02029914771622332,-0.020297753912421935,1.0002060064796676,-0.020294966821553385,-0.020296360280873754,-0.016056134228645925,-1.1102230246251565e-16,0.0
8.39,-0.010228143542549788,0.008420599030263399,-0.020456287085099577,-0.02045486066512552,1.0002092079566696,-0.020452008362220362,-0.020453434424174688,-0.015360210873475656,2.220446049250313e-16,0.0
8.400000000000002,-0.010303255386005704,0.008044122993622628,-0.020606510772011408,-0.020605052699381125,1.0002122916092349,-0.020602137111170468,-0.020603594812443504,-0.01467338168750051,0.0,0.0
8.41,-0.010374954793788232,0.007672620504696199,-0.020749909587576464,-0.020748420866818395,1.0002152562063291,-0.020745444002002015,-0.02074693233830342,-0.013995636555342219,0.0,0.0
8.420000000000002,-0.010443287119201696,0.007306085373230317,-0.020886574238403392,-0.020885055911987176,1.0002181007077486,-0.020882019855093727,-0.020883537784227618,-0.01332696356762564,-3.3306690738754696e-16,-1.1102230246251565e-16
8.43,-0.01050829765463978,0.006944510441130119,-0.02101659530927956,-0.021015048454560325,1.0002208242575206,-0.021011955359838127,-0.021013501804757296,-0.012667349052628426,-2.220446049250313e-16,-1.1102230246251565e-16
8.440000000000001,-0.010570031622829624,0.006587887598878221,-0.021140063245659247,-0.021138488971845042,1.0002234261773868,-0.02113534105719908,-0.021136914909036207,-0.012016777607790425,-1.1102230246251565e-16,0.0
8.45,-0.010628534168225302,0.006236207801938658,-0.021257068336450604,-0.021255467781600496,1.0002259059603789,-0.021252267322590897,-0.021253867443658914,-0.011375232131086502,2.220446049250313e-16,0.0
8.46,-0.010683850348551238,0.005889461087138189,-0.021367700697102476,-0.02136607502516212,1.0002282632644814,-0.021362824349077957,-0.02136444957583273,-0.010742693852251597,-1.1102230246251565e-16,0.0
8.469999999999999,-0.01073602512649467,0.005547636589025222,-0.02147205025298934,-0.021470400650870525,1.000230497906391,-0.02146710213089192,-0.021468751276850558,-0.010119142363861989,-2.220446049250313e-16,0.0
8.48,-0.010785103361547501,0.005210722556198564,-0.021570206723095002,-0.02156853439780501,1.0002326098553662,-0.021565190447264126,-0.021566862305874308,-0.009504555652262015,2.220446049250313e-16,0.0
8.490000000000002,-0.010831129801996811,0.004878706367606129,-0.021662259603993622,-0.021660565779819826,1.0002345992271766,-0.021657178846573363,-0.021658872194026395,-0.008898910128340012,-2.220446049250313e-16,0.0
8.5,-0.010874149077064028,0.004551574548806869,-0.021748298154128057,-0.021746584069882675,1.00023646627815,-0.021743156630804325,-0.021744870228788456,-0.008302180658144654,-1.1102230246251565e-16,0.0
8.510000000000002,-0.010914205689192349,0.004229312788193648,-0.021828411378384698,-0.02182667828471421,1.0002382113993167,-0.021823212840316426,-0.02182494543870549,-0.007714340593340991,0.0,0.0
8.52,-0.010951344006481803,0.003911905953174588,-0.021902688012963606,-0.02190093716972684,1.0002398351106565,-0.021897436238920178,-0.021899186578393404,-0.007135361801505135,0.0,0.0
8.530000000000001,-0.010985608255271982,0.00359933810630661,-0.021971216510543963,-0.021969449184262524,1.000241338055448,-0.021965915299259554,-0.021967682113849075,-0.006565214696249563,-2.220446049250313e-16,0.0
8.54,-0.011017042512871602,0.0032915925213812735,-0.022034085025743205,-0.022032302487127422,1.0002427209947202,-0.02202873818849768,-0.022030520208060574,-0.0060038682671826275,0.0,0.0
8.55,-0.011045690700434698,0.0029886516994559785,-0.022091381400869397,-0.022089584922422634,1.0002439848018077,-0.02208599275430453,-0.02208778870691628,-0.005451290109692932,2.220446049250313e-16,2.220446049250313e-16
8.559999999999999,-0.011071596575982683,0.002690497384830808,-0.022143193151965366,-0.022141384005669187,1.0002451304570121,-0.02213776651114323,-0.022139575125410673,-0.004907446454562456,0.0,0.0
8.57,-0.011094803727572149,0.0023971105809643006,-0.022189607455144297,-0.02218778691022657,1.0002461590423697,-0.0221841466268548,-0.022185966634145838,-0.004372302197399405,0.0,0.0
8.580000000000002,-0.011115355566607454,0.0021084715663283464,-0.022230711133214908,-0.022228880454002665,1.0002470717365226,-0.022225219909537252,-0.02222705004612607,-0.003845820927894396,-2.220446049250313e-16,-1.1102230246251565e-16
8.59,-0.011133295321297625,0.0018245599101964058,-0.02226659064259525,-0.022264751086453708,1.0002478698097013,-0.022261072794717857,-0.022262911803844057,-0.0033279649588925553,2.220446049250313e-16,0.0
8.600000000000001,-0.011148666030257267,0.0015453544883631677,-0.022297332060514534,-0.022295484875873486,1.0002485546188091,-0.022291791332817296,-0.022293637966657346,-0.0028186953552812133,-1.1102230246251565e-16,0.0
8.61,-0.011161510536250216,0.0012708334987936148,-0.02232302107250043,-0.022321167496968834,1.0002491276026204,-0.022317461176900873,-0.02231931419845207,-0.002317971962692549,-1.1102230246251565e-16,0.0
8.620000000000001,-0.01117187148007598,0.0010009744771961346,-0.02234374296015196,-0.022341884218721332,1.0002495902770816,-0.022338167570718485,-0.02234002575559338,-0.0018257534360144167,2.220446049250313e-16,0.0
8.629999999999999,-0.011179791294597716,0.0007357543125198224,-0.02235958258919543,-0.022357719892532373,1.0002499442307222,-0.022353995337027376,-0.02235585747515963,-0.0013419972677125467,-2.220446049250313e-16,0.0
8.64,-0.01118531219891134,0.00047514926237020007,-0.02237062439782268,-0.022368758940650633,1.000250191120176,-0.022365028866197866,-0.022366893763459038,-0.000866659815956461,2.220446049250313e-16,-1.1102230246251565e-16
8.650000000000002,-0.011188476192654865,0.0002191349683434706,-0.02237695238530973,-0.022375085344879805,1.0002503326658054,-0.022371352105099593,-0.022373218584826465,-0.00039969633255214614,0.0,-1.1102230246251565e-16
8.66,-0.011189325050457314,-3.231352872562041e-05,-0.022378650100914627,-0.022376782635565164,1.000250370647439,-0.022373048546264953,-0.022374915450698647,5.893900932479015e-05,0.0,0.0
8.670000000000002,-0.011187900316526339,-0.00027922177360401046,-0.022375800633052677,-0.022373933880856976,1.0002503069002129,-0.022370201217328873,-0.02237206740896573,0.0005092930875958807,0.0,0.0
8.68,-0.011184243299373793,-0.000521615881590259,-0.022368486598747586,-0.02236662167624902,1.0002501433105213,-0.022362892670742023,-0.022364757033597187,0.0009514138039468545,2.220446049250313e-16,0.0
8.690000000000001,-0.01117839506667828,-0.0007595225235389194,-0.02235679013335656,-0.02235492813439021,1.0002498818120735,-0.022351204973755694,-0.02235306641453986,0.001385350056701065,0.0,0.0
8.7,-0.011170396440284046,-0.0009929689109790247,-0.022340792880568092,-0.022338934875167762,1.0002495243820575,-0.022335219698674632,-0.02233707714788647,0.0018111517138962607,-2.220446049250313e-16,-1.1102230246251565e-16
8.71,-0.011160287991335107,-0.001221982781331797,-0.022320575982670215,-0.022318723016059597,1.00024907303741,-0.022315017913378744,-0.02231687032631216,0.0022288695865716277,-1.1102230246251565e-16,0.0
8.719999999999999,-0.011148110035543885,-0.001446592383227167,-0.02229622007108777,-0.022294373162754375,1.0002485298311907,-0.022290680172107426,-0.02229252652977723,0.002638555402262062,0.0,0.0
8.73,-0.011133902628593274,-0.0016668264619240027,-0.022267805257186548,-0.022265965400036912,1.0002478968490622,-0.022262286506508695,-0.02226412581649376,0.0030402617787063614,2.220446049250313e-16,2.220446049250313e-16
8.740000000000002,-0.011117705561671324,-0.0018827142448336737,-0.02223541112334265,-0.022233579282937146,1.0002471762058736,-0.022229916416945824,-0.022231747714154183,0.0034340421977665093,-3.3306690738754696e-16,-1.1102230246251565e-16
8.75,-0.011099558357137532,-0.002094285427151088,-0.022199116714275064,-0.02219729382814062,1.000246370042348,-0.022193648864064604,-0.022195471211419585,0.0038199509795635196,-1.1102230246251565e-16,0.0
8.760000000000002,-0.011079500264319687,-0.002301570157594451,-0.022159000528639373,-0.02215718750565822,1.0002454805218708,-0.02215356226061436,-0.022155374749665478,0.00419804325683011,0.0,0.0
8.77,-0.011057570255440382,-0.002504599024254948,-0.022115140510880763,-0.022113338230753343,1.0002445098273802,-0.022109734463523604,-0.022111536214983032,0.004568374949480474,2.220446049250313e-16,-1.1102230246251565e-16
8.780000000000001,-0.01103380702167212,-0.00270340304056024,-0.02206761404334424,-0.02206582335612423,1.0002434601583587,-0.02206224276622667,-0.022064032930433516,0.0049310027394023955,2.220446049250313e-16,0.0
8.79,-0.01100824896931996,-0.002898013631351274,-0.02201649793863992,-0.022014719664339297,1.0002423337279231,-0.022011163891238163,-0.02201294164855365,0.00528598404546899,-1.1102230246251565e-16,0.0
8.8,-0.010980934216130648,-0.0030884626190766135,-0.021961868432261295,-0.02196010336052339,1.000241132760014,-0.021956573982976367,-0.021958338544109727,0.005633376998776104,0.0,0.0
8.809999999999999,-0.010951900587727307,-0.0032747822101037295,-0.021903801175454613,-0.02190205006529285,1.0002398594866801,-0.021898548600828162,-0.021900299207098427,0.0059732404181026206,-2.220446049250313e-16,-1.1102230246251565e-16
8.82,-0.010921185614168256,-0.0034570049811511764,-0.021842371228336512,-0.021840634807936722,1.0002385161454623,-0.021837162712458533,-0.02183889863599149,0.006305633785599374,-1.1102230246251565e-16,0.0
8.830000000000002,-0.010888826526629286,-0.003635163865841235,-0.021777653053258572,-0.02177593201984255,1.000237104976869,-0.02177249068735771,-0.021774211231222765,0.006630617222704349,0.0,0.0
8.84,-0.010854860254208043,-0.0038092921413762615,-0.021709720508416085,-0.02170801552816413,1.0002356282219473,-0.02170460629062775,-0.021706310788914874,0.006948251466288683,0.0,0.0
8.850000000000001,-0.010819323420849234,-0.003979423415339529,-0.02163864684169847,-0.021636958549728604,1.0002340881199459,-0.021633582677001863,-0.02163527049484296,0.007258597845033574,-2.220446049250313e-16,0.0
8.86,-0.010782252342389945,-0.004145591612621541,-0.02156450468477989,-0.021562833685181373,1.0002324869060693,-0.021559492385098848,-0.021561162918633928,0.007561718256038553,0.0,0.0
8.870000000000001,-0.010743683023723482,-0.004307830962474713,-0.021487366047446964,-0.021485712913365877,1.0002308268093205,-0.02148240733190605,-0.02148406000819814,0.007857675141665268,-1.1102230246251565e-16,0.0
8.879999999999999,-0.010703651156080893,-0.0044661759856959036,-0.021407302312161786,-0.021405667585936223,1.0002291100504346,-0.021402398807491552,-0.02140403308439174,0.008146531466614593,0.0,0.0
8.89,-0.010662192114428634,-0.004620661481939987,-0.021324384228857268,-0.021322768422199864,1.000227338839896,-0.021319537469941762,-0.02132115283590661,0.008428350695241893,0.0,0.0
8.900000000000002,-0.010619340954981696,-0.004771322517164014,-0.02123868190996339,-0.02123708550418888,1.000225515376044,-0.0212338933405218,-0.02123548931438662,0.00870319676910855,2.220446049250313e-16,0.0
8.91,-0.010575132412830406,-0.00491819441120444,-0.021150264825660813,-0.02114868827195624,1.0002236418432608,-0.021145535799057952,-0.021147111929766555,0.008971134084773314,2.220446049250313e-16,0.0
8.920000000000002,-0.010529600899680122,-0.005061312725488151,-0.021059201799360244,-0.02105764551909556,1.0002217204102428,-0.02105453357953749,-0.021056089445832246,0.009232227471823947,-2.220446049250313e-16,-1.1102230246251565e-16
8.93,-0.01048278050170242,-0.005200713250877686,-0.02096556100340484,-0.020964025388481616,1.000219753228353,-0.02096095476592568,-0.020962489975999147,0.009486542171149038,0.0,0.0
8.940000000000001,-0.010434704977496552,-0.005336431995653212,-0.020869409954993104,-0.020867895368229087,1.0002177424300518,-0.020864866788195865,-0.020866380979306952,0.009734143813453845,-1.1102230246251565e-16,0.0
8.95,-0.01038540775615995,-0.0054685051736304245,-0.0207708155123199,-0.02076932228786721,1.000215690127408,-0.02076633641857199,-0.020767829256627825,0.009975098398017987,0.0,0.0
8.96,-0.01033492193546651,-0.0055969691924171346,-0.02066984387093302,-0.020668372314727776,1.000213598410684,-0.02066542976797847,-0.02066690094708585,0.010209472271699294,0.0,0.0
8.969999999999999,-0.010283280280151403,-0.005721860641807632,-0.020566560560302805,-0.02056511095054405,1.000211469346998,-0.020562212282698562,-0.020563661524685223,0.010437332108181601,-1.1102230246251565e-16,2.220446049250313e-16
8.98,-0.010230515220301105,-0.0058432162823174195,-0.02046103044060221,-0.020459603028258003,1.0002093049790584,-0.020456748741235327,-0.020458175795144636,0.010658744887470583,-2.220446049250313e-16,-1.1102230246251565e-16
8.990000000000002,-0.01017665884984752,-0.005961073033857472,-0.02035331769969504,-0.02035191270903366,1.0002071073239704,-0.020349103251375414,-0.020350507892935736,0.010873777875635647,-1.1102230246251565e-16,-1.1102230246251565e-16
9.0,-0.010121742925164682,-0.006075467964550021,-0.020243485850329365,-0.020242103479473555,1.0002048783721125,-0.020239339247451773,-0.02024072127852263,0.011082498604800995,-2.220446049250313e-16,0.0
9.010000000000002,-0.01006579886376681,-0.0061864382796859695,-0.02013159772753362,-0.020130238149035973,1.000202620086082,-0.02012751948780241,-0.0201288787358002,0.011284974853385688,2.220446049250313e-16,0.0
9.02,-0.010008857743106718,-0.006294021310824311,-0.020017715486213436,-0.02001637884765088,1.0002003343997077,-0.020013706052425456,-0.02001504236972923,0.011481274626592946,2.220446049250313e-16,0.0
9.030000000000001,-0.009950950299472744,-0.00639825450503507,-0.019901900598945487,-0.019900587023531084,1.000198023217128,-0.019897960340824448,-0.019899273604164783,0.011671466137151199,0.0,-1.1102230246251565e-16
9.04,-0.009892106926983413,-0.006499175414285042,-0.019784213853966826,-0.019782923441176988,1.0001956884119325,-0.01978034307004398,-0.019781633179876426,0.011855617786305209,2.220446049250313e-16,0.0
9.05,-0.009832357676678062,-0.006596821684968176,-0.019664715353356125,-0.01966344817957151,1.0001933318263667,-0.01966091427289176,-0.0196621811527568,0.012033798145060398,0.0,0.0
9.059999999999999,-0.009771732255702657,-0.00669123104757977,-0.019543464511405314,-0.019542220630563645,1.0001909552705968,-0.019539733296346326,-0.019540976892217128,0.012206075935678658,4.440892098500626e-16,0.0
9.07,-0.009710260026588704,-0.006782441306535977,-0.019420520053177407,-0.019419299497436572,1.0001885605220326,-0.019416858800145813,-0.01941807907976557,0.012372520013428189,-1.1102230246251565e-16,-1.1102230246251565e-16
9.080000000000002,-0.009647970006624942,-0.006870490330138127,-0.019295940013249885,-0.019294742793659676,1.000186149324712,-0.019292348755556958,-0.019293545707767947,0.012533199348586302,2.220446049250313e-16,2.220446049250313e-16
9.09,-0.009584890867319486,-0.006955416040682709,-0.01916978173463897,-0.019168607841819948,1.000183723388735,-0.01916626044432075,-0.0191674340783862,0.01268818300869664,-2.220446049250313e-16,-1.1102230246251565e-16
9.100000000000001,-0.009521050933951709,-0.0070372564047172115,-0.019042101867903418,-0.019040951272731345,1.0001812843897588,-0.01903865045777338,-0.01903980080269339,0.012837540141081074,0.0,0.0
9.11,-0.009456478185212494,-0.007116049423441573,-0.018912956370424987,-0.01891182902471947,1.0001788339685407,-0.01890957469613862,-0.01891070179996251,0.012981339955605777,0.0,0.0
9.120000000000001,-0.009391200252931158,-0.007191833123256308,-0.018782400505862315,-0.018781296343078173,1.000176373730535,-0.01877908836799082,-0.01878019229712591,0.013119651707703406,0.0,0.0
9.129999999999999,-0.009325244421888187,-0.007264645546456383,-0.018650488843776375,-0.018649407779696488,1.0001739052455387,-0.01864724598988391,-0.01864832682840366,0.01325254468164969,2.220446049250313e-16,0.0
9.14,-0.009258637629712007,-0.007334524742072045,-0.018517275259424013,-0.018516217192852357,1.000171430047386,-0.0185141013861461,-0.018515159235097486,0.013380088174096623,0.0,0.0
9.150000000000002,-0.009191406466858844,-0.007401508756855585,-0.01838281293371769,-0.018381777747171334,1.0001689496336885,-0.018379707688836355,-0.01838074266554844,0.013502351477860565,-3.3306690738754696e-16,-1.1102230246251565e-16
9.16,-0.009123577176674039,-0.007465635626414925,-0.018247154353348078,-0.018246141913747016,1.0001664654656217,-0.01824411733786061,-0.018245129575255186,0.01361940386596676,-2.220446049250313e-16,0.0
9.170000000000002,-0.009055175655533577,-0.007526943366493619,-0.018110351311067155,-0.018109361470420852,1.000163978967754,-0.018107382081244728,-0.018108371727150515,0.013731314575949826,-2.220446049250313e-16,-1.1102230246251565e-16
9.18,-0.008986227453064693,-0.007585469964396971,-0.017972454906129386,-0.017971487502219025,1.0001614915279196,-0.017969552975563366,-0.017970520192033945,0.013838152794409617,-1.1102230246251565e-16,0.0
9.190000000000001,-0.008916757772443707,-0.007641253370564786,-0.017833515544887414,-0.017832570401942843,1.0001590044971298,-0.017830680386519093,-0.017831625349156808,0.013939987641823635,0.0,0.0
9.2,-0.008846791470770566,-0.007694331490289988,-0.017693582941541133,-0.017692659870911575,1.000156519189526,-0.017690813989673388,-0.017691736886958895,0.01403688815761473,-2.220446049250313e-16,-1.1102230246251565e-16
9.21,-0.008776353059517746,-0.007744742175583413,-0.01755270611903549,-0.017551804919853167,1.00015403688237,-0.017550002771322997,-0.01755090380395206,0.014128923285474737,0.0,0.0
9.219999999999999,-0.008705466705053165,-0.00779252321718408,-0.01741093341010633,-0.01741005386994217,1.0001515588160683,-0.017408295029521913,-0.01740917440975024,0.014216161858943107,2.220446049250313e-16,0.0
9.23,-0.008634156229235024,-0.007837712336715326,-0.017268312458470048,-0.017267454353980676,1.000149086194235,-0.017265738375245025,-0.017266596326241727,0.014298672587241254,0.0,0.0
9.240000000000002,-0.008562445110077803,-0.00788034717898579,-0.017124890220155606,-0.017124053317720978,1.000146620183787,-0.017122379733692194,-0.017123216488902405,0.014376524041361126,-2.220446049250313e-16,0.0
9.25,-0.008490356482487664,-0.007920465304435504,-0.016980712964975327,-0.016979897021326233,1.0001441619150706,-0.016978265345728515,-0.016979081148246384,0.014449784640408584,2.220446049250313e-16,0.0
9.260000000000002,-0.008417913139066093,-0.007958104181726485,-0.016835826278132186,-0.01683503104096711,1.0001417124820198,-0.01683344076945981,-0.016834235871411928,0.01451852263820076,-4.440892098500626e-16,-1.1102230246251565e-16
9.27,-0.008345137530980788,-0.007993301180477386,-0.016690275061961576,-0.01668950027055225,1.0001392729423457,-0.016687950881940476,-0.016688725543880713,0.014582806110116822,0.0,0.0
9.280000000000001,-0.008272051768901709,-0.008026093564141962,-0.016544103537803417,-0.016543348923588642,1.0001368443177512,-0.016541839881010524,-0.016542594371326373,0.014642702940201908,2.220446049250313e-16,0.0
9.29,-0.008198677624001999,-0.008056518483030767,-0.016397355248003998,-0.016396620535171172,1.0001344275941757,-0.016395151287260316,-0.01639588588159184,0.014698280808523442,2.220446049250313e-16,0.0
9.3,-0.00812503652902138,-0.00808461296747563,-0.01625007305804276,-0.016249357964096715,1.0001320237220641,-0.01624792794611944,-0.016248642926790735,0.014749607178779297,-2.220446049250313e-16,-1.1102230246251565e-16
9.309999999999999,-0.008051149579391766,-0.008110413921136362,-0.016102299158783532,-0.016101603395102304,1.000129633616662,-0.016100212030068988,-0.016100907685532476,0.014796749286156976,-2.220446049250313e-16,0.0
9.32,-0.007977037534422856,-0.008133958114449263,-0.015954075068845712,-0.01595339834122285,1.0001272581583318,-0.015952045040972123,-0.015952721665266567,0.014839774125443394,2.220446049250313e-16,0.0
9.330000000000002,-0.007902720818547263,-0.008155282178216637,-0.015805441637094526,-0.01580478364626771,1.0001248981928925,-0.0158034678125233,-0.015804125704745434,0.014878748439384009,0.0,0.0
9.34,-0.007828219522623237,-0.008174422597336967,-0.015656439045246474,-0.015655799487412084,1.000122554531982,-0.01565452051281159,-0.01565515997660184,0.014913738707290963,0.0,0.0
9.350000000000001,-0.007753553405293906,-0.008191415704674862,-0.015507106810587812,-0.015506485377901287,1.0001202279534371,-0.015505242646996873,-0.015505863990038903,0.01494481113389893,0.0,0.0
9.36,-0.007678741894402181,-0.008206297675070313,-0.015357483788804362,-0.01535688016986611,1.0001179192016927,-0.015355673060095715,-0.015356276593631075,0.01497203163846802,0.0,0.0
9.370000000000001,-0.007603804088459196,-0.008219104519486448,-0.015207608176918392,-0.015207022057245126,1.0001156289881998,-0.015205849939875086,-0.015206435978231824,0.014995465844132624,-2.220446049250313e-16,-1.1102230246251565e-16
9.379999999999999,-0.007528758758165989,-0.008229872079295087,-0.015057517516331978,-0.015056948578813322,1.0001133579918602,-0.015055810819851577,-0.01505637967998758,0.015015179067495103,0.0,-1.1102230246251565e-16
9.39,-0.007453624347986252,-0.008238636020699379,-0.014907248695972503,-0.014906696621312799,1.0001111068594748,-0.0149055925823921,-0.014906144583453625,0.015031236308463421,2.220446049250313e-16,2.220446049250313e-16
9.400000000000002,-0.007378418977769762,-0.008245431829292731,-0.014756837955539524,-0.014756302422684754,1.000108876206209,-0.01475523146191614,-0.014755766924811224,0.015043702240331405,0.0,0.0
9.41,-0.0073031604444246025,-0.008250294804753281,-0.014606320888849205,-0.014605801575399016,1.0001066666160705,-0.014604763048196304,-0.014605282295182239,0.015052641200100664,-1.1102230246251565e-16,0.0
9.420000000000002,-0.007227866223637098,-0.008253260055672977,-0.014455732447274196,-0.014455229029879014,1.0001044786424003,-0.014454222289752376,-0.014454725644039206,0.01505811717904264,0.0,-1.1102230246251565e-16
9.43,-0.007152553471638664,-0.008254362494520523,-0.014305106943277327,-0.014304619098020577,1.000102312808374,-0.014303643497341164,-0.014304131282709243,0.015060193813499802,0.0,0.0
9.440000000000001,-0.007077239027017583,-0.008253636832737351,-0.014154478054035167,-0.014154005456800641,1.0001001696075158,-0.014153060347534975,-0.014153532887967932,0.015058934375924577,-2.220446049250313e-16,-1.1102230246251565e-16
9.45,-0.007001939412575323,-0.008251117575965555,-0.014003878825150647,-0.014003421151975119,1.0000980495042222,-0.014002505886390666,-0.014002963505722402,0.015054401766154508,2.220446049250313e-16,0.0
9.46,-0.006926670837225431,-0.008246839019407124,-0.013853341674450861,-0.013852898601861991,1.0000959529342917,-0.013852012533202387,-0.013852455554779772,0.015046658502922559,-1.1102230246251565e-16,-1.1102230246251565e-16
9.469999999999999,-0.00685144919793457,-0.00824083524331335,-0.01370289839586914,-0.013702469601208847,1.000093880305468,-0.013701612084341308,-0.013702040830700092,0.015035766715600796,2.220446049250313e-16,0.0
9.48,-0.006776290081703655,-0.008233140108603454,-0.01355258016340731,-0.01355216532514069,1.0000918319979848,-0.013551335717172997,-0.013551750509729765,0.015021788136176011,-2.220446049250313e-16,0.0
9.490000000000002,-0.00670120876758885,-0.008223787252611645,-0.0134024175351777,-0.013402016333187675,1.0000898083651224,-0.013401213994058218,-0.013401615152814983,0.015004784091456015,0.0,0.0
9.5,-0.006626220228760503,-0.008212810084961428,-0.013252440457521006,-0.01325205257338887,1.0000878097337655,-0.013251276866427358,-0.013251664709691397,0.014984815495504743,2.220446049250313e-16,0.0
9.510000000000002,-0.006551339134599127,-0.008200241783566204,-0.013102678269198254,-0.013102303386470292,1.0000858364049687,-0.013101553678930894,-0.013101928523048251,0.014961942842304643,-1.1102230246251565e-16,0.0
9.52,-0.0064765798528275634,-0.00818611529075518,-0.012953159705655127,-0.012952797510095544,1.000083888654527,-0.012952073173663264,-0.012952435332765284,0.014936226198644731,-1.1102230246251565e-16,0.0
9.530000000000001,-0.006401956451677561,-0.008170463309523453,-0.012803912903355122,-0.012803563083185443,1.0000819667335457,-0.012802863494454414,-0.01280321328021889,0.014907725197232569,0.0,-1.1102230246251565e-16
9.54,-0.006327482702090427,-0.008153318299905343,-0.012654965404180854,-0.012654627650306092,1.0000800708690185,-0.012653952191232347,-0.012654289912656911,0.01487649903002863,2.220446049250313e-16,0.0
9.55,-0.0062531720799497495,-0.00813471247546968,-0.012506344159899499,-0.012506018166121268,1.000078201264404,-0.012505366224448953,-0.012505692187638024,0.014842606441800852,0.0,2.220446049250313e-16
9.559999999999999,-0.006179037768346003,-0.008114677799936194,-0.012358075536692006,-0.0123577609999089,1.0000763581002055,-0.012357131969570808,-0.012357446477535432,0.01480610572389816,-3.3306690738754696e-16,0.0
9.57,-0.006105092659871071,-0.008093245983911668,-0.012210185319742143,-0.012209881940137581,1.000074541534551,-0.012209275221631328,-0.012209578574100896,0.014767054708240595,2.220446049250313e-16,0.0
9.580000000000002,-0.00603134935894234,-0.008070448481744895,-0.01206269871788468,-0.012062406199102548,1.000072751703774,-0.012061821199841718,-0.012062113693088464,0.01472551076152455,-1.1102230246251565e-16,0.0
9.59,-0.00595782018415477,-0.008046316488499223,-0.01191564036830954,-0.011915358417617851,1.0000709887229942,-0.011914794552259496,-0.01191507647893472,0.014681530779641072,2.220446049250313e-16,0.0
9.600000000000001,-0.005884517170660006,-0.0080208809370415,-0.011769034341320012,-0.011768762669762938,1.0000692526866963,-0.011768219360511636,-0.011768491009493676,0.014635171182305211,0.0,0.0
9.61,-0.005811452072571773,-0.007994172495246313,-0.011622904145143546,-0.01162264246768206,1.00006754366931,-0.01162211914457137,-0.011622380800824839,0.014586487907894645,2.220446049250313e-16,0.0
9.620000000000001,-0.0057386363653959315,-0.007966221563314323,-0.011477272730791863,-0.011477020766433322,1.000065861725785,-0.011476516867584956,-0.011476768812031178,0.014535536408495467,-3.3306690738754696e-16,-1.1102230246251565e-16
9.629999999999999,-0.00566608124848484,-0.007937058271203503,-0.01133216249696968,-0.011331919968886642,1.0000642068921664,-0.011331434940748392,-0.01133167745014634,0.014482371645153197,0.0,0.0
9.64,-0.005593797647514253,-0.007906712476171971,-0.011187595295028507,-0.011187361930667094,1.0000625791861655,-0.011186895228229396,-0.011187128575067524,0.014427048083326748,2.220446049250313e-16,0.0
9.650000000000002,-0.005521796216982521,-0.007875213760431432,-0.011043592433965042,-0.01104336796514317,1.0000609786077286,-0.011042919052135962,-0.011043143504533604,0.014369619688543687,4.440892098500626e-16,0.0
9.66,-0.0054500873427304666,-0.007842591428909775,-0.010900174685460933,-0.0108999588484567,1.0000594051396015,-0.010899527197526137,-0.010899743019145222,0.014310139922254323,0.0,0.0
9.670000000000002,-0.005378681144481137,-0.007808874507121633,-0.010757362288962274,-0.010757154824592836,1.0000578587478905,-0.010756739917459228,-0.010756947367425265,0.014248661737882522,-2.220446049250313e-16,-1.1102230246251565e-16
9.68,-0.005307587478398788,-0.007774091739145835,-0.010615174956797577,-0.010614975610488837,1.0000563393826187,-0.01061457693808614,-0.010614776270918443,0.014185237577071463,2.220446049250313e-16,0.0
9.690000000000001,-0.005236815939665461,-0.00773827158570821,-0.010473631879330921,-0.010473440401178327,1.0000548469782764,-0.010473057463775666,-0.010473248929326676,0.01411991936612165,0.0,0.0
9.7,-0.005166375865074934,-0.0077014422223687295,-0.010332751730149869,-0.01033256787497065,1.0000533814543686,-0.010332200182277356,-0.010332384025679873,0.01405275851261943,0.0,0.0
9.71,-0.005096276335642428,-0.007663631537811551,-0.010192552671284856,-0.010192376198662015,1.0000519427159555,-0.010192023269915161,-0.010192199731538842,0.013983805902253475,0.0,0.0
9.719999999999999,-0.005026526179229757,-0.00762486713223681,-0.010053052358459514,-0.010052883032777878,1.0000505306541876,-0.010052544396814926,-0.010052713712229735,0.013913111895817315,4.440892098500626e-16,0.0
9.73,-0.0049571339731843645,-0.007585176315852702,-0.009914267946368729,-0.009914105536843389,1.0000491451468334,-0.009913780732158982,-0.009913943132106862,0.013840726326395275,0.0,0.0
9.740000000000002,-0.004888108046991984,-0.00754458610746678,-0.009776216093983967,-0.009776060374681397,1.0000477860588044,-0.009775748949469835,-0.009775904659843395,0.013766698496729955,-1.1102230246251565e-16,0.0
9.75,-0.004819456484941518,-0.007503123233175008,-0.009638912969883036,-0.00963876371973521,1.0000464532426685,-0.009638465231918636,-0.009638614473747132,0.013691077176768757,-1.1102230246251565e-16,-1.1102230246251565e-16
9.760000000000002,-0.004751187128801375,-0.00746081412514723,-0.00950237425760275,-0.009502231260414565,1.0000451465391609,-0.009501945277658115,-0.009502088267099746,0.013613910601386985,2.220446049250313e-16,0.0
9.77,-0.004683307580506748,-0.00741768492050801,-0.009366615161013496,-0.00936647820546379,1.000043865777684,-0.009366204305177653,-0.009366341253518562,0.013535246468285758,-2.220446049250313e-16,-1.1102230246251565e-16
9.780000000000001,-0.004615825204856277,-0.007373761460311125,-0.009231650409712555,-0.009231519289349028,1.0000426107768043,-0.009231257058678482,-0.009231388172337677,0.013455131936061638,-2.220446049250313e-16,0.0
9.79,-0.0045487471322180634,-0.007329069288606842,-0.009097494264436127,-0.009097368777664447,1.000041381344738,-0.009097117813467706,-0.009097243294008357,0.013373613622446497,2.220446049250313e-16,0.0
9.8,-0.004482080261243354,-0.007283633651600164,-0.008964160522486707,-0.008964040472554101,1.0000401772798295,-0.008963800381370516,-0.008963920425515375,0.013290737602714283,0.0,0.0
9.809999999999999,-0.004415831261587909,-0.007237479496899248,-0.008831662523175817,-0.008831547718149415,1.0000389983710252,-0.00883131811615532,-0.008831432915809264,0.013206549408253412,0.0,2.220446049250313e-16
9.82,-0.0043500065766394385,-0.007190631472852159,-0.008700013153278877,-0.008699903406019106,1.0000378443983344,-0.008699683918975283,-0.00869979366125126,0.013121094025301344,2.220446049250313e-16,0.0
9.830000000000002,-0.004284612426251018,-0.007143113927971031,-0.008569224852502036,-0.008569119980631318,1.0000367151332858,-0.008568910243820284,-0.008569015111070765,0.013034415893839829,0.0,0.0
9.84,-0.004219654809479174,-0.00709495091044211,-0.008439309618958349,-0.00843920944482537,1.0000356103393742,-0.008439009102980196,-0.008439109272832675,0.01294655890664796,0.0,0.0
9.850000000000001,-0.004155139507326026,-0.007046166167720233,-0.008310279014652052,-0.008310183365291894,1.000034529772498,-0.00830999207251631,-0.008310087717913335,0.012857566408510544,-3.3306690738754696e-16,-1.1102230246251565e-16
9.86,-0.004091072085484967,-0.006996783146206785,-0.008182144170969933,-0.00818205287806028,1.0000334731813902,-0.00818187029774132,-0.008181961586984096,0.012767481195579964,-1.1102230246251565e-16,-1.1102230246251565e-16
9.870000000000001,-0.004027457897088604,-0.006946824991009305,-0.008054915794177208,-0.008054828693990898,1.000032440308039,-0.008054654498704135,-0.008054741595499884,0.012676345514888339,2.220446049250313e-16,0.0
9.879999999999999,-0.003964302085458857,-0.006896314545781913,-0.007928604170917715,-0.007928521104271896,1.0000314308880993,-0.007928354975679733,-0.007928438039192558,0.012584201064008376,2.220446049250313e-16,0.0
9.89,-0.0039016095868577797,-0.006845274352644648,-0.007803219173715559,-0.007803139985917647,1.0000304446512982,-0.00780298161466117,-0.00780306079956621,0.012491088990859565,2.220446049250313e-16,-1.1102230246251565e-16
9.900000000000002,-0.00383938513323914,-0.006793726652181061,-0.00767877026647828,-0.007678694807268976,1.0000294813218285,-0.007678543892854551,-0.007678619349394426,0.01239704989365844,-1.1102230246251565e-16,-1.1102230246251565e-16
9.91,-0.003777633254999416,-0.006741693383512105,-0.007555266509998832,-0.007555194633492423,1.000028540618735,-0.007555050884172017,-0.007555122758216829,0.012302123821009424,-2.220446049250313e-16,0.0
9.920000000000002,-0.003716358283727764,-0.00668919618444522,-0.007432716567455528,-0.007432648132077673,1.0000276222562916,-0.007432511264724488,-0.007432579697834,0.012206350272134202,0.0,0.0
9.93,-0.0036555643549545454,-0.0066362563916975885,-0.007311128709909091,-0.007311063578332314,1.0000267259443683,-0.0073109333183119865,-0.007310998447799939,0.01210976819723779,-1.1102230246251565e-16,0.0
9.940000000000001,-0.0035952554108971304,-0.006582895041191584,-0.007190510821794261,-0.0071904488608713485,1.000025851388792,-0.007190324941908668,-0.007190386900909482,0.012012415998007696,2.220446049250313e-16,0.0
9.95,-0.0035354352032030308,-0.006529132868421767,-0.0070708704064060615,-0.007070811487101562,1.0000249982916949,-0.007070693651143706,-0.007070752568680776,0.011914331528244978,2.220446049250313e-16,0.0
9.96,-0.0034761072956890175,-0.0064749903088914835,-0.006952214591378035,-0.0069521585886980555,1.000024166351856,-0.006952046585774047,-0.00695210258683009,0.011815552094623682,2.220446049250313e-16,0.0
9.969999999999999,-0.0034172750670762985,-0.006420487498618353,-0.006834550134152597,-0.006834496927073073,1.000023355265034,-0.0068343905151508014,-0.006834443720739134,0.01171611445757732,0.0,2.220446049250313e-16
9.98,-0.0033589417137204237,-0.0063656442747066985,-0.0067178834274408475,-0.006717832898834464,1.0000225647242889,-0.006717731843673886,-0.0067177823709121684,0.011616054832308844,-2.220446049250313e-16,-1.1102230246251565e-16
9.990000000000002,-0.003301110252335962,-0.006310480175986159,-0.006602220504671924,-0.006602172541233865,1.0000217944202978,-0.006602076616239295,-0.006602124578422998,0.011515408889922737,0.0,0.0
10.0,-0.003243783522714901,-0.006255014443714846,-0.006487567045429802,-0.0064875215376024795,1.0000210440416586,-0.0064874305236716015,-0.00648747603034975,0.0114142117586762,0.0,0.0
