omega_t,s_x,s_y,s_z,n_c,abs_p,bloch_norm
-15.0,0.0,0.0,-1.0000000000000002,-1.1102230246251565e-16,0.0,1.0000000000000002
-14.99,-4.5541040900992794e-08,-6.848387202002221e-10,-0.9999999999999991,4.440892098500626e-16,2.277309492810861e-08,1.0
-14.98,-9.030693746976688e-08,-2.7238005500858186e-09,-0.999999999999996,1.9984014443252818e-15,4.51740026027278e-08,1.0
-14.97,-1.3421718181444916e-07,-6.091753200713867e-09,-0.9999999999999911,4.440892098500626e-15,6.717767737736865e-08,1.0
-14.96,-1.771910828927882e-07,-1.0761159387847702e-08,-0.9999999999999843,7.827072323607354e-15,8.875877760549882e-08,1.0
-14.95,-2.191478228570239e-07,-1.670207344105233e-08,-0.999999999999976,1.199040866595169e-14,1.0989168248803435e-07,1.0000000000000002
-14.94,-2.6000651335248457e-07,-2.3882139579902052e-08,-0.999999999999966,1.6986412276764895e-14,1.3055051089198164e-07,1.0
-14.93,-2.9968625171394804e-07,-3.226659181205068e-08,-0.9999999999999547,2.2648549702353193e-14,1.5070914240144935e-07,1.0
-14.92,-3.381061770129266e-07,-4.181825549313517e-08,-0.999999999999942,2.8976820942716586e-14,1.7034124091568783e-07,1.0
-14.91,-3.751855259104403e-07,-5.249755058877031e-08,-0.9999999999999282,3.5915714846623814e-14,1.8942028116764195e-07,0.9999999999999999
-14.9,-4.1084368826880636e-07,-6.426249667887034e-08,-0.9999999999999134,4.3298697960381105e-14,2.0791957860535762e-07,0.9999999999999999
-14.89,-4.450002624770611e-07,-7.706871974454081e-08,-0.9999999999998979,5.10702591327572e-14,2.2581232316224232e-07,0.9999999999999998
-14.88,-4.775751105918135e-07,-9.08694602807923e-08,-0.9999999999998817,5.917488721252084e-14,2.430716175680047e-07,0.9999999999999998
-14.87,-5.084884118898749e-07,-1.0561558408886642e-07,-0.9999999999998649,6.755707104844078e-14,2.5967052038531415e-07,0.9999999999999997
-14.86,-5.376607184323671e-07,-1.2125559242559661e-07,-0.9999999999998476,7.6216810640517e-14,2.755820961345691e-07,0.9999999999999994
-14.85,-5.650130093942063e-07,-1.3773563431882903e-07,-0.9999999999998302,8.487655023259322e-14,2.907794721717421e-07,0.9999999999999993
-14.84,-5.904667434104983e-07,-1.5499952241800995e-07,-0.999999999999813,9.348077867343818e-14,3.052359034515805e-07,0.9999999999999993
-14.83,-6.139439106632298e-07,-1.7298875003957055e-07,-0.9999999999997958,1.0208500711428314e-13,3.1892484737031423e-07,0.9999999999999992
-14.82,-6.353670846295703e-07,-1.9164250943292117e-07,-0.9999999999997787,1.1063372440389685e-13,3.3182005049892134e-07,0.9999999999999989
-14.81,-6.546594734052609e-07,-2.108977113058463e-07,-0.9999999999997623,1.18849374786123e-13,3.4389564941755865e-07,0.9999999999999988
-14.8,-6.71744970516348e-07,-2.3068900564808847e-07,-0.9999999999997464,1.2678746941219288e-13,3.5512628836123675e-07,0.9999999999999987
-14.79,-6.865482051330269e-07,-2.5094880389191257e-07,-0.9999999999997313,1.3433698597964394e-13,3.654872570097904e-07,0.9999999999999984
-14.78,-6.989945915990708e-07,-2.7160730244841807e-07,-0.999999999999717,1.414979244884762e-13,3.7495465253416253e-07,0.9999999999999981
-14.77,-7.090103781910369e-07,-2.925925076584404e-07,-0.9999999999997039,1.4804824033376462e-13,3.835055709896701e-07,0.999999999999998
-14.76,-7.165226950209409e-07,-3.138302621967591e-07,-0.9999999999996919,1.5404344466674047e-13,3.9111833437930227e-07,0.9999999999999978
-14.75,-7.214596009967992e-07,-3.352442729684537e-07,-0.9999999999996811,1.5942802633617248e-13,3.9777276126848097e-07,0.9999999999999976
-14.74,-7.237501297553183e-07,-3.5675614053617477e-07,-0.9999999999996717,1.641464741908294e-13,4.034504908074555e-07,0.9999999999999972
-14.73,-7.233243344812002e-07,-3.7828539011712193e-07,-0.9999999999996639,1.6803225477701744e-13,4.081353725263023e-07,0.999999999999997
-14.72,-7.201133315276307e-07,-3.997495041885173e-07,-0.9999999999996576,1.7119639039719914e-13,4.118139374592574e-07,0.9999999999999968
-14.71,-7.140493427530063e-07,-4.210639567403618e-07,-0.9999999999996529,1.7352785874891197e-13,4.144759702177707e-07,0.9999999999999964
-14.7,-7.050657364886207e-07,-4.421422492142676e-07,-0.9999999999996501,1.7497114868092467e-13,4.161152067968956e-07,0.9999999999999963
-14.69,-6.930970670526031e-07,-4.628959481671317e-07,-0.9999999999996487,1.7563728249569976e-13,4.167301894471016e-07,0.999999999999996
-14.68,-6.780791127253625e-07,-4.832347246984953e-07,-0.9999999999996491,1.75470749042006e-13,4.1632531819144917e-07,0.9999999999999957
-14.67,-6.599489121243493e-07,-5.030663956549961e-07,-0.9999999999996512,1.744160371686121e-13,4.1491214884943456e-07,0.9999999999999954
-14.66,-6.386448151052927e-07,-5.222969457588796e-07,-0.9999999999996549,1.7252865802674933e-13,4.125109996745322e-07,0.9999999999999952
-14.65,-6.141065184329955e-07,-5.408305642562164e-07,-0.9999999999996603,1.6986412276764895e-13,4.091529406027752e-07,0.999999999999995
-14.64,-5.862750879698923e-07,-5.585697092577485e-07,-0.9999999999996669,1.6653345369377348e-13,4.0488226649064005e-07,0.9999999999999948
-14.63,-5.550929989629606e-07,-5.754151425154452e-07,-0.9999999999996749,1.6253665080512292e-13,3.9975956015265087e-07,0.9999999999999946
-14.62,-5.205041674777756e-07,-5.912659720828438e-07,-0.999999999999684,1.5798473640415978e-13,3.938654713556402e-07,0.9999999999999942
-14.61,-4.824539809709712e-07,-6.060196962305547e-07,-0.9999999999996941,1.5293322164211531e-13,3.873053433578318e-07,0.9999999999999941
-14.6,-4.4088932791817463e-07,-6.195722485268156e-07,-0.9999999999997047,1.4765966227514582e-13,3.802147980473386e-07,0.9999999999999938
-14.59,-3.9575862641586876e-07,-6.318180439928784e-07,-0.9999999999997157,1.421640583032513e-13,3.727663246249458e-07,0.9999999999999936
-14.58,-3.470118516743061e-07,-6.426500262431135e-07,-0.9999999999997267,1.3666845433135677e-13,3.6517676590683624e-07,0.9999999999999933
-14.57,-2.9460056232029516e-07,-6.519597155196538e-07,-0.9999999999997373,1.3133938381315602e-13,3.5771530648684227e-07,0.9999999999999932
-14.56,-2.3847792542775904e-07,-6.59637257531424e-07,-0.999999999999747,1.265099136560366e-13,3.507110749747953e-07,0.9999999999999929
-14.55,-1.7859874019478153e-07,-6.655714730073951e-07,-0.9999999999997554,1.22291066162461e-13,3.445587379825088e-07,0.9999999999999928
-14.54,-1.149194601858579e-07,-6.696499078739055e-07,-0.999999999999762,1.1901590823981678e-13,3.3971954662814854e-07,0.9999999999999928
-14.53,-4.739821405825834e-08,-6.717588839658873e-07,-0.9999999999997659,1.1707301794672276e-13,3.3671448917555026e-07,0.9999999999999926
-14.52,2.4005175308468153e-08,-6.717835501818469e-07,-0.9999999999997664,1.1679546219056647e-13,3.3610615389208375e-07,0.9999999999999923
-14.51,9.93291733602159e-08,-6.696079339924283e-07,-0.999999999999763,1.1851630787873546e-13,3.384675279646601e-07,0.999999999999992
-14.5,1.7861051817404887e-07,-6.651149932124109e-07,-0.9999999999997549,1.2256862191861728e-13,3.4433982902009304e-07,0.999999999999992
-14.49,2.6188420660192244e-07,-6.581866679459772e-07,-0.999999999999741,1.295075158225245e-13,3.5418675424461687e-07,0.9999999999999919
-14.48,3.491834823325036e-07,-6.487039326150936e-07,-0.9999999999997202,1.3988810110276972e-13,3.6835644982955763e-07,0.9999999999999916
-14.47,4.405398259509421e-07,-6.365468479808445e-07,-0.9999999999996918,1.5409895581797173e-13,3.8706176119685174e-07,0.9999999999999915
-14.46,5.359829470760599e-07,-6.215946130675605e-07,-0.9999999999996543,1.7286172493413687e-13,4.103832302101746e-07,0.9999999999999911
-14.45,6.355407683486758e-07,-6.037256251806818e-07,-0.9999999999996066,1.9667600881234648e-13,4.382911985007885e-07,0.9999999999999908
-14.44,7.39239397297623e-07,-5.828175430145272e-07,-0.9999999999995475,2.262634524186069e-13,4.7067801493230034e-07,0.9999999999999906
-14.43,8.471031490422976e-07,-5.587473211656633e-07,-0.9999999999994754,2.6229018956769323e-13,5.073909523304446e-07,0.9999999999999902
-14.42,9.591545332129595e-07,-5.313912768418972e-07,-0.9999999999993886,3.0569990983053685e-13,5.482595433931434e-07,0.9999999999999898
-14.41,1.0754142497525484e-06,-5.00625142243241e-07,-0.9999999999992858,3.571032358706816e-13,5.931149428266206e-07,0.9999999999999893
-14.4,1.195901186620553e-06,-4.6632411742707943e-07,-0.999999999999165,4.174993684102901e-13,6.418017276882697e-07,0.9999999999999888
-14.39,1.3206324188029933e-06,-4.2836292407625687e-07,-0.9999999999990243,4.878319970202938e-13,6.941838337783093e-07,0.9999999999999881
-14.38,1.4496232086257837e-06,-3.866158599550251e-07,-0.999999999998862,5.689893001203927e-13,7.50146530711713e-07,0.9999999999999875
-14.37,1.5828870073680728e-06,-3.4095685383778374e-07,-0.9999999999986755,6.622480341889059e-13,8.095960187454009e-07,0.9999999999999863
-14.36,1.7204354581721528e-06,-2.912595206956025e-07,-0.999999999998463,7.684963776455334e-13,8.724577746418244e-07,0.9999999999999853
-14.35,1.8622784002465615e-06,-2.3739721692534539e-07,-0.9999999999982219,8.890665981198254e-13,9.386743682753876e-07,0.999999999999984
-14.34,2.00842387435803e-06,-1.7924309540649753e-07,-0.9999999999979498,1.0251244297876383e-12,1.0082031722750903e-06,0.9999999999999827
-14.33,2.158878129608446e-06,-1.1667016017051562e-07,-0.9999999999976439,1.1780576514297536e-12,1.081014188710754e-06,0.999999999999981
-14.32,2.3136456314922848e-06,-4.9551320467691506e-08,-0.9999999999973015,1.3492540418269527e-12,1.157088095337108e-06,0.9999999999999791
-14.31,2.4727290712300213e-06,2.2240555983540798e-08,-0.9999999999969196,1.5402124020624797e-12,1.2364145443616938e-06,0.999999999999977
-14.3,2.636129376372452e-06,9.883259077991222e-08,-0.9999999999964951,1.7524315332195783e-12,1.3189907097828707e-06,0.9999999999999746
-14.29,2.8038457226709655e-06,1.8035184386431254e-07,-0.9999999999960247,1.9876322809864178e-12,1.4048200617984432e-06,0.9999999999999718
-14.28,2.9758755472081652e-06,2.66925264019448e-07,-0.9999999999955052,2.2474244687487044e-12,1.493911340160733e-06,0.9999999999999687
-14.27,3.1522145627836704e-06,3.5867964103943214e-07,-0.9999999999949326,2.533695475648301e-12,1.5862776975297878e-06,0.9999999999999651
-14.26,3.3328567735486e-06,4.557415597940883e-07,-0.9999999999943032,2.8483881919783016e-12,1.6819359858740412e-06,0.999999999999961
-14.25,3.5177944906196014e-06,5.582373329673822e-07,-0.9999999999936133,3.1933344857293378e-12,1.780906159666488e-06,0.9999999999999566
-14.24,3.7070183429870937e-06,6.662929231428897e-07,-0.9999999999928586,3.5706992917994285e-12,1.8832107725021829e-06,0.9999999999999516
-14.23,3.900517300740183e-06,7.800339433845209e-07,-0.9999999999920347,3.982647545086593e-12,1.9888745665705953e-06,0.9999999999999459
-14.22,4.098278695938737e-06,8.995855849444678e-07,-0.9999999999911372,4.431399691640081e-12,2.097924122449689e-06,0.9999999999999397
-14.21,4.3002882410938285e-06,1.0250725713219967e-06,-0.9999999999901612,4.919398222114069e-12,2.2103875640352385e-06,0.9999999999999328
-14.2,4.506530049065336e-06,1.1566191123296902e-06,-0.9999999999891018,5.449085627162731e-12,2.326294309311224e-06,0.9999999999999251
-14.19,4.716986654251879e-06,1.2943488575790742e-06,-0.999999999987954,6.0230154197427055e-12,2.445674858883872e-06,0.9999999999999166
-14.18,4.931639034936466e-06,1.4383848496859477e-06,-0.9999999999867122,6.643907646264324e-12,2.568560615729905e-06,0.9999999999999072
-14.17,5.1504666366497265e-06,1.5888494774949296e-06,-0.999999999985371,7.314482353137919e-12,2.694983730812575e-06,0.9999999999998969
-14.16,5.3734473964136135e-06,1.7458644296235335e-06,-0.9999999999839245,8.037737142529977e-12,2.8249769702003302e-06,0.9999999999998855
-14.15,5.600557767727452e-06,1.9095506486256114e-06,-0.9999999999823667,8.816669616606987e-12,2.958573600120453e-06,0.999999999999873
-14.14,5.831772746158191e-06,2.0800282860741576e-06,-0.9999999999806911,9.65444391098913e-12,3.09580728702959e-06,0.9999999999998591
-14.13,6.06706589539639e-06,2.2574166588634445e-06,-0.9999999999788916,1.0554224161296588e-11,3.2367120103121698e-06,0.9999999999998441
-14.12,6.306409373639312e-06,2.441834207030501e-06,-0.9999999999769611,1.15194520589057e-11,3.3813219856496236e-06,0.9999999999998277
-14.11,6.54977396016189e-06,2.6333984533956976e-06,-0.9999999999748929,1.2553569295192801e-11,3.5296715974563983e-06,0.99999999999981
-14.1,6.797129081936971e-06,2.8322259653229193e-06,-0.9999999999726793,1.366035062844162e-11,3.6817953390690618e-06,0.9999999999997905
-14.09,7.0484428401645214e-06,3.038432318898619e-06,-0.9999999999703131,1.4843459794633418e-11,3.837727759612259e-06,0.9999999999997694
-14.08,7.303682036570657e-06,3.252132065830245e-06,-0.9999999999677864,1.6106782574354384e-11,3.997503416662899e-06,0.9999999999997464
-14.07,7.562812199336244e-06,3.4734387033637896e-06,-0.9999999999650911,1.745442679279563e-11,4.161156833996246e-06,0.9999999999997216
-14.06,7.825797623994641e-06,3.7024646045456955e-06,-0.999999999962219,1.889050027514827e-11,4.328722461640209e-06,0.9999999999996947
-14.05,8.092601401773211e-06,3.939320972366116e-06,-0.9999999999591612,2.0419388402359573e-11,4.500234637530171e-06,0.9999999999996654
-14.04,8.363185436941821e-06,4.1841178470656556e-06,-0.9999999999559092,2.2045421044225577e-11,4.675727558648202e-06,0.999999999999634
-14.03,8.637510485001737e-06,4.436964050561027e-06,-0.9999999999524534,2.377331664860094e-11,4.855235250852575e-06,0.9999999999996
-14.02,8.915536179566058e-06,4.697967156386998e-06,-0.9999999999487845,2.5607738152189086e-11,5.038791540926314e-06,0.9999999999995633
-14.01,9.197221060451333e-06,4.967233458891723e-06,-0.9999999999448927,2.7553626047449598e-11,5.226430030861003e-06,0.9999999999995238
-14.0,9.482522602694489e-06,5.2448679420213625e-06,-0.9999999999407682,2.961592082684206e-11,5.418184074019986e-06,0.9999999999994815
-13.99,9.771397246207095e-06,5.5309742480310444e-06,-0.9999999999364002,3.1799896049733434e-11,5.614086752882569e-06,0.9999999999994361
-13.98,1.0063800425779058e-05,5.825654646459577e-06,-0.999999999931778,3.411099180894439e-11,5.814170858121706e-06,0.9999999999993872
-13.97,1.0359686601143538e-05,6.1290100037052685e-06,-0.999999999926891,3.65544816638419e-11,6.018468868811905e-06,0.999999999999335
-13.96,1.0659009286814501e-05,6.441139753540166e-06,-0.9999999999217274,3.91363053076077e-11,6.227012933602941e-06,0.9999999999992787
-13.95,1.0961721081408394e-05,6.762141868900161e-06,-0.999999999916276,4.186201385536492e-11,6.439834852729644e-06,0.9999999999992188
-13.94,1.1267773696160584e-05,7.09211283528793e-06,-0.9999999999105244,4.4737824556051464e-11,6.6569660607581615e-06,0.9999999999991547
-13.93,1.1577117982348144e-05,7.43114762612693e-06,-0.9999999999044605,4.7769732614000304e-11,6.878437609997286e-06,0.9999999999990863
-13.92,1.1889703957328388e-05,7.779339680402664e-06,-0.9999999998980715,5.09642328339055e-11,7.104280154526526e-06,0.9999999999990131
-13.91,1.2205480828904522e-05,8.136780882929392e-06,-0.9999999998913448,5.432759797585618e-11,7.3345239348161015e-06,0.9999999999989353
-13.9,1.2524397017727636e-05,8.503561547579315e-06,-0.9999999998842667,5.786665591145379e-11,7.569198762932811e-06,0.9999999999988523
-13.89,1.2846400178116544e-05,8.879770402902333e-06,-0.9999999998768236,6.158817900114855e-11,7.808334008362044e-06,0.9999999999987638
-13.879999999999999,1.3171437254398687e-05,9.265494527061984e-06,-0.9999999998690018,6.549910613884435e-11,8.051958584369042e-06,0.9999999999986698
-13.87,1.3499454490761937e-05,9.660819343675456e-06,-0.9999999998607865,6.960676479650374e-11,8.300100932206886e-06,0.9999999999985698
-13.86,1.383039744581413e-05,1.0065828620935348e-05,-0.9999999998521635,7.39182604014843e-11,8.552789009078022e-06,0.9999999999984639
-13.85,1.416421102435151e-05,1.0480604440456452e-05,-0.9999999998431172,7.844142002610965e-11,8.810050274823582e-06,0.9999999999983511
-13.84,1.4500839496996973e-05,1.0905227181466352e-05,-0.9999999998336325,8.318373767579601e-11,9.071911678321444e-06,0.9999999999982316
-13.83,1.4840226520633043e-05,1.1339775504146983e-05,-0.9999999998236936,8.815320695632067e-11,9.338399644320115e-06,0.999999999998105
-13.82,1.5182315159203024e-05,1.1784326332459317e-05,-0.9999999998132844,9.335782147346094e-11,9.609540060576e-06,0.9999999999979708
-13.81,1.552704790445334e-05,1.2238954836783332e-05,-0.9999999998023882,9.880590789990151e-11,9.885358265182033e-06,0.9999999999978287
-13.8,1.5874366696189e-05,1.2703734416705388e-05,-0.9999999997909885,1.0450573739717584e-10,1.0165879033994791e-05,0.9999999999976787
-13.79,1.6224212941615288e-05,1.3178736684285228e-05,-0.9999999997790678,1.1046608072717845e-10,1.045112656808588e-05,0.9999999999975199
-13.78,1.6576527533336897e-05,1.3664031448134256e-05,-0.9999999997666086,1.166957086518039e-10,1.0741124481159761e-05,0.9999999999973521
-13.77,1.6931250865588127e-05,1.4159686698638468e-05,-0.999999999753593,1.2320350295524918e-10,1.1035895786897838e-05,0.9999999999971749
-13.76,1.72883228482639e-05,1.4665768594656487e-05,-0.9999999997400026,1.2999867848861868e-10,1.1335462886201607e-05,0.9999999999969881
-13.75,1.7647682918324564e-05,1.518234145202613e-05,-0.9999999997258188,1.3709061663647049e-10,1.1639847554324277e-05,0.9999999999967908
-13.74,1.8009270048145805e-05,1.5709467734211085e-05,-0.9999999997110225,1.444887542945139e-10,1.1949070927892896e-05,0.9999999999965831
-13.73,1.837302275038407e-05,1.6247208045420005e-05,-0.9999999996955942,1.5220291693651689e-10,1.2263153491835728e-05,0.999999999996364
-13.72,1.873887908231801e-05,1.6795621123435763e-05,-0.9999999996795144,1.6024281901394488e-10,1.2582115066471704e-05,0.9999999999961335
-13.71,1.9106776697664842e-05,1.7354763786427917e-05,-0.9999999996627627,1.6861867457862445e-10,1.2905974797135026e-05,0.999999999995891
-13.7,1.9476652821852706e-05,1.7924690948826654e-05,-0.9999999996453185,1.7734075319353337e-10,1.3234751138139425e-05,0.9999999999956357
-13.69,1.9848444257652588e-05,1.850545561252163e-05,-0.9999999996271611,1.864194354439519e-10,1.356846184057123e-05,0.9999999999953674
-13.68,2.022208739377878e-05,1.9097108850434898e-05,-0.9999999996082694,1.958653239597652e-10,1.3907123938893561e-05,0.9999999999950855
-13.67,2.059751820478576e-05,1.969969979685154e-05,-0.9999999995886216,2.0568918790431212e-10,1.425075373693049e-05,0.9999999999947896
-13.66,2.097467225131197e-05,2.031327563657178e-05,-0.9999999995681956,2.1590218501899017e-10,1.4599366793951176e-05,0.9999999999944786
-13.65,2.1353484680130388e-05,2.0937881593181303e-05,-0.9999999995469695,2.265152510005919e-10,1.4952977910726041e-05,0.9999999999941526
-13.64,2.173389022347148e-05,2.157356091673705e-05,-0.9999999995249205,2.375397656351197e-10,1.5311601115445712e-05,0.9999999999938107
-13.629999999999999,2.211582319707924e-05,2.222035487116605e-05,-0.9999999995020254,2.489872752420297e-10,1.5675249649407668e-05,0.9999999999934523
-13.62,2.2499217496464153e-05,2.2878302721673724e-05,-0.9999999994782608,2.608696036965341e-10,1.6043935952391343e-05,0.9999999999930765
-13.61,2.2884006590815773e-05,2.354744172246077e-05,-0.9999999994536034,2.731982973180891e-10,1.6417671647657486e-05,0.9999999999926833
-13.6,2.327012351403672e-05,2.4227807105043566e-05,-0.9999999994280288,2.859856240711167e-10,1.6796467526519706e-05,0.9999999999922714
-13.59,2.3657500852360996e-05,2.491943206747714e-05,-0.9999999994015129,2.9924357436428295e-10,1.7180333532451205e-05,0.9999999999918405
-13.58,2.4046070728018667e-05,2.562234776477722e-05,-0.9999999993740307,3.129846382066148e-10,1.7569278744701363e-05,0.9999999999913898
-13.57,2.4435764778409606e-05,2.633658330083887e-05,-0.9999999993455574,3.2722130560713936e-10,1.7963311361409597e-05,0.9999999999909185
-13.56,2.4826514138654525e-05,2.7062165716609705e-05,-0.9999999993160678,3.4196612208603483e-10,1.8362438683015787e-05,0.999999999990426
-13.55,2.5218249468886624e-05,2.7799119945956897e-05,-0.9999999992855358,3.5723207725268935e-10,1.87666670991728e-05,0.9999999999899114
-13.54,2.5610900894910715e-05,2.854746882783776e-05,-0.9999999992539361,3.730319386718861e-10,1.9176002067201774e-05,0.9999999999893742
-13.53,2.600439799654705e-05,2.930723308667528e-05,-0.999999999221242,3.893789735087694e-10,1.959044809568897e-05,0.9999999999888134
-13.52,2.6398669785382895e-05,3.007843131592485e-05,-0.9999999991874273,4.0628633790618096e-10,2.0010008726038182e-05,0.9999999999882282
-13.51,2.67936446783781e-05,3.0861079962736656e-05,-0.999999999152465,4.2376752107387006e-10,2.043468651348489e-05,0.9999999999876178
-13.5,2.7189250471497523e-05,3.165519331095466e-05,-0.9999999991163281,4.4183595671043463e-10,2.0864483007947602e-05,0.9999999999869814
-13.49,2.758541431276031e-05,3.2460783462701464e-05,-0.9999999990789892,4.6050541158138003e-10,2.1299398734583065e-05,0.999999999986318
-13.48,2.7982062674089125e-05,3.3277860318799246e-05,-0.999999999040421,4.797894859187579e-10,2.1739433173924783e-05,0.9999999999856269
-13.47,2.8379121321350407e-05,3.410643155827668e-05,-0.9999999990005956,4.997022240438298e-10,2.218458474150089e-05,0.9999999999849071
-13.46,2.87765152819691e-05,3.494650261721192e-05,-0.9999999989594848,5.20257614766706e-10,2.263485076683852e-05,0.9999999999841577
-13.45,2.9174168809506747e-05,3.579807666716185e-05,-0.9999999989170605,5.414697579197991e-10,2.3090227471776855e-05,0.9999999999833776
-13.44,2.9572005344590904e-05,3.666115459342652e-05,-0.9999999988732944,5.633528088466733e-10,2.3550709948022964e-05,0.9999999999825663
-13.43,2.996994747157984e-05,3.7535734973401366e-05,-0.9999999988281576,5.859212004466485e-10,2.401629213389674e-05,0.9999999999817222
-13.42,3.0367916870354514e-05,3.842181405526387e-05,-0.9999999987816216,6.091891990855913e-10,2.4486966790223503e-05,0.9999999999808447
-13.41,3.0765834274495334e-05,3.931938573147931e-05,-0.9999999987336573,6.331713486851243e-10,2.496272547673115e-05,0.9999999999799326
-13.4,3.1163619464584554e-05,4.0228441492223254e-05,-0.9999999986842356,6.578821931668699e-10,2.544355853171222e-05,0.9999999999789849
-13.39,3.1561191184537885e-05,4.114897041489904e-05,-0.9999999986333273,6.833363319636021e-10,2.5929455042447325e-05,0.9999999999780006
-13.379999999999999,3.195846710478767e-05,4.208095912908886e-05,-0.9999999985809033,7.095483645080947e-10,2.642040282107676e-05,0.9999999999769786
-13.37,3.2355363770763774e-05,4.30243917852184e-05,-0.9999999985269338,7.365331122777263e-10,2.6916388377837863e-05,0.9999999999759177
-13.36,3.275179654975352e-05,4.39792500218902e-05,-0.9999999984713894,7.643052857275734e-10,2.7417396893780667e-05,0.9999999999748167
-13.35,3.314767957785301e-05,4.4945512930983194e-05,-0.9999999984142408,7.928795953127121e-10,2.7923412193109526e-05,0.9999999999736747
-13.34,3.3542925706337734e-05,4.592315702072808e-05,-0.9999999983554583,8.222708625105213e-10,2.843441671500991e-05,0.9999999999724903
-13.33,3.393744644678563e-05,4.691215617696557e-05,-0.9999999982950121,8.524939643095308e-10,2.8950391484833377e-05,0.9999999999712624
-13.32,3.433115191428003e-05,4.791248162279492e-05,-0.999999998232873,8.835635001425146e-10,2.9471316084525452e-05,0.9999999999699899
-13.31,3.472395076802749e-05,4.8924101876820424e-05,-0.9999999981690111,9.15494458020305e-10,2.9997168622196248e-05,0.9999999999686713
-13.3,3.511575014871726e-05,4.99469827102035e-05,-0.9999999981033972,9.483013818645247e-10,3.052792570074367e-05,0.9999999999673057
-13.29,3.550645561195715e-05,5.098108710272814e-05,-0.9999999980360016,9.819992041748549e-10,3.1063562385453464e-05,0.9999999999658914
-13.28,3.5895971057114595e-05,5.202637519808605e-05,-0.9999999979667952,1.0166024133617668e-09,3.1604052170509846e-05,0.9999999999644273
-13.27,3.628419865402675e-05,5.308280425748497e-05,-0.9999999978957487,1.0521256643691856e-09,3.214936694479123e-05,0.9999999999629122
-13.26,3.667103880984444e-05,5.415032859595507e-05,-0.9999999978228332,1.0885833900964315e-09,3.269947696234233e-05,0.9999999999613448
-13.25,3.7056390078422545e-05,5.5228899536482215e-05,-0.9999999977480197,1.1259901344651269e-09,3.325435080427469e-05,0.9999999999597234
-13.24,3.744014908956599e-05,5.6318465355796444e-05,-0.9999999976712797,1.1643601638411383e-09,3.3813955343470886e-05,0.9999999999580468
-13.23,3.782221047845802e-05,5.741897122628955e-05,-0.9999999975925847,1.2037076335680297e-09,3.437825570823164e-05,0.9999999999563136
-13.22,3.820246680959061e-05,5.853035915731317e-05,-0.9999999975119068,1.2440465879670626e-09,3.494721524464412e-05,0.9999999999545225
-13.21,3.85808085016398e-05,5.965256793365894e-05,-0.9999999974292182,1.2853909048260448e-09,3.552079547856437e-05,0.999999999952672
-13.2,3.8957123752550945e-05,6.0785533051398636e-05,-0.9999999973444914,1.3277542953993304e-09,3.609895607706075e-05,0.9999999999507606
-13.19,3.9331298464106125e-05,6.192918665126096e-05,-0.9999999972576992,1.3711504154301224e-09,3.668165480917987e-05,0.9999999999487867
-13.18,3.9703216165244026e-05,6.308345744972586e-05,-0.999999997168815,1.4155924765724137e-09,3.726884750591125e-05,0.999999999946749
-13.17,4.0072757933404344e-05,6.424827066801013e-05,-0.999999997077813,1.4610935239467437e-09,3.786048801923686e-05,0.9999999999446461
-13.16,4.043980231316749e-05,6.542354795912514e-05,-0.9999999969846668,1.5076666026736518e-09,3.845652818016732e-05,0.9999999999424759
-13.15,4.080422523145981e-05,6.66092073331834e-05,-0.9999999968893518,1.5553240917398625e-09,3.90569177556765e-05,0.9999999999402375
-13.14,4.116589990860307e-05,6.780516308113188e-05,-0.9999999967918431,1.6040784256432516e-09,3.966160440446156e-05,0.9999999999379289
-13.129999999999999,4.152469676469781e-05,6.901132569703378e-05,-0.9999999966921171,1.6539414282590315e-09,4.027053363149717e-05,0.9999999999355489
-13.12,4.188048336098745e-05,7.022760178845857e-05,-0.9999999965901502,1.7049249234624142e-09,4.0883648747109935e-05,0.9999999999330956
-13.11,4.223312431539198e-05,7.145389398989417e-05,-0.9999999964859194,1.7570402910394023e-09,4.1500890821036565e-05,0.9999999999305673
-13.1,4.258248119895573e-05,7.269010088027406e-05,-0.9999999963794035,1.8102982446421834e-09,4.212219863398585e-05,0.9999999999279627
-13.09,4.2928412457042105e-05,7.39361168903358e-05,-0.9999999962705809,1.8647095534340963e-09,4.274750863180019e-05,0.9999999999252799
-13.08,4.327077331753075e-05,7.519183221031664e-05,-0.9999999961594318,1.92028409840006e-09,4.3376754877012013e-05,0.9999999999225175
-13.07,4.360941570129929e-05,7.645713269450605e-05,-0.9999999960459366,1.977031705013843e-09,4.400986900024253e-05,0.9999999999196737
-13.06,4.394418813419404e-05,7.773189976280568e-05,-0.9999999959300766,2.0349616991488517e-09,4.464678015128389e-05,0.9999999999167465
-13.05,4.4274935659685517e-05,7.901601029944817e-05,-0.9999999958118349,2.0940825740112246e-09,4.5287414949718075e-05,0.9999999999137348
-13.04,4.460149975141789e-05,8.03093365490261e-05,-0.9999999956911946,2.1544027117847975e-09,4.593169743494265e-05,0.9999999999106363
-13.03,4.492371822485606e-05,8.161174600998049e-05,-0.9999999955681409,2.2159295509638355e-09,4.657954901548487e-05,0.9999999999074496
-13.02,4.524142514722699e-05,8.292310132570387e-05,-0.9999999954426593,2.27867036350915e-09,4.7230888417499344e-05,0.9999999999041729
-13.01,4.5554450744973035e-05,8.424326017340388e-05,-0.9999999953147373,2.3426313666696785e-09,4.7885631632359175e-05,0.9999999999008047
-13.0,4.586262130791109e-05,8.557207515088238e-05,-0.9999999951843627,2.407818666672057e-09,4.85436918632615e-05,0.9999999998973427
-12.99,4.616575908931288e-05,8.690939366137946e-05,-0.9999999950515258,2.474237092986442e-09,4.920497947078399e-05,0.9999999998937857
-12.98,4.6463682207681357e-05,8.825505779554743e-05,-0.9999999949162175,2.5418912530383864e-09,4.9869401918390354e-05,0.999999999890132
-12.969999999999999,4.675620460647434e-05,8.960890420016656e-05,-0.99999999477843,2.6107849770973246e-09,5.053686372628678e-05,0.9999999998863792
-12.96,4.704313592464802e-05,9.097076395919037e-05,-0.9999999946381579,2.6809210407208184e-09,5.120726641049989e-05,0.9999999998825262
-12.95,4.7324281413428594e-05,9.234046246642698e-05,-0.9999999944953966,2.752301719866068e-09,5.18805084299754e-05,0.9999999998785708
-12.94,4.759944184631369e-05,9.37178192949473e-05,-0.9999999943501433,2.8249283468007036e-09,5.255648513143025e-05,0.9999999998745115
-12.93,4.786841342500534e-05,9.510264806466587e-05,-0.9999999942023973,2.8988013656139344e-09,5.32350886933114e-05,0.9999999998703466
-12.92,4.813098768883929e-05,9.649475630698677e-05,-0.9999999940521589,2.9739205542611558e-09,5.391620807013407e-05,0.9999999998660738
-12.91,4.838695142684717e-05,9.789394532663053e-05,-0.9999999938994312,3.0502844139412844e-09,5.459972893705013e-05,0.999999999861692
-12.9,4.863608659158686e-05,9.930001006075061e-05,-0.9999999937442186,3.127890724208271e-09,5.5285533634508554e-05,0.999999999857199
-12.89,4.887817021387593e-05,0.0001007127389354503,-0.9999999935865277,3.2067361543930417e-09,5.597350111288554e-05,0.9999999998525934
-12.879999999999999,4.9112974317566324e-05,0.00010213191371981048,-0.9999999934263671,3.286816430136952e-09,5.66635068769767e-05,0.9999999998478731
-12.870000000000001,4.9340265833492655e-05,0.00010355730937753708,-0.9999999932637476,3.368126222369483e-09,5.73554229302571e-05,0.9999999998430366
-12.86,4.9559806511742445e-05,0.00010498869391634416,-0.9999999930986819,3.4506590362859413e-09,5.804911771883607e-05,0.9999999998380821
-12.85,4.977135283137823e-05,0.00010642582823517266,-0.9999999929311856,3.5344072113474567e-09,5.874445607503745e-05,0.9999999998330078
-12.84,4.997465590676325e-05,0.00010786846596936782,-0.9999999927612763,3.6193618657698323e-09,5.944129916056691e-05,0.9999999998278123
-12.83,5.016946139054296e-05,0.00010931635333386154,-0.9999999925889738,3.705513118568149e-09,6.013950440939558e-05,0.9999999998224938
-12.82,5.035550944356215e-05,0.00011076922895889299,-0.9999999924143006,3.7928497009787066e-09,6.0838925482515584e-05,0.9999999998170503
-12.81,5.053253464098613e-05,0.00011222682372562366,-0.999999992237282,3.881359011970176e-09,6.153941221035645e-05,0.9999999998114805
-12.8,5.070026587220919e-05,0.00011368886060506234,-0.9999999920579455,3.9710272292659e-09,6.224081053695797e-05,0.9999999998057826
-12.79,5.085842627665764e-05,0.00011515505448962748,-0.9999999918763223,4.0618388652546855e-09,6.29429624696981e-05,0.9999999997999554
-12.78,5.10067331609448e-05,0.00011662511202322803,-0.9999999916924449,4.153777544146919e-09,6.364570602598087e-05,0.9999999997939968
-12.77,5.1144897921518264e-05,0.00011809873142925956,-0.9999999915063499,4.2468250582849976e-09,6.434887518170559e-05,0.9999999997879054
-12.76,5.127262597186529e-05,0.00011957560233654168,-0.9999999913180765,4.340961756721384e-09,6.505229982136978e-05,0.99999999978168
-12.75,5.138961667335324e-05,0.00012105540560323149,-0.9999999911276667,4.436166656240914e-09,6.57558056896824e-05,0.9999999997753187
-12.74,5.1495563268787956e-05,0.00012253781313874265,-0.999999990935166,4.532416997271582e-09,6.64592143445797e-05,0.9999999997688204
-12.73,5.159015281776144e-05,0.00012402248772370149,-0.9999999907406226,4.629688687973754e-09,6.71623431115526e-05,0.9999999997621833
-12.719999999999999,5.167306613287876e-05,0.00012550908282797126,-0.9999999905440886,4.727955693617503e-09,6.786500503921629e-05,0.9999999997554064
-12.71,5.174397771593532e-05,0.00012699724242677397,-0.9999999903456188,4.827190591694119e-09,6.856700885606723e-05,0.9999999997484883
-12.7,5.180255569314145e-05,0.0001284866008149464,-0.9999999901452716,4.927364183338057e-09,6.926815892840016e-05,0.9999999997414274
-12.69,5.184846174846849e-05,0.00012997678241935087,-0.9999999899431093,5.028445326793474e-09,6.996825521936659e-05,0.9999999997342228
-12.68,5.1881351054207256e-05,0.0001314674016094846,-0.9999999897391972,5.130401381503447e-09,7.066709324919095e-05,0.9999999997268734
-12.67,5.190087219788335e-05,0.0001329580625063127,-0.999999989533604,5.233197986065363e-09,7.136446405658347e-05,0.9999999997193775
-12.66,5.190666718481228e-05,0.00013444835879382843,-0.999999989326403,5.336798503119411e-09,7.206015417793124e-05,0.9999999997117347
-12.65,5.189837139794938e-05,0.00013593787352056362,-0.9999999891176702,5.441164907526996e-09,7.275394561646165e-05,0.9999999997039434
-12.64,5.1875613495906366e-05,0.00013742617890608437,-0.9999999889074859,5.546257064725779e-09,7.344561580568265e-05,0.9999999996960028
-12.629999999999999,5.183801539683172e-05,0.00013891283614753314,-0.9999999886959344,5.652032786240824e-09,7.413493759158626e-05,0.9999999996879124
-12.620000000000001,5.178519222695933e-05,0.00014039739522003541,-0.9999999884831033,5.75844832928496e-09,7.482167920889298e-05,0.9999999996796707
-12.61,5.171675227645336e-05,0.00014187939467697554,-0.9999999882690848,5.865457619602665e-09,7.550560426208281e-05,0.9999999996712773
-12.6,5.1632296961594715e-05,0.00014335836144999966,-0.9999999880539746,5.973012695559277e-09,7.61864717111231e-05,0.9999999996627316
-12.59,5.1531420792369e-05,0.0001448338106486262,-0.9999999878378727,6.081063652629837e-09,7.686403586184227e-05,0.9999999996540327
-12.58,5.141371134450434e-05,0.0001463052453593217,-0.9999999876208828,6.1895585878879444e-09,7.753804636091134e-05,0.9999999996451802
-12.57,5.127874923503169e-05,0.0001477721564439157,-0.9999999874031134,6.298443322449998e-09,7.82082481954339e-05,0.9999999996361736
-12.56,5.1126108100406744e-05,0.0001492340223372208,-0.9999999871846761,6.407661956586708e-09,7.887438169716544e-05,0.9999999996270122
-12.55,5.095535457627317e-05,0.0001506903088437261,-0.9999999869656876,6.5171562035892805e-09,7.953618255142009e-05,0.9999999996176964
-12.54,5.076604827792598e-05,0.00015214046893323292,-0.9999999867462684,6.626865778347479e-09,8.019338181075282e-05,0.9999999996082255
-12.53,5.055774178052921e-05,0.00015358394253529842,-0.999999986526543,6.736728508371925e-09,8.084570591353711e-05,0.9999999995985994
-12.52,5.032998059818024e-05,0.0001550201563323598,-0.99999998630664,6.84668000072719e-09,8.149287670760323e-05,0.999999999588818
-12.51,5.0082303160864914e-05,0.00015644852355140162,-0.9999999860866928,6.956653586520645e-09,8.213461147912956e-05,0.9999999995788817
-12.5,4.981424078839695e-05,0.00015786844375403805,-0.9999999858668382,7.0665808760139726e-09,8.277062298703306e-05,0.9999999995687904
-12.49,4.952531774240793e-05,0.00015927930264745188,-0.9999999856472178,7.176391092489354e-09,8.34006195260938e-05,0.9999999995585446
-12.48,4.921505128125585e-05,0.00016068047188262424,-0.9999999854279767,7.286011627360978e-09,8.40243049912337e-05,0.9999999995481444
-12.469999999999999,4.8882951559303016e-05,0.00016207130882789619,-0.9999999852092643,7.3953678736415895e-09,8.464137891471356e-05,0.9999999995375903
-12.46,4.8528521684227765e-05,0.00016345115638240887,-0.9999999849912341,7.504382948386734e-09,8.52515365544857e-05,0.9999999995268831
-12.45,4.815125772100363e-05,0.0001648193427659073,-0.999999984774044,7.612978025761663e-09,8.585446897206362e-05,0.9999999995160237
-12.44,4.775064870375e-05,0.0001661751813117476,-0.9999999845578549,7.72107255908594e-09,8.644986312253643e-05,0.9999999995050126
-12.43,4.7326176654958986e-05,0.00016751797026279809,-0.9999999843428321,7.828583947766532e-09,8.703740195706683e-05,0.9999999994938509
-12.42,4.687731661125438e-05,0.00016884699256977892,-0.9999999841291446,7.935427703831266e-09,8.76167645381447e-05,0.9999999994825395
-12.41,4.6403536654820716e-05,0.0001701615156916023,-0.999999983916965,8.041517507439977e-09,8.818762616793058e-05,0.9999999994710799
-12.4,4.590429794967371e-05,0.0001714607913972667,-0.9999999837064694,8.146765317906812e-09,8.874965853008876e-05,0.9999999994594733
-12.39,4.5379054781907215e-05,0.00017274405556886148,-0.9999999834978374,8.25108131818908e-09,8.930252984557217e-05,0.9999999994477211
-12.379999999999999,4.482725460308308e-05,0.00017401052800523778,-0.9999999832912517,8.354374136931852e-09,8.984590504290008e-05,0.9999999994358252
-12.370000000000001,4.424833807593632e-05,0.00017525941222589948,-0.9999999830868983,8.45655084846797e-09,9.037944594354698e-05,0.9999999994237869
-12.36,4.3641739121528167e-05,0.00017648989527467573,-0.999999982884966,8.557516972818036e-09,9.090281146314664e-05,0.9999999994116084
-12.35,4.3006884967050055e-05,0.00017770114752272087,-0.9999999826856467,8.657176642223874e-09,9.141565782930855e-05,0.9999999993992919
-12.34,4.2343196193407844e-05,0.000178892322470409,-0.9999999824891345,8.755432767681981e-09,9.191763881694611e-05,0.9999999993868393
-12.33,4.1650086781795464e-05,0.00018006255654766986,-0.9999999822956256,8.85218720547698e-09,9.240840600212447e-05,0.9999999993742528
-12.32,4.092696415998053e-05,0.00018121096891358498,-0.999999982105319,8.947340479625865e-09,9.288760903634105e-05,0.999999999361535
-12.31,4.017322937459626e-05,0.0001823366613439873,-0.9999999819184151,9.040792448011814e-09,9.335489599969547e-05,0.9999999993486884
-12.3,3.938827714430101e-05,0.00018343871801194313,-0.9999999817351162,9.132441913806133e-09,9.380991371153351e-05,0.9999999993357161
-12.29,3.8571495878811856e-05,0.0001845162052846335,-0.9999999815556254,9.222187291602069e-09,9.425230807116902e-05,0.9999999993226207
-12.28,3.772226779402498e-05,0.0001855681715675664,-0.9999999813801475,9.309926274347902e-09,9.468172445944084e-05,0.9999999993094055
-12.27,3.6839968997253196e-05,0.00018659364712022975,-0.9999999812088869,9.395556554991913e-09,9.5097808152117e-05,0.9999999992960733
-12.26,3.592396957944721e-05,0.00018759164387920478,-0.9999999810420492,9.478975382393173e-09,9.55002047689525e-05,0.9999999992826276
-12.25,3.497363371388702e-05,0.0001885611552878411,-0.99999998087984,9.560080005410754e-09,9.588856076018463e-05,0.9999999992690723
-12.24,3.3988319760820565e-05,0.0001895011561315903,-0.9999999807224633,9.63876833903754e-09,9.626252393243847e-05,0.9999999992554105
-12.23,3.2967380377566804e-05,0.00019041060237809623,-0.9999999805701235,9.714938242755267e-09,9.66217440162263e-05,0.9999999992416465
-12.219999999999999,3.191016263356266e-05,0.00019128843102114064,-0.9999999804230225,9.788488741779844e-09,9.696587327744502e-05,0.9999999992277838
-12.21,3.081600812985348e-05,0.0001921335599275408,-0.9999999802813611,9.859319471949846e-09,9.729456717552257e-05,0.9999999992138269
-12.2,2.96842531225471e-05,0.00019294488768610037,-0.9999999801453372,9.927331401371475e-09,9.760748507113239e-05,0.9999999991997797
-12.19,2.8514228649710214e-05,0.0001937212934577063,-0.9999999800151461,9.992426941440868e-09,9.790429098667576e-05,0.9999999991856467
-12.18,2.730526066124073e-05,0.0001944616368256762,-0.9999999798909797,1.0054510168888697e-08,9.81846544230557e-05,0.9999999991714326
-12.17,2.605667015121338e-05,0.00019516475764544901,-0.9999999797730256,1.011348721435823e-08,9.844825123659636e-05,0.9999999991571421
-12.16,2.476777329221924e-05,0.00019582947589272007,-0.9999999796614664,1.0169266817516842e-08,9.869476458033653e-05,0.9999999991427797
-12.15,2.3437881571206835e-05,0.00019645459150911744,-0.9999999795564797,1.0221760160522564e-08,9.892388591432318e-05,0.9999999991283502
-12.14,2.2066301971791324e-05,0.0001970388843476699,-0.9999999794582373,1.027088136762444e-08,9.913531614374959e-05,0.9999999991138593
-12.129999999999999,2.0652337159891062e-05,0.00019758111408028572,-0.9999999793669035,1.0316548226807498e-08,9.932876681930152e-05,0.9999999990993116
-12.120000000000001,1.919528558991582e-05,0.00019808001998126038,-0.999999979282636,1.0358682023259291e-08,9.950396135915262e-05,0.9999999990847128
-12.11,1.7694441689106253e-05,0.00019853432086174477,-0.9999999792055829,1.0397208538570624e-08,9.966063644529293e-05,0.999999999070068
-12.1,1.614909603030526e-05,0.00019894271495138352,-0.9999999791358841,1.0432057939713246e-08,9.979854349491212e-05,0.9999999990553828
-12.09,1.4558535509518042e-05,0.00019930387979131737,-0.999999979073669,1.0463165500684823e-08,9.991745024775925e-05,0.999999999040663
-12.08,1.292204352833573e-05,0.0001996164721371654,-0.9999999790190561,1.049047193557584e-08,0.00010001714247747223,0.9999999990259139
-12.07,1.1238900181256145e-05,0.0001998791278705971,-0.9999999789721521,1.0513923953681115e-08,0.00010009742583552628,0.9999999990111416
-12.06,9.508382447977778e-06,0.0002000904619181011,-0.9999999789330505,1.0533474759100159e-08,0.00010015812783715567,0.9999999989963518
-12.05,7.729764390712341e-06,0.0002002490681755583,-0.999999978901831,1.0549084494826388e-08,0.00010019909999934547,0.9999999989815505
-12.04,5.902317356591322e-06,0.0002003535194372268,-0.9999999788785583,1.0560720853369787e-08,0.0001002202201417722,0.9999999989667435
-12.03,4.025310185226411e-06,0.0002004023673277466,-0.9999999788632806,1.056835968737957e-08,0.00010022139486238999,0.9999999989519368
-12.02,2.0980094214955586e-06,0.00020039414223577137,-0.9999999788560294,1.0571985287199936e-08,0.0001002025622002043,0.9999999989371365
-12.01,1.1967953363457937e-07,0.00020032735324783488,-0.9999999788568169,1.0571591546604253e-08,0.00010016369449864757,0.9999999989223485
-12.0,-1.910416863303249e-06,0.00020020048808106012,-0.9999999788656363,1.0567181851772744e-08,0.00010010480148385276,0.9999999989075791
-11.99,-3.9930187791649505e-06,0.00020001201301978597,-0.9999999788824588,1.055877058009358e-08,0.00010002593357624537,0.9999999988928339
-11.98,-6.12886662330306e-06,0.00019976037299827354,-0.9999999789072341,1.0546382933629417e-08,9.992718552337949e-05,0.9999999988781192
-11.969999999999999,-8.318701953950367e-06,0.00019944399150869475,-0.999999978939887,1.053005649342964e-08,9.980870021085206e-05,0.9999999988634405
-11.96,-1.0563267243980201e-05,0.00019906127056343824,-0.9999999789803178,1.0509841108508056e-08,9.967067278442303e-05,0.999999998848804
-11.95,-1.2863305631658222e-05,0.00019861059069712131,-0.9999999790283993,1.0485800339132823e-08,9.951335509472196e-05,0.9999999988342152
-11.94,-1.5219560664050252e-05,0.00019809031095357828,-0.9999999790839766,1.045801167887106e-08,9.933706045642286e-05,0.99999999881968
-11.93,-1.763277603771137e-05,0.00019749876888674353,-0.9999999791468641,1.0426567942367626e-08,9.91421687560034e-05,0.9999999988052035
-11.92,-2.0103695335898825e-05,0.00019683428057355574,-0.9999999792168451,1.0391577431878574e-08,9.892913192668262e-05,0.9999999987907916
-11.91,-2.263306176159452e-05,0.00019609514063700513,-0.999999979293669,1.0353165491583383e-08,9.86984798086462e-05,0.9999999987764491
-11.9,-2.5221617865585377e-05,0.00019527962227744745,-0.9999999793770503,1.0311474840651869e-08,9.845082641169164e-05,0.9999999987621809
-11.89,-2.787010526886756e-05,0.00019438597731030806,-0.9999999794666661,1.0266666961022963e-08,9.818687659583302e-05,0.9999999987479917
-11.879999999999999,-3.057926437862119e-05,0.00019341243620829945,-0.9999999795621553,1.021892237496047e-08,9.79074331830417e-05,0.9999999987338863
-11.870000000000001,-3.334983409701423e-05,0.00019235720814627684,-0.999999979663115,1.0168442476921058e-08,9.761340450999603e-05,0.9999999987198687
-11.86,-3.618255152208142e-05,0.000191218481046851,-0.9999999797691,1.0115449977643465e-08,9.730581242725559e-05,0.9999999987059425
-11.85,-3.907815163991515e-05,0.00018999442162488943,-0.9999999798796202,1.0060189903349226e-08,9.698580074444977e-05,0.9999999986921114
-11.84,-4.203736703426125e-05,0.0001886831754962053,-0.9999999799941379,1.0002931039032603e-08,9.665464414929193e-05,0.9999999986783786
-11.83,-4.506092760109238e-05,0.00018728286733771994,-0.9999999801120668,9.9439665945944e-09,9.631375757713549e-05,0.9999999986647468
-11.82,-4.814956020021211e-05,0.00018579160088753652,-0.9999999802327683,9.883615870176499e-09,9.596470589209805e-05,0.999999998651218
-11.81,-5.130398835286639e-05,0.00018420745908586146,-0.9999999803555502,9.822224922295675e-09,9.560921399606365e-05,0.9999999986377939
-11.8,-5.4524931912124206e-05,0.00018252850418126954,-0.9999999804796643,9.760167840600076e-09,9.524917721255329e-05,0.999999998624476
-11.79,-5.781310673274491e-05,0.00018075277785346638,-0.9999999806043034,9.697848302181455e-09,9.488667189315411e-05,0.9999999986112645
-11.78,-6.116922433938325e-05,0.00017887830135100846,-0.9999999807285993,9.635700348731291e-09,9.45239661415347e-05,0.9999999985981598
-11.77,-6.459399159163806e-05,0.0001769030756416139,-0.9999999808516196,9.574190218408773e-09,9.416353052164511e-05,0.9999999985851606
-11.76,-6.808811034441547e-05,0.00017482508157270904,-0.9999999809723661,9.513816956463472e-09,9.380804858483314e-05,0.9999999985722662
-11.75,-7.165227710210999e-05,0.00017264228003984407,-0.999999981089771,9.45511452465908e-09,9.346042701495846e-05,0.999999998559474
-11.74,-7.528718266507734e-05,0.00017035261216061798,-0.9999999812026945,9.398652744962988e-09,9.312380515151677e-05,0.9999999985467808
-11.73,-7.899351176688979e-05,0.00016795399945175075,-0.9999999813099223,9.345038853858512e-09,9.280156360900451e-05,0.9999999985341829
-11.719999999999999,-8.27719427008406e-05,0.00016544434400694088,-0.9999999814101628,9.294918612567926e-09,9.249733166740303e-05,0.9999999985216756
-11.71,-8.662314694291549e-05,0.00016282152868661736,-0.9999999815020426,9.248978694031962e-09,9.221499307344343e-05,0.9999999985092527
-11.7,-9.054778884044193e-05,0.00016008341743332005,-0.9999999815841063,9.20794684944326e-09,9.195868991158999e-05,0.9999999984969078
-11.69,-9.454652519338708e-05,0.0001572278554380648,-0.99999998165481,9.172595016870844e-09,9.173282393968473e-05,0.9999999984846321
-11.68,-9.862000488217247e-05,0.000154252669386302,-0.9999999817125215,9.143739265748962e-09,9.154205505635033e-05,0.9999999984724173
-11.67,-0.00010276886848071664,0.00015115566771010215,-0.9999999817555142,9.122242905501565e-09,9.13912963712815e-05,0.9999999984602524
-11.66,-0.00010699374786326296,0.00014793464084784046,-0.9999999817819658,9.109017096164962e-09,9.128570540425133e-05,0.9999999984481259
-11.65,-0.00011129526581193927,0.0001445873615218084,-0.9999999817899538,9.105023124345024e-09,9.123067097197677e-05,0.9999999984360245
-11.64,-0.00011567403562268066,0.00014111158503090862,-0.9999999817774526,9.111273679973664e-09,9.123179537197071e-05,0.9999999984239337
-11.629999999999999,-0.0001201306607071256,0.00013750504955559062,-0.9999999817423298,9.128835076754882e-09,9.129487156354399e-05,0.9999999984118372
-11.620000000000001,-0.00012466573418814164,0.00013376547647218892,-0.9999999816823432,9.158828417898945e-09,9.142585517305829e-05,0.9999999983997173
-11.61,-0.0001292798384865773,0.00012989057067380643,-0.9999999815951358,9.202432094124191e-09,9.163083131386867e-05,0.9999999983875545
-11.6,-0.00013397354489685638,0.0001258780208949279,-0.999999981478234,9.260883004902354e-09,9.191597640869336e-05,0.9999999983753276
-11.59,-0.00013874741314905462,0.00012172550003688765,-0.9999999813290421,9.33547894543807e-09,9.228751542704029e-05,0.9999999983630132
-11.58,-0.00014360199098979265,0.00011743066553305792,-0.9999999811448398,9.427580105469957e-09,9.275167521906196e-05,0.9999999983505864
-11.57,-0.000148537813815143,0.00011299115979948536,-0.9999999809227774,9.53861128971667e-09,9.331463487285223e-05,0.9999999983380197
-11.56,-0.0001535554041779861,0.00010840461054620681,-0.9999999806598733,9.670063361166825e-09,9.39824740841869e-05,0.9999999983252843
-11.55,-0.00015865527137135492,0.00010366863119708238,-0.9999999803530079,9.82349607214772e-09,9.476112102043084e-05,0.9999999983123481
-11.54,-0.00016383791097998352,9.878082129375403e-05,-0.9999999799989213,1.0000539341081804e-08,9.565630105977542e-05,0.9999999982991774
-11.53,-0.0001691038044347573,9.373876691933395e-05,-0.9999999795942088,1.020289558395504e-08,9.667348796059065e-05,0.9999999982857356
-11.52,-0.00017445341856847272,8.854004114045702e-05,-0.9999999791353165,1.0432341768229492e-08,9.781785897189295e-05,0.9999999982719837
-11.51,-0.0001798872051695608,8.318220446440873e-05,-0.9999999786185371,1.069073146675592e-08,9.909425528666427e-05,0.9999999982578801
-11.5,-0.0001854056005304621,7.766280530800961e-05,-0.9999999780400063,1.0979996856175234e-08,0.00010050714904469619,0.9999999982433805
-11.49,-0.00019100902498732895,7.197938047495499e-05,-0.9999999773956976,1.1302151214920286e-08,0.00010206061782118555,0.9999999982284372
-11.48,-0.00019669788244772223,6.612945563830362e-05,-0.9999999766814186,1.1659290699572722e-08,0.00010375832721092355,0.9999999982129998
-11.469999999999999,-0.0002024725599029753,6.011054582480742e-05,-0.9999999758928071,1.2053596454286719e-08,0.00010560352176066408,0.9999999981970149
-11.46,-0.00020833342695431793,5.392015592996551e-05,-0.9999999750253252,1.2487337386346553e-08,0.0001075990241615159,0.9999999981804255
-11.45,-0.00021428083541201828,4.755578132686664e-05,-0.9999999740742567,1.2962871664967679e-08,0.0001097472422916417,0.9999999981631713
-11.44,-0.000220315118754135,4.1014908349217116e-05,-0.9999999730347011,1.3482649441343142e-08,0.00011205018324231257,0.9999999981451886
-11.43,-0.00022643659166291072,3.429501486791901e-05,-0.9999999719015705,1.404921473602272e-08,0.00011450947350405832,0.9999999981264099
-11.42,-0.00023264554953180382,2.7393570859761223e-05,-0.9999999706695836,1.4665208214470482e-08,0.0001171263841341947,0.9999999981067637
-11.41,-0.00023894226797681426,2.0308038996681558e-05,-0.9999999693332626,1.5333368685865878e-08,0.00011990185973723932,0.999999998086175
-11.4,-0.00024532700235056076,1.3035875254562688e-05,-0.9999999678869276,1.60565362117282e-08,0.0001228365500634528,0.9999999980645641
-11.39,-0.0002517999872547692,5.574529537823514e-06,-0.9999999663246926,1.6837653715739975e-08,0.00012593084308566946,0.9999999980418476
-11.379999999999999,-0.0002583614360468446,-2.0785536839328117e-06,-0.9999999646404608,1.7679769592771066e-08,0.00012918489851914268,0.9999999980179374
-11.370000000000001,-0.00026501154033614323,-9.925934730941775e-06,-0.9999999628279198,1.858604009585818e-08,0.00013259868088674393,0.9999999979927408
-11.36,-0.0002717504694656471,-1.7970178063739066e-05,-0.9999999608805372,1.9559731390117463e-08,0.00013617199138813576,0.9999999979661605
-11.35,-0.00027857836997668235,-2.621385163100809e-05,-0.9999999587915565,2.0604221773190545e-08,0.0001399044979943442,0.9999999979380944
-11.34,-0.00028549536515402386,-3.46595261308823e-05,-0.999999956553991,2.172300450631326e-08,0.00014379576339034362,0.9999999979084351
-11.33,-0.00029250155451383635,-4.330977430086655e-05,-0.9999999541606212,2.2919689424139023e-08,0.000147845270420635,0.9999999978770702
-11.32,-0.0002995970132647594,-5.216717021941243e-05,-0.9999999516039886,2.41980057102964e-08,0.0001520524449045999,0.9999999978438817
-11.31,-0.00030678179179369756,-6.123428856486463e-05,-0.999999948876392,2.556180400681285e-08,0.0001564166757991269,0.9999999978087463
-11.3,-0.0003140559151403415,-7.05137038666955e-05,-0.9999999459698832,2.701505841251617e-08,0.00016093733273205862,0.9999999977715347
-11.29,-0.0003214193824784981,-8.000798973447571e-05,-0.9999999428762615,2.8561869258592054e-08,0.00016561378101943316,0.999999997732112
-11.28,-0.00032887216659880356,-8.971971806869274e-05,-0.9999999395870701,3.0206464940452094e-08,0.00017044539431568465,0.9999999976903368
-11.27,-0.00033641421338742204,-9.965145825756487e-05,-0.9999999360935916,3.1953204193690965e-08,0.000175431565077338,0.9999999976460617
-11.26,-0.00034404544129526695,-0.00010980577636393856,-0.9999999323868433,3.380657837004364e-08,0.0001805717130387137,0.9999999975991326
-11.25,-0.00035176574079235316,-0.00012018523430641665,-0.9999999284575731,3.577121343578682e-08,0.00018586529190550968,0.9999999975493892
-11.24,-0.0003595749738026691,-0.00013079238903821843,-0.999999924296255,3.7851872525251906e-08,0.00019131179447143008,0.9999999974966632
-11.23,-0.0003674729732110037,-0.00014162979165465174,-0.9999999198930855,4.005345727309262e-08,0.00019691075638768129,0.9999999974407806
-11.219999999999999,-0.0003754595423443115,-0.00015269998649990754,-0.9999999152379789,4.238101053433141e-08,0.0002026617587351347,0.9999999973815594
-11.21,-0.00038353445439789284,-0.00016400551030321177,-0.9999999103205636,4.483971821622745e-08,0.00020856442956560583,0.9999999973188101
-11.2,-0.0003916974518990612,-0.00017554889126665063,-0.9999999051301777,4.743491116565579e-08,0.000214618444599461,0.9999999972523357
-11.19,-0.0003999482461583889,-0.0001873326481450659,-0.9999998996558657,5.017206716750877e-08,0.00022082352720340643,0.999999997181931
-11.18,-0.00040828651672997234,-0.00019935928930311497,-0.9999998938863746,5.305681272105289e-08,0.00022717944778023885,0.9999999971073831
-11.17,-0.0004167119108741226,-0.00021163131175386523,-0.99999988781015,5.6094924982819094e-08,0.00023368602267734393,0.9999999970284706
-11.16,-0.0004252240430159662,-0.00022415120018342015,-0.9999998814153328,5.929233359847075e-08,0.00024034311270687163,0.9999999969449634
-11.15,-0.0004338224941934164,-0.00023692142596601487,-0.9999998746897556,6.265512220160474e-08,0.0002471506213576888,0.9999999968566227
-11.14,-0.000442506811487972,-0.0002499444461740366,-0.9999998676209397,6.618953013459716e-08,0.0002541084927676058,0.9999999967632006
-11.129999999999999,-0.0004512765074438722,-0.0002632227025794205,-0.999999860196092,6.990195400291555e-08,0.0002612167095171906,0.9999999966644404
-11.120000000000001,-0.0004601310595936724,-0.00027675862056603345,-0.9999998524021015,7.379894922943109e-08,0.00026847529032501734,0.9999999965600754
-11.11,-0.00046906990987196837,-0.00029055460810008477,-0.9999998442255373,7.788723133117514e-08,0.0002758842876259404,0.9999999964498297
-11.1,-0.0004780924640581114,-0.00030461305466729203,-0.9999998356526449,8.21736775291626e-08,0.0002834437851068952,0.9999999963334171
-11.09,-0.0004871980912169116,-0.0003189363301921618,-0.9999998266693451,8.666532747003686e-08,0.0002911538952177378,0.9999999962105415
-11.08,-0.0004963861231439173,-0.0003335267839385014,-0.99999981726123,9.136938500242664e-08,0.000299014756681927,0.9999999960808961
-11.07,-0.0005056558538188911,-0.0003483867433887819,-0.9999998074135628,9.629321862103524e-08,0.000307026532025472,0.999999995944164
-11.06,-0.0005150065388597981,-0.00036351851310705095,-0.9999997971112742,1.0144436290993042e-07,0.00031518940513598716,0.999999995800017
-11.05,-0.0005244373949696403,-0.0003789243735901126,-0.9999997863389621,1.068305189311225e-07,0.0003235035788608844,0.999999995648116
-11.04,-0.0005339475993684691,-0.00039460658011169293,-0.9999997750808892,1.124595553902985e-07,0.00033196927265139955,0.9999999954881105
-11.03,-0.0005435362892040066,-0.0004105673615636423,-0.9999997633209824,1.1833950880335564e-07,0.00034058672025748157,0.9999999953196385
-11.02,-0.0005532025610364881,-0.00042680891923667786,-0.9999997510428317,1.244785841625351e-07,0.00034935616749862537,0.9999999951423262
-11.01,-0.0005629454703072101,-0.00044333342559320154,-0.9999997382296888,1.3088515560255587e-07,0.00035827787009094244,0.9999999949557874
-11.0,-0.0005727640307518308,-0.0004601430230610876,-0.9999997248644682,1.3756776590101438e-07,0.0003673520915262634,0.9999999947596243
-10.99,-0.0005826572138493825,-0.00047723982278809966,-0.9999997109297455,1.4453512725554063e-07,0.0003765791010217979,0.9999999945534259
-10.98,-0.0005926239482666371,-0.0004946259033837783,-0.9999996964077585,1.5179612072868665e-07,0.00038595917153157427,0.9999999943367688
-10.969999999999999,-0.0006026631193146722,-0.0005123033096394077,-0.9999996812804074,1.5935979630343766e-07,0.0003954925778221324,0.9999999941092164
-10.96,-0.000612773568408836,-0.0005302740512309425,-0.9999996655292552,1.6723537238361175e-07,0.0004051795946087903,0.9999999938703189
-10.95,-0.0006229540925233501,-0.000548540101409864,-0.9999996491355293,1.754322353497706e-07,0.00041502049474885413,0.999999993619613
-10.94,-0.0006332034436316944,-0.0005671033956867401,-0.9999996320801229,1.839599385600188e-07,0.0004250155474881089,0.9999999933566217
-10.93,-0.000643520328125579,-0.0005859658305117495,-0.999999614343596,1.9282820201693696e-07,0.00043516501675748743,0.999999993080854
-10.92,-0.0006539034063103838,-0.0006051292618990819,-0.9999995959061789,2.0204691053571366e-07,0.0004454691595360028,0.9999999927918047
-10.91,-0.0006643512918838179,-0.0006245955040442874,-0.9999995767477733,2.1162611335556747e-07,0.0004559282242579514,0.9999999924889542
-10.9,-0.0006748625513656804,-0.0006443663279565304,-0.9999995568479558,2.2157602208583427e-07,0.00046654244925836556,0.9999999921717679
-10.89,-0.0006854357035603403,-0.0006644434600568025,-0.9999995361859818,2.3190700909614392e-07,0.0004773120612679702,0.999999991839697
-10.879999999999999,-0.0006960692190195153,-0.0006848285807621665,-0.999999514740788,2.426296060176192e-07,0.0004882372739496548,0.999999991492177
-10.870000000000001,-0.0007067615195186418,-0.0007055233230493898,-0.999999492490997,2.537545015224296e-07,0.00049931828647641,0.9999999911286281
-10.86,-0.0007175109775369863,-0.000726529271003054,-0.9999994694149223,2.6529253882578985e-07,0.0005105552821463878,0.9999999907484554
-10.85,-0.0007283159157315309,-0.000747847958353002,-0.9999994454905727,2.772547136320469e-07,0.000521948427031017,0.9999999903510475
-10.84,-0.000739174606394841,-0.0007694808670063143,-0.9999994206956581,2.8965217097054463e-07,0.0005334978686526679,0.9999999899357775
-10.83,-0.0007500852709013178,-0.0007914294255717656,-0.9999993950075949,3.0249620253108844e-07,0.0005452037346909773,0.9999999895020025
-10.82,-0.0007610460792621399,-0.0008136950078177603,-0.9999993684035128,3.15798243610832e-07,0.000557066131735681,0.9999999890490624
-10.809999999999999,-0.0007720551495845233,-0.0008362789311637957,-0.9999993408602621,3.2956986895094076e-07,0.0005690851440488587,0.9999999885762816
-10.8,-0.0007831105475566353,-0.0008591824551482085,-0.99999931235442,3.438227900165458e-07,0.0005812608323569026,0.9999999880829668
-10.79,-0.0007942102859365324,-0.000882406779879888,-0.9999992828622993,3.585688503338069e-07,0.0005935932326655564,0.9999999875684081
-10.780000000000001,-0.0008053523240553241,-0.0009059530444714914,-0.9999992523599567,3.7382002165964323e-07,0.0006060823550988091,0.9999999870318784
-10.77,-0.000816534567332159,-0.0009298223254555458,-0.9999992208232016,3.895883992077742e-07,0.0006187281827595772,0.9999999864726333
-10.76,-0.0008277548667899559,-0.0009540156351882214,-0.9999991882276061,4.0588619693027184e-07,0.0006315306706087289,0.9999999858899115
-10.75,-0.0008390110185610151,-0.0009785339202460603,-0.999999154548514,4.227257430211573e-07,0.0006444897443596204,0.9999999852829324
-10.74,-0.0008503007633719034,-0.0010033780598203558,-0.9999991197610529,4.401194735326186e-07,0.0006576052993855249,0.9999999846508998
-10.73,-0.0008616217860881981,-0.0010285488640744027,-0.9999990838401444,4.5807992782309626e-07,0.0006708771996517993,0.9999999839929979
-10.719999999999999,-0.000872971715282347,-0.0010540470724783864,-0.9999990467605162,4.76619741895945e-07,0.000684305276664454,0.9999999833083938
-10.71,-0.0008843481227339086,-0.0010798733521653534,-0.9999990084967147,4.957516426262742e-07,0.0006978893284217465,0.9999999825962356
-10.7,-0.000895748522971699,-0.0011060282962570918,-0.9999989690231182,5.154884408775651e-07,0.0007116291183838926,0.9999999818556539
-10.69,-0.0009071703728204495,-0.00113251242217802,-0.9999989283139504,5.358430247848212e-07,0.0007255243744545594,0.9999999810857604
-10.68,-0.0009186110709660493,-0.0011593261699519993,-0.9999988863432945,5.568283527601636e-07,0.000739574787975659,0.9999999802856484
-10.67,-0.0009300679575272095,-0.0011864699004869059,-0.9999988430851088,5.784574456102476e-07,0.0007537800127325352,0.999999979454393
-10.66,-0.0009415383136215721,-0.0012139438938520812,-0.9999987985132419,6.007433790422567e-07,0.0007681396639671244,0.9999999785910502
-10.649999999999999,-0.0009530193609142007,-0.0012417483475536625,-0.9999987526014493,6.236992753372306e-07,0.0007826533173969115,0.9999999776946575
-10.64,-0.0009645082611896474,-0.0012698833747921466,-0.9999987053234101,6.473382949678808e-07,0.0007973205082456754,0.9999999767642337
-10.629999999999999,-0.0009760021160132795,-0.001298349002675596,-0.9999986566527448,6.716736276057844e-07,0.0008121407302941889,0.9999999757987784
-10.620000000000001,-0.0009874979662834562,-0.0013271451704687015,-0.9999986065630344,6.967184827955109e-07,0.0008271134349217707,0.9999999747972734
-10.61,-0.0009989927918434018,-0.0013562717278104274,-0.9999985550278377,7.224860811283484e-07,0.0008422380301632307,0.9999999737586803
-10.6,-0.0010104835110923893,-0.0013857284329238514,-0.9999985020207138,7.489896430845633e-07,0.0008575138797715166,0.9999999726819435
-10.59,-0.0010219669806212027,-0.0014155149508104509,-0.9999984475152397,7.76242380151615e-07,0.0008729403022899005,0.9999999715659871
-10.58,-0.0010334399948590716,-0.0014456308514334045,-0.9999983914850338,8.042574831113036e-07,0.0008885165701311356,0.9999999704097179
-10.57,-0.0010448992857188628,-0.001476075607895025,-0.9999983339037762,8.330481118812294e-07,0.0009042419086614015,0.9999999692120225
-10.559999999999999,-0.0010563415222272724,-0.0015068485946132932,-0.9999982747452334,8.62627383302339e-07,0.0009201154952870709,0.9999999679717705
-10.55,-0.001067763310159424,-0.0015379490854912576,-0.9999982139832795,8.930083602587402e-07,0.0009361364585473112,0.999999966687812
-10.54,-0.001079161191794516,-0.001569376252038117,-0.999998151591922,9.242040390211592e-07,0.0009523038772283467,0.9999999653589788
-10.530000000000001,-0.0010905316455579112,-0.0016011291615253664,-0.9999980875453259,9.562273370344876e-07,0.0009686167794657195,0.999999963984085
-10.52,-0.0011018710857180754,-0.0016332067751200275,-0.9999980218178401,9.890910799281727e-07,0.0009850741418593184,0.999999962561926
-10.51,-0.0011131758620846633,-0.0016656079460118513,-0.999997954384023,1.0228079885266084e-06,0.0010016748885923207,0.9999999610912793
-10.5,-0.0011244422597360458,-0.0016983314175276795,-0.9999978852186702,1.057390664915836e-06,0.0010184178905589152,0.9999999595709052
-10.49,-0.0011356664987650033,-0.0017313758212365474,-0.9999978142968424,1.0928515787878013e-06,0.0010353019644987265,0.9999999579995456
-10.48,-0.001146844734027881,-0.00176473967505065,-0.9999977415938941,1.1292030529519437e-06,0.001052325872135784,0.9999999563759256
-10.469999999999999,-0.0011579730548824515,-0.0017984213813271406,-0.9999976670855028,1.1664572486247415e-06,0.001069488319320087,0.9999999546987534
-10.46,-0.0011690474849081092,-0.001832419224973228,-0.9999975907476998,1.2046261501086342e-06,0.001086787955171277,0.99999995296672
-10.45,-0.0011800639817567524,-0.0018667313715093564,-0.9999975125569001,1.2437215499705445e-06,0.0011042233712452389,0.9999999511784997
-10.44,-0.0011910184369436747,-0.001901355865148066,-0.999997432489935,1.2837550324995561e-06,0.0011217931006955676,0.9999999493327513
-10.43,-0.0012019066756385002,-0.0019362906268751675,-0.9999973505240843,1.324737957830724e-06,0.001139495617441004,0.9999999474281172
-10.42,-0.0012127244564773515,-0.001971533452521387,-0.9999972666371093,1.3666814453472398e-06,0.001157329335339469,0.9999999454632243
-10.41,-0.0012234674714019852,-0.002007082010826832,-0.9999971808072866,1.4095963566940206e-06,0.0011752926073709737,0.9999999434366849
-10.399999999999999,-0.001234131345528513,-0.0020429338414979415,-0.9999970930134426,1.4534932786802734e-06,0.0011933837248296914,0.9999999413470956
-10.39,-0.0012447116370291821,-0.0020790863532617904,-0.9999970032349896,1.4983825051828603e-06,0.0012116009165227713,0.9999999391930399
-10.379999999999999,-0.0012552038370109383,-0.00211553682192281,-0.9999969114519609,1.5442740195492632e-06,0.0012299423479739046,0.9999999369730872
-10.370000000000001,-0.0012656033693741616,-0.002152282388426551,-0.9999968176450471,1.5911774764454378e-06,0.0012484061206296541,0.9999999346857927
-10.36,-0.0012759055906942061,-0.0021893200569205033,-0.999996721795635,1.6391021824824215e-06,0.0012669902710754262,0.9999999323297001
-10.35,-0.0012861057902772656,-0.002226646692769805,-0.9999966238858444,1.688057077786631e-06,0.00128569277028062,0.9999999299033401
-10.34,-0.0012961991900328638,-0.0022642590206269214,-0.9999965238985666,1.7380507166819825e-06,0.0013045115228249458,0.999999927405232
-10.33,-0.001306180944447355,-0.0023021536224792495,-0.9999964218175048,1.789091247594854e-06,0.001323444366145751,0.9999999248338843
-10.32,-0.0013160461405501375,-0.002340326935701326,-0.9999963176272124,1.8411863937917161e-06,0.0013424890697903346,0.9999999221877943
-10.309999999999999,-0.0013257897979241135,-0.002378775251102156,-0.9999962113131347,1.8943434326734732e-06,0.001361643334682011,0.9999999194654503
-10.3,-0.0013354068687462424,-0.0024174947109712915,-0.9999961028616495,1.9485691752363365e-06,0.001380904792397797,0.9999999166653313
-10.29,-0.0013448922378399512,-0.002456481307128463,-0.9999959922601089,2.003869945532699e-06,0.0014002710044553619,0.999999913785908
-10.280000000000001,-0.0013542407227211447,-0.002495730878981124,-0.9999958794968806,2.06025155968792e-06,0.0014197394616069687,0.9999999108256437
-10.27,-0.0013634470736197044,-0.0025352391115949597,-0.9999957645613914,2.117719304306487e-06,0.0014393075831387585,0.9999999077829944
-10.26,-0.0013725059735502994,-0.0025750015337618554,-0.9999956474441698,2.176277915100222e-06,0.0014589727161865608,0.9999999046564108
-10.25,-0.0013814120385851085,-0.0026150135160294924,-0.999995528136889,2.2359315555164905e-06,0.0014787321350877578,0.9999999014443376
-10.24,-0.001390159817883954,-0.0026552702687963736,-0.9999954066324123,2.2966837938676044e-06,0.0014985830407098827,0.9999998981452164
-10.23,-0.0013987437938689042,-0.0026957668403851044,-0.9999952829248353,2.3585375823476085e-06,0.001518522559809918,0.9999998947574844
-10.219999999999999,-0.0014071583823811501,-0.0027364981151274605,-0.9999951570095321,2.421495233939641e-06,0.00153854774440068,0.9999998912795771
-10.21,-0.0014153979328919743,-0.002777458811450761,-0.9999950288831998,2.4855584001004516e-06,0.0015586555711365763,0.9999998877099284
-10.2,-0.001423456728750906,-0.0028186434799692163,-0.9999948985439029,2.550728048555939e-06,0.001578842940716334,0.9999998840469715
-10.19,-0.0014313289874509322,-0.002860046501584073,-0.9999947659911195,2.617004440264026e-06,0.0015991066772999077,0.9999998802891404
-10.18,-0.0014390088608907865,-0.0029016620855970682,-0.9999946312257869,2.6843871065440617e-06,0.0016194435279374307,0.9999998764348715
-10.17,-0.0014464904356142221,-0.0029434842678410116,-0.9999944942503469,2.7528748265392977e-06,0.001639850162008023,0.9999998724826031
-10.16,-0.0014537677330428767,-0.0029855069088260086,-0.9999943550687915,2.822465604235269e-06,0.0016603231706722379,0.9999998684307777
-10.149999999999999,-0.0014608347100168824,-0.0030277236918471884,-0.9999942136867095,2.893156645256134e-06,0.0016808590663826394,0.9999998642778432
-10.14,-0.001467685259071844,-0.0030701281211506434,-0.9999940701113317,2.964944334160613e-06,0.0017014542823697001,0.9999998600222536
-10.129999999999999,-0.0014743132088246994,-0.0031127135201041963,-0.9999939243515762,3.0378242119044607e-06,0.001722105172162435,0.9999998556624705
-10.120000000000001,-0.001480712324361437,-0.0031554730293774876,-0.9999937764180963,3.11179095185965e-06,0.0017428080091223897,0.999999851196965
-10.11,-0.0014868763076724542,-0.0031983996051342584,-0.9999936263233231,3.186838338442577e-06,0.0017635589860024988,0.9999998466242175
-10.1,-0.0014927987981417,-0.003241486017235888,-0.9999934740815126,3.262959243688357e-06,0.0017843542145317647,0.9999998419427197
-10.09,-0.001498473373067531,-0.0032847248474598563,-0.9999933197087912,3.340145604380229e-06,0.0018051897250228686,0.9999998371509778
-10.08,-0.0015038935481936399,-0.003328108487736027,-0.9999931632231988,3.418388400622252e-06,0.0018260614659999154,0.9999998322475107
-10.07,-0.0015090527782280058,-0.003371629138404155,-0.999993004644734,3.497677633024221e-06,0.0018469653038439577,0.9999998272308538
-10.059999999999999,-0.0015139444573282826,-0.003415278806495788,-0.999992843995398,3.5780023009968076e-06,0.001867897022454284,0.9999998220995593
-10.05,-0.0015185619196546934,-0.003459049304031395,-0.9999926812992377,3.659350381157722e-06,0.0018888523229427855,0.9999998168521983
-10.04,-0.0015228984402822412,-0.003502932246295639,-0.999992516582389,3.741708805515831e-06,0.0019098268234025756,0.9999998114873627
-10.030000000000001,-0.0015269472356558766,-0.0035469190501896497,-0.9999923498731169,3.825063441542653e-06,0.0019308160586313866,0.9999998060036649
-10.02,-0.0015307014643189728,-0.0035910009325809873,-0.9999921812018594,3.909399070300967e-06,0.0019518154799228438,0.9999998003997417
-10.01,-0.001534154227587201,-0.0036351689086760205,-0.9999920106012662,3.994699366904886e-06,0.001972820454870925,0.9999997946742547
-10.0,-0.001537298570293946,-0.0036794137904141806,-0.9999918381062384,4.080946880813396e-06,0.0019938262672132357,0.999999788825892
-9.99,-0.0015401274815946345,-0.0037237261848847036,-0.9999916637539673,4.168123016345948e-06,0.0020148281167111388,0.99999978285337
-9.98,-0.0015426338958064922,-0.0037680964927678147,-0.9999914875839719,4.256208014030705e-06,0.0020358211190635227,0.9999997767554353
-9.969999999999999,-0.0015448106932602805,-0.0038125149068020817,-0.9999913096381352,4.345180932396886e-06,0.002056800305851263,0.9999997705308663
-9.96,-0.0015466507011407376,-0.0038569714102796755,-0.9999911299607388,4.435019630599779e-06,0.0020777606245098307,0.9999997641784754
-9.95,-0.0015481466942920841,-0.0039014557755714797,-0.9999909485984964,4.525700751822903e-06,0.0020986969383278977,0.9999997576971089
-9.94,-0.0015492913960311041,-0.003945957562682142,-0.9999907656005869,4.617199706569153e-06,0.002119604026481385,0.9999997510856511
-9.93,-0.0015500774794795086,-0.00399046611781382,-0.9999905810186845,4.709490657728299e-06,0.002140476584186898,0.9999997443430254
-9.92,-0.0015504975683613533,-0.004034970571975849,-0.999990394906988,4.802546505977556e-06,0.002161309222797931,0.9999997374681956
-9.91,-0.0015505442380452658,-0.004079459839634517,-0.9999902073222475,4.896338876236861e-06,0.002182096469987421,0.9999997304601681
-9.899999999999999,-0.0015502100165688294,-0.004123922617378708,-0.9999900183237906,4.990838104679263e-06,0.0022028327699576966,0.9999997233179941
-9.89,-0.001549487385715224,-0.004168347382621773,-0.9999898279735457,5.086013227129094e-06,0.002223512483701204,0.9999997160407709
-9.879999999999999,-0.0015483687821648369,-0.004212722392339984,-0.9999896363360633,5.181831968348316e-06,0.00224412988931709,0.9999997086276439
-9.870000000000001,-0.0015468465986974165,-0.004257035681846827,-0.9999894434785355,5.27826073226656e-06,0.0022646791823798603,0.9999997010778091
-9.86,-0.001544913185420235,-0.004301275063603157,-0.9999892494708132,5.375264593376894e-06,0.002285154476357104,0.9999996933905149
-9.85,-0.0015425608509976284,-0.004345428126062274,-0.9999890543854207,5.472807289630399e-06,0.002305549803073207,0.9999996855650635
-9.84,-0.0015397818638576196,-0.0043894822325499855,-0.9999888582975675,5.570851216274431e-06,0.0023258591132169232,0.9999996776008133
-9.83,-0.0015365684533510584,-0.0044334245201788575,-0.9999886612851582,5.6693574209121245e-06,0.0023460762768906726,0.9999996694971808
-9.82,-0.0015329128110668187,-0.004477241898812792,-0.9999884634287991,5.7682856004492855e-06,0.002366195084244828,0.9999996612536414
-9.809999999999999,-0.0015288070926681562,-0.004520921050088109,-0.9999882648118031,5.867594098429851e-06,0.0023862092462587094,0.999999652869734
-9.8,-0.0015242434189121955,-0.00456444842643887,-0.9999880655201894,5.967239905313448e-06,0.0024061123954273946,0.999999644345061
-9.79,-0.001519213877194967,-0.004607810250200217,-0.9999878656426817,6.0671786591415255e-06,0.0024258980866120466,0.99999963567929
-9.780000000000001,-0.001513710522973953,-0.004650992512726813,-0.9999876652707037,6.167364648146378e-06,0.0024455597979196374,0.9999996268721573
-9.77,-0.0015077253812770045,-0.0046939809735676965,-0.9999874644983692,6.267750815414086e-06,0.002465090931667756,0.9999996179234684
-9.76,-0.0015012504482868564,-0.004736761159694918,-0.9999872634224708,6.368288764602159e-06,0.002484484815433364,0.9999996088331008
-9.75,-0.0014942776929767268,-0.004779318364782782,-0.9999870621424636,6.468928768210702e-06,0.002503734703182319,0.9999995996010053
-9.74,-0.0014867990587723832,-0.0048216376485337685,-0.999986860760446,6.569619777019309e-06,0.0025228337764765982,0.9999995902272093
-9.73,-0.00147880646521629,-0.004863703836047683,-0.9999866593811357,6.6703094321329814e-06,0.00254177514575692,0.999999580711817
-9.719999999999999,-0.0014702918096092584,-0.004905501517230408,-0.9999864581118428,6.770944078582364e-06,0.0025605518516988632,0.9999995710550127
-9.71,-0.001461246968605284,-0.004947015046238575,-0.9999862570624374,6.871468781310952e-06,0.0025791568666411603,0.9999995612570608
-9.7,-0.001451663799909712,-0.004988228540993511,-0.9999860563453138,6.971827343105197e-06,0.0025975830961275596,0.9999995513183084
-9.69,-0.0014415341446851453,-0.005029125882864607,-0.9999858560753507,7.071962324634029e-06,0.0026158233806964034,0.9999995412391889
-9.68,-0.0014308498289669208,-0.005069690716215971,-0.9999856563698658,7.171815067097409e-06,0.002633870497535,0.9999995310202212
-9.67,-0.001419602665646032,-0.005109906448132496,-0.9999854573485659,7.2713257170398116e-06,0.0026517171623768334,0.9999995206620139
-9.66,-0.0014077844563613277,-0.005149756248144888,-0.9999852591334917,7.370433254161313e-06,0.002669356031465261,0.9999995101652637
-9.649999999999999,-0.0013953869934585136,-0.0051892230480292114,-0.9999850618489596,7.469075520183388e-06,0.0026867797036466707,0.9999994995307604
-9.64,-0.0013824020620268225,-0.0052282895416819325,-0.999984865621496,7.5671892519890704e-06,0.0027039807225993995,0.9999994887593864
-9.629999999999999,-0.001368821441991245,-0.005266938185062839,-0.9999846705797665,7.664710116761508e-06,0.002720951579196514,0.9999994778521184
-9.620000000000001,-0.0013546369102373466,-0.005305151196197799,-0.9999844768545021,7.761572748954393e-06,0.00273768471400088,0.9999994668100305
-9.61,-0.0013398402427461514,-0.005342910555233975,-0.9999842845784165,7.857710791758787e-06,0.0027541725198919863,0.9999994556342942
-9.6,-0.0013244232167165509,-0.005380198004539324,-0.9999840938861199,7.953056940068759e-06,0.0027704073448243465,0.9999994443261803
-9.59,-0.0013083776126526503,-0.0054169950488389875,-0.9999839049140257,8.047542987166256e-06,0.002786381494718408,0.999999432887059
-9.58,-0.0012916952164571324,-0.005453282955407807,-0.9999837178002523,8.141099873848479e-06,0.0028020872365060096,0.9999994213184018
-9.57,-0.0012743678222433986,-0.005489042754594639,-0.9999835326845178,8.233657741107958e-06,0.002817516801553155,0.9999994096217838
-9.559999999999999,-0.0012563872344058952,-0.005524255240089128,-0.9999833497080284,8.325145985810245e-06,0.0028326623890092464,0.9999993977988834
-9.55,-0.0012377452699390314,-0.005558900969391665,-0.9999831690133612,8.415493319424705e-06,0.002847516169434339,0.999999385851484
-9.54,-0.0012184337608469997,-0.005592960264325416,-0.9999829907443393,8.504627830363543e-06,0.0028620702886151656,0.9999993737814745
-9.530000000000001,-0.0011984445565701163,-0.005626413211621452,-0.9999828150459008,8.592477049595981e-06,0.002876316871585994,0.9999993615908499
-9.52,-0.0011777695264832463,-0.005659239663602823,-0.999982642063961,8.678968019482092e-06,0.0028902480268831587,0.9999993492817122
-9.51,-0.0011564005624480275,-0.005691419238954726,-0.999982471945267,8.7640273664924e-06,0.002903855851035572,0.9999993368562706
-9.5,-0.0011343295814003878,-0.0057229313235686785,-0.9999823048372458,8.847581377091629e-06,0.0029171324332948755,0.9999993243168437
-9.49,-0.0011115485279546526,-0.005753755071447955,-0.9999821408878445,8.929556077730272e-06,0.0029300698606096074,0.9999993116658576
-9.48,-0.0010880493770059566,-0.005783869405661994,-0.9999819802453636,9.009877318222337e-06,0.0029426602228492115,0.9999992989058478
-9.469999999999999,-0.0010638241363124627,-0.005813253019337254,-0.9999818230582824,9.088470858786835e-06,0.002954895618284792,0.9999992860394581
-9.46,-0.0010388648491008613,-0.005841884376721103,-0.9999816694750763,9.165262461863222e-06,0.0029667681593644737,0.9999992730694389
-9.45,-0.0010131635972149382,-0.005869741714693555,-0.9999815196440283,9.240177985869735e-06,0.002978269979028729,0.9999992599986522
-9.44,-0.0009867125036916741,-0.005896803043895281,-0.999981373713029,9.313143485512043e-06,0.0029893932370731245,0.9999992468300664
-9.43,-0.000959503735566053,-0.005923046150130712,-0.9999812318293722,9.384085313923762e-06,0.003000130126975473,0.9999992335667581
-9.42,-0.0009315295067399768,-0.005948448595819767,-0.9999810941395401,9.452930229969514e-06,0.0030104728830798906,0.9999992202119112
-9.41,-0.0009027820808790339,-0.005972987721544493,-0.9999809607889807,9.519605509655804e-06,0.0030204137881785983,0.9999992067688155
-9.399999999999999,-0.000873253774364504,-0.005996640647711098,-0.9999808319218773,9.584039061372174e-06,0.0030299451815265087,0.9999991932408655
-9.39,-0.0008429369592879796,-0.0060193842763102065,-0.9999807076809087,9.646159545628752e-06,0.0030390594673033386,0.9999991796315607
-9.379999999999999,-0.00081182406647602,-0.006041195292758213,-0.9999805882070022,9.705896498901634e-06,0.0030477491235399302,0.9999991659445033
-9.370000000000001,-0.0007799075885320684,-0.006062050167802429,-0.9999804736390755,9.763180462252219e-06,0.0030560067115274537,0.9999991521833973
-9.36,-0.0007471800828828656,-0.006081925159473041,-0.9999803641137723,9.817943113832328e-06,0.00306382488573058,0.999999138352046
-9.35,-0.000713634174817325,-0.006100796315065085,-0.9999802597651875,9.870117406274304e-06,0.0030711964042282824,0.9999991244543492
-9.34,-0.0006792625607180761,-0.006118639473458999,-0.9999801607245841,9.919637707966888e-06,0.0030781141398819136,0.9999991104943031
-9.33,-0.0006440580113606272,-0.006135430267529052,-0.9999800671201007,9.966439949660177e-06,0.0030845710921337762,0.9999990964759972
-9.32,-0.0006080133749881405,-0.006151144126350511,-0.9999799790764506,1.0010461774678792e-05,0.0030905603993167997,0.999999082403612
-9.309999999999999,-0.0005711215805975309,-0.006165756277709384,-0.9999798967146107,1.0051642694630658e-05,0.003096075351793658,0.9999990682814157
-9.3,-0.0005333756412218803,-0.006179241750647651,-0.9999798201515016,1.0089924249223614e-05,0.0031011094058254335,0.9999990541137611
-9.29,-0.0004947686572535394,-0.00619157537814627,-0.9999797494996586,1.0125250170689437e-05,0.003105656198272259,0.9999990399050829
-9.280000000000001,-0.0004552938198025269,-0.006202731799924133,-0.9999796848668939,1.0157566553037345e-05,0.00310970956216736,0.9999990256598936
-9.27,-0.00041494441408400015,-0.006212685465331424,-0.9999796263559482,1.0186822025914921e-05,0.0031132635432099165,0.9999990113827811
-9.26,-0.0003737138228293302,-0.006221410636315512,-0.9999795740641335,1.0212967933243e-05,0.003116312417226228,0.9999989970784036
-9.25,-0.000331595529714665,-0.006228881390437801,-0.9999795280829669,1.0235958516569e-05,0.0031188507086533134,0.9999989827514849
-9.24,-0.00028858312280222523,-0.006235071623924685,-0.9999794884977942,1.0255751102916655e-05,0.003120873210106312,0.99999896840681
-9.23,-0.00024467029807509824,-0.00623995505511815,-0.9999794553874053,1.0272306297354206e-05,0.0031223750032889513,0.9999989540492212
-9.219999999999999,-0.00019985086300035662,-0.006243505227917377,-0.9999794288236383,1.0285588180836136e-05,0.0031233514811206246,0.9999989396836121
-9.21,-0.00015411874003287002,-0.00624569551514247,-0.9999794088709765,1.0295564511764166e-05,0.003123798371130093,0.9999989253149233
-9.2,-0.0001074679702130002,-0.006246499122139867,-0.9999793955861337,1.0302206933154867e-05,0.0031237117603708188,0.9999989109481354
-9.19,-5.989271677991209e-05,-0.006245889090465472,-0.9999793890176316,1.0305491184192661e-05,0.003123088121872279,0.9999988965882631
-9.18,-1.1387268805809064e-05,-0.006243838301713361,-0.9999793892053682,1.0305397315890641e-05,0.003121924342766559,0.9999988822403498
-9.17,3.805395514655183e-05,-0.006240319481464006,-0.9999793961801751,1.0301909912469043e-05,0.0031202177541896615,0.9999988679094601
-9.16,8.8436403341597e-05,-0.006235305203326045,-0.999979409963368,1.0295018316008875e-05,0.0031179661630645083,0.9999988536006738
-9.149999999999999,0.00013976538716229878,-0.006228767893045541,-0.9999794305662857,1.0284716857156262e-05,0.0031151678858804548,0.9999988393190773
-9.14,0.00019204607737344226,-0.0062206798326567584,-0.9999794579898219,1.0271005089046437e-05,0.003111821784592469,0.9999988250697569
-9.129999999999999,0.00024528350037020946,-0.0062110131647851105,-0.9999794922239478,1.0253888026112712e-05,0.00310792730484031,0.9999988108577895
-9.120000000000001,0.0002994825344257192,-0.006199739897409306,-0.9999795332472238,1.0233376388113502e-05,0.0031034845167953874,0.9999987966882357
-9.11,0.0003546479058842006,-0.0061868319082273365,-0.999979581026306,1.0209486846990412e-05,0.0030984941583698344,0.9999987825661312
-9.1,0.0004107841853579937,-0.006172260949379388,-0.999979635515441,1.0182242279499487e-05,0.003092957681337314,0.999998768496476
-9.09,0.0004678957838858723,-0.0061559986522243025,-0.999979696655954,1.0151672023006597e-05,0.0030868773003945916,0.9999987544842266
-9.08,0.0005259869490905449,-0.006138016532271137,-0.9999797643757277,1.0117812136167803e-05,0.0030802560454062655,0.9999987405342853
-9.07,0.000585061761327714,-0.006118285994244342,-0.9999798385886737,1.0080705663162437e-05,0.003073097817021708,0.9999987266514901
-9.059999999999999,0.0006451241298162796,-0.006096778337252464,-0.9999799191941962,1.0040402901922985e-05,0.003065407445857,0.9999987128406054
-9.05,0.0007061777887404294,-0.00607346476003035,-0.9999800060766457,9.996961677138927e-06,0.00305719075544203,0.9999986991063083
-9.04,0.0007682262933131033,-0.006048316366224637,-0.9999800991047696,9.950447615203473e-06,0.0030484546291390984,0.9999986854531803
-9.030000000000001,0.0008312730158424667,-0.006021304169830224,-0.99998019813115,9.90093442498896e-06,0.0030392070813158928,0.9999986718856914
-9.02,0.0008953211418922385,-0.00599239910107242,-0.9999803029916396,9.848504180176576e-06,0.003029457333156087,0.9999986584081926
-9.01,0.0009603736662786196,-0.005961572011939783,-0.9999804135047868,9.793247606582067e-06,0.0030192158929275496,0.9999986450249004
-9.0,0.001026433389131904,-0.005928793682047377,-0.9999805294712567,9.735264371646402e-06,0.0030084946412869715,0.9999986317398847
-8.99,0.0010935029119216247,-0.005894034824569572,-0.9999806506732444,9.674663377812198e-06,0.002997306921705714,0.9999986185570542
-8.98,0.0011615846335009186,-0.005857266092332645,-0.9999807768738832,9.611563058398165e-06,0.0029856676362739706,0.9999986054801437
-8.969999999999999,0.001230680746154008,-0.005818458084039985,-0.9999809078166473,9.546091676360113e-06,0.0029735933470585903,0.9999985925126998
-8.96,0.0013007932316284124,-0.005777581350596051,-0.9999810432247476,9.478387626216112e-06,0.002961102383159251,0.9999985796580657
-8.95,0.0013719238571336077,-0.005734606401494961,-0.9999811828005241,9.408599737970036e-06,0.002948214953571031,0.9999985669193656
-8.94,0.0014440741712894375,-0.005689503711244035,-0.9999813262248334,9.336887583311082e-06,0.00293495326591604,0.9999985542994895
-8.93,0.0015172455002033375,-0.005642243726128259,-0.9999814731564315,9.263421784255765e-06,0.0029213416512332557,0.9999985418010767
-8.92,0.0015914389435226182,-0.005592796871074822,-0.9999816232313524,9.188384323788323e-06,0.0029074066946363345,0.9999985294265
-8.91,0.0016666553703966122,-0.005541133556437997,-0.9999817760622849,9.11196885755583e-06,0.0028931773715914428,0.9999985171778485
-8.899999999999999,0.0017428954154817752,-0.005487224185008073,-0.9999819312379439,9.034381028061311e-06,0.00287868518971096,0.9999985050569095
-8.89,0.0018201594749531376,-0.005431039159136072,-0.9999820883224412,8.955838779411973e-06,0.0028639643355989584,0.999998493065151
-8.879999999999999,0.0018984477025465324,-0.005372548888009716,-0.9999822468546531,8.876572673455208e-06,0.002849051826194051,0.9999984812037035
-8.870000000000001,0.0019777600056037174,-0.005311723795043586,-0.9999824063475867,8.796826206636243e-06,0.002833987663813917,0.999998469473341
-8.86,0.0020580960410930653,-0.0052485343253455006,-0.9999825662877453,8.716856127355399e-06,0.0028188149938712234,0.9999984578744627
-8.85,0.0021394552115779134,-0.005182950953222272,-0.999982726134492,8.636932753991466e-06,0.0028035802639596193,0.9999984464070714
-8.84,0.002221836661232931,-0.00511494418985022,-0.9999828853194144,8.557340292814075e-06,0.002788333382797026,0.9999984350707533
-8.83,0.002305239272060916,-0.005044484591323392,-0.9999830432456894,8.478377155285433e-06,0.0027731278772151436,0.9999984238646599
-8.82,0.0023896616598386537,-0.004971542766435402,-0.9999831992874489,8.400356275528598e-06,0.0027580210444718783,0.9999984127874848
-8.809999999999999,0.0024751021701979667,-0.004896089384746623,-0.999983352789147,8.323605426518998e-06,0.00274307409744739,0.9999984018374429
-8.8,0.002561558874694638,-0.004818095184739303,-0.9999835030649282,8.248467535887372e-06,0.002728352299361967,0.9999983910122471
-8.79,0.0026490295669317175,-0.004737530982127943,-0.9999836493980023,8.175300998836121e-06,0.002713925084315179,0.9999983803090883
-8.780000000000001,0.002737511758700576,-0.004654367678286796,-0.9999837910400169,8.10447999155528e-06,0.0026998661593542347,0.99999836972461
-8.77,0.0028270026761033663,-0.004568576268753104,-0.9999839272104389,8.036394780530642e-06,0.0026862535832507337,0.9999983592548872
-8.76,0.0029174992556190854,-0.004480127851766356,-0.9999840570959384,7.971452030797188e-06,0.002673169816655432,0.9999983488954008
-8.75,0.0030089981402243067,-0.004388993636955417,-0.9999841798497784,7.910075110806325e-06,0.0026607017379400343,0.9999983386410135
-8.74,0.0031014956757638434,-0.004295144954389664,-0.9999842945912102,7.852704394906151e-06,0.0026489406187191517,0.9999983284859462
-8.73,0.003194987907018887,-0.004198553263390047,-0.9999844004048769,7.799797561547361e-06,0.0026379820522285653,0.9999983184237525
-8.719999999999999,0.0032894705739304198,-0.004099190161598403,-0.9999844963402235,7.751829888269501e-06,0.0026279258283720295,0.9999983084472934
-8.71,0.003384939107824607,-0.003997027394138258,-0.9999845814109147,7.709294542634915e-06,0.002618875748922241,0.9999982985487104
-8.7,0.003481388627706864,-0.003892036862923107,-0.9999846545942636,7.672702868222192e-06,0.002610939376904365,0.9999982887193998
-8.69,0.0035788139365782595,-0.003784190636071231,-0.9999847148306688,7.64258466562362e-06,0.002604227714831019,0.9999982789499874
-8.68,0.00367720951772808,-0.0036734609573827294,-0.9999847610230621,7.619488468946223e-06,0.0025988548075395255,0.9999982692302989
-8.67,0.003776569530956824,-0.0035598202558377845,-0.9999847920363694,7.603981815318406e-06,0.00259493726687296,0.9999982595493339
-8.66,0.0038768878089851105,-0.0034432411553398084,-0.9999848066969819,7.59665150906752e-06,0.00259259371755792,0.9999982498952373
-8.649999999999999,0.003978157853953654,-0.0033236964846282352,-0.9999848037922413,7.598103879347118e-06,0.0025919441657230595,0.9999982402552717
-8.64,0.004080372833736634,-0.0032011592870892372,-0.9999847820699402,7.60896502988162e-06,0.0025931092940528755,0.9999982306157894
-8.629999999999999,0.004183525578370359,-0.003075602830757246,-0.999984740237835,7.629881082493739e-06,0.002596209690945679,0.9999982209622014
-8.620000000000001,0.004287608576528219,-0.0029470006184289786,-0.9999846769631769,7.661518411528068e-06,0.0026013650239124038,0.9999982112789502
-8.61,0.004392613972064776,-0.002815326397905275,-0.9999845908722587,7.704563870669645e-06,0.0026086931706469896,0.9999982015494792
-8.6,0.0044985335605704155,-0.002680554172316163,-0.9999844805499783,7.759725010825225e-06,0.0026183093240820464,0.9999981917562033
-8.59,0.00460535878587999,-0.0025426582104818734,-0.9999843445394243,7.827730287846002e-06,0.002630325090269875,0.9999981818804793
-8.58,0.00471308073653471,-0.002401613057308484,-0.9999841813414756,7.909329262201226e-06,0.002644847599868902,0.9999981719025727
-8.57,0.004821690142625887,-0.0022573935445503925,-0.9999839894144276,8.00529278621731e-06,0.0026619786553649066,0.9999981618016307
-8.559999999999999,0.004931177372385454,-0.002109974801445326,-0.9999837671736346,8.116413182712723e-06,0.002681813935597535,0.9999981515556489
-8.55,0.005041532428846564,-0.001959332265464713,-0.9999835129911793,8.243504410365698e-06,0.002704442278807343,0.9999981411414411
-8.54,0.005152744946547251,-0.0018054416931699542,-0.9999832251955623,8.387402218867912e-06,0.002729945063165403,0.9999981305346076
-8.530000000000001,0.005264804188327615,-0.0016482791711978548,-0.9999829020714176,8.548964291199557e-06,0.002758395700748747,0.9999981197095033
-8.52,0.005377699042176349,-0.0014878211273421519,-0.9999825418592546,8.729070372692771e-06,0.002789859256987263,0.9999981086392069
-8.51,0.005491418018056419,-0.001324044341684362,-0.9999821427552243,8.928622387827101e-06,0.0028243922031023355,0.9999980972954887
-8.5,0.005605949244643187,-0.0011569259577245126,-0.9999817029109157,9.148544542147974e-06,0.002862042304245881,0.9999980856487776
-8.49,0.005721280466254738,-0.0009864434937016005,-0.9999812204331793,9.389783410362895e-06,0.0029028486414130455,0.9999980736681299
-8.48,0.005837399039969278,-0.0008125748541074815,-0.9999806933839805,9.65330800972719e-06,0.0029468417604853695,0.9999980613211967
-8.469999999999999,0.005954291932475795,-0.000635298341062605,-0.9999801197802854,9.940109857276003e-06,0.0029940439375242657,0.9999980485741927
-8.46,0.006071945717073594,-0.00045459266585867264,-0.9999794975939762,1.0251203011901744e-05,0.0030444695466920364,0.9999980353918622
-8.45,0.006190346570735118,-0.0002704369605942027,-0.999978824751801,1.0587624099500648e-05,0.003098125514543733,0.9999980217374476
-8.44,0.006309480271260232,-8.281078992060592e-05,-0.9999780991353575,1.095043232124393e-05,0.003155011843097795,0.9999980075726568
-8.43,0.006429332194441542,0.00010830583715382603,-0.9999773185811129,1.1340709443530272e-05,0.0032151221835586626,0.9999979928576324
-8.42,0.0065498873111591895,0.0003029324554516828,-0.9999764808804575,1.1759559771229444e-05,0.0032784444429275503,0.9999979775509176
-8.41,0.006671130184422894,0.0005010881317979441,-0.9999755837797983,1.2208110100830893e-05,0.003344961406853112,0.9999979616094233
-8.399999999999999,0.00679304496692322,0.0007027914528288941,-0.9999746249806902,1.2687509654885076e-05,0.0034146513639319843,0.9999979449883989
-8.39,0.00691561539820558,0.0009080605129860684,-0.9999736021400063,1.3198929996849351e-05,0.003487488717943853,0.999997927641398
-8.379999999999999,0.007038824801964487,0.001116912902395759,-0.9999725128701503,1.3743564924839635e-05,0.0035634445773818526,0.9999979095202486
-8.370000000000001,0.007162656083377128,0.0013293656946718091,-0.9999713547393091,1.4322630345453558e-05,0.003642487313598691,0.9999978905750192
-8.36,0.007287091726562674,0.001545435434607624,-0.9999701252717499,1.4937364125056085e-05,0.003724583081160864,0.9999978707539897
-8.35,0.007412113792094218,0.0017651381257951708,-0.9999688219481607,1.5589025919637844e-05,0.0038096962959693064,0.99999785000362
-8.34,0.007537703914469819,0.001988489218226533,-0.9999674422060357,1.6278896982135915e-05,0.0038977900685265494,0.9999978282685191
-8.33,0.007663843299448775,0.0022155035959289383,-0.9999659834401073,1.700827994632892e-05,0.003988826591307271,0.9999978054914136
-8.32,0.007790512721660793,0.002446195564412808,-0.9999644430028264,1.77784985868068e-05,0.004082767480695893,0.9999977816131186
-8.309999999999999,0.00791769252244328,0.0026805788379480333,-0.9999628182048892,1.8590897555403885e-05,0.004179574074783489,0.9999977565725089
-8.3,0.008045362607307843,0.0029186665270220045,-0.9999611063158161,1.944684209193026e-05,0.004279207688901824,0.9999977303064892
-8.29,0.008173502443590407,0.0031604711256510726,-0.9999593045645788,2.0347717710589297e-05,0.004381629831793545,0.9999977027499651
-8.280000000000001,0.008302091058175271,0.0034060044986194034,-0.999957410140281,2.1294929859527745e-05,0.004486802385409052,0.999997673835815
-8.27,0.008431107035339287,0.003655277868626805,-0.999955420192891,2.2289903554517654e-05,0.004594687751583903,0.9999976434948631
-8.26,0.008560528514604725,0.003908301803398568,-0.9999533318340286,2.3334082985715376e-05,0.004705248968859381,0.9999976116558532
-8.25,0.008690333188492317,0.004165086202815501,-0.9999511421378064,2.442893109677602e-05,0.0048184498026827855,0.9999975782454213
-8.24,0.008820498300128227,0.00442564028608649,-0.9999488481417274,2.557592913632334e-05,0.004934254812137205,0.9999975431880679
-8.23,0.008951000641520789,0.004689972578559588,-0.9999464468476391,2.6776576180442824e-05,0.005052629396466419,0.9999975064061363
-8.219999999999999,0.009081816551474376,0.004958090898681959,-0.999943935222747,2.8032388626475502e-05,0.00517353982381084,0.9999974678197878
-8.21,0.009212921913484804,0.0052300023449536066,-0.9999413102006848,2.934489965761289e-05,0.005296953244842471,0.9999974273469779
-8.2,0.009344292153717175,0.005505713282803784,-0.9999385686826457,3.071565867712733e-05,0.005422837693644869,0.9999973849034329
-8.19,0.009475902239125044,0.005785229331380023,-0.9999357075385747,3.2146230712626345e-05,0.0055511620779372575,0.9999973404026293
-8.18,0.00960772667566057,0.0060685553502754855,-0.9999327236084219,3.363819578905414e-05,0.0056818961604722445,0.9999972937557732
-8.17,0.009739739506449751,0.006355695426249229,-0.9999296137034592,3.519314827038489e-05,0.005815010533196466,0.9999972448717815
-8.16,0.00987191430980851,0.006646652859997061,-0.9999263746076595,3.681269617022975e-05,0.005950476585566679,0.9999971936572617
-8.149999999999999,0.010004224197230792,0.006941430152917032,-0.9999230030791406,3.8498460429692294e-05,0.006088266468303679,0.9999971400164919
-8.14,0.010136641812232535,0.007240028993470394,-0.9999194958516753,4.025207416236132e-05,0.006228353053893798,0.9999970838514102
-8.129999999999999,0.01026913932835911,0.007542450243904416,-0.9999158496362652,4.207518186738479e-05,0.006370709894254831,0.9999970250615954
-8.120000000000001,0.010401688447513976,0.007848693926815283,-0.9999120611227834,4.396943860829339e-05,0.006515311176681678,0.9999969635442545
-8.11,0.010534260398303191,0.00815875921168586,-0.9999081269816835,4.593650915823977e-05,0.00666213167862824,0.9999968991942085
-8.1,0.010666825934551084,0.008472644401341186,-0.9999040438657755,4.7978067112264267e-05,0.0068111467219108875,0.9999968319038817
-8.09,0.010799355333872418,0.008790346918371524,-0.9998998084120733,5.0095793963367274e-05,0.006962332126747516,0.999996761563293
-8.08,0.010931818396161945,0.009111863291576408,-0.9998954172437091,5.229137814544149e-05,0.007115664165962345,0.9999966880600466
-8.07,0.011064184441865597,0.009437189142486145,-0.9998908669719178,5.456651404112112e-05,0.007271119519624869,0.9999966112793223
-8.059999999999999,0.011196422310632653,0.009766319171727118,-0.9998861541980931,5.692290095343777e-05,0.007428675230518516,0.9999965311038709
-8.05,0.011328500360376045,0.010099247145210339,-0.9998812755159141,5.936224204294849e-05,0.007588308660615345,0.9999964474140127
-8.04,0.011460386465649211,0.010435965880600476,-0.9998762275135424,6.188624322878145e-05,0.007749997448436562,0.9999963600876337
-8.030000000000001,0.011592048016372362,0.010776467233630495,-0.9998710067758916,6.449661205421009e-05,0.007913719467661747,0.999996269000183
-8.02,0.011723451916633052,0.011120742084391571,-0.9998656098869682,6.719505651592295e-05,0.008079452786995617,0.9999961740246749
-8.01,0.011854564583642702,0.01146878032356648,-0.9998600334322862,6.998328385687813e-05,0.008247175631359828,0.9999960750316926
-8.0,0.011985351946701483,0.011820570838663131,-0.9998542740013535,7.286299932324214e-05,0.008416866344402682,0.9999959718893932
-7.99,0.012115779446022374,0.012176101500299037,-0.9998483281902296,7.583590488519087e-05,0.008588503352305377,0.9999958644635123
-7.9799999999999995,0.012245812031395825,0.012535359148547209,-0.9998421926041584,7.890369792079577e-05,0.008762065128885783,0.9999957526173711
-7.97,0.012375414161790617,0.012898329578961934,-0.999835863860273,8.206806986349457e-05,0.008937530162234027,0.9999956362118896
-7.96,0.012504549804335872,0.013264997528828008,-0.9998293385903738,8.533070481309135e-05,0.009114876922495024,0.9999955151055995
-7.95,0.012633182433409423,0.013635346663389612,-0.9998226134437782,8.869327811089622e-05,0.009294083830946097,0.9999953891546567
-7.9399999999999995,0.012761275029852836,0.014009359562040444,-0.9998156850902445,9.21574548777282e-05,0.009475129230333479,0.9999952582128583
-7.93,0.012888790080379586,0.014387017704471188,-0.9998085502229671,9.572488851644634e-05,0.009657991356447503,0.9999951221316613
-7.92,0.013015689577080564,0.014768301456804824,-0.9998012055616453,9.939721917734401e-05,0.009842648310871255,0.9999949807602062
-7.91,0.013141935016870065,0.015153190057768731,-0.9997936478556224,0.0001031760721887931,0.010029078034825743,0.9999948339453393
-7.8999999999999995,0.013267487400726256,0.015541661604950708,-0.9997858738870964,0.00010706305645180603,0.010217258284041136,0.9999946815316351
-7.89,0.013392307233470973,0.015933693040918268,-0.9997778804744032,0.00011105976279840446,0.010407166604771518,0.9999945233614271
-7.88,0.013516354523780642,0.016329260139289738,-0.9997696644753683,0.00011516776231584869,0.010598780310832024,0.9999943592748409
-7.87,0.013639588783735855,0.01672833749098548,-0.999761222790729,0.00011938860463550638,0.010792076461480008,0.9999941891098244
-7.859999999999999,0.013761969028701637,0.017130898490403102,-0.9997525523676243,0.00012372381618785955,0.010987031840258751,0.9999940127021836
-7.85,0.013883453777381566,0.01753691532158355,-0.9997436502031547,0.0001281748984226505,0.011183622934732313,0.9999938298856212
-7.84,0.014004001052048975,0.0179463589443699,-0.9997345133480073,0.00013274332599633176,0.011381825917070099,0.9999936404917799
-7.83,0.014123568378792398,0.018359199080603378,-0.9997251389101477,0.0001374305449261537,0.0115816166254074,0.9999934443502846
-7.82,0.014242112787613167,0.01877540420040242,-0.9997155240585749,0.0001422379707125554,0.011782970545914805,0.9999932412887872
-7.81,0.014359590812830107,0.019194941508413076,-0.9997056660271428,0.00014716698642858184,0.011985862795636723,0.9999930311330157
-7.8,0.014475958494129042,0.019617776929940905,-0.9996955621184416,0.00015221894077921405,0.012190268106123305,0.9999928137068304
-7.79,0.0145911713769789,0.020043875097312088,-0.9996852097077403,0.00015739514612983507,0.01239616080757482,0.9999925888322762
-7.78,0.014705184513489608,0.020473199336174978,-0.9996746062469875,0.00016269687650627418,0.012603514813679259,0.9999923563296391
-7.77,0.014817952463460548,0.020905711651823443,-0.9996637492688714,0.00016812536556432,0.012812303607066169,0.9999921160175091
-7.76,0.014929429295673907,0.02134137271553428,-0.9996526363909342,0.00017368180453292137,0.013022500225358773,0.9999918677128445
-7.75,0.015039568589266378,0.021780141850959944,-0.9996412653197395,0.00017936734013024314,0.01323407724776443,0.9999916112310389
-7.74,0.015148323435013128,0.02222197702061661,-0.9996296338550922,0.00018518307245390941,0.013447006782148403,0.9999913463859886
-7.7299999999999995,0.01525564643697126,0.022666834812378862,-0.9996177398943065,0.00019113005284676632,0.013661260452659045,0.9999910729901657
-7.72,0.015361489714780966,0.02311467042591619,-0.9996055814365233,0.00019720928173833085,0.013876809387932499,0.9999907908546988
-7.71,0.015465804905471116,0.02356543765933854,-0.9995931565870695,0.0002034217064652566,0.014093624209640556,0.999990499789449
-7.7,0.015568543165736408,0.02401908889583368,-0.9995804635618596,0.00020976821907020549,0.014311675021545858,0.9999901996030919
-7.6899999999999995,0.015669655174490725,0.024475575090357124,-0.9995675006918385,0.0002162496540807357,0.01453093139901185,0.9999898901032049
-7.68,0.015769091135724504,0.02493484575637562,-0.999554266427459,0.0002228667862704814,0.014751362378955277,0.9999895710963573
-7.67,0.015866800781497135,0.02539684895270105,-0.9995407593431923,0.0002296203284038456,0.01497293645019265,0.9999892423882026
-7.66,0.01596273337490775,0.025861531270448226,-0.999526978142069,0.0002365109289654832,0.01519562154413867,0.9999889037835705
-7.6499999999999995,0.016056837713691364,0.02632883782001327,-0.9995129216602483,0.00024353916987585045,0.015419385025969604,0.999988555086568
-7.64,0.016149062134232266,0.026798712218111094,-0.9994985888716081,0.00025070556419592993,0.01564419368619258,0.9999881961006841
-7.63,0.016239354515408096,0.027271096574994328,-0.9994839788923575,0.00025801055382124183,0.015870013732506447,0.9999878266288936
-7.62,0.016327662282919028,0.02774593148173316,-0.9994690909856623,0.00026545450716886076,0.01609681078206245,0.9999874464737646
-7.609999999999999,0.016413932414021122,0.028223155997593324,-0.9994539245662856,0.00027303771685721623,0.016324549854104257,0.9999870554375726
-7.6,0.01649811144261581,0.02870270763752636,-0.9994384792052342,0.0002807603973828954,0.016553195362967572,0.999986653322418
-7.59,0.01658014546452621,0.029184522359804572,-0.9994227546344093,0.00028862268279533643,0.016782711111399597,0.999986239930343
-7.58,0.016659980142886457,0.02966853455381947,-0.9994067507512561,0.00029662462437196613,0.017013060284179846,0.9999858150634517
-7.57,0.016737560714522107,0.03015467702793622,-0.9993904676234087,0.0003047661882956687,0.017244205442201867,0.9999853785240397
-7.56,0.01681283199633289,0.0306428809975466,-0.999373905493325,0.00031304725333747285,0.017476108516820313,0.9999849301147233
-7.55,0.01688573839199791,0.03113307607329235,-0.9993570647829052,0.00032146760854739886,0.01770873080452408,0.99998446963857
-7.54,0.016956223899177048,0.031625190249439494,-0.9993399460980905,0.00033002695095474266,0.017942032961960203,0.9999839968992338
-7.53,0.017024232117259657,0.03211914989241971,-0.9993225502334386,0.0003387248832806833,0.018175975001317398,0.9999835117010968
-7.52,0.01708970625552992,0.0326148797295631,-0.9993048781766655,0.0003475609116672662,0.018410516286039916,0.9999830138494126
-7.51,0.01715258914157436,0.03311230283805038,-0.99928693111315,0.00035653444342498286,0.018645615526836426,0.9999825031504481
-7.5,0.017212823230044007,0.03361134063408823,-0.9992687104304002,0.00036564478479989004,0.01888123077800712,0.9999819794116315
-7.49,0.017270350612623046,0.03411191286223206,-0.999250217722466,0.0003748911387669862,0.019117319434242358,0.9999814424417081
-7.4799999999999995,0.017325113027830588,0.03461393758501385,-0.9992314547943036,0.0003842726028481791,0.019353838227638073,0.9999808920508966
-7.47,0.017377051871468974,0.03511733117280249,-0.999212423666072,0.0003937881669640042,0.0195907432250796,0.9999803280510421
-7.46,0.017426108207641042,0.03562200829391633,-0.9991931265773664,0.000403436711316818,0.01982798982597743,0.9999797502557785
-7.45,0.017472222780498852,0.036127881904999444,-0.9991735659913787,0.0004132170043106287,0.02006553276038895,0.9999791584806961
-7.4399999999999995,0.01751533602654196,0.03663486324168841,-0.999153744598974,0.0004231277005130041,0.020303326087490515,0.9999785525435091
-7.43,0.017555388087271587,0.03714286180959639,-0.999133665322679,0.0004331673386605006,0.02054132319436537,0.9999779322642238
-7.42,0.0175923188220994,0.03765178537563775,-0.9991133313205773,0.00044333433971133207,0.02077947679509449,0.9999772974653041
-7.41,0.01762606782285451,0.038161539959624485,-0.9990927459901021,0.00045362700494894215,0.021017738930400452,0.9999766479718557
-7.3999999999999995,0.017656574428433654,0.03867202982623391,-0.9990719129717183,0.0004640435141408661,0.021256060967568418,0.9999759836118048
-7.39,0.017683777739915314,0.039183157477376676,-0.999050836152486,0.00047458192375698927,0.021494393600725425,0.9999753042160757
-7.38,0.017707616636368294,0.03969482364492284,-0.9990295196694988,0.0004852401652505889,0.021732686851503848,0.99997460961877
-7.37,0.017728029791566277,0.0402069272838256,-0.9990079679131896,0.0004960160434052119,0.021970890070144522,0.999973899657355
-7.359999999999999,0.017744955691537657,0.040719365565663884,-0.9989861855304963,0.00050690723475183,0.022208951937027602,0.9999731741728556
-7.35,0.017758332652735954,0.04123203387262724,-0.9989641774278736,0.0005179112860632107,0.022446820464593134,0.9999724330100439
-7.34,0.017768098840618758,0.04174482579196767,-0.9989419487741468,0.0005290256129266147,0.022684442999618304,0.9999716760176269
-7.33,0.017774192288550372,0.04225763311094018,-0.9989195050032009,0.0005402474983995376,0.022921766225845207,0.9999709030484283
-7.32,0.017776550919011577,0.04277034581220617,-0.9988968518164962,0.000551574091751883,0.023158736167329563,0.9999701139596019
-7.31,0.017775112564654888,0.04328285206976008,-0.9988739951853943,0.0005630024073028372,0.023395298192045378,0.9999693086128244
-7.3,0.01776981499000241,0.04379503824544428,-0.998850941353296,0.0005745293233520021,0.02363139701593434,0.9999684868744937
-7.29,0.017760595913972325,0.044306788885983474,-0.9988276968375704,0.0005861515812147777,0.023866976707401167,0.9999676486159199
-7.28,0.01774739303346347,0.04481798672061351,-0.9988042684312797,0.0005978657843601631,0.024101980692327534,0.9999667937135298
-7.27,0.017730144047992835,0.04532851265932722,-0.9987806632046827,0.0006096683976586359,0.024336351759607293,0.9999659220490742
-7.26,0.017708786685151835,0.04583824579175474,-0.9987568885065078,0.0006215557467461053,0.02457003206716228,0.9999650335098355
-7.25,0.017683258726646153,0.04634706338669664,-0.9987329519649822,0.0006335240175088797,0.024802963148402166,0.9999641279888252
-7.24,0.01765349803468516,0.0468548408923269,-0.9987088614886169,0.000645569255691536,0.02503508591909514,0.9999632053849759
-7.2299999999999995,0.017619442579346785,0.047361451937112366,-0.9986846252667377,0.0006576873666311323,0.025266340684784092,0.999962265603339
-7.22,0.017581030469226343,0.04786676833149253,-0.998660251769747,0.0006698741151264787,0.025496667149162072,0.9999613085553236
-7.21,0.01753819998000173,0.04837066007027682,-0.9986357497491093,0.0006821251254453542,0.02572600442243609,0.9999603341588797
-7.2,0.017490889585146177,0.04887299533586971,-0.9986111282370493,0.0006944358814753304,0.025954291030481438,0.9999593423387034
-7.1899999999999995,0.017439037987177504,0.04937364050225202,-0.9985863965459535,0.0007068017270232541,0.026181464924464413,0.9999583330264297
-7.18,0.01738258415022898,0.049872460139839064,-0.9985615642674748,0.0007192178662626114,0.02640746349112135,0.9999573061608409
-7.17,0.01732146733375181,0.050369317021226837,-0.9985366412713239,0.0007316793643380448,0.026632223563660067,0.9999562616880778
-7.16,0.01725562712709136,0.050864072127832075,-0.9985116377037339,0.0007441811481330718,0.0268556814332392,0.999955199561844
-7.1499999999999995,0.017185003484681827,0.05135658465743359,-0.9984865639855895,0.000756718007205226,0.027077772860986327,0.9999541197435978
-7.14,0.017109536761601242,0.051846712032621124,-0.9984614308102175,0.0007692845948912286,0.027298433090518784,0.9999530222027317
-7.13,0.01702916774973718,0.05233430991020707,-0.9984362491408371,0.0007818754295814689,0.027517596861037337,0.9999519069167526
-7.12,0.01694383771839987,0.0528192321919141,-0.9984110302076498,0.0007944848961751183,0.027735198421729404,0.9999507738715298
-7.109999999999999,0.01685348845224452,0.05330133103579713,-0.9983857855045557,0.0008071072477221497,0.02795117154609789,0.9999496230614552
-7.1,0.016758062291197875,0.05378045686891224,-0.9983605267855036,0.0008197366072482115,0.028165449547204985,0.9999484544896367
-7.09,0.016657502171081986,0.05425645840096132,-0.9983352660604452,0.0008323669697773983,0.028377965293493325,0.9999472681680643
-7.08,0.016551751665442704,0.054729182639126184,-0.9983100155909133,0.0008449922045433711,0.028588651225360893,0.9999460641177957
-7.069999999999999,0.01644075502859617,0.055198474904117334,-0.9982847878852021,0.0008576060573989297,0.028797439372497954,0.9999448423691448
-7.06,0.016324457239615217,0.05566417884742498,-0.9982595956931385,0.0008702021534307547,0.029004261371935246,0.9999436029618642
-7.05,0.016202804046981614,0.05612613646976097,-0.9982344520004367,0.0008827739997816497,0.02920904848675799,0.9999423459453146
-7.04,0.016075742013625327,0.05658418814067884,-0.9982093700226303,0.0008953149886848366,0.02941173162544318,0.9999410713786112
-7.03,0.01594321856207341,0.05703817261936066,-0.9981843631985855,0.0009078184007072498,0.029612241361783243,0.9999397793307553
-7.02,0.01580518202164838,0.057487927076921866,-0.9981594451835984,0.0009202774082007759,0.029810507955832136,0.9999384698808063
-7.01,0.015661581679176112,0.05793328712039145,-0.9981346298420337,0.000932685078983142,0.03000646137612372,0.9999371431180867
-7.0,0.015512367825383594,0.058374086817392874,-0.9981099312395335,0.000945034380233245,0.030200031321649803,0.9999357991422754
-6.99,0.01535749180484984,0.058810158722609134,-0.9980853636347713,0.0009573181826143529,0.030391147245186833,0.9999344380635503
-6.98,0.015196906065940471,0.0592413339054986,-0.9980609414707569,0.0009695292646215714,0.030579738377231894,0.9999330600027051
-6.970000000000001,0.015030564211898037,0.05966744197959224,-0.9980366793656961,0.0009816603171519667,0.030765733750863136,0.9999316650912807
-6.959999999999999,0.014858421052820286,0.06008831113333511,-0.9980125921033938,0.0009937039483031151,0.030949062227470552,0.9999302534716981
-6.949999999999999,0.014680432658238984,0.060503768162430874,-0.997988694623192,0.001005652688404024,0.03112965252330274,0.9999288252973754
-6.9399999999999995,0.014496556410008216,0.06091363850364955,-0.9979650020094384,0.0010174989952808078,0.031307433236780396,0.9999273807328211
-6.93,0.01430675105521323,0.061317746270056345,-0.9979415294804945,0.0010292352597527366,0.031482332876531134,0.9999259199537052
-6.92,0.014110976758860902,0.06171591428763757,-0.9979182923772874,0.0010408538113563237,0.03165427989011968,0.9999244431469057
-6.91,0.01390919516014337,0.06210796413435369,-0.9978953061514102,0.0010523469242949002,0.031823202694406486,0.999922950510655
-6.9,0.013701369428108331,0.06249371618045155,-0.9978725863527321,0.0010637068236339364,0.03198902970648036,0.9999214422546099
-6.890000000000001,0.013487464315621062,0.06287298963009948,-0.9978501486165646,0.0010749256917176875,0.03215168937510029,0.9999199185998806
-6.879999999999999,0.013267446215191367,0.06324560256492026,-0.9978280086503539,0.001085995674823037,0.03231111021333391,0.9999183797790716
-6.869999999999999,0.013041283214803495,0.063611371989169,-0.9978061822199246,0.0010969088900377177,0.03246722083206826,0.9999168260363132
-6.859999999999999,0.012808945154305834,0.0639701138767742,-0.9977846851352743,0.0011076574323628519,0.03261994997456876,0.999915257627301
-6.85,0.012570403682070297,0.06432164322015967,-0.9977635332359174,0.0011182333820413115,0.032769226552024834,0.9999136748193282
-6.84,0.012325632311631307,0.06466577408076629,-0.9977427423757768,0.0011286288121116206,0.032914979680026525,0.9999120778912923
-6.83,0.012074606478009758,0.06500231964119269,-0.9977223284076344,0.001138835796182791,0.03305713871592103,0.999910467133676
-6.82,0.01181730359342592,0.06533109225887278,-0.9977023071671511,0.0011488464164244316,0.03319563329700363,0.9999088428484934
-6.8100000000000005,0.011553703102953866,0.06565190352156966,-0.9976826944564768,0.0011586527717615813,0.033330393379754374,0.9999072053492426
-6.800000000000001,0.011283786543563143,0.06596456430605835,-0.9976635060274406,0.0011682469862797085,0.03346134928110642,0.9999055549609742
-6.789999999999999,0.011007537598368367,0.06626888483680592,-0.9976447575643208,0.0011776212178395973,0.033588431719467564,0.999903892020161
-6.779999999999999,0.010724942152410585,0.06656467474725551,-0.997626464666227,0.0011867676668865235,0.03371157185737736,0.9999022168746377
-6.77,0.010435988347793052,0.06685174314268372,-0.9976086428290923,0.0011956785854538299,0.03383070134511931,0.999900529883505
-6.76,0.010140666638551593,0.06712989866504432,-0.9975913074273007,0.0012043462863496335,0.03394575236555139,0.9998988314170412
-6.75,0.009838969845119921,0.06739894955973376,-0.9975744736949529,0.001212763152523555,0.034056657680139116,0.9998971218566093
-6.74,0.00953089320810746,0.06765870374414337,-0.9975581567067816,0.0012209216466091966,0.03416335067613432,0.9998954015945437
-6.73,0.009216434441106008,0.06790896887786413,-0.9975423713587318,0.0012288143206340973,0.03426576541484928,0.9998936710340075
-6.720000000000001,0.008895593782235867,0.06814955243440955,-0.9975271323482209,0.0012364338258895602,0.03436383668098227,0.9998919305888081
-6.709999999999999,0.008568374044414157,0.06838026177450257,-0.9975124541541118,0.0012437729229440864,0.03445750003306424,0.9998901806831956
-6.699999999999999,0.00823478066722888,0.06860090422277418,-0.9974983510164079,0.001250824491796032,0.034546691856166205,0.9998884217517836
-6.6899999999999995,0.00789482176530601,0.06881128714466153,-0.9974848369156644,0.0012575815421678183,0.03463134941498458,0.9998866542393096
-6.68,0.007548508175739849,0.06901121802534736,-0.9974719255521676,0.0012640372239162145,0.0347114109084507,0.9998848786004167
-6.67,0.0071958535045030525,0.06920050455038641,-0.9974596303248822,0.0012701848375589186,0.03478681552573589,0.9998830952994139
-6.66,0.006836874171503277,0.06937895468815346,-0.9974479643102017,0.0012760178448991688,0.03485750350375733,0.9998813048100376
-6.65,0.0064715894542537455,0.0695463767740913,-0.9974369402405178,0.0012815298797411168,0.034923416186236254,0.9998795076152099
-6.640000000000001,0.006100021529899746,0.06970257959655832,-0.9974265704826258,0.0012867147586870797,0.03498449608426492,0.9998777042067757
-6.629999999999999,0.005722195515336287,0.06984737248407524,-0.9974168670159933,0.0012915664920033487,0.03504068693834671,0.9998758950852074
-6.619999999999999,0.005338139505156797,0.0699805653937706,-0.9974078414109132,0.0012960792945433952,0.03509193378188326,0.9998740807592652
-6.609999999999999,0.0049478846074928196,0.07010196900117761,-0.9973995048065804,0.0013002475967098248,0.035138183006279404,0.9998722617456406
-6.6,0.004551464979711151,0.07021139479337514,-0.9973918678891098,0.0013040660554450856,0.035179382428820155,0.9998704385687279
-6.59,0.004148917859918028,0.07030865516149554,-0.9973849408695066,0.0013075295652467123,0.0352154813612793,0.999868611760213
-6.58,0.0037402835967595693,0.0703935634952274,-0.9973787334616353,0.0013106332691823486,0.03524643068078241,0.9998667818587017
-6.57,0.0033256056769152276,0.07046593427848094,-0.9973732548602093,0.0013133725698953325,0.03527218290259878,0.9998649494093218
-6.5600000000000005,0.002904930750185053,0.07052558318651964,-0.9973685137188286,0.00131574314058569,0.035292692255132894,0.999863114963327
-6.550000000000001,0.002478308652046596,0.07057232718439532,-0.9973645181280981,0.0013177409359509396,0.03530791475716228,0.9998612790776976
-6.539999999999999,0.002045792423466336,0.07060598462640823,-0.997361275593848,0.001319362203075991,0.03531780829731832,0.9998594423147147
-6.529999999999999,0.0016074383277465132,0.0706263753563128,-0.9973587930154899,0.0013206034922550458,0.03532233271581981,0.9998576052414979
-6.52,0.001163305864189751,0.07063332080799112,-0.9973570766645392,0.0013214616677303948,0.035321449888482244,0.9998557684294939
-6.51,0.000713457779069615,0.07062664410765133,-0.9973561321633396,0.001321933918330187,0.03531512381371243,0.9998539324540002
-6.5,0.0002579600742556587,0.07060617017800412,-0.9973559644640191,0.0013220177679904577,0.03530332070289277,0.999852097893763
-6.49,-0.00020311798880251475,0.0705717258409594,-0.9973565778276894,0.0013217110861553083,0.035286009072608766,0.9998502653303888
-6.48,-0.0006697038876876116,0.07052313992192887,-0.9973579758039488,0.001321012098025598,0.035263159840494794,0.9998484353478257
-6.470000000000001,-0.001141721841157295,0.07046024335445032,-0.9973601612107028,0.0013199193946485943,0.035234746424271796,0.9998466085318137
-6.459999999999999,-0.0016190928147597483,0.07038286928554603,-0.9973631361143367,0.0013184319428316549,0.035200744844424335,0.9998447854693417
-6.449999999999999,-0.0021017345300610724,0.07029085318144788,-0.9973669018102751,0.0013165490948624514,0.035161133830590253,0.9998429667480977
-6.4399999999999995,-0.0025895614776312303,0.07018403293331996,-0.9973714588039538,0.0013142705980230818,0.035115894931753384,0.9998411529558876
-6.43,-0.003082484933931151,0.07006224896260979,-0.9973768067922415,0.0013115966038792504,0.03506501263035074,0.9998393446800116
-6.42,-0.003580412982210346,0.06992534432586245,-0.9973829446453348,0.0013085276773325827,0.03500847446052742,0.9998375425065877
-6.41,-0.0040832505368283145,0.06977316482175952,-0.9973898703891715,0.0013050648054142577,0.03494627113223573,0.999835747020039
-6.4,-0.004590899371950924,0.0696055590961533,-0.9973975811883743,0.0013012094058128532,0.03487839665943473,0.999833958802436
-6.390000000000001,-0.005103258154564999,0.06942237874666174,-0.9974060733297639,0.0012969633351180287,0.034804848493554336,0.9998321784328286
-6.379999999999999,-0.005620222481400261,0.06922347842677412,-0.9974153422064762,0.0012923288967618962,0.03472562766258696,0.9998304064865724
-6.369999999999999,-0.0061416849201721135,0.06900871594958789,-0.9974253823027016,0.0012873088486491935,0.03464073891630192,0.9998286435346609
-6.359999999999999,-0.006667535055164903,0.06877795239103708,-0.9974361871790796,0.0012819064104602207,0.03455019087796628,0.9998268901430665
-6.35,-0.007197659537181489,0.06853105219214244,-0.9974477494587781,0.0012761252706109394,0.03445399620281851,0.9998251468720701
-6.34,-0.007731942137895437,0.06826788325981174,-0.9974600608142847,0.0012699695928576338,0.03435217174357048,0.9998234142755588
-6.33,-0.008270263808633466,0.06798831706571974,-0.9974731119549303,0.0012634440225348653,0.034244738723244884,0.9998216929002621
-6.32,-0.008812502743679979,0.06769222874368795,-0.9974868926151685,0.0012565536924157295,0.03413172291613456,0.9998199832849711
-6.3100000000000005,-0.009358534448155625,0.06737949718906115,-0.997501391543653,0.0012493042281734867,0.03401315483922366,0.9998182859599999
-6.299999999999999,-0.00990823181039524,0.06705000515238775,-0.9975165964931045,0.0012417017534477326,0.033889069950884435,0.9998166014463508
-6.289999999999999,-0.010461465178993462,0.06670363933271826,-0.9975324942110169,0.0012337528944915688,0.03375950886017394,0.9998149302549812
-6.279999999999999,-0.011018102444174699,0.06634029046842377,-0.9975490704312144,0.0012254647843927824,0.0336245175463722,0.999813272886035
-6.27,-0.011578009123960065,0.06595985342644982,-0.9975663098662674,0.0012168450668663122,0.03348414758999117,0.9998116298280967
-6.26,-0.012141048455022896,0.065562227289591,-0.9975841962007936,0.001207901899603181,0.03333845641582407,0.9998100015574674
-6.25,-0.012707081488100319,0.06514731544120936,-0.9976027120856652,0.0011986439571674001,0.03318750754855529,0.9998083885374318
-6.24,-0.013275967187822452,0.06471502564681939,-0.9976218391331355,0.0011890804334322436,0.033031370881484126,0.9998067912174934
-6.23,-0.013847562536820485,0.0642652701319624,-0.9976415579128933,0.0011792210435533357,0.03287012295894728,0.9998052100325393
-6.220000000000001,-0.014421722644231943,0.06379796565663087,-0.9976618479490444,0.0011690760254777777,0.03270384727349293,0.999803645401963
-6.209999999999999,-0.014998300860037617,0.06331303359194444,-0.9976826877180612,0.001158656140969383,0.032532634581689236,0.9998020977291643
-6.199999999999999,-0.015577148892297693,0.06281039998797301,-0.9977040546476775,0.0011479726761612352,0.03235658323379483,0.9998005674006581
-6.1899999999999995,-0.01615811692945618,0.06228999563982954,-0.9977259251167482,0.00113703744162591,0.03217579952198531,0.9997990547853038
-6.18,-0.016741053766277714,0.0617517561495401,-0.9977482744560939,0.0011258627719530345,0.031990398046748594,0.9997975602335057
-6.17,-0.017325806934389926,0.06119562198478592,-0.9977710769502964,0.0011144615248517842,0.0318005021030823,0.9997960840764415
-6.16,-0.017912222837245695,0.06062153853429352,-0.9977943058404647,0.0011028470797676548,0.0316062440873476,0.9997946266253339
-6.15,-0.018500146889138702,0.06002945615920284,-0.9978179333279721,0.001091033336013958,0.03140776592536217,0.999793188170731
-6.140000000000001,-0.019089423657901866,0.059419330239743426,-0.9978419305791709,0.0010790347104145392,0.03120521952226322,0.9997917689817702
-6.129999999999999,-0.01967989701091527,0.0587911212165486,-0.9978662677310651,0.0010668661344674368,0.03099876723459799,0.9997903693053783
-6.119999999999999,-0.02027141026404547,0.05814479462593832,-0.9978909138979247,0.0010545430510376375,0.030788582365000965,0.9997889893653666
-6.109999999999999,-0.020863806335674806,0.0574803211334187,-0.9979158371788255,0.001042081410587259,0.030574849682432965,0.9997876293617208
-6.1,-0.021456927905750517,0.05679767656646072,-0.9979410046661629,0.0010294976669185663,0.030357765968944652,0.9997862894702104
-6.09,-0.02205061757441934,0.05609684193353244,-0.9979663824550271,0.0010168087724864439,0.030137540586156888,0.9997849698413667
-6.08,-0.022644718025639193,0.055377803442764294,-0.997991935653519,0.001004032173240521,0.029914396068641203,0.9997836705998271
-6.07,-0.0232390721926983,0.05464055251378814,-0.9980176283939364,0.0009911858030318133,0.029688568740297516,0.9997823918435685
-6.0600000000000005,-0.02383352342737549,0.05388508578536813,-0.9980434238448028,0.000978288077598588,0.02946030935453555,0.9997811336432172
-6.049999999999999,-0.024427915672086326,0.05311140511811918,-0.9980692842237291,0.0009653578881354541,0.02922988375662627,0.9997798960414089
-6.039999999999999,-0.025022093634347597,0.05231951759159408,-0.9980951708110957,0.0009524145944521667,0.02899757356600368,0.9997786790521658
-6.029999999999999,-0.025615902962887183,0.051509435495017256,-0.9981210439645261,0.0009394780177369721,0.02876367687561604,0.9997774826602441
-6.02,-0.026209190424726053,0.05068117631094827,-0.998146863134115,0.0009265684329424762,0.028528508964634724,0.9997763068204081
-6.01,-0.026801804082545344,0.04983476269115298,-0.9981725868783627,0.0009137065608186279,0.028292403019903933,0.9997751514565689
-6.0,-0.027393593475940253,0.04897022242959245,-0.9981981728807726,0.0009009135596136919,0.028055710863961532,0.999774016461141
-5.99,-0.027984409809411304,0.04808758843756328,-0.9982235779671612,0.0008882110164193935,0.027818803686182954,0.9997729016950213
-5.98,-0.028574106130900362,0.04718689869747665,-0.9982487581235229,0.0008756209382385638,0.027582072755078985,0.999771806986485
-5.970000000000001,-0.029162537516947695,0.046268196218996104,-0.9982736685145027,0.0008631657427486394,0.027345930116686956,0.9997707321307171
-5.959999999999999,-0.029749561255655116,0.04533152898611797,-0.9982982635024044,0.0008508682487978203,0.027110809260898268,0.9997696768891519
-5.949999999999999,-0.030335037031278933,0.044376949899303075,-0.9983224966666655,0.0008387516666672479,0.026877165745546532,0.9997686409889133
-5.9399999999999995,-0.030918827109547548,0.04340451671208762,-0.9983463208237743,0.0008268395881128598,0.026645477762839917,0.999767624122329
-5.93,-0.031500796522697355,0.04241429196148923,-0.9983696880475897,0.0008151559762051286,0.02641624663043007,0.9997666259464759
-5.92,-0.03208081325321541,0.0414063428915181,-0.9983925496900183,0.0008037251549908309,0.026189997187082956,0.9997656460827075
-5.91,-0.03265874841527039,0.04038074136910694,-0.9984148564019941,0.0007925717990029391,0.025967278070538266,0.99976468411611
-5.9,-0.03323447643280722,0.039337563791771786,-0.9984365581546938,0.0007817209226531063,0.02574866185277661,0.9997637395948233
-5.890000000000001,-0.033807875214514366,0.038276890987467886,-0.9984576042609233,0.0007711978695383315,0.025534745006493973,0.999762812029258
-5.879999999999999,-0.034378826342334884,0.03719880812325535,-0.998477943396666,0.0007610283016670216,0.025326147686073316,0.999761900892459
-5.869999999999999,-0.03494721524180358,0.03610340459272241,-0.9984975236227248,0.000751238188637593,0.025123513271150786,0.9997610056193713
-5.859999999999999,-0.03551293135369943,0.03499077389979668,-0.9985162924063636,0.0007418537968181815,0.024927507654392868,0.9997601256063327
-5.85,-0.036075868302370695,0.03386101353773456,-0.9985341966429461,0.0007329016785269649,0.02473881823962413,0.9997592602106501
-5.84,-0.03663592406089666,0.03271422486175883,-0.9985511826774723,0.0007244086612638312,0.02455815261833383,0.9997584087501741
-5.83,-0.037193001114207036,0.0315505129568486,-0.9985671963259662,0.0007164018370168779,0.024386236895642985,0.9997575705029808
-5.82,-0.037747006618840895,0.030369986500144986,-0.9985821828966609,0.0007089085516695515,0.02422381363814236,0.9997567447071123
-5.8100000000000005,-0.03829785255802376,0.02917275761743597,-0.998596087210923,0.0007019563945385165,0.024071639420497493,0.9997559305603179
-5.799999999999999,-0.038845455890731795,0.02795894173318363,-0.998608853623856,0.0006955731880720073,0.02393048195397633,0.9997551272197358
-5.789999999999999,-0.03938973869340312,0.026728657413558517,-0.9986204260445185,0.0006897869777407473,0.02380111678822002,0.9997543338014603
-5.779999999999999,-0.03993062829295879,0.025482026201941444,-0.9986307479556932,0.0006846260221534117,0.023684323587696524,0.999753549379933
-5.77,-0.04046805740055909,0.024219172453848983,-0.9986397624331513,0.0006801187834243327,0.02358088200282287,0.9997527729877348
-5.76,-0.041001964254267165,0.022940223177548836,-0.9986474121643725,0.0006762939178137639,0.023491567168581747,0.9997520036162678
-5.75,-0.04153229272365794,0.021645307847813832,-0.9986536394666354,0.0006731802666822828,0.02341714484469788,0.999751240214618
-5.74,-0.04205899242644717,0.02033455822864815,-0.9986583863044344,0.0006708068477828122,0.02335836628641985,0.999750481689536
-5.73,-0.04258201883417212,0.01900810818910834,-0.998661594306167,0.0006692028469165168,0.023315962905929046,0.9997497269052179
-5.720000000000001,-0.04310133337106398,0.01766609351542775,-0.9986632047800366,0.000668397609981719,0.023290640815891217,0.9997489746831415
-5.709999999999999,-0.043616903504971216,0.016308651719384212,-0.9986631587291168,0.0006684206354415911,0.02328307535671643,0.9997482238019146
-5.699999999999999,-0.044128702829038746,0.014935921842749998,-0.998661396865522,0.000669301567238989,0.02329390571944918,0.9997474729970874
-5.6899999999999995,-0.04463671113283607,0.013548044257658228,-0.9986578596236423,0.0006710701881788572,0.023323729783011324,0.9997467209608832
-5.68,-0.045140914466219595,0.01214516046485659,-0.9986524871723921,0.0006737564138039609,0.023373099289373613,0.9997459663420345
-5.67,-0.045641305198174886,0.010727412891361173,-0.9986452194264236,0.0006773902867882042,0.023442515476878156,0.9997452077458459
-5.66,-0.0461378820582774,0.009294944682264914,-0.9986359960562696,0.0006820019718651871,0.023532425275935118,0.9997444437338813
-5.65,-0.04663065017226348,0.00784789949253911,-0.99862475649737,0.0006876217513149818,0.02364321817103697,0.9997436728238717
-5.640000000000001,-0.04711962108665663,0.006386421276895176,-0.9986114399579504,0.0006942800210247846,0.02377522380586603,0.9997428934896049
-5.629999999999999,-0.047604812782505446,0.0049106540783228365,-0.9985959854257159,0.0007020072871420369,0.023928710389061622,0.9997421041608135
-5.619999999999999,-0.04808624967733943,0.0034207418154945262,-0.9985783316733328,0.0007108341633336179,0.024103883932883614,0.9997413032230369
-5.609999999999999,-0.048563962616710976,0.0019168280699290849,-0.9985584172626728,0.000720791368663598,0.024300888331946678,0.9997404890175355
-5.6,-0.049037988853623454,0.000399055872870343,-0.9985361805477964,0.0007319097261018204,0.02451980626145816,0.9997396598411904
-5.59,-0.04950837201556743,-0.0011324325076870045,-0.9985115596766595,0.0007442201616702504,0.024760660850511877,0.9997388139463884
-5.58,-0.04997516205959618,-0.0026774957792355452,-0.998484492591533,0.000757753704233477,0.025023418064538696,0.9997379495409294
-5.57,-0.050438415214915405,-0.004235993835909457,-0.9984549170281242,0.0007725414859379165,0.025307989712589147,0.9997370647879413
-5.5600000000000005,-0.05089819391195197,-0.005807787968286454,-0.9984227705133986,0.0007886147433007196,0.025614236981526685,0.9997361578057652
-5.549999999999999,-0.05135456669822419,-0.007392741071279793,-0.9983879903621111,0.0008060048189444391,0.025941974391463268,0.9997352266678434
-5.539999999999999,-0.051807608141661715,-0.00899071784948158,-0.9983505136720461,0.0008247431639769598,0.026290974063397497,0.9997342694026484
-5.529999999999999,-0.05225739871907331,-0.010601585019945962,-0.9983102773179924,0.0008448613410038108,0.026660970189676832,0.9997332839935591
-5.52,-0.052704024690918644,-0.012225211511642135,-0.9982672179444658,0.0008663910277670883,0.027051663604690517,0.999732268378744
-5.51,-0.05314757796219288,-0.01386146866116335,-0.9982212719572175,0.0008893640213912257,0.02746272636088679,0.9997312204510655
-5.5,-0.05358815592863356,-0.01551023040428445,-0.9981723755135548,0.0009138122432226226,0.02789380622569074,0.9997301380579654
-5.49,-0.054025861307329115,-0.017171373462989956,-0.9981204645115227,0.000939767744238651,0.028344531027185104,0.9997290190013002
-5.48,-0.054460801953507776,-0.018844777527240755,-0.998065474578,0.0009672627110000054,0.02881451279073791,0.9997278610372319
-5.470000000000001,-0.054893090661967625,-0.02053032543118862,-0.9980073410557608,0.0009963294721195837,0.029303351620307477,0.9997266618760967
-5.459999999999999,-0.05532284495244727,-0.022227903323366306,-0.9979459989895776,0.0010270005052112063,0.02981063929113832,0.999725419182233
-5.449999999999999,-0.055750186839696625,-0.023937400830297766,-0.9978813831114349,0.0010593084442825362,0.03033596253282325,0.9997241305738107
-5.4399999999999995,-0.05617524258842063,-0.025658711213041155,-0.9978134278249491,0.001093286087525458,0.030878905991720912,0.9997227936226907
-5.43,-0.056598142452106454,-0.02739173151620151,-0.997742067189073,0.0011289664054635051,0.03143905487003625,0.9997214058542556
-5.42,-0.05701902039457915,-0.029136362708976432,-0.9976672349012047,0.0011663825493976598,0.03201599724616768,0.9997199647471696
-5.41,-0.057438013795735016,-0.03089250981767808,-0.9975888642798117,0.0012055678600941255,0.03260932608792454,0.9997184677331509
-5.4,-0.05785526314308101,-0.032660082049173145,-0.9975068882466813,0.0012465558766593388,0.03321864097466161,0.9997169121968433
-5.390000000000001,-0.058270911704074196,-0.03443899290495063,-0.9974212393089568,0.001289380345521618,0.03384354954467413,0.9997152954755401
-5.379999999999999,-0.058685105182564756,-0.036229160285134066,-0.9973318495410811,0.0013340752294594416,0.03448366868988356,0.9997136148589196
-5.369999999999999,-0.05909799135902352,-0.03803050658209699,-0.9972386505668241,0.0013806747165879263,0.035138625519370206,0.999711867588808
-5.359999999999999,-0.05950971971442645,-0.03984295876315801,-0.9971415735415518,0.0014292132292241244,0.03580805811368548,0.9997100508589549
-5.35,-0.05992044103669217,-0.04166644844182373,-0.9970405491349161,0.001479725432541934,0.036491616091188867,0.9997081618147577
-5.34,-0.060330307008627876,-0.043500911937062015,-0.9969355075141718,0.0015322462429140926,0.037188961006968585,0.9997061975528864
-5.33,-0.06073946978088929,-0.04534629032032818,-0.9968263783283102,0.0015868108358448874,0.03789976660574261,0.9997041551210111
-5.32,-0.061148081529024956,-0.04720252944984752,-0.9967130906932249,0.001643454653387555,0.0386237189468596,0.9997020315175841
-5.3100000000000005,-0.06155629399082749,-0.049069579991429114,-0.9965955731781609,0.0017022134109195286,0.03936051641690072,0.9996998236914557
-5.299999999999999,-0.06196425798764757,-0.05094739742556545,-0.9964737537936643,0.0017631231031678407,0.0401098696470029,0.9996975285415257
-5.289999999999999,-0.06237212292931976,-0.05283594204047076,-0.996347559981303,0.0018262200093485115,0.04087150134878263,0.9996951429164345
-5.279999999999999,-0.06278003630258103,-0.05473517891054682,-0.9962169186054219,0.0018915406972890292,0.04164514608127507,0.9996926636142754
-5.27,-0.06318814314202897,-0.05664507785968691,-0.9960817559472093,0.0019591220263953657,0.04243054995951483,0.9996900873822563
-5.26,-0.06359658548270375,-0.058565613408844794,-0.9959419977013859,0.0020290011493070415,0.04322747031406391,0.9996874109162527
-5.25,-0.06400550179788864,-0.060496764708012365,-0.9957975689758046,0.002101215512097687,0.04403567531143395,0.9996846308604822
-5.24,-0.06441502642218566,-0.06243851545220427,-0.995648394294273,0.0021758028528635065,0.04485494354261865,0.9996817438073029
-5.23,-0.06482528895476225,-0.0643908537801273,-0.9954943976029728,0.002252801198513621,0.04568506358374188,0.999678746296783
-5.220000000000001,-0.0652364136478151,-0.06635377215595693,-0.9953355022807813,0.002332248859609365,0.04652583353620191,0.9996756348163581
-5.209999999999999,-0.06564851877950195,-0.06832726723380174,-0.995171631153868,0.0024141844230660126,0.047377060550391835,0.9996724058005363
-5.199999999999999,-0.06606171601167521,-0.07031133970443762,-0.9950027065149326,0.0024986467425336945,0.0482385603367266,0.9996690556306528
-5.1899999999999995,-0.06647610973174542,-0.07230599412371719,-0.99482865014747,0.0025856749262649914,0.04911015666663588,0.9996655806346058
-5.18,-0.06689179637802711,-0.07431123872204712,-0.9946493833554607,0.0026753083222696428,0.04999168086563133,0.9996619770864964
-5.17,-0.0673088637511842,-0.0763270851952332,-0.9944648269988761,0.0027675865005619693,0.050882971301496986,0.9996582412063537
-5.16,-0.06772739031461372,-0.0783535484770618,-0.9942749015353889,0.0028625492323055557,0.05178387287026557,0.9996543691601526
-5.15,-0.06814744447644613,-0.08039064649108142,-0.994079527068774,0.0029602364656129976,0.052694236477826326,0.999650357059508
-5.140000000000001,-0.06856908385999955,-0.08243839988308535,-0.9938786234043744,0.003060688297812808,0.05361391852094738,0.9996462009615489
-5.129999999999999,-0.06899235456147668,-0.08449683173363351,-0.9936721101120789,0.0031639449439605505,0.05454278036770423,0.9996418968688487
-5.119999999999999,-0.06941729039588218,-0.08656596725040087,-0.9934599065972562,0.003270046701371876,0.05548068783798492,0.999637440729454
-5.109999999999999,-0.06984391213094049,-0.08864583343978655,-0.9932419321800972,0.0033790339099514233,0.05642751068403806,0.9996328284369425
-5.1,-0.07027222670884181,-0.09073645875720458,-0.9930181061838195,0.0034909469080902644,0.057383122070903285,0.9996280558304254
-5.09,-0.07070222645819743,-0.09283787273650367,-0.9927883480321613,0.003605825983919342,0.058347398057637244,0.9996231186946475
-5.08,-0.07113388829968481,-0.09495010559939009,-0.9925525773566028,0.003723711321698575,0.05932021708061967,0.9996180127604756
-5.07,-0.07156717293914872,-0.09707318784170049,-0.9923107141138208,0.0038446429430896156,0.0603014594355976,0.999612733705075
-5.0600000000000005,-0.07200202405483833,-0.09920714979874341,-0.9920626787137686,0.0039686606431156846,0.061291006761155085,0.9996072771523434
-5.049999999999999,-0.07243836747814456,-0.10135202118893491,-0.9918083921588198,0.004095803920590113,0.06228874152280857,0.9996016386734489
-5.039999999999999,-0.07287611036919445,-0.10350783063564245,-0.9915477761944101,0.004226111902794927,0.0632945464977826,0.9995958137875127
-5.029999999999999,-0.07331514038776474,-0.1056746051667576,-0.9912807534716038,0.004359623264198087,0.06430830426007936,0.9995897979623733
-5.02,-0.07375532486016709,-0.10785236969156779,-0.9910072477219751,0.004496376139012437,0.06532989666553014,0.9995835866153463
-5.01,-0.07419650994613725,-0.11004114645633581,-0.9907271839451566,0.004636408027421712,0.06635920433823025,0.9995771751143141
-5.0,-0.07463851980531688,-0.11224095447747376,-0.99044048860945,0.004779755695275001,0.06739610615744618,0.9995705587789534
-4.99,-0.07508115576393429,-0.1144518089517156,-0.9901470898658358,0.004926455067082114,0.06844047874461459,0.9995637328819766
-4.98,-0.07552419548497286,-0.11667372064429848,-0.9898469177756672,0.005076541112166377,0.06949219595148111,0.9995566926506094
-4.970000000000001,-0.0759673921432605,-0.11890669525496499,-0.989539904552325,0.005230047723837505,0.07055112834941944,0.9995494332682748
-4.959999999999999,-0.07641047360699409,-0.12115073276159734,-0.9892259848170888,0.005387007591455606,0.07161714272001697,0.9995419498764703
-4.949999999999999,-0.07685314162703598,-0.12340582674113304,-0.9889050958694323,0.005547452065283842,0.07269010154692279,0.9995342375767521
-4.9399999999999995,-0.07729507103652816,-0.12567196366820277,-0.9885771779718631,0.005711411014068468,0.07376986250963874,0.9995262914328851
-4.93,-0.07773590896464598,-0.12794912219282165,-0.988242174649434,0.00587891267528301,0.07485627798066327,0.9995181064734725
-4.92,-0.07817527406361018,-0.13023727239487076,-0.9879000330039853,0.006049983498007339,0.07594919452465629,0.9995096776945442
-4.91,-0.07861275575323512,-0.13253637501704502,-0.9875507040431264,0.006224647978436804,0.07704845240135684,0.9995010000624568
-4.9,-0.07904791348529086,-0.1348463806763194,-0.98719414302385,0.006402928488074999,0.07815388507278585,0.9994920685170415
-4.890000000000001,-0.07948027603053669,-0.13716722905429699,-0.9868303098106654,0.00658484509466728,0.07926531871557112,0.9994828779750747
-4.879999999999999,-0.07990934079059335,-0.13949884806628512,-0.9864591692480691,0.006770415375965455,0.08038257173885345,0.9994734233340066
-4.869999999999999,-0.08033457313694488,-0.14184115300894032,-0.9860806915470635,0.00695965422646827,0.08150545430828657,0.9994636994758418
-4.859999999999999,-0.08075540578028817,-0.14419404568705146,-0.9856948526853236,0.007152573657338179,0.08263376787721,0.9994537012711896
-4.85,-0.0811712381762506,-0.1465574135225322,-0.9853016348205862,0.007349182589706904,0.08376730472785923,0.9994434235841466
-4.84,-0.0815814359655797,-0.1489311286413429,-0.9849010267167322,0.007549486641633907,0.08490584752034193,0.9994328612769661
-4.83,-0.08198533045525513,-0.15131504694183423,-0.9844930241819315,0.00775348790903424,0.08604916885256196,0.9994220092152024
-4.82,-0.08238221814305664,-0.15370900714429833,-0.9840776305180866,0.007961184740956695,0.08719703083169765,0.9994108622731434
-4.8100000000000005,-0.0827713602895607,-0.15611282982267596,-0.9836548569807364,0.008172571509631799,0.08834918465869968,0.9993994153396434
-4.799999999999999,-0.08315198254072712,-0.1585263164187099,-0.9832247232485025,0.00838763837574874,0.08950537022678906,0.9993876633243142
-4.789999999999999,-0.08352327460427666,-0.16094924823877152,-0.9827872579010287,0.00860637104948564,0.09066531573491474,0.9993756011639819
-4.779999999999999,-0.08388438998317435,-0.16338138543361586,-0.9823424989042069,0.008828750547896558,0.09182873731716153,0.9993632238292636
-4.77,-0.08423444577188793,-0.16582246596403438,-0.9818904941014077,0.009054752949296141,0.09299533869083233,0.9993505263317757
-4.76,-0.08457252251862862,-0.16827220455252553,-0.981431301709368,0.009284349145316007,0.09416481082406918,0.9993375037318851
-4.75,-0.08489766415530801,-0.1707302916193028,-0.9809649908171402,0.009517504591429915,0.09533683162272549,0.9993241511463192
-4.74,-0.08520887800136279,-0.17319639220657795,-0.9804916418865347,0.009754179056732648,0.09651106563967925,0.9993104637563737
-4.73,-0.08550513484469258,-0.1756701448910956,-0.9800113472522463,0.009994326373876872,0.09768716380731347,0.9992964368164386
-4.720000000000001,-0.085785369103811,-0.17815116068634523,-0.9795242116198091,0.010237894190095465,0.09886476319469072,0.9992820656629327
-4.709999999999999,-0.08604847907482747,-0.18063902193535553,-0.9790303525594015,0.010484823720299241,0.10004348679056133,0.999267345723575
-4.699999999999999,-0.08629332726689103,-0.1831332811949735,-0.9785299009933761,0.010735049503311944,0.10122294331329729,0.9992522725268802
-4.6899999999999995,-0.08651874082989387,-0.1856334601128149,-0.9780230016752771,0.010988499162361443,0.10240272704894923,0.9992368417117963
-4.68,-0.08672351207996473,-0.18813904830115893,-0.9775098136581449,0.011245093170927534,0.10358241772032259,0.999221049038265
-4.67,-0.08690639912414724,-0.19064950220544005,-0.9769905107495437,0.011504744625228158,0.10476158038602185,0.999204890397641
-4.66,-0.08706612658881929,-0.19316424397091467,-0.9764652819508672,0.011767359024566382,0.10593976537169052,0.9991883618234462
-4.65,-0.08720138645545594,-0.19568266030921172,-0.9759343318783495,0.012032834060825226,0.10711650823454351,0.9991714595024643
-4.640000000000001,-0.08731083900711006,-0.1982041013664048,-0.9753978811631104,0.012301059418444782,0.10829132976211618,0.9991541797861203
-4.629999999999999,-0.08739311388875509,-0.20072787959470767,-0.9748561668274944,0.012571916586252785,0.10946373600622306,0.9991365192021339
-4.619999999999999,-0.08744681128440938,-0.20325326862973347,-0.9743094426348995,0.012845278682550254,0.1106332183528999,0.9991184744663719
-4.609999999999999,-0.08747050321383087,-0.20577950217526605,-0.9737579794102453,0.013121010294877333,0.11179925362897232,0.9991000424947968
-4.6,-0.08746273495162038,-0.20830577289812693,-0.9732020653283294,0.013398967335835288,0.1129613042460818,0.9990812204156524
-4.59,-0.08742202657143182,-0.210831231336395,-0.9726420061672812,0.013678996916359376,0.11411881838316221,0.9990620055821311
-4.58,-0.08734687461668496,-0.21335498482154233,-0.9720781255239178,0.013960937238041093,0.11527123020674265,0.9990423955846904
-4.57,-0.08723575390015846,-0.21587609641928215,-0.9715107649884516,0.014244617505774215,0.11641796013046721,0.9990223882637479
-4.5600000000000005,-0.08708711943396626,-0.2183935838905362,-0.970940284275706,0.014529857862147,0.11755841511335818,0.9990019817223824
-4.549999999999999,-0.08689940849119082,-0.2209064186758285,-0.9703670613100985,0.014816469344950733,0.11869198899704572,0.9989811743390843
-4.539999999999999,-0.08667104280005493,-0.22341352490648297,-0.9697914922616354,0.015104253869182294,0.1198180628820094,0.9989599647804902
-4.529999999999999,-0.08640043087126206,-0.2259137784460107,-0.9692139915302993,0.01539300423485035,0.120936005542697,0.998938352014071
-4.52,-0.08608597045885771,-0.22840600596499525,-0.9686349916764045,0.015682504161797728,0.12204517388115431,0.9989163353207681
-4.51,-0.08572605115411905,-0.23088898405182462,-0.9680549432949668,0.015972528352516613,0.12314491341805632,0.9988939143076124
-4.5,-0.08531905711246787,-0.23336143836408707,-0.9674743148313099,0.016262842584345072,0.12423455882112287,0.9988710889200011
-4.49,-0.08486336991211865,-0.2358220428250393,-0.9668935923361288,0.016553203831935592,0.12531343447034696,0.998847859453921
-4.48,-0.08435737154317932,-0.23826941886848435,-0.9663132791581851,0.01684336042090745,0.1263808550588253,0.9988242265679401
-4.470000000000001,-0.083799447525705,-0.24070213473502708,-0.9657338955732497,0.017133052213375133,0.12743612622762485,0.9988001912948841
-4.459999999999999,-0.08318799015434157,-0.24311870482465858,-0.9651559783477289,0.017422010826135537,0.1284785452337649,0.998775755053105
-4.449999999999999,-0.0825214018669282,-0.2455175891108945,-0.9645800802356808,0.01770995988215962,0.12950740165035848,0.9987509196573394
-4.4399999999999995,-0.08179809873413928,-0.24789719262170057,-0.9640067694083239,0.01799661529583807,0.13052197809779062,0.9987256873292655
-4.43,-0.08101651406693151,-0.25025586499198493,-0.9634366288156103,0.01828168559219484,0.13152155100443036,0.9987000607079345
-4.42,-0.08017510213722248,-0.25259190008611976,-0.9628702554803061,0.018564872259846932,0.13250539139203957,0.9986740428591004
-4.41,-0.07927234200863756,-0.25490353570338226,-0.9623082597230976,0.018845870138451182,0.13347276568800456,0.9986476372840005
-4.4,-0.0783067414714376,-0.2571889533701524,-0.9617512643198871,0.019124367840056444,0.1344229365617239,0.9986208479279863
-4.390000000000001,-0.07727684107672056,-0.25944627822285243,-0.9611999035915868,0.0194000482042066,0.1353551637826264,0.9985936791883685
-4.379999999999999,-0.07618121826526841,-0.26167357898468274,-0.960654822428029,0.01967258878598549,0.13626870509679898,0.998566135921533
-4.369999999999999,-0.07501849158453869,-0.26386886804260384,-0.960116675246893,0.01994166237655348,0.13716281712047965,0.9985382234490838
-4.359999999999999,-0.07378732498705962,-0.26603010163188406,-0.9595861248889441,0.020206937555527937,0.13803675624903,0.998509947563066
-4.35,-0.07248643220331805,-0.268155180135519,-0.959063841451473,0.020468079274263473,0.1388897795799594,0.9984813145305901
-4.34,-0.07111458118207475,-0.270241948505843,-0.9585505010624132,0.02072474946879338,0.1397211458485585,0.9984523310984555
-4.33,-0.06967059859176544,-0.27228819680596494,-0.9580467845989058,0.0209766077005471,0.14053011637010301,0.9984230044967318
-4.32,-0.06815337437550331,-0.2742916608698285,-0.9575533763526012,0.02122331182369941,0.1413159559829467,0.9983933424386217
-4.3100000000000005,-0.06656186634844263,-0.27625002311826785,-0.9570709626429459,0.021464518678527056,0.1420779340051011,0.9983633531229632
-4.299999999999999,-0.06489510483088987,-0.27816091350800914,-0.9566002303845732,0.0216998848077134,0.142815325188355,0.9983330452341247
-4.289999999999999,-0.06315219730922644,-0.2800219106292534,-0.9561418656119044,0.021929067194047802,0.14352741067252714,0.9983024279411796
-4.279999999999999,-0.061332333115448834,-0.2818305429553571,-0.9556965519651751,0.022151724017412444,0.14421347893651942,0.9982715108957184
-4.27,-0.05943478811480496,-0.2835842902530432,-0.9552649691417356,0.02236751542913218,0.14487282674519575,0.9982403042283632
-4.26,-0.0574589293909753,-0.28528058516161875,-0.9548477913171223,0.022576104341438863,0.1455047600913048,0.9982088185445466
-4.25,-0.05540421991841826,-0.28691681494924137,-0.9544456855410508,0.0227771572294746,0.14610859513165683,0.9981770649205041
-4.24,-0.053270223217580626,-0.28849032343511666,-0.9540593101148513,0.022970344942574328,0.1466836591080863,0.9981450548964189
-4.23,-0.05105660797775313,-0.2899984130964396,-0.9536893129530942,0.023155343523452887,0.1472292912574186,0.9981128004677587
-4.220000000000001,-0.048763152633723605,-0.2914383473739112,-0.9533363299353841,0.023331835032307957,0.1477448437127472,0.9980803140777218
-4.209999999999999,-0.04638974989027289,-0.29280735316617207,-0.9530009832544292,0.023499508372785416,0.14822968238772347,0.9980476086074102
-4.199999999999999,-0.04393641118364555,-0.294102623522494,-0.9526838797659569,0.02365806011702154,0.14868318784458467,0.9980146973649379
-4.1899999999999995,-0.04140327106735908,-0.2953213205390831,-0.9523856093455525,0.02380719532722375,0.14910475614482013,0.9979815940730191
-4.18,-0.038790591508632344,-0.2964605784667772,-0.9521067432577033,0.02394662837114836,0.14949379968283447,0.9979483128555486
-4.17,-0.03609876608186735,-0.2975175070378079,-0.9518478325429053,0.02407608372854736,0.14984974800331285,0.9979148682243651
-4.16,-0.03332832405543662,-0.29848919500335475,-0.9516094064297742,0.024195296785112896,0.1501720485960145,0.9978812750641842
-4.15,-0.03047993435788371,-0.29937271388736825,-0.9513919707761955,0.024304014611902236,0.15046016766801518,0.9978475486145979
-4.140000000000001,-0.02755440939990611,-0.3001651219775286,-0.951196006544759,0.0244019967276205,0.15071359090105496,0.9978137044538221
-4.129999999999999,-0.024552708750507135,-0.30086346853791746,-0.9510219683188706,0.024489015840564676,0.1509318241853368,0.9977797584801732
-4.119999999999999,-0.021475942653935265,-0.30146479825066524,-0.950870282864785,0.024564858567607484,0.15111439433190127,0.9977457268926516
-4.109999999999999,-0.018325375372700292,-0.3019661558886414,-0.9507413477441572,0.024629326127921403,0.15126084976350757,0.9977116261701525
-4.1,-0.01510242833974712,-0.30236459122372883,-0.9506355299817728,0.024682235009113596,0.1513707611856149,0.9976774730499711
-4.09,-0.01180868310423977,-0.30265716417399663,-0.9505531647936535,0.02472341760317326,0.15144372223907293,0.9976432845069085
-4.08,-0.008445884075286736,-0.30284095017360624,-0.9504945543812038,0.02475272280939811,0.15147935012722513,0.9976090777294425
-4.07,-0.005015941031957627,-0.30291304578097533,-0.9504599667936675,0.024770016603166245,0.15147728622531442,0.9975748700955547
-4.0600000000000005,-0.0015209313863707719,-0.3028705745219023,-0.9504496348639616,0.024775182568019194,0.1514371966720109,0.9975406791487489
-4.049999999999999,0.0020368978057957454,-0.3027106929594131,-0.9504637552219977,0.024768122389001168,0.15135877294085015,0.9975065225728306
-4.039999999999999,0.005655128101563489,-0.3024305969891891,-0.9505024873890165,0.024748756305491726,0.15124173239311497,0.997472418165931
-4.029999999999999,0.009331168212504681,-0.3020275283578171,-0.9505659529556948,0.024717023522152604,0.15108581881346614,0.9974383838136119
-4.02,0.013062252852371503,-0.3014987814019943,-0.9506542348470627,0.024672882576468658,0.15089080293085033,0.9974044374621165
-4.01,0.016845441897786695,-0.30084171000044513,-0.9507673766778209,0.024616311661089574,0.15065648292450248,0.997370597091948
-4.0,0.020677619858209595,-0.30005373472221847,-0.9509053822001889,0.02454730889990553,0.15038268491065723,0.9973368806882855
-3.99,0.024555495708817043,-0.2991323501829331,-0.9510682148454775,0.024465892577261228,0.15006926342148702,0.9973033062137285
-3.9800000000000004,0.0284756030743486,-0.2980751325846464,-0.9512557973622002,0.024372101318899886,0.14971610186934003,0.9972698915795051
-3.9700000000000006,0.03243430077943643,-0.29687974743524975,-0.9514680115522762,0.024265994223861886,0.14932311300018883,0.9972366546169024
-3.959999999999999,0.03642777378058892,-0.29554395743482226,-0.9517046981062447,0.024147650946877652,0.14889023933660475,0.99720361304818
-3.9499999999999993,0.04045203450241086,-0.2940656305169673,-0.9519656565381667,0.024017171730916664,0.14841745361203798,0.9971707844571402
-3.9399999999999995,0.044502924599400584,-0.29244274803307096,-0.9522506452212172,0.02387467738939142,0.14790475919914997,0.9971381862606901
-3.9299999999999997,0.04857611712306176,-0.2906734130615995,-0.9525593815249306,0.02372030923753471,0.1473521905297243,0.9971058356798395
-3.92,0.05266711912869865,-0.28875585882813476,-0.95289154205303,0.023554228973485025,0.14675981350908893,0.9970737497101664
-3.91,0.05677127475115651,-0.28668845721955577,-0.9532467629821926,0.023376618508903713,0.14612772592821013,0.9970419450934994
-3.9000000000000004,0.0608837687408042,-0.2844697273694099,-0.9536246405013089,0.023187679749345547,0.1454560578711919,0.997010438288868
-3.8900000000000006,0.06499963046690266,-0.28209834430269576,-0.9540247313505856,0.022987634324707185,0.14474497212265802,0.9969792454448153
-3.879999999999999,0.06911373840563584,-0.27957314761440566,-0.9544465534591988,0.02277672327040059,0.14399466457427243,0.9969483823717115
-3.869999999999999,0.07322082513509426,-0.2768931501551909,-0.9548895866802366,0.0225552066598817,0.1432053646309463,0.9969178645137634
-3.8599999999999994,0.07731548285916934,-0.2740575466976877,-0.9553532736218027,0.022323363189098666,0.14237733561885982,0.9968877069216958
-3.8499999999999996,0.08139216942080807,-0.27106572257438893,-0.955837020572442,0.02208148971377899,0.1415108751985171,0.9968579242272211
-3.84,0.0854452148208168,-0.2679172622547186,-0.9563401985183528,0.021829900740823582,0.1406063157808347,0.9968285306169571
-3.83,0.0894688283130819,-0.26461195781919744,-0.9568621442509766,0.0215689278745117,0.13966402494972038,0.9967995398078799
-3.8200000000000003,0.09345710602055701,-0.261149817307192,-0.9574021615623876,0.021298919218806223,0.1386844058873576,0.9967709650213781
-3.8100000000000005,0.09740403908598877,-0.25753107292507127,-0.9579595225254286,0.0210202387372857,0.13766789781227431,0.9967428189605132
-3.799999999999999,0.10130352235907264,-0.2537561890786785,-0.9585334688559861,0.020733265572006943,0.13661497642836337,0.9967151137888794
-3.789999999999999,0.10514936363403382,-0.24982587018491237,-0.9591232133547735,0.02043839332261327,0.13552615438199647,0.9966878611091224
-3.7799999999999994,0.10893529345170849,-0.24574106821719532,-0.9597279414257384,0.02013602928713082,0.13440198172640358,0.9966610719403179
-3.7699999999999996,0.11265497546208736,-0.2415029899558917,-0.9603468126674569,0.01982659366627154,0.13324304639830087,0.9966347566960239
-3.76,0.11630201723784606,-0.23711310400224994,-0.9609789625314542,0.019510518734272897,0.13204997472848493,0.9966089251713554
-3.75,0.11986998170685348,-0.23257314736212217,-0.9616235040487768,0.019188247975611583,0.13082343194963658,0.996583586523164
-3.74,0.12335239908811946,-0.22788513165784713,-0.9622795296176454,0.0188602351911773,0.12956412272646026,0.996558749252981
-3.7300000000000004,0.12674277933824118,-0.22305134892503506,-0.9629461128485225,0.018526943575738752,0.12827279170936817,0.9965344211926346
-3.7200000000000006,0.13003462510255093,-0.21807437695129395,-0.9636223104629065,0.018188844768546764,0.12695022411190932,0.9965106094920044
-3.709999999999999,0.1332214451612786,-0.21295708410306696,-0.9643071642422166,0.017846417878891685,0.12559724630793095,0.9964873206064419
-3.6999999999999993,0.13629676835897558,-0.20770263359515745,-0.9649997030220399,0.017500148488980072,0.12421472644926657,0.9964645602830486
-3.6899999999999995,0.13925415796971685,-0.20231448723209877,-0.9656989447255022,0.01715052763724889,0.12280357512695009,0.996442333554627
-3.6799999999999997,0.14208722651094507,-0.19679640850492902,-0.9664038984340679,0.016798050782966034,0.12136474605297404,0.9964206447312178
-3.67,0.1447896509648744,-0.19115246503340408,-0.9671135664896306,0.016443216755184675,0.11989923677288039,0.9963994973920702
-3.66,0.14735518838267553,-0.1853870303353061,-0.9678269466224723,0.01608652668876387,0.11840808941942849,0.9963788943812566
-3.6500000000000004,0.149777691843399,-0.17950478488250607,-0.968543034100779,0.01572848294961049,0.11689239150779979,0.9963588378063366
-3.6400000000000006,0.15205112673565085,-0.17351071638287208,-0.9692608238976509,0.015369588051174554,0.11535327676455319,0.9963393290360626
-3.629999999999999,0.15416958732943742,-0.1674101192430461,-0.9699793128698138,0.01501034356509312,0.11379192599026956,0.9963203686955798
-3.619999999999999,0.15612731359669968,-0.16120859327810327,-0.9706975019404988,0.014651249029750624,0.11220956799402973,0.996301956673353
-3.6099999999999994,0.15791870824555598,-0.15491204151407667,-0.9714143982856548,0.014292800857172605,0.11060748055624904,0.996284092122666
-3.5999999999999996,0.15953835392026106,-0.14852666710983756,-0.9721290175154483,0.013935491242275833,0.10898699144203286,0.9962667734647652
-3.59,0.1609810305292777,-0.14205896938274512,-0.9728403858456234,0.01357980707718831,0.1073494794728367,0.9962499983962948
-3.58,0.16224173265057917,-0.13551573889912036,-0.9735475422542443,0.013226228872877832,0.10569637565077215,0.9962337638988734
-3.5700000000000003,0.16331568695461418,-0.128904051577626,-0.9742495406189353,0.012875229690532342,0.10402916432254082,0.9962180662459356
-3.5600000000000005,0.1641983696064503,-0.12223126182648641,-0.9749454518271417,0.012527274086429174,0.10234938440106948,0.9962029010134135
-3.549999999999999,0.16488552359369613,-0.1155049947036535,-0.9756343658552069,0.012182817072396546,0.10065863064369884,0.9961882630958618
-3.539999999999999,0.16537317590329065,-0.10873313702573521,-0.9763153938115877,0.011842303094206141,0.09895855495584759,0.996174146717969
-3.5299999999999994,0.16565765450963088,-0.1019238274723537,-0.9769876699370655,0.01150616503146723,0.09725086773937593,0.9961605454510347
-3.5199999999999996,0.16573560510946778,-0.09508544566124663,-0.9776503535573806,0.011174823221309693,0.09553733926795235,0.9961474522320833
-3.51,0.16560400752269783,-0.08822660016516541,-0.978302630983491,0.010848684508254491,0.09381980106070589,0.9961348593807479
-3.5,0.16526019171626655,-0.08135611549856842,-0.9789437173525718,0.010528141323714102,0.0921001472516651,0.9961227586192304
-3.49,0.16470185338828364,-0.07448301808131037,-0.9795728584053756,0.010213570797312221,0.0903803359310482,0.9961111410964715
-3.4800000000000004,0.16392706901878745,-0.06761652114969958,-0.9801893321950995,0.009905333902450242,0.08866239040523055,0.9960999974091724
-3.4700000000000006,0.16293431035115774,-0.060766008664141224,-0.9807924507215775,0.009603774639211249,0.08694840035701905,0.9960893176271975
-3.459999999999999,0.16172245822312886,-0.05394101821354459,-0.9813815614865343,0.009309219256732837,0.0852405228451316,0.9960790913202595
-3.4499999999999993,0.16029081566078018,-0.047151222921965524,-0.9819560489650263,0.009021975517486847,0.08354098306854413,0.9960693075821784
-3.4399999999999995,0.15863912021365983,-0.04040641241938229,-0.9825153359872287,0.008742332006385634,0.08185207484659328,0.9960599550613739
-3.4299999999999997,0.15676755541699922,-0.03371647286940599,-0.983058885027366,0.008470557486316976,0.08017616069346192,0.9960510219890463
-3.42,0.15467676133947622,-0.027091366107524342,-0.9835861993943381,0.008206900302830944,0.07851567139119617,0.9960424962093937
-3.41,0.1523678441457097,-0.020541107925308416,-0.9840968243201318,0.007951587839934104,0.07687310492690283,0.9960343652110497
-3.4000000000000004,0.14984238459978,-0.014075745540197967,-0.9845903479419134,0.007704826029043321,0.07525102463598218,0.996026616158142
-3.3900000000000006,0.14710244546513856,-0.00770533430794311,-0.9850664021737741,0.007466798913112971,0.07365205638443036,0.9960192359237872
-3.379999999999999,0.14415057771917733,-0.0014399137226889167,-0.9855246634647783,0.007237668267610853,0.07207888457846266,0.9960122111227683
-3.369999999999999,0.14098982554233513,0.004710517230646465,-0.9859648534397116,0.007017573280144185,0.07053424678664669,0.9960055281460191
-3.3599999999999994,0.13762373000945088,0.01073602531253227,-0.9863867394196518,0.006806630290174087,0.06902092672013606,0.995999173194515
-3.3499999999999996,0.13405633144220397,0.016626768783722268,-0.9867901348193513,0.006604932590324353,0.06754174531341599,0.9959931323140351
-3.34,0.130292170371,0.022373023606845354,-0.987174899419091,0.006412550290454511,0.06609954963027007,0.995987391430429
-3.33,0.12633628705619965,0.027965210019555615,-0.9875409395087846,0.006229530245607684,0.06469719931841009,0.9959819363846302
-3.3200000000000003,0.12219421953488263,0.03339391939764985,-0.9878882079025011,0.006055896048749454,0.06333755035615884,0.9959767529683065
-3.3100000000000005,0.11787200014345728,0.03864994132352229,-0.9882167038219323,0.005891648089033863,0.062023435857204226,0.9959718269583812
-3.299999999999999,0.11337615050813532,0.04372429077445961,-0.9885264726476597,0.0057367636761701535,0.06075764377379369,0.9959671441533586
-3.289999999999999,0.10871367494150841,0.04860823533329536,-0.9888176055375397,0.005591197231230138,0.059542891392476434,0.9959626904068739
-3.2799999999999994,0.10389205224708337,0.05329332233151857,-0.9890902389117784,0.005454880544110807,0.05838179666052132,0.9959584516614137
-3.2699999999999996,0.0989192259524288,0.05777140583908264,-0.9893445538048641,0.00532772309756796,0.05727684653429267,0.9959544139864019
-3.26,0.09380359289070012,0.062034673379574856,-0.9895807750847927,0.005209612457603652,0.056230362662254674,0.9959505636114344
-3.25,0.08855399008609843,0.06607567225909881,-0.9897991705403976,0.005100414729801217,0.05524446493690717,0.9959468869508653
-3.24,0.08317968017675315,0.06988733547179572,-0.9900000498380389,0.0049999750809805454,0.05432103380287938,0.9959433706456275
-3.2300000000000004,0.077690335116678,0.07346300700062534,-0.9901837633497363,0.004908118325131827,0.053461672177635026,0.9959400015912416
-3.2200000000000006,0.07209601830098639,0.07679646643955265,-0.9903507008544838,0.004824649572758077,0.05266766824261707,0.9959367669663696
-3.209999999999999,0.06640716515491296,0.07988195285383777,-0.9905012901158028,0.004749354942098605,0.051939960472777234,0.9959336542645421
-3.1999999999999993,0.06063456217751423,0.08271418774733011,-0.9906359953382091,0.004682002330895441,0.051279106332792625,0.9959306513231148
-3.1899999999999995,0.05478932443810092,0.08528839700376264,-0.9907553155061073,0.004622342246946354,0.050685256080676235,0.9959277463448145
-3.1799999999999997,0.04888287170393907,0.08760033179467829,-0.9908597826095369,0.004570108695231556,0.05015813313053401,0.9959249279285965
-3.17,0.04292690311601183,0.08964628825606492,-0.9909499597604959,0.004525020119752032,0.04969702206677214,0.9959221850920631
-3.16,0.03693337053103357,0.09142312587041543,-0.9910264392048579,0.004486780397571055,0.04930076521389005,0.9959195072925122
-3.1500000000000004,0.030914450615710964,0.09292828449269669,-0.9910898402353895,0.004455079882305257,0.048967768265530544,0.9959168844504227
-3.1400000000000006,0.024882515736315447,0.09415979988583392,-0.9911408070108488,0.004429596494575583,0.048696014990726594,0.9959143069692417
-3.129999999999999,0.018850103697959142,0.09511631764139651,-0.9911800062872946,0.004409996856352683,0.04848309058600444,0.9959117657477314
-3.119999999999999,0.012829886523975875,0.09579710554481098,-0.9912081250687195,0.004395937465640265,0.04832621291540894,0.9959092522018399
-3.1099999999999994,0.006834638253273906,0.09620206414372738,-0.9912258681824861,0.004387065908756926,0.04822227033634706,0.9959067582759393
-3.0999999999999996,0.0008772019209696835,0.09633173553633605,-0.9912339557874235,0.00438302210628827,0.04816786468864056,0.9959042764546382
-3.09,-0.005029544180003898,0.09618731031802308,-0.9912331208218269,0.004383439589086546,0.04815935781567867,0.9959017997749843
-3.08,-0.010872720862476704,0.09577063256785043,-0.9912241063985106,0.004387946800744724,0.04819291991931893,0.995899321832747
-3.0700000000000003,-0.016639482903168135,0.09508420286933689,-0.9912076631554868,0.004396168422256597,0.04826457817743267,0.9958968367882002
-3.0600000000000005,-0.022317054269611336,0.09413117933691659,-0.9911845465700968,0.004407726714951599,0.0483702641987604,0.9958943393724055
-3.049999999999999,-0.027892763609351057,0.09291537654101233,-0.9911555142447595,0.004422242877620275,0.048505859077861,0.995891824887281
-3.039999999999999,-0.03335407985834643,0.09144126237869576,-0.9911213231733151,0.004439338413342431,0.048667235150063826,0.9958892892071033
-3.0299999999999994,-0.038688647842652746,0.08971395281900335,-0.9910827269962056,0.004458636501897206,0.04885029376140731,0.995886728776189
-3.0199999999999996,-0.04388432373930595,0.08773920451027234,-0.9910404732535583,0.004479763373220869,0.04905099865994474,0.9958841406031067
-3.01,-0.048929210262224965,0.08552340530538519,-0.990995300645193,0.004502349677403483,0.04926540487988049,0.9958815222569252
-3.0,-0.0538116914335815,0.08307356262564691,-0.9909479363060825,0.004526031846958767,0.04948968312249601,0.9958788718571873
-2.99,-0.05852046681096773,0.08039728974892134,-0.9908990931066557,0.004550453446672154,0.04972013986993999,0.9958761880647304
-2.9800000000000004,-0.06304458502745319,0.0775027900100325,-0.9908494669865843,0.004575266506707865,0.04995323353053076,0.9958734700694768
-2.969999999999999,-0.0673734765056977,0.07439883893855756,-0.9907997343310613,0.0046001328344693615,0.050185587004311374,0.9958707175745107
-2.959999999999999,-0.07149698523048986,0.07109476443248776,-0.9907505493985196,0.004624725300740207,0.050413997130657605,0.9958679307821033
-2.9499999999999993,-0.0754053994226494,0.06760042494823687,-0.9907025418081287,0.004648729095935666,0.05063544143006828,0.9958651103740699
-2.9399999999999995,-0.07908948101065538,0.06392618582683536,-0.9906563140958641,0.004671842952067962,0.05084708261272691,0.9958622574929251
-2.9299999999999997,-0.08254049375812506,0.060082893795409154,-0.9906124393472684,0.004693780326365804,0.05104627125624725,0.9958593737201107
-2.92,-0.08575022992534359,0.0560818497225682,-0.9905714589150423,0.00471427054247886,0.05123054704117948,0.995856461051305
-2.91,-0.08871103537514108,0.05193477975176776,-0.9905338802293397,0.0047330598853301264,0.05139763891754697,0.9958535218732653
-2.9000000000000004,-0.0914158329753596,0.047653804858643845,-0.9905001747080578,0.004749912645971077,0.0515454644854534,0.9958505589358163
-2.8900000000000006,-0.09385814423230038,0.0432514089794184,-0.9904707757744154,0.004764612112792277,0.05167212889323464,0.9958475753249634
-2.879999999999999,-0.09603210902774018,0.038740405793503324,-0.9904460769885155,0.00477696150574225,0.05177592347163178,0.9958445744328286
-2.869999999999999,-0.09793250338333781,0.034133904289346734,-0.9904264302992991,0.004786784850350445,0.05185532431911345,0.9958415599262637
-2.8599999999999994,-0.09955475518648521,0.029445273249629485,-0.9904121444228409,0.004793927788579566,0.051908991025125764,0.9958385357161254
-2.8499999999999996,-0.10089495777100316,0.024688104762545963,-0.9904034833523835,0.004798258323808258,0.051935765663892346,0.9958355059229982
-2.84,-0.10194988132973248,0.019876176918343775,-0.9904006650051398,0.004799667497430105,0.051934672214320944,0.995832474844368
-2.83,-0.10271698206006996,0.015023415812033786,-0.9904038600103429,0.004798069994828569,0.051904916496874356,0.9958294469182847
-2.8200000000000003,-0.10319440903612109,0.010143857010997662,-0.9904131906425064,0.004793404678746782,0.05184588674951427,0.9958264266879262
-2.8100000000000005,-0.10338100875688949,0.00525160662915106,-0.9904287299032626,0.004785635048368708,0.051757154925139104,0.9958234187653799
-2.799999999999999,-0.1032763273373597,0.00036080215489076375,-0.9904505007545983,0.004774749622700858,0.051638478788807396,0.9958204277938483
-2.789999999999999,-0.10288061035507523,-0.004514426811096463,-0.9904784755057481,0.00476076224712596,0.05148980490462544,0.9958174584112575
-2.7799999999999994,-0.10219480030052785,-0.009359997759673017,-0.9905125753553836,0.004743712322308191,0.05131127255907285,0.9958145152103781
-2.7699999999999996,-0.1012205316997839,-0.014161914263283884,-0.9905526700902405,0.004723664954879747,0.051103218717580695,0.9958116027020836
-2.76,-0.09996012387390885,-0.018906304602154828,-0.9905985779404909,0.004700711029754556,0.05086618404843404,0.9958087252762549
-2.75,-0.0984165713917367,-0.023579459876641173,-0.9906500655917787,0.004674967204110647,0.05060092008199786,0.9958058871635448
-2.74,-0.0965935322489137,-0.028167871457856708,-0.9907068483531389,0.004646575823430532,0.05030839754650378,0.9958030923975872
-2.7300000000000004,-0.09449531379994491,-0.03265826762559999,-0.990768590479365,0.004615704760317474,0.049989815898979294,0.9958003447754591
-2.719999999999999,-0.09212685654819741,-0.03703764926549472,-0.9908349056459547,0.004582547177022667,0.04964661408536826,0.9957976478215812
-2.709999999999999,-0.08949371580387544,-0.04129332446890294,-0.9909053575739262,0.0045473212130369145,0.04928048248058993,0.9957950047488636
-2.6999999999999993,-0.08660204133391042,-0.045412941922687404,-0.9909794608013758,0.004510269599312111,0.048893375975876605,0.9957924184223633
-2.6899999999999995,-0.08345855508669414,-0.049384522964985696,-0.9910566815981037,0.004471659200948164,0.04848752810166229,0.9957898913254156
-2.6799999999999997,-0.08007052701622136,-0.0531964921418568,-0.9911364390187554,0.004431780490622317,0.048065465962721265,0.9957874255199415
-2.67,-0.07644574921772795,-0.05683770622182902,-0.9912181060901581,0.004390946954920927,0.04763002577686342,0.9957850226143083
-2.66,-0.07259250841483794,-0.060297481520178275,-0.9913010111270435,0.004349494436478252,0.04718436858652068,0.9957826837303073
-2.6500000000000004,-0.06851955691189981,-0.06356561942977876,-0.9913844391704109,0.004307780414794571,0.0467319956049775,0.9957804094689374
-2.6400000000000006,-0.06423608217634197,-0.06663243010967781,-0.9914676335424064,0.004266183228796794,0.0462767625155619,0.99577819988081
-2.629999999999999,-0.0597516751346025,-0.0694887542031898,-0.9915497975106924,0.004225101244653806,0.04582289177393326,0.9957760544347296
-2.619999999999999,-0.05507629733827146,-0.0721259825433123,-0.991630096055395,0.004184951972302509,0.04537498178052494,0.9957739719882036
-2.6099999999999994,-0.05022024714845025,-0.07453607380104565,-0.9917076577311157,0.004146171134442156,0.04493801153068065,0.9957719507617505
-2.5999999999999996,-0.045194125044875855,-0.0767115699770581,-0.9917815766157703,0.004109211692114867,0.04451733905714984,0.9957699883112465
-2.59,-0.04000879823624198,-0.07864560975155097,-0.991850914338511,0.0040745428307444875,0.04411869181396239,0.9957680815047457
-2.58,-0.03467536469468757,-0.08033193961524147,-0.9919147021778009,0.004042648911099567,0.04374814692948831,0.9957662264987359
-2.5700000000000003,-0.029205116769848882,-0.0817649227827822,-0.991971943221293,0.004014028389353497,0.04341209924437784,0.9957644187163162
-2.5600000000000005,-0.023609504534348735,-0.0829395458965126,-0.9920216145785112,0.0039891927107443825,0.04311721517525556,0.9957626528288925
-2.549999999999999,-0.017900098993714864,-0.08385142347599849,-0.9920626696369484,0.003968665181525777,0.04287037077905911,0.9957609227370419
-2.539999999999999,-0.012088555317151861,-0.08449680017484225,-0.9920940403528133,0.003952979823593328,0.04267857310595992,0.9957592215555991
-2.5299999999999994,-0.006186576226898388,-0.08487255081791789,-0.9921146395665207,0.003942680216739658,0.04254886487249478,0.9957575415983344
-2.5199999999999996,-0.00020587568957636249,-0.084976178278012,-0.9921233633341318,0.003938318332934121,0.04248821383494498,0.9957558743652812
-2.51,0.0058418569534389175,-0.08480580923670633,-0.9921190932650401,0.003940453367479946,0.042503389785277915,0.9957542105329018
-2.5,0.011944992281805955,-0.08436018784537877,-0.9921006988563909,0.003949650571804575,0.04260083371813278,0.9957525399441666
-2.49,0.01809199539295675,-0.08363866738703246,-0.9920670398153246,0.0039664800923376875,0.042786525272500854,0.995750851602708
-2.4800000000000004,0.02427145966641031,-0.08264119995835756,-0.9920169683591241,0.003991515820437941,0.043065855630927095,0.9957491336663683
-2.469999999999999,0.030472139584479696,-0.08136832428092648,-0.9919493314849419,0.004025334257529045,0.04344351357550982,0.99574737344397
-2.459999999999999,0.036682982495671645,-0.07982115171563614,-0.9918629731996143,0.004068513400192875,0.043923392019481935,0.9957455573942406
-2.4499999999999993,0.04289315920680575,-0.0780013505474355,-0.9917567367008429,0.004121631649578572,0.044508521077329395,0.9957436711249885
-2.4399999999999995,0.04909209331917885,-0.07591112866877002,-0.9916294665015708,0.0041852667492146,0.045201031742166914,0.9957416993961915
-2.4299999999999997,0.05526948919470809,-0.07355321472037686,-0.9914800104885299,0.004259994755735075,0.046002151665834656,0.9957396261221511
-2.42,0.061415358485555405,-0.07093083782730941,-0.9913072219078645,0.004346389046067767,0.04691223191448407,0.9957374343768951
-2.41,0.06752004514666882,-0.06804770603124045,-0.9911099612695133,0.00444501936524333,0.04793080114269506,0.9957351064014859
-2.4000000000000004,0.07357424884851538,-0.06490798351426579,-0.99088709816308,0.00455645091846002,0.049056641796782895,0.9957326236111583
-2.3900000000000006,0.07956904675414672,-0.06151626676000115,-0.9906375129786389,0.004681243510680555,0.050287881933551375,0.9957299666063858
-2.379999999999999,0.08549591357680153,-0.05787755973855001,-0.9903600985250863,0.004819950737456835,0.05162209594645819,0.9957271151827894
-2.369999999999999,0.09134673989074305,-0.053997248253822974,-0.9900537615407381,0.004973119229630951,0.05305640797220458,0.995724048343022
-2.3599999999999994,0.09711384867068923,-0.049881073583457246,-0.9897174240899844,0.0051412879550077895,0.05458759269621579,0.9957207443117704
-2.3499999999999996,0.10279000999433052,-0.04553510550404321,-0.9893500248405795,0.0053249875797102275,0.05621216947400917,0.9957171805487511
-2.34,0.10836845392975708,-0.04096571485391515,-0.9889505202174065,0.005524739891296759,0.057926487034469315,0.9957133337657466
-2.33,0.11384288156727873,-0.036179545736840166,-0.9885178854276455,0.005741057286177242,0.05972679719620323,0.9957091799434257
-2.3200000000000003,0.11920747417401784,-0.03118348748056482,-0.9880511153541831,0.0059744423229084465,0.061609317051886874,0.9957046943461927
-2.3100000000000005,0.12445690054027264,-0.02598464649976774,-0.9875492253139614,0.006225387343019306,0.06357027989911876,0.9956998515436338
-2.299999999999999,0.12958632244245916,-0.020590318139919316,-0.987011251678372,0.006494374160813998,0.06560597565249694,0.9956946254273801
-2.289999999999999,0.13459139828993588,-0.015007958640178076,-0.9864362523539678,0.0067818738230160935,0.0677127818734865,0.9956889892302346
-2.2799999999999994,0.13946828498338892,-0.00924515731934198,-0.9858233071220797,0.007088346438960169,0.06988718668337417,0.9956829155485101
-2.2699999999999996,0.14421363796029335,-0.0033096090836270556,-0.9851715178360883,0.007414241081955875,0.0721258048239827,0.9956763763600555
-2.26,0.1488246094923547,0.0027909126357193274,-0.9844800084771461,0.007759995761426941,0.07442538811435936,0.995669343042686
-2.25,0.1532988453169546,0.009048582413849867,-0.9837479250678696,0.008126037466065217,0.07678283144559694,0.9956617863986498
-2.24,0.15763447954978055,0.015455548752537625,-0.9829744354463359,0.008512782276832054,0.07919517524788403,0.9956536766723734
-2.2300000000000004,0.16183012800069135,0.022003959292982243,-0.9821587289018616,0.008920635549069189,0.08165960530349042,0.9956449835716584
-2.219999999999999,0.16588487990510614,0.028685985241784666,-0.9813000156757825,0.009349992162108745,0.08417345058036912,0.9956356762871218
-2.209999999999999,0.16979828814101183,0.035493844935723634,-0.9803975263308158,0.009801236834592109,0.0867341796582225,0.9956257235123659
-2.1999999999999993,0.1735703579735271,0.042419826472968714,-0.9794505109938855,0.010274744503057265,0.08933939618815308,0.9956150934629499
-2.1899999999999995,0.17720153439257064,0.04945630934856536,-0.9784582384778934,0.010770880761053314,0.09198683373921289,0.9956037538954563
-2.1799999999999997,0.1806926880937182,0.05659578503319706,-0.97741999528926,0.011290002355369977,0.09467435029359535,0.9955916721253321
-2.17,0.18404510016804276,0.06383087644574573,-0.9763350845287696,0.011832457735615198,0.09739992259198278,0.9955788150445432
-2.16,0.18726044555459365,0.07115435627103843,-0.9752028246948479,0.012398587652576065,0.10016164046885764,0.9955651491381471
-2.1500000000000004,0.19034077531766563,0.07855916408419658,-0.9740225483992364,0.012988725800381795,0.10295770127841067,0.995550640500161
-2.1400000000000006,0.19328849780821733,0.0860384222481955,-0.9727936010066359,0.013603199496682039,0.10578640447609043,0.9955352548490556
-2.129999999999999,0.1961063587582948,0.09358545054934271,-0.9715153392113858,0.014242330394307112,0.1086461463881261,0.9955189575407263
-2.119999999999999,0.198797420382046,0.10119377956112069,-0.9701871295649447,0.014906435217527658,0.11153541519672194,0.9955017135825972
-2.1099999999999994,0.20136503951980317,0.10885716270480973,-0.9688083469710744,0.015595826514462785,0.11445278613139273,0.995483487644963
-2.0999999999999996,0.20381284489181456,0.11656958700675366,-0.9673783731656793,0.01631081341716034,0.11739691686520133,0.9954642440723305
-2.09,0.20614471350778057,0.12432528254175365,-0.9658965952014101,0.017051702399294932,0.12036654309471945,0.995443946894032
-2.08,0.20836474627489449,0.13211873055196216,-0.9643624039587513,0.01781879802062436,0.1233604742744441,0.9954225598317354
-2.0700000000000003,0.21047724286866254,0.13994467026748136,-0.962775192706038,0.018612403646981024,0.12637758949064903,0.9954000463090288
-2.0600000000000005,0.21248667589163422,0.14779810441074998,-0.9611343557359469,0.019432822132026573,0.12941683342873847,0.9953763694577248
-2.049999999999999,0.2143976643754183,0.15567430341407484,-0.9594392871051564,0.02028035644742182,0.1324772124113162,0.9953514921242358
-2.039999999999999,0.21621494666376156,0.1635688083648217,-0.9576893795082397,0.021155310245880132,0.13555779047209077,0.995325376876114
-2.0299999999999994,0.217943352709228,0.171477432681068,-0.9558840233196073,0.022057988340196344,0.13865768542441956,0.9952979860055524
-2.0199999999999996,0.21958777583262679,0.17939626256860752,-0.9540226058369483,0.022988697081525844,0.1417760649040457,0.9952692815347141
-2.01,0.22115314397238411,0.18732165626450442,-0.9521045107665089,0.023947744616745537,0.1449121423436863,0.9952392252199873
-2.0,0.22264439046319362,0.19525024209976277,-0.9501291179900342,0.024935441004982906,0.14806517285028828,0.9952077785554448
-1.9900000000000002,0.22406642438178614,0.20317891542427452,-0.948095803656167,0.025952098171916516,0.15123444895940805,0.9951749027777259
-1.9800000000000004,0.2254241004947724,0.21110483441250918,-0.9460039406437141,0.026998029678142965,0.1544192962328625,0.9951405588707788
-1.9699999999999989,0.22672218884899653,0.2190254147849797,-0.943852899444009,0.028073550277995518,0.1576190686736637,0.9951047075695476
-1.959999999999999,0.2279653440480267,0.22693832350908816,-0.9416420495117885,0.02917897524410573,0.1608331439443148,0.9950673093679705
-1.9499999999999993,0.22915807425778395,0.23484147147955847,-0.9393707611395581,0.030314619430220957,0.16406091835368677,0.9950283245255549
-1.9399999999999995,0.23030470999476327,0.24273300524420377,-0.9370384079069036,0.03148079604654819,0.167301801604656,0.9949877130765784
-1.9299999999999997,0.23140937275152462,0.25061129781297087,-0.9346443697601996,0.0326778151199002,0.17055521128710466,0.9949454348421306
-1.92,0.2324759435273892,0.25847493857559656,-0.9321880367795946,0.033905981610202696,0.17382056710197463,0.9949014494439151
-1.9100000000000001,0.23350803133711556,0.26632272237988297,-0.9296688136860308,0.03516559315698459,0.17709728481456707,0.9948557163202911
-1.9000000000000004,0.23450894177682696,0.2741536378263605,-0.9270861251425587,0.03645693742872064,0.1803847699410308,0.994808194748394
-1.8900000000000006,0.235481645750588,0.28196685478802225,-0.9244394219035705,0.03778028904821473,0.18368241116425318,0.9947588438681321
-1.879999999999999,0.23642874846043638,0.28976171122234645,-0.9217281878578247,0.039135906071087634,0.18698957349881223,0.9947076227116892
-1.8699999999999992,0.23735245878098593,0.29753769931232116,-0.9189519480094621,0.04052402599526894,0.19030559122201907,0.9946544902386124
-1.8599999999999994,0.23825455916307686,0.3052944509648265,-0.9161102774360236,0.04194486128198821,0.19362976059474105,0.9945994053767653
-1.8499999999999996,0.2391363762208092,0.3130317227089278,-0.9132028112509075,0.04339859437454624,0.19696133240698507,0.9945423270684361
-1.8399999999999999,0.23999875215778288,0.32074938005840964,-0.9102292555893762,0.04488537220531191,0.2002995043960088,0.9944832143258814
-1.83,0.24084201724379817,0.32844738133601475,-0.9071893996292378,0.04640530018538108,0.20364341357907176,0.994422026292763
-1.8200000000000003,0.24166596353511866,0.33612576102422576,-0.9040831286380604,0.0479584356809698,0.2069921285674121,0.994358722314767
-1.8100000000000005,0.24246982005991635,0.34378461267570437,-0.9009104380253115,0.04954478098734427,0.21034464192871202,0.9942932620185209
-1.799999999999999,0.24325222971427513,0.3514240714138479,-0.8976714483618269,0.05116427581908656,0.21369986267546578,0.9942256054005407
-1.7899999999999991,0.24401122813338316,0.35904429605099497,-0.8943664213068403,0.05281678934657985,0.217056608965217,0.994155712925858
-1.7799999999999994,0.244744224783221,0.3666454508806891,-0.8909957763585414,0.05450211182072928,0.22041360110950708,0.9940835456363835
-1.7699999999999996,0.24544798656610997,0.3742276871613497,-0.8875601083262629,0.05621994583686857,0.22376945499078416,0.9940090652703414
-1.7599999999999998,0.2461186242332119,0.38179112432205586,-0.8840602053928154,0.05796989730359231,0.2271226759955666,0.9939322343926348
-1.75,0.24675158187999985,0.38933583093312324,-0.8804970676091708,0.059751466195414604,0.23047165357624125,0.9938530165356528
-1.7400000000000002,0.2473416298160505,0.3968618054696165,-0.8768719256382747,0.061564037180862674,0.23381465655549907,0.9937713763503353
-1.7300000000000004,0.24788286110101507,0.40436895689628594,-0.8731862595379274,0.0634068702310363,0.23714982928995307,0.9936872797690691
-1.7199999999999989,0.24836869202003817,0.4118570851050616,-0.8694418173439273,0.06527909132803633,0.24047518880696536,0.9936006941791524
-1.709999999999999,0.24879186671983772,0.4193258612494603,-0.8656406331910874,0.06717968340445629,0.24378862302132923,0.9935115886037816
-1.6999999999999993,0.24914446627258968,0.42677480798962436,-0.8617850446880366,0.06910747765598169,0.24708789013670535,0.9934199338934142
-1.6899999999999995,0.24941792234577753,0.4342032796929573,-0.8578777092403881,0.07106114537980596,0.25037061932433524,0.9933257029267594
-1.6799999999999997,0.249603035629485,0.4416104426187261,-0.8539216190015806,0.0730391904992097,0.2536343127542886,0.9932288708166118
-1.67,0.24968999913248024,0.4489952551214275,-0.8499201141214291,0.07503994293928545,0.2568763490418755,0.9931294151199616
-1.6600000000000001,0.24966842641924492,0.45635644790880076,-0.8458768939578873,0.07706155302105633,0.2600939881555319,0.9930273160545197
-1.6500000000000004,0.2495273848031108,0.4636925043902251,-0.841796025918586,0.07910198704070698,0.2632843778096028,0.9929225567216626
-1.6400000000000006,0.2492554333940275,0.47100164115251913,-0.8376819516106867,0.08115902419465665,0.2664445613278731,0.9928151233231189
-1.629999999999999,0.2488406659035714,0.4782817886034878,-0.8335394899955639,0.08323025500221803,0.2695714869552621,0.9927050053762946
-1.6199999999999992,0.24827075804195925,0.48553057182717263,-0.8293738372690114,0.08531308136549431,0.27266201856765376,0.9925921959313778
-1.6099999999999994,0.24753301922402302,0.4927452916955075,-0.8251905632256856,0.08740471838715719,0.2757129476893728,0.9924766917822179
-1.5999999999999996,0.24661444826280682,0.49992290627371977,-0.8209956039087151,0.08950219804564247,0.2787210067025497,0.9923584936637398
-1.5899999999999999,0.24550179267763808,0.5070600125766742,-0.8167952503952841,0.09160237480235794,0.28168288311601,0.9922376064383399
-1.58,0.24418161119525922,0.5141528287352675,-0.8125961336261478,0.0937019331869261,0.28459523473803544,0.992114039274999
-1.5700000000000003,0.2426403389708109,0.5211971766301028,-0.8084052052505323,0.09579739737473386,0.2874547055724869,0.9919878058218335
-1.5600000000000005,0.240864354932719,0.5281884650192739,-0.8042297145330999,0.09788514273345006,0.290257942206829,0.9918589243408373
-1.549999999999999,0.2388400507681098,0.5351216732583313,-0.8000771814244454,0.0999614092877773,0.2930016105082485,0.991727417831026
-1.5399999999999991,0.2365539009777111,0.5419913356801325,-0.7959553659762888,0.1020223170118556,0.29568241240396204,0.9915933141397004
-1.5299999999999994,0.23399253339221085,0.5487915266872093,-0.7918722343540783,0.10406388282296086,0.29829710250310126,0.9914566460455562
-1.5199999999999996,0.2311427995868628,0.555515846629022,-0.7878359217615257,0.10608203911923714,0.30084250433441573,0.9913174513114578
-1.5099999999999998,0.22799184465269595,0.5621574085577441,-0.7838546926496245,0.10807265367518776,0.3033155259892318,0.9911757727130617
-1.5,0.22452717582193527,0.5687088259602188,-0.7799368986365814,0.11003155068170928,0.3057131749727286,0.9910316580525941
-1.4900000000000002,0.2207367294636503,0.5751622015402807,-0.7760909346152745,0.11195453269236277,0.30803257206623913,0.990885160150752
-1.4800000000000004,0.21660893596362285,0.5815091170907122,-0.7723251935625379,0.11383740321873104,0.31027096399716186,0.9907363367770076
-1.4699999999999989,0.21213278223487858,0.5877406246600572,-0.7686480205599401,0.11567598972002996,0.3124257348453007,0.990585250589377
-1.459999999999999,0.20729787148579043,0.593847239048565,-0.7650676665819695,0.11746616670901527,0.3144944160267964,0.9904319690404396
-1.4499999999999993,0.20209448003391137,0.5998189317382501,-0.7615922425909382,0.11920387870453092,0.31647469477502954,0.9902765642518694
-1.4399999999999995,0.1965136110047769,0.605645126374268,-0.7582296744637823,0.12088516276810884,0.31836442106925195,0.990119112858899
-1.4299999999999997,0.1905470448430962,0.611314695940691,-0.754987659250485,0.12250617037475747,0.32016161300642226,0.9899596958422211
-1.42,0.18418738663073186,0.6168159617634382,-0.7518736232365638,0.12406318838171809,0.3218644606352237,0.9897983983614503
-1.4100000000000001,0.1774281101960799,0.6221366943501186,-0.7488946822561279,0.12555265887193606,0.32347132822888847,0.9896353095237417
-1.4000000000000004,0.17026359917738687,0.6272641163182242,-0.7460576046080413,0.12697119769597937,0.32498075513225416,0.9894705221575876
-1.3900000000000006,0.1626891851763625,0.6321849075112829,-0.7433687769112299,0.12831561154438503,0.3263914552567201,0.989304132582542
-1.379999999999999,0.1547011831805759,0.6368852123928231,-0.7408341731692287,0.12958291341538564,0.3277023153115193,0.9891362403518822
-1.3699999999999992,0.14629692448359827,0.6413506498705174,-0.7384593272428742,0.1307703363785629,0.32891239190804844,0.9889669479788963
-1.3599999999999994,0.1374747873512735,0.6455663257203955,-0.7362493088691712,0.13187534556541441,0.33002090769427384,0.9887963606687384
-1.3499999999999996,0.12823422569001944,0.6495168477262964,-0.7342087033179172,0.1328956483410414,0.331027246657516,0.9886245860519558
-1.3399999999999999,0.11857579595646314,0.6531863435970828,-0.732341594715457,0.1338292026422715,0.33193094871088596,0.9884517338741501
-1.33,0.10850118257923969,0.6565584819294955,-0.7306515529911067,0.13467422350444663,0.33273170378499295,0.9882779157215713
-1.3200000000000003,0.09801322211001826,0.6596164962571491,-0.7291416243854008,0.13542918780729962,0.33342934553025827,0.9881032447342364
-1.3100000000000005,0.08711592632270318,0.6623432123134421,-0.7278143254002705,0.13609283729986477,0.33402384477636926,0.9879278353071154
-1.299999999999999,0.07581450442925272,0.6647210786675745,-0.7266716400272912,0.13666417998635438,0.33451530290363285,0.9877518027960213
-1.2899999999999991,0.06411538455423998,0.6667322008957507,-0.725715020069298,0.137142489965351,0.33490394527678746,0.98757526325947
-1.2799999999999994,0.05202623458998318,0.6683583792607932,-0.7249453883639736,0.1375273058180132,0.3351901147907431,0.9873983331583656
-1.2699999999999996,0.03955598247219705,0.6695811501317555,-0.7243631446585138,0.1378184276707431,0.33537426569472545,0.9872211290793346
-1.2599999999999998,0.026714835891887778,0.6703818312185791,-0.7239681739077056,0.1380159130461472,0.3354569577772631,0.987043767477392
-1.25,0.013514301434781717,0.6707415706540938,-0.7237598567564024,0.1381200716217988,0.33543885096496756,0.9868663644074809
-1.2400000000000002,-3.279694288116364e-05,0.6706414000257583,-0.7237370819531305,0.13813145902343477,0.3353207004138533,0.9866890352579079
-1.2300000000000004,-0.013912300250765064,0.670062291474198,-0.7238982604503299,0.13805086977483505,0.3351033521743406,0.9865118945237985
-1.2199999999999989,-0.02810869772147201,0.6689852187950821,-0.7242413409733434,0.13787932951332832,0.3347877394162983,0.986335055561125
-1.209999999999999,-0.042605111227967396,0.6673912226220329,-0.724763826818632,0.13761808659068397,0.3343748792656527,0.9861586303432462
-1.1999999999999993,-0.05738328113348318,0.6652614797401954,-0.7254627936732707,0.13726860316336464,0.33386587029065984,0.9859827292523867
-1.1899999999999995,-0.07242355380114229,0.6625773764417445,-0.7263349082677777,0.13683254586611115,0.33326189060467604,0.9858074608593572
-1.1799999999999997,-0.08770487110694514,0.6593205859161334,-0.7273764476750232,0.1363117761624884,0.33256419659543907,0.9856329317048081
-1.17,-0.10320476235844855,0.6554731496698127,-0.7285833190905164,0.13570834045474178,0.33177412229991976,0.9854592461225791
-1.1600000000000001,-0.11889933887912574,0.651017562788546,-0.7299510799625819,0.13502446001870905,0.3308930793492936,0.9852865060395232
-1.1500000000000004,-0.13476329172805762,0.64593686298857,-0.7314749583301401,0.13426252083492995,0.32992255749073,0.9851148107855127
-1.1400000000000006,-0.1507698929898631,0.6402147233271009,-0.7331498732623045,0.13342506336884774,0.32886412566475354,0.9849442569310733
-1.129999999999999,-0.16689100097698106,0.6338355483500776,-0.734970455309636,0.132514772345182,0.32771943357060096,0.9847749381139814
-1.1199999999999992,-0.18309706983808766,0.6267845734912164,-0.7369310668814242,0.1315344665592879,0.3264902136932513,0.9846069448692985
-1.1099999999999994,-0.19935716409411086,0.6190479675172301,-0.7390258224852395,0.13048708875738024,0.3251782837778608,0.9844403645030229
-1.0999999999999996,-0.21563897833821605,0.6106129376608399,-0.7412486087853398,0.1293756956073301,0.323785549638009,0.9842752809269123
-1.0899999999999999,-0.23190886274837713,0.6014678371982667,-0.7435931044283555,0.12820344778582227,0.3223140083075844,0.9841117745249294
-1.08,-0.24813185477838107,0.5916022750908974,-0.746052799614528,0.126973600192736,0.32076575146377667,0.983949922029145
-1.0700000000000003,-0.26427171738735306,0.5810072273047339,-0.7486210153938248,0.12568949230308762,0.3191429690558746,0.9837897963896947
-1.0600000000000005,-0.2802909843268402,0.5696751493701563,-0.751290922672207,0.12435453866389651,0.31744795309814916,0.9836314666553093
-1.049999999999999,-0.2961510128967527,0.5576000897244954,-0.7540555609260366,0.12297221953698168,0.3156831015831137,0.983474997884551
-1.0399999999999991,-0.31181204431980614,0.5447778033265472,-0.7569078566237761,0.12154607168811193,0.31385092240592305,0.9833204510224496
-1.0299999999999994,-0.3272332723872442,0.5312058649785057,-0.7598406413586084,0.1200796793206958,0.3119540372974947,0.983167882818132
-1.0199999999999996,-0.3423729204695322,0.5168837817907083,-0.7628466697009814,0.11857666514950932,0.3099951856678992,0.9830173457386087
-1.0099999999999998,-0.3571883272092736,0.5018131041648413,-0.7659186367802886,0.1170406816098557,0.30797722830028884,0.9828688878856063
-1.0,-0.3716360412621085,0.4859975345711137,-0.7690491956092921,0.11547540219535396,0.3059031508395151,0.9827225529321445
-0.9900000000000002,-0.38567192506301157,0.4694430335267085,-0.7722309741591868,0.11388451292040658,0.30377606699202275,0.9825783800590233
-0.9800000000000004,-0.39925126791587545,0.4521579219568661,-0.7754565922006353,0.11227170389968233,0.30159922136868395,0.9824364039001242
-0.9699999999999989,-0.41232890846422265,0.43415297919751933,-0.7787186779200563,0.11064066103997183,0.29937599189872377,0.9822966545005329
-0.9599999999999991,-0.42485936651040457,0.41544153589871113,-0.7820098843191418,0.10899505784042912,0.2971098917326308,0.982159157282739
-0.9499999999999993,-0.4367969842717576,0.39603956089356435,-0.7853229054095789,0.10733854729521053,0.2948045705470275,0.9820239330192578
-0.9399999999999995,-0.44809607685742525,0.37596574133460364,-0.7886504922005024,0.10567475389974879,0.29246381517731973,0.9818909978202206
-0.9299999999999997,-0.45871109186896114,0.35524155515417427,-0.7919854684869905,0.10400726575650476,0.2900915494770447,0.9817603631266281
-0.9199999999999999,-0.4685967778923907,0.3338913349908042,-0.7953207464358861,0.10233962678205694,0.2876918333186884,0.9816320357162388
-0.9100000000000001,-0.4777083615296744,0.3119423227653283,-0.7986493419641525,0.10067532901792375,0.28526886064184886,0.9815060177234616
-0.9000000000000004,-0.48600173264838414,0.28942471389067875,-0.8019643899062934,0.09901780504685331,0.2828269564362336,0.9813823066602056
-0.8900000000000006,-0.49343363729617323,0.2663716904466691,-0.805259158951017,0.09737042052449152,0.28037057258508224,0.9812608954611647
-0.879999999999999,-0.4999618778031725,0.24281944225615099,-0.8085270663419623,0.09573646682901887,0.27790428244004384,0.9811417725291297
-0.8699999999999992,-0.5055455193961493,0.21880717516400613,-0.811761692316149,0.09411915384192548,0.2754327740505723,0.9810249218020675
-0.8599999999999994,-0.5101451026158024,0.1943771056078449,-0.8149567942639254,0.09252160286803729,0.27296084192946557,0.9809103228248263
-0.8499999999999996,-0.5137228607353397,0.16957444070715946,-0.8181063205805355,0.09094683970973227,0.270493377267932,0.9807979508324174
-0.8399999999999999,-0.5162429412774375,0.14444734319046193,-0.8212044241812033,0.08939778790939834,0.26803535651736454,0.9806877768527272
-0.8300000000000001,-0.5176716306639845,0.11904688034676449,-0.8242454756492533,0.08787726217537334,0.2655918282414792,0.980579767812323
-0.8200000000000003,-0.5179775809432327,0.09342695647755253,-0.8272240759793227,0.08638796201033866,0.263167898192609,0.9804738866672105
-0.8100000000000005,-0.5171320374244915,0.0676442281034471,-0.8301350688817783,0.08493246555911083,0.26076871252439243,0.9803700925231613
-0.7999999999999989,-0.5151090660530463,0.04175800163121876,-0.8329735526004542,0.08351322369977288,0.2583994391587734,0.9802683407935279
-0.7899999999999991,-0.5118857791840088,0.0158301128585267,-0.8357348912086752,0.08213255439566242,0.2560652472534751,0.9801685833505936
-0.7799999999999994,-0.5074425584287415,-0.010075211900937464,-0.8384147253337635,0.08079263733311826,0.25377128482136996,0.980070768697876
-0.7699999999999996,-0.5017632731207867,-0.03589151338067808,-0.8410089822657943,0.07949550886710283,0.2515226545391292,0.9799748421451379
-0.7599999999999998,-0.4948354929471759,-0.06155027569304333,-0.8435138854016804,0.07824305729915981,0.24932438785554265,0.9798807460010649
-0.75,-0.4866506931961111,-0.08698112148760292,-0.8459259629771283,0.07703701851143585,0.24718141752743905,0.9797884197735134
-0.7400000000000002,-0.4772044510433013,-0.11211202582815338,-0.8482420560379423,0.07587897198102883,0.24509854876703732,0.9796978003763747
-0.7300000000000004,-0.46649663128638896,-0.1368695485510889,-0.8504593256004842,0.0747703371997579,0.24308042924211729,0.9796088223484711
-0.7199999999999989,-0.4545315598818001,-0.16117908475555254,-0.8525752589544905,0.07371237052275476,0.2411315182069839,0.9795214180774898
-0.7099999999999991,-0.4413181836685535,-0.184965132911354,-0.8545876750598348,0.0727061624700826,0.2392560551111643,0.9794355180376091
-0.6999999999999993,-0.42687021458507635,-0.20815157997166,-0.8564947289923843,0.07175263550380784,0.23745802805159455,0.9793510510212083
-0.6899999999999995,-0.41120625681976375,-0.23066200265804085,-0.8582949153932488,0.07085254230337562,0.23574114252604464,0.9792679443889929
-0.6799999999999997,-0.3943499152267047,-0.2524199840157359,-0.8599870708810748,0.07000646455946258,0.23410879093373102,0.9791861243157116
-0.6699999999999999,-0.3763298834933775,-0.2733494441203062,-0.8615703753877686,0.0692148123061157,0.2325640233414336,0.9791055160486228
-0.6600000000000001,-0.35718001046485576,-0.29337498372189963,-0.8630443523821909,0.06847782380890455,0.23110952000593754,0.9790260441521945
-0.6500000000000004,-0.336939343281929,-0.31242223939622166,-0.8644088679492834,0.0677955660253583,0.22974756621159648,0.9789476327720341
-0.6400000000000006,-0.31565214587890345,-0.3304182486928193,-0.865664128697557,0.06716793565122148,0.22848002990807878,0.9788702058908969
-0.629999999999999,-0.2933678915992306,-0.3472918235724522,-0.8668106784717067,0.06659466076414666,0.22730834264367483,0.9787936875839759
-0.6199999999999992,-0.2701412287465899,-0.3629739303144038,-0.867849393851658,0.06607530307417098,0.22623348423509454,0.9787180022689341
-0.6099999999999994,-0.24603191806868527,-0.37739807392147573,-0.8687814784259296,0.06560926078703522,0.2252559715680119,0.9786430749584548
-0.5999999999999996,-0.22110474125938676,-0.3905006849514755,-0.8696084558322279,0.06519577208388605,0.2243758518395818,0.9785688315135853
-0.5899999999999999,-0.1954293796773214,-0.40222150654013133,-0.8703321615646981,0.06483391921765097,0.22359270044238674,0.978495198873431
-0.5800000000000001,-0.1690802627950882,-0.41250397933606225,-0.8709547335531853,0.06452263322340734,0.2229056236588383,0.9784221052969125
-0.5700000000000003,-0.1421363858944532,-0.4212956219094906,-0.8714786015273088,0.06426069923634559,0.2223132661556893,0.9783494805820849
-0.5600000000000005,-0.1146810968894903,-0.4285484042006541,-0.871906475184729,0.06404676240763552,0.221813823242998,0.9782772563009744
-0.5499999999999989,-0.08680185211801755,-0.43421911136445324,-0.8722413311895292,0.06387933440523541,0.22140505764619156,0.9782053659843293
-0.5399999999999991,-0.05858994150194796,-0.43826969553264816,-0.8724863990353707,0.06375680048231464,0.2210843206038602,0.978133745338126
-0.5299999999999994,-0.030140183320452596,-0.44066761274485106,-0.872645145813592,0.06367742709320401,0.2208485768421638,0.9780623324128487
-0.5199999999999996,-0.0015505894130110054,-0.44138614254641034,-0.872721259935778,0.06363937003211101,0.22069443307406272,0.9779910678034945
-0.5099999999999998,0.027077998507465784,-0.44040468741423483,-0.872718633864723,0.06364068306763848,0.220618169412449,0.9779198947737533
-0.5,0.05564230007224341,-0.43770904966167246,-0.8726413459195075,0.06367932704024626,0.22061577329888157,0.9778487594312648
-0.4900000000000002,0.0840370138597209,-0.4332916830241885,-0.8724936412221913,0.06375317938890435,0.22068297525885003,0.9777776108346675
-0.4800000000000004,0.11215525961641132,-0.4271519166940913,-0.8722799118656046,0.0638600440671977,0.22081528603963343,0.9777064011447033
-0.46999999999999886,0.1398890434472998,-0.41929614908479224,-0.8720046763826876,0.06399766180865618,0.22100803442066133,0.9776350856772749
-0.4599999999999991,0.16712974371490197,-0.4097380094539508,-0.8716725586118521,0.06416372069407394,0.2212564053454129,0.9775636230253392
-0.4499999999999993,0.1937686155313617,-0.39849848488775313,-0.8712882660499381,0.06435586697503093,0.22155547771538817,0.9774919750970251
-0.4399999999999995,0.21969731123184166,-0.38560601101491343,-0.8708565677977409,0.06457171610112955,0.22190026154408554,0.9774201072055944
-0.4299999999999997,0.244808414213126,-0.3710965242572969,-0.870382272200499,0.06480886389975049,0.22228573390199383,0.9773479880504669
-0.41999999999999993,0.26899598316193546,-0.35501347451452947,-0.8698702042994241,0.06506489785028796,0.2227068735154658,0.9772755897760143
-0.41000000000000014,0.2921561036657467,-0.33740779650001573,-0.8693251832038096,0.06533740839809521,0.22315869356141302,0.9772028879411294
-0.40000000000000036,0.3141874439669408,-0.3183378389770801,-0.8687519995052211,0.06562400024738946,0.2236362725895986,0.9771298615411346
-0.39000000000000057,0.33499181146562157,-0.29786925063640896,-0.8681553928503891,0.06592230357480544,0.22413478323528588,0.97705649292092
-0.379999999999999,0.3544747065506003,-0.2760748225156163,-0.8675400297992091,0.06622998510039546,0.22464951881272932,0.9769827677677717
-0.3699999999999992,0.37254587013164164,-0.25303428626557495,-0.8669104820863284,0.06654475895683581,0.22517591755007402,0.9769086750199433
-0.35999999999999943,0.38911982130414113,-0.2288340685886485,-0.8662712054118289,0.06686439729408555,0.2257095845763982,0.9768342068151914
-0.34999999999999964,0.4041163813594369,-0.20356700188114416,-0.8656265188813441,0.06718674055932794,0.22624631153784786,0.9767593583521775
-0.33999999999999986,0.41746118059556525,-0.17733199207870137,-0.864980585218259,0.06750970739087048,0.22678209404560787,0.9766841278137808
-0.33000000000000007,0.42908614414758306,-0.1502336444052892,-0.8643373918639043,0.06783130406804783,0.22731314689802662,0.9766085162360769
-0.3200000000000003,0.43892995324257494,-0.12238184845034249,-0.8637007330809502,0.0681496334595249,0.2278359172099801,0.9765325273682502
-0.3100000000000005,0.4469384783407869,-0.0938913241899672,-0.8630741931712727,0.06846290341436367,0.22834709554739446,0.9764561675251823
-0.29999999999999893,0.4530651807091712,-0.06488113090807923,-0.862461130912465,0.0687694345437675,0.2288436251673538,0.9763794454277258
-0.28999999999999915,0.4572714791652875,-0.035474141301850524,-0.861864665312946,0.06906766734352698,0.22932270949423741,0.9763023720518711
-0.27999999999999936,0.45952707872390924,-0.005796483268952393,-0.8612876627776405,0.06935616861117977,0.22978181787231183,0.9762249604224364
-0.2699999999999996,0.45981025839812834,0.024023047623101423,-0.8607327257702708,0.06963363711486459,0.2302186898067006,0.9761472254517632
-0.2599999999999998,0.458108115285182,0.05385360195054617,-0.8602021830478713,0.06989890847606434,0.2306313377086847,0.976069183743403
-0.25,0.454416762523833,0.08356291307431188,-0.8596980815358632,0.07015095923206838,0.23101804826901873,0.9759908533898002
-0.2400000000000002,0.44874147896516287,0.11301795296079309,-0.8592221799017628,0.07038891004911862,0.23137738255677118,0.9759122537761409
-0.23000000000000043,0.44109680864870027,0.14208560333530817,-0.8587759438752143,0.07061202806239286,0.23170817490715914,0.9758334053792133
-0.21999999999999886,0.4315066085083635,0.1706333381158884,-0.8583605433516369,0.07081972832418154,0.23200953065712684,0.9757543295552823
-0.20999999999999908,0.4200040431240317,0.19852991291131705,-0.8579768513055526,0.07101157434722372,0.2322808227992082,0.9756750483318198
-0.1999999999999993,0.4066315256983958,0.2256460572607084,-0.8576254445279814,0.0711872777360093,0.23252168761704142,0.9755955842206984
-0.1899999999999995,0.3914406046233644,0.25185516515724254,-0.8573066061906116,0.0713466969046942,0.2327320192648011,0.9755159599834087
-0.17999999999999972,0.3744917957715982,0.27703397938564633,-0.8570203302277442,0.07148983488612792,0.23291196342957737,0.9754361984559291
-0.16999999999999993,0.35585436055611774,0.3010632651054714,-0.856766327514439,0.07161683624278048,0.23306190997392237,0.9753563223178233
-0.16000000000000014,0.3356060308038078,0.3238284682708994,-0.8565440338074635,0.07172798309626827,0.2331824847488353,0.9752763539765149
-0.15000000000000036,0.31383268091088456,0.3452203541788503,-0.8563526194039657,0.07182369029801716,0.2332745402669802,0.9751963152653507
-0.14000000000000057,0.29062794959322974,0.3651356220811147,-0.8561910004607014,0.0719044997696493,0.233339145664271,0.9751162273632945
-0.129999999999999,0.26609281234525445,0.3834774912717639,-0.856057851905011,0.07197107404749448,0.23337757555830665,0.9750361105631495
-0.11999999999999922,0.24033510742537822,0.4001562548295147,-0.8559516218579017,0.07202418907104913,0.23339129811346415,0.9749559841867345
-0.10999999999999943,0.2134690174180502,0.4150897966754744,-0.8558705474792279,0.07206472626038607,0.2333819619751677,0.9748758663255069
-0.09999999999999964,0.1856145099854848,0.42820406876044964,-0.8558126721341053,0.07209366393294736,0.2333513824793821,0.9747957737933998
-0.08999999999999986,0.15689674052926833,0.43943352446457784,-0.8557758637709373,0.07211206811453136,0.23330152679101207,0.9747157219543364
-0.08000000000000007,0.12744542071562526,0.44872150536963035,-0.855757834392449,0.0721210828037755,0.23323449822151626,0.9746357246513305
-0.07000000000000028,0.09739415647294147,0.456020578221725,-0.8557561604933918,0.07212191975330412,0.23315251954286928,0.9745557940411333
-0.0600000000000005,0.06687975986142092,0.4612928199684874,-0.8557683043312417,0.07211584783437913,0.23305791556692546,0.9744759405606531
-0.049999999999998934,0.03604153892080614,0.46451004841527643,-0.855791635890392,0.07210418205480401,0.23295309485309618,0.9743961728509075
-0.03999999999999915,0.005020570120535084,0.465653996797376,-0.85582345539525,0.07208827230237502,0.23284053065226093,0.9743164976856192
-0.02999999999999936,-0.026041041920922325,0.46471643097158694,-0.8558610162232584,0.0720694918883708,0.23272274119609418,0.9742369199378585
-0.019999999999999574,-0.05700091266800272,0.4616992081914365,-0.855901548066172,0.07204922596691399,0.23260226938359002,0.9741574425479972
-0.009999999999999787,-0.08771712900616901,0.4566142770619202,-0.8559422801858004,0.07202885990709978,0.23248166203910844,0.9740780665570559
0.0,-0.11804899877989528,0.44948361823372013,-0.8559804646097563,0.07200976769512185,0.2323634487034333,0.9739987910500436
0.009999999999999787,-0.1478577936462512,0.44033912662576086,-0.8560133991128841,0.07199330044355795,0.23225012033337855,0.9739196132331811
0.019999999999999574,-0.1770074803965323,0.42922243549733735,-0.8560384498316924,0.07198077508415379,0.2321441078568411,0.9738405284443863
0.030000000000001137,-0.2053654360120693,0.41618468384743784,-0.8560530733615371,0.07197346331923143,0.23204776091228455,0.9737615302471917
0.040000000000000924,-0.23280314173937847,0.401286228387732,-0.8560548381899206,0.07197258090503972,0.23196332678754208,0.973682610446416
0.05000000000000071,-0.25919685180492325,0.38459630245052917,-0.8560414453240515,0.07197927733797427,0.23189292995054972,0.9736037592145448
0.0600000000000005,-0.28442823242895693,0.36619262390461427,-0.856010747976625,0.07199462601168749,0.23183855223237085,0.9735249651941691
0.07000000000000028,-0.3083849670408948,0.34616095484304327,-0.8559607701801192,0.07201961490994041,0.23180201387965832,0.9734462155876944
0.08000000000000007,-0.33096132399007644,0.3245946162100498,-0.8558897242080351,0.07205513789598245,0.23178495575091465,0.9733674963007138
0.08999999999999986,-0.35205868315368605,0.3015939606148542,-0.8557960266895194,0.07210198665524031,0.2317888227801665,0.973288792065762
0.09999999999999964,-0.37158601837141403,0.27726580710603543,-0.8556783133135399,0.07216084334323003,0.23181484898474583,0.9732100866279524
0.10999999999999943,-0.389460332628938,0.2517228416128396,-0.8555354520281248,0.07223227398593762,0.23186404404364086,0.973131362847819
0.120000000000001,-0.4056070438004508,0.22508298744750999,-0.8553665546514747,0.07231672267426265,0.2319371818072928,0.973052602912695
0.13000000000000078,-0.4199603185967357,0.1974687499550747,-0.8551709868224187,0.07241450658879067,0.2320347907128862,0.9729737884997318
0.14000000000000057,-0.432463353080197,0.16900653986659311,-0.8549483762293727,0.07252581188531365,0.2321571462797589,0.9728949009488571
0.15000000000000036,-0.443068598459762,0.1398259799273044,-0.8546986190689678,0.07265069046551609,0.23230426578289987,0.9728159214579751
0.16000000000000014,-0.451737931199537,0.11005919941718423,-0.854421884697648,0.07278905765117599,0.2324759051282461,0.972736831270961
0.16999999999999993,-0.458442766956487,0.07984012125810486,-0.8541186184518335,0.07294069077408327,0.23267155796166233,0.9726576118672476
0.17999999999999972,-0.463164118268876,0.04930374638644108,-0.8537895426247072,0.0731052286876464,0.23289045700689615,0.9725782451581109
0.1899999999999995,-0.465892596286186,0.01858544002665287,-0.8534356556000161,0.07328217219999195,0.23313157757759212,0.9724987136776566
0.20000000000000107,-0.4666283572645068,-0.012179775566966006,-0.8530582291554417,0.07347088542227914,0.2333936431954788,0.9724190007738701
0.21000000000000085,-0.46538099492651924,-0.04285791745003871,-0.8526588039601714,0.07367059801991432,0.23367513321219655,0.9723390907999848
0.22000000000000064,-0.46216938012906966,-0.0733167230959528,-0.8522391833029013,0.07388040834854936,0.2339742922921325,0.9722589692932708
0.23000000000000043,-0.4570214496944135,-0.10342631214429232,-0.8518014250977172,0.07409928745114142,0.23428914162021677,0.9721786231568013
0.2400000000000002,-0.44997394653572514,-0.13305982486235246,-0.851347832226206,0.07432608388689699,0.23461749165041784,0.9720980408320942
0.25,-0.4410721135382481,-0.1620940336216455,-0.8508809412841728,0.0745595293579136,0.23495695620519108,0.9720172124594668
0.2599999999999998,-0.43036934396683885,-0.1904099239650737,-0.8504035098109813,0.07479824509450933,0.23530496773911957,0.9719361300361605
0.2699999999999996,-0.4179267913849714,-0.21789324210225502,-0.8499185020884753,0.07504074895576235,0.23565879355074432,0.9718547875600999
0.28000000000000114,-0.40381294233215115,-0.2444350059832225,-0.8494290736043004,0.07528546319784979,0.23601555274227548,0.9717731811638081
0.2900000000000009,-0.38810315519556027,-0.2699319774170324,-0.8489385542819963,0.07553072285900186,0.2363722337252297,0.9716913092394232
0.3000000000000007,-0.3708791688645918,-0.29428709301412753,-0.8484504305865883,0.07577478470670584,0.2367257120658824,0.9716091725457121
0.3100000000000005,-0.35222858492010717,-0.3174098520961323,-0.8479683266198079,0.07601583669009604,0.23707276849235012,0.9715267743057352
0.3200000000000003,-0.332244327195994,-0.3392166600568787,-0.8474959843239407,0.07625200783802966,0.23741010688998834,0.9714441202968228
0.33000000000000007,-0.31102408259671366,-0.3596311259578221,-0.847037242917189,0.07648137854140552,0.2377343721008903,0.9713612189096141
0.33999999999999986,-0.2886697271581222,-0.3785843135928035,-0.8465960176855337,0.07670199115723314,0.2380421674179172,0.971278081209024
0.34999999999999964,-0.2652867412762147,-0.3960149455176984,-0.8461762782587048,0.07691186087064761,0.23833007162879116,0.9711947209793163
0.35999999999999943,-0.24098361802774526,-0.4118695598762168,-0.8457820264990157,0.07710898675049216,0.2385946554883254,0.9711111547393286
0.370000000000001,-0.21587126847868435,-0.42610262029241236,-0.8454172741302267,0.07729136293488664,0.23883249756610592,0.9710274017618858
0.3800000000000008,-0.19006242774427928,-0.4386765792635098,-0.8450860202351286,0.07745698988243571,0.23904019935691978,0.9709434840562203
0.39000000000000057,-0.16367106549861388,-0.44956189602439184,-0.8447922287464829,0.07760388562675857,0.23921439967030497,0.9708594263789931
0.40000000000000036,-0.13681180445224328,-0.458737009748002,-0.8445398060562368,0.0777300969718816,0.23935178814352803,0.9707752561553695
0.41000000000000014,-0.10959935021033768,-0.46618826981919903,-0.8443325788603334,0.07783371056983329,0.23944911802069066,0.9706910034653086
0.41999999999999993,-0.08214793568878703,-0.47190982454866526,-0.8441742723573044,0.07791286382134782,0.23950321805952896,0.9706067009625812
0.4299999999999997,-0.05457078309584201,-0.4759034704137822,-0.8440684889106826,0.07796575554465868,0.2395110036718434,0.9705223838178789
0.4399999999999995,-0.026979586295089286,-0.47817846373369177,-0.8440186872813178,0.0779906563593411,0.2394694872292542,0.9704380895943062
0.45000000000000107,0.0005159839373142239,-0.4787512973189432,-0.844028162528589,0.07798591873570548,0.23937578768747414,0.9703538581699879
0.46000000000000085,0.027808749419679646,-0.47764544435986334,-0.8441000266745298,0.07794998666273512,0.2392271394835972,0.9702697316179454
0.47000000000000064,0.05479446676024896,-0.4748910722168058,-0.8442371902178971,0.07788140489105144,0.23902090079047872,0.9701857540727844
0.4800000000000004,0.08137224044865832,-0.47052472883848984,-0.8444423445754927,0.07777882771225364,0.23875456119421504,0.9701019715866595
0.4900000000000002,0.10744490529512257,-0.4645890046251226,-0.8447179455239862,0.07764102723800692,0.2384257488676716,0.9700184319809104
0.5,0.1329193769659056,-0.45713217261690936,-0.8450661977044585,0.07746690114777077,0.23803223732010562,0.9699351846990247
0.5099999999999998,0.15770696949395274,-0.4482078098397547,-0.8454890402473979,0.07725547987630105,0.2375719517474213,0.9698522806112189
0.5199999999999996,0.1817236791527092,-0.4378744028893564,-0.8459881335627364,0.0770059332186318,0.23704297514928976,0.9697697718528194
0.5300000000000011,0.2048904340570608,-0.42619494055617324,-0.8465648473369753,0.07671757633151233,0.23644355421737068,0.969687711621864
0.5400000000000009,0.22713330938815457,-0.41323649650329,-0.8472202497662975,0.07638987511685125,0.23577210515449487,0.9696061540079025
0.5500000000000007,0.24838370801643378,-0.39906980473023584,-0.8479550980509296,0.0760224509745352,0.23502721941055124,0.9695251537562001
0.5600000000000005,0.2685785070114176,-0.38376883076489166,-0.8487698301632325,0.07561508491838376,0.23420766954517852,0.9694447660854417
0.5700000000000003,0.2876601702385352,-0.36741034116523125,-0.8496645578989821,0.07516772105050895,0.23331241519517057,0.9693650464538566
0.5800000000000001,0.3055768279210376,-0.35007347402465927,-0.8506390612097975,0.07468046939510126,0.23234060933141737,0.9692860503658675
0.5899999999999999,0.3222823237360584,-0.3318393129021647,-0.8516927838105042,0.07415360809474791,0.23129160478716815,0.9692078331168091
0.5999999999999996,0.33773623077591153,-0.3127904666084343,-0.8528248300456649,0.07358758497716755,0.23016496126682803,0.9691304495898677
0.6100000000000012,0.351903837300685,-0.2930106570206741,-0.854033962994956,0.07298301850252198,0.22896045282681138,0.9690539540105618
0.620000000000001,0.3647561038297023,-0.2725843170112252,-0.8553186037895837,0.07234069810520816,0.22767807599849216,0.968978399733484
0.6300000000000008,0.3762695928210271,-0.25159620041200714,-0.8566768321066467,0.07166158394667665,0.22631805857214557,0.9689038389911251
0.6400000000000006,0.38642637269886426,-0.2301310057495235,-0.8581063878035058,0.0709468060982471,0.22488086919772032,0.9688303226642266
0.6500000000000004,0.3952138978245849,-0.20827301533329126,-0.8596046736485731,0.07019766317571347,0.22336722787246718,0.9687579000494358
0.6600000000000001,0.40262486617879556,-0.18610575108802696,-0.8611687591013184,0.0694156204493408,0.2217781174132897,0.9686866186262904
0.6699999999999999,0.40865705657068613,-0.16371164836982965,-0.8627953850896228,0.06860230745518858,0.22011479601391162,0.9686165238260879
0.6799999999999997,0.4133131471889134,-0.1411717488417939,-0.8644809697304823,0.06775951513475886,0.21837881096288558,0.9685476587842283
0.6899999999999995,0.41660051754447375,-0.11856541321556793,-0.8662216149374637,0.06688919253126813,0.2165720136751871,0.9684800641284101
0.7000000000000011,0.41853103554050836,-0.09597005464433514,-0.8680131138540667,0.06599344307296667,0.214696576066694,0.9684137777425927
0.7100000000000009,0.4191208317042656,-0.07346089325086003,-0.8698509590526089,0.06507452047369555,0.21275500840502531,0.968348834547981
0.7200000000000006,0.41839006240138177,-0.05111073222800107,-0.8717303514363272,0.06413482428183642,0.2107501786862318,0.9682852662725056
0.7300000000000004,0.41636266401257216,-0.02898975564274897,-0.873646209782786,0.06317689510860702,0.20868533364606168,0.9682231012445943
0.7400000000000002,0.4130660998216611,-0.00716534809313521,-0.8755931808644022,0.062203409567798906,0.20656412142188096,0.9681623641783521
0.75,0.4085311014562263,0.01429806388502626,-0.8775656500838489,0.06121717495807555,0.2043906159097683,0.9681030759660803
0.7599999999999998,0.4027914066154849,0.03533914887059459,-0.8795577525641513,0.060221123717924374,0.2021693428083119,0.9680452534783069
0.7699999999999996,0.3958834947555041,0.055899786396239944,-0.8815633846319973,0.059218307684001326,0.1999053072950894,0.96798890936973
0.7800000000000011,0.3878463223307243,0.07592516202631872,-0.8835762156369147,0.05821189218154266,0.19760402322206833,0.9679340518927115
0.7900000000000009,0.37872105910469916,0.0953638421996134,-0.8855897000496045,0.05720514997519777,0.19527154363120722,0.9678806847139817
0.8000000000000007,0.3685508269756897,0.11416782952978835,-0.8875970897876729,0.056201455106163534,0.192914492304238,0.9678288067440202
0.8100000000000005,0.35738044264566343,0.1322925992627594,-0.8895914467176524,0.05520427664117378,0.19054009591507726,0.9677784119717247
0.8200000000000003,0.345256165385221,0.14969711771009975,-0.8915656552870146,0.054217172356492704,0.18815621620558973,0.9677294893071009
0.8300000000000001,0.33222545104349016,0.16634384354503112,-0.8935124352446078,0.053243782377696114,0.18577138141165894,0.9676820224346082
0.8399999999999999,0.3183367133524585,0.1821987128747841,-0.8954243544101691,0.05228782279491545,0.18339481593087176,0.9676359896738761
0.8499999999999996,0.3036390934722037,0.19723110909706493,-0.8972938414604328,0.05135307926978361,0.1810364669619632,0.967591363853099
0.8600000000000012,0.2881822386357285,0.2114138185009946,-0.8991131987013223,0.05044340064933883,0.17870702652544995,0.9675481121872933
0.870000000000001,0.27201609063064497,0.22472297272527808,-0.9008746148053408,0.049562692597329594,0.1764179469558478,0.9675061961729943
0.8800000000000008,0.25519068478239504,0.23713797906821635,-0.9025701774934489,0.04871491125327554,0.17418144757426487,0.9674655714891468
0.8900000000000006,0.23775595997509635,0.24864143977947958,-0.9041918861510476,0.04790405692447619,0.17201050991094427,0.9674261879134146
0.9000000000000004,0.21976158020453546,0.25921906133294836,-0.9057316643691576,0.04713416781542118,0.16991885849746735,0.9673879892438472
0.9100000000000001,0.2012567679884817,0.26885955484264423,-0.9071813724139336,0.0464093137930332,0.16792092401734393,0.9673509132399589
0.9199999999999999,0.18229014996279086,0.27755452859028634,-0.9085328196265839,0.04573359018670803,0.16603178544666744,0.9673148915699912
0.9299999999999997,0.1629096148135139,0.285298373779215,-0.9097777767693256,0.04511111161533721,0.16426708790849748,0.9672798497762108
0.9399999999999995,0.14316218372960582,0.2920881444508826,-0.9109079883323365,0.044546005833831726,0.162642933276387,0.9672457072464334
0.9500000000000011,0.12309389334576304,0.2979234326382025,-0.9119151848320882,0.04404240758395589,0.16117574126861312,0.9672123772064175
0.9600000000000009,0.10274969121283145,0.3028062396382835,-0.9127910951283741,0.04360445243581296,0.15988207983402156,0.9671797667206786
0.9700000000000006,0.0821733436592611,0.30674084436606525,-0.9135274588023218,0.04323627059883911,0.15877846517282318,0.9671477767106624
0.9800000000000004,0.061407355904116556,0.3097336696480341,-0.9141160386383638,0.042941980680818115,0.15788113366768397,0.9671163019868225
0.9900000000000002,0.040492904255895745,0.31179314727131685,-0.9145486332631708,0.04272568336841459,0.15720579027220197,0.9670852312924461
1.0,0.019469780022750738,0.3129295826314676,-0.9148170900008985,0.04259145499955075,0.15676734036466175,0.9670544473698215
1.0100000000000016,-0.0016236550407429107,0.31315501965158005,-0.9149133180067006,0.04254334099664969,0.15657961440483945,0.9670238270356646
1.0199999999999996,-0.022750502228535918,0.31248310671498153,-0.9148293017516658,0.042585349124167116,0.15665509673634714,0.9669932412780027
1.0300000000000011,-0.04387534862422171,0.3109289642213469,-0.9145571149324052,0.042721442533797394,0.1570046711157479,0.9669625553671358
1.0399999999999991,-0.06496427952726519,0.30850905436969306,-0.9140889348883265,0.04295553255583673,0.15763739581915429,0.9669316289830704
1.0500000000000007,-0.08598488112607983,0.3052410537147549,-0.9134170576104244,0.04329147119478782,0.15856032026894365,0.9669003163660902
1.0599999999999987,-0.10690623374693592,0.30114372897118,-0.9125339134306775,0.043733043284661266,0.15977835297109402,0.966868466480177
1.0700000000000003,-0.1276988963441001,0.29623681651326844,-0.9114320834835274,0.04428395825823628,0.1612941874227161,0.9668359231992473
1.0800000000000018,-0.1483348826928002,0.29054090595610244,-0.910104317032387,0.04494784148380648,0.16310828876645075,0.9668025255129753
1.0899999999999999,-0.1687876297815441,0.28407732818517045,-0.9085435497563112,0.04572822512184438,0.16521893986170036,0.9667681077486449
1.1000000000000014,-0.18903195919191657,0.27686804808439247,-0.9067429230849207,0.04662853845753967,0.16762234162395825,0.9667324998212184
1.1099999999999994,-0.20904403181167236,0.268935562264362,-0.9046958046769962,0.04765209766150191,0.17031275927431863,0.9666955274990598
1.120000000000001,-0.22880129664611187,0.2603028019730088,-0.9023958101234455,0.04880209493827725,0.17328270402866347,0.966657012693898
1.129999999999999,-0.24828243433292507,0.2509930413388958,-0.8998368259536205,0.050081587023189766,0.17652313870908817,0.9666167737739285
1.1400000000000006,-0.26746729589955226,0.241029811138945,-0.8970130340189956,0.051493482990502215,0.18002369582467065,0.9665746258998619
1.1499999999999986,-0.2863368375135756,0.2304368181260249,-0.8939189373041102,0.0530405313479449,0.18377289766538105,0.96653038138293
1.1600000000000001,-0.30487305187050495,0.2192378699635196,-0.8905493872111879,0.05472530639440604,0.1877583695757507,0.9664838500695182
1.1700000000000017,-0.3230588967956487,0.20745680586386633,-0.8868996123472751,0.05655019382636245,0.19196703955240565,0.9664348397485504
1.1799999999999997,-0.34087822183288485,0.19511743284319177,-0.8829652488106974,0.05851737559465131,0.19638531941012477,0.9663831565826277
1.1900000000000013,-0.35831569344379877,0.1822434675994729,-0.8787423719630387,0.06062881401848064,0.2009992647068581,0.9663286055654247
1.1999999999999993,-0.3753567194786488,0.1688584839975926,-0.8742275296389563,0.06288623518052183,0.2057947123201531,0.9662709910032333
1.2100000000000009,-0.39198737369402753,0.15498586595275937,-0.8694177767031106,0.0652911116484447,0.21075739594416837,0.9662101170180571
1.2199999999999989,-0.4081943208983557,0.14064876574789792,-0.8643107108552672,0.06784464457236639,0.2158730407670657,0.9661457880771485
1.2300000000000004,-0.4239647434760075,0.12587006757613398,-0.8589045095177633,0.07054774524111834,0.22112743928688347,0.9660778095434378
1.240000000000002,-0.4392862699497777,0.11067235618129233,-0.8531979676139106,0.07340101619304468,0.22650651060681887,0.9660059882472859
1.25,-0.454146906239623,0.09507789048434862,-0.8471905360003363,0.07640473199983183,0.23199634571797392,0.965930133081328
1.2600000000000016,-0.4685349702979835,0.07910858195293297,-0.8408823602561513,0.07955881987192437,0.23758324127068403,0.9658500556094056
1.2699999999999996,-0.4824390307344868,0.06278597759316494,-0.8342743195027128,0.0828628402486436,0.2432537242049752,0.9657655706951221
1.2800000000000011,-0.49584785005087934,0.046131247347070366,-0.8273680648617328,0.08631596756913362,0.2489945694095937,0.9656764971432847
1.2899999999999991,-0.5087503330600119,0.029165175690624878,-0.8201660571177312,0.08991697144113442,0.25479281233079265,0.9655826583518283
1.3000000000000007,-0.5211354810247503,0.011908157254019829,-0.8126716031037289,0.09366419844813556,0.26063575819142903,0.965483882974371
1.3099999999999987,-0.5329923520049522,-0.005619803791684391,-0.8048888902758677,0.09755555486206613,0.2665109892154674,0.9653800055832655
1.3200000000000003,-0.5443100278408035,-0.02339909075742156,-0.7968230189140628,0.10158849054296859,0.2724063710049429,0.9652708673360298
1.3300000000000018,-0.5550775881365656,-0.041410468113558474,-0.7884800313397535,0.10575998433012324,0.2783100589813863,0.9651563166360305
1.3399999999999999,-0.5652840915325562,-0.059635072034289194,-0.7798669375219869,0.11006653123900656,0.28421050559238753,0.965036209785024
1.3500000000000014,-0.5749185644723076,-0.07805439802976259,-0.7709917364218823,0.11450413178905883,0.2900964687938684,0.9649104116225075
1.3599999999999994,-0.5839699975735348,-0.0966502859026572,-0.7618634324195517,0.11906828379022416,0.2959570221464172,0.9647787961440697
1.370000000000001,-0.5924273496234571,-0.11540490223667371,-0.7524920461762612,0.1237539769118694,0.3017815667176054,0.9646412470969021
1.379999999999999,-0.6002795591049056,-0.1343007206524417,-0.7428886193020852,0.12855569034895742,0.3075598448460661,0.9644976585432976
1.3900000000000006,-0.607515563063132,-0.1533205000410329,-0.7330652122386772,0.13346739388066142,0.313281955711124,0.96434793539017
1.3999999999999986,-0.6141243230017164,-0.17244726100530944,-0.7230348948157301,0.13848255259213493,0.31893837254654295,0.964191993874531
1.4100000000000001,-0.6200948574005068,-0.19166426071566725,-0.7128117290128001,0.14359413549359995,0.3245199612544035,0.9640297620034641
1.4200000000000017,-0.6254162803343987,-0.21095496640025907,-0.7024107435402422,0.14879462822987888,0.330018000098574,0.9638611799408697
1.4299999999999997,-0.6300778455733019,-0.23030302768082306,-0.6918478999565283,0.15407605002173586,0.3354242000964032,0.9636862003346868
1.4400000000000013,-0.6340689954713689,-0.24969224795232114,-0.6811400501559278,0.1594299749220361,0.34073072568582446,0.9635047885879832
1.4499999999999993,-0.6373794138414817,-0.2691065550261858,-0.6703048851847127,0.16484755740764367,0.3459302151977232,0.9633169230577563
1.4600000000000009,-0.6399990819832831,-0.2885299712247996,-0.6593608754890671,0.17031956225546646,0.35101580065377,0.9631225951872056
1.4699999999999989,-0.6419183369742378,-0.3079465831289978,-0.6483272028387915,0.17583639858060424,0.3559811263973822,0.9629218095698983
1.4800000000000004,-0.6431279312893059,-0.32734051117346075,-0.6372236843207613,0.18138815783961937,0.3608203660617582,0.9627145839339352
1.490000000000002,-0.6436190928354384,-0.3466958792768681,-0.6260706889466233,0.18696465552668834,0.36552823740782103,0.9625009490530245
1.5,-0.6433835845109969,-0.36599678469256575,-0.6148890475610359,0.19255547621948205,0.37010001459859315,0.9622809485976709
1.5100000000000016,-0.6424137623689126,-0.3852272682677356,-0.603699956870432,0.198150021564784,0.37453153748983664,0.9620546388970665
1.5199999999999996,-0.6407026315970328,-0.4043712852763199,-0.5925248785389896,0.2037375607305052,0.3788192175996969,0.961822088631276
1.5300000000000011,-0.6382438995878017,-0.423412677022145,-0.5813854343964515,0.20930728280177424,0.3829600404820662,0.9615833784713907
1.5399999999999991,-0.6350320254308471,-0.442335143368748,-0.5703032988930931,0.21484835055345347,0.38695156427576793,0.9613386006554608
1.5500000000000007,-0.6310622652651734,-0.46112221634889566,-0.5593000899970582,0.22034995500147092,0.3907919142754011,0.9610878584826921
1.5599999999999987,-0.6263307130960861,-0.4797572350348277,-0.5483972597620684,0.22580137011896578,0.3944797734788549,0.9608312657539098
1.5700000000000003,-0.6208343368143104,-0.4982233218514732,-0.5376159858035484,0.2311920070982258,0.3980143691515362,0.9605689461959003
1.5800000000000018,-0.6145710092635533,-0.5165033604969156,-0.5269770649078033,0.23651146754609836,0.4013954555148293,0.9603010328905579
1.5899999999999999,-0.6075395341268102,-0.5345799754926716,-0.5165008099717854,0.2417495950141073,0.4046232926206692,0.9600276675316588
1.6000000000000014,-0.5997396669800951,-0.5524355136798496,-0.5062069513614318,0.2468965243192841,0.407698621816445,0.9597489997550138
1.6099999999999994,-0.5911721315925933,-0.570052027751095,-0.49611454372437375,0.25194272813781315,0.4106226380494826,0.9594651864500917
1.620000000000001,-0.5818386317809796,-0.5874112619337666,-0.48624187917680617,0.2568790604115969,0.41339695937421406,0.9591763910484735
1.629999999999999,-0.5717418592193754,-0.6044946399395603,-0.4766064076579548,0.2616967961710226,0.41602359407228534,0.9588827827841667
1.6400000000000006,-0.560885497685896,-0.6212832553470955,-0.46722466509786637,0.2663876674510668,0.41850490585208183,0.9585845359512394
1.6499999999999986,-0.549274224294924,-0.6377578645905888,-0.4581122099054747,0.2709438950472627,0.42084357762770314,0.9582818292060098
1.6600000000000001,-0.5369137082950052,-0.6538988826989263,-0.4492835681459058,0.2753582159270471,0.4230425743793402,0.9579748449494458
1.6700000000000017,-0.5238106079020315,-0.6696863816194032,-0.44075218765718704,0.2796239061714065,0.42510510543781543,0.957663768554382
1.6799999999999997,-0.5099725659019809,-0.6851000915921058,-0.43253040111942875,0.2837347994402856,0.4270345868522133,0.9573487877282219
1.6900000000000013,-0.4954082045314308,-0.7001194055534331,-0.4246293980480855,0.28768530097595724,0.42883460423266584,0.9570300919178184
1.6999999999999993,-0.48012712017007303,-0.7147233866055348,-0.4170592055286369,0.2914703972356816,0.4305088764716973,0.956707871714177
1.7100000000000009,-0.4641398783590075,-0.728890778661438,-0.40982867738919515,0.2950856613054024,0.43206122074909464,0.9563823182762052
1.7199999999999989,-0.4474580095778087,-0.7426000203892028,-0.4029454914052476,0.2985272542973762,0.43349551918600576,0.9560536227959158
1.7300000000000004,-0.4300940061575984,-0.7558292625890095,-0.39641615405715447,0.30179192297142277,0.43481568748106886,0.9557219760558003
1.740000000000002,-0.4120613206464848,-0.7685563889140481,-0.39024601232182043,0.3048769938390898,0.4360256457232552,0.9553875679778385
1.75,-0.3933743658545285,-0.7807590400147888,-0.38443927188152066,0.3077803640592397,0.4371292915935362,0.9550505871633507
1.7600000000000016,-0.374048516722561,-0.792414641331562,-0.3789990211117639,0.310500489444118,0.43813047618802325,0.954711220559731
1.7699999999999996,-0.3541001141021236,-0.8035004343862282,-0.37392726022092804,0.313036369889536,0.43903298249277195,0.9543696531231093
1.7800000000000011,-0.333546470470953,-0.8139935116276885,-0.36922493488145425,0.3153875325592729,0.43984050658608237,0.9540260675022566
1.7899999999999991,-0.31240587749170795,-0.8238708548739432,-0.36489197369362847,0.31755401315318577,0.440556641591659,0.9536806437524659
1.8000000000000007,-0.2906976152513292,-0.833109377416764,-0.36092732884692813,0.31953633557653593,0.44118486438582577,0.9533335591287745
1.8099999999999987,-0.26844196304734447,-0.8416859696557508,-0.3573290193946546,0.3213354903026727,0.4417285249562375,0.9529849878888957
1.8200000000000003,-0.24566021148298636,-0.8495775481898017,-0.35409417655380127,0.32295291172309937,0.44219083829667377,0.9526351010556849
1.8300000000000018,-0.22237467547290224,-0.8567611085451523,-0.3512190904802204,0.3243904547598898,0.4425748788078682,0.9522840662979456
1.8399999999999999,-0.19860870792708654,-0.863213781267426,-0.34869925805066815,0.3256503709746659,0.4428835769800214,0.9519320477846939
1.8500000000000014,-0.17438671370281272,-0.8689128913839437,-0.34652943119108104,0.3267352844044595,0.44311971822783736,0.951579206062683
1.8599999999999994,-0.14973416340331241,-0.8738360211596861,-0.34470366535046665,0.32764816732476665,0.44328594371079516,0.9512256979667484
1.870000000000001,-0.12467760666499225,-0.8779610759844879,-0.34321536777388467,0.32839231611305764,0.4433847529368681,0.950871676528286
1.879999999999999,-0.09924468445247764,-0.8812663533074482,-0.3420573452587212,0.3289713273706394,0.44341850797634724,0.9505172909049703
1.8900000000000006,-0.07346413994023995,-0.8837306144580712,-0.34122185113665215,0.3293890744316739,0.44338943909040035,0.9501626863230964
1.8999999999999986,-0.047365827566027266,-0.8853331591797028,-0.3407006312613495,0.3296496843693253,0.443299651580093,0.9498080040229233
1.9100000000000001,-0.02098071977440588,-0.8860539027105203,-0.34048496881917517,0.32975751559041244,0.4431511336752949,0.9494533812160506
1.9200000000000017,0.0056590889520561904,-0.8858734552036808,-0.3405657278241198,0.32971713608794007,0.44294576528122354,0.9490989510533911
1.9299999999999997,0.03252038115895353,-0.8847732032493848,-0.34093339518706145,0.3295333024064693,0.4426853273994127,0.9487448425855488
1.9400000000000013,0.0595688190546704,-0.88273539328695,-0.34157812127918097,0.3292109393604095,0.44237151207018127,0.9483911807380166
1.9499999999999993,0.0867689510260573,-0.8797432166285071,-0.3424897589413565,0.32875512052932176,0.4420059326711675,0.9480380862843767
1.9600000000000009,0.11408422243623767,-0.8757808958226144,-0.34365790091033366,0.32817104954483317,0.44159013442805245,0.9476856758202261
1.9699999999999989,0.14147699104683173,-0.8708337720644833,-0.345071915655935,0.3274640421720325,0.44112560500489023,0.9473340617428355
1.9800000000000004,0.16890854731611105,-0.8648883933362033,-0.34672098164032555,0.3266395091798372,0.44061378504426013,0.9469833522262938
1.990000000000002,0.19633913993875673,-0.8579326029445548,-0.34859412002358603,0.325702939988207,0.4400560785476976,0.9466336511988828
2.0,0.2237280068108573,-0.8499556281172714,-0.3506802258536157,0.32465988707319215,0.4394538629935412,0.9462850583225582
2.0100000000000016,0.2510334116590827,-0.8409481682911235,-0.352968097786467,0.3235159511067665,0.43880849909766856,0.9459376689699968
2.0199999999999996,0.27821268659035875,-0.8309024826937077,-0.3554464663913022,0.3222767668043489,0.43812134013489706,0.9455915741991653
2.030000000000001,0.30522228058409556,-0.8198124768735003,-0.35810402109785255,0.3209479894510737,0.43739374075380294,0.9452468607347349
2.039999999999999,0.3320178141729586,-0.8076737877281109,-0.36092943584908405,0.319535282075458,0.4366270652144868,0.9449036109432544
2.0500000000000007,0.35855414034768596,-0.794483866635399,-0.3639113935227128,0.31804430323864363,0.4358226949988959,0.9445619028099986
2.0599999999999987,0.3847854117121073,-0.7802420602856932,-0.36703860918481657,0.3164806954075917,0.4349820357512823,0.9442218099247887
2.0700000000000003,0.4106651539754057,-0.7649496887247276,-0.37029985224161965,0.3148500738791902,0.43410652349673956,0.9438834014537318
2.080000000000002,0.4361463457039961,-0.7486101202213759,-0.3736839675478858,0.3131580162260571,0.4331976301207142,0.9435467421231138
2.09,0.46118150426418497,-0.7312288425193402,-0.37717989553260445,0.3114100522336978,0.43225686807948765,0.9432118922074386
2.1000000000000014,0.48572277792340907,-0.7128135299816468,-0.3807766913987231,0.3096116543006384,0.4312857943169846,0.9428789075120346
2.1099999999999994,0.5097220439173312,-0.6933741062372706,-0.38446354344766787,0.30776822827616607,0.4302860133840035,0.9425478393672824
2.120000000000001,0.5331310123539709,-0.6729228018403569,-0.3882297905785857,0.3058851047107072,0.4292591797417517,0.942218734616829
2.129999999999999,0.5559013357162222,-0.6514742065546231,-0.39206493900406736,0.3039675304979663,0.42820699925884437,0.941891635621274
2.1400000000000006,0.5779847237468682,-0.6290453157854006,-0.3959586782239691,0.3020206608880155,0.4271312298920256,0.941566580257164
2.150000000000002,0.5993330634170324,-0.6056555707808124,-0.3999008962900723,0.30004955185496385,0.42603368156833454,0.9412436019311258
2.16,0.6198985436766425,-0.5813268921514039,-0.4038816943939005,0.29805915280304973,0.42491621526803147,0.9409227295890563
2.1700000000000017,0.6396337846258657,-0.5560837063536765,-0.4078914008006784,0.2960542995996608,0.423780741335319,0.9406039877408505
2.1799999999999997,0.6584919707270279,-0.529952964735702,-0.41192058415261706,0.2940397079236915,0.42262921702839157,0.9402873964872435
2.1900000000000013,0.6764269876396505,-0.5029641547991259,-0.41596006615683706,0.2920199669215815,0.4214636433371362,0.939972971556763
2.1999999999999993,0.6933935622249908,-0.4751493033494014,-0.4200009336713431,0.28999953316432847,0.42028606109663086,0.9396607243538935
2.210000000000001,0.7093474052425416,-0.44654297118238867,-0.4240345501979412,0.2879827249010294,0.4190985464174035,0.9393506619991772
2.219999999999999,0.7242453562261774,-0.41718223911250396,-0.4280525667847712,0.2859737166076144,0.4179032054932413,0.939042787404885
2.2300000000000004,0.7380455299978304,-0.3871066849792655,-0.43204693234374447,0.28397653382812776,0.4167021687924766,0.9387370993270984
2.240000000000002,0.750707464271717,-0.3563583515270809,-0.4360099033766397,0.28199504831168015,0.4154975847151129,0.9384335924607966
2.25,0.7621922677478468,-0.3249817049085334,-0.4399340531099161,0.28003297344504197,0.41429161273789455,0.9381322575338622
2.2600000000000016,0.772462768071502,-0.29302358358385183,-0.44381228003033446,0.27809385998483277,0.413086416078104,0.9378330813629543
2.2699999999999996,0.7814836590940952,-0.2605331377586517,-0.4476378158060237,0.27618109209698816,0.41188415401101086,0.9375360470088882
2.280000000000001,0.7892216467121266,-0.22756175899088732,-0.45140423259225004,0.274297883703875,0.4106869737993973,0.9372411338584247
2.289999999999999,0.7956455926974242,-0.19416300015208593,-0.4551054497001862,0.2724472751499069,0.40949700237208525,0.9369483177602183
2.3000000000000007,0.8007266558437477,-0.1603924857147253,-0.45873573961901504,0.2706321301904925,0.40831633779842186,0.9366575711839757
2.3099999999999987,0.8044384296682023,-0.12630781228170107,-0.46228973337853374,0.26885513331073313,0.4071470405671742,0.9363688632999437
2.3200000000000003,0.8067570761724969,-0.09196843976038305,-0.46576242522727307,0.26711878738636347,0.4059911248618482,0.9360821601867789
2.330000000000002,0.8076614548126629,-0.05743557305889162,-0.4691491766217544,0.2654254116891228,0.40485054978433416,0.9357974249631064
2.34,0.8071332461142298,-0.022772034668203545,-0.47244571950286585,0.2637771402485671,0.4037272106713342,0.9355146179629713
2.3500000000000014,0.8051570692224673,0.011957871671349436,-0.47564815884700096,0.2621759205764995,0.40262293054849146,0.9352336969059463
2.3599999999999994,0.801720592744001,0.0466885059108394,-0.47875297447496595,0.26062351276251705,0.4015394518020548,0.9349546170711208
2.370000000000001,0.7968146382608876,0.08135304486989546,-0.4817570221046634,0.2591214889476683,0.4004784281507658,0.9346773314912401
2.379999999999999,0.7904332758637771,0.11588364328444084,-0.48465753363406,0.25767123318297,0.3994414169730079,0.9344017911379812
2.3900000000000006,0.782573911143977,0.15021160225052393,-0.48745211664181487,0.25627394167909257,0.398429872077211,0.9341279451298073
2.400000000000002,0.7732373630048438,0.1842675446130887,-0.4901387530951254,0.25493062345243733,0.39744513695113354,0.9338557409097326
2.41,0.7624279318486045,0.21798159671331002,-0.4927157972544266,0.2536421013727867,0.39648843859834815,0.9335851244705485
2.4200000000000017,0.750153457520568,0.25128357597052287,-0.49518197276925857,0.2524090136153707,0.3955608819709666,0.933316040544815
2.4299999999999997,0.7364253666321237,0.2841031836440052,-0.49753636895882924,0.2512318155205854,0.3946634450946519,0.9330484328332873
2.4400000000000013,0.7212587087127312,0.31637020215136713,-0.49977843627539353,0.25011078186230323,0.39379697488149057,0.9327822441862469
2.4499999999999993,0.7046721809306913,0.3480146962232337,-0.5019079809483835,0.24904600952580824,0.3929621837292256,0.9325174168371599
2.460000000000001,0.6866881409044466,0.378967217195923,-0.5039251588128855,0.24803742059355727,0.39215964688122457,0.9322538925918298
2.469999999999999,0.6673326074096961,0.4091590096789998,-0.5058304683259227,0.24708476583703864,0.39138980061880874,0.931991613052685
2.4800000000000004,0.6466352486674012,0.43852221982094997,-0.5076247427785952,0.24618762861070242,0.3906529412713558,0.9317305198268865
2.490000000000002,0.6246293579783131,0.46699010437188787,-0.5093091417138611,0.24534542914306945,0.3899492250375895,0.931470554694552
2.5,0.6013518167189753,0.4944972397287085,-0.5108851415628204,0.2445574292185898,0.3892786686843128,0.9312116598497825
2.5100000000000016,0.5768430444052182,0.520979730115778,-0.5123545255161899,0.24382273724190506,0.3886411510217972,0.9309537780615692
2.5199999999999996,0.5511469359869776,0.5463754140833926,-0.5137193726494155,0.24314031367529226,0.3880364152249864,0.9306968528999877
2.530000000000001,0.5243107862144462,0.5706240684222467,-0.5149820463234077,0.24250897683829614,0.3874640718839514,0.9304408288757603
2.539999999999999,0.49638520135412745,0.593667608700311,-0.5161451818856486,0.2419274090571757,0.3869236028414793,0.9301856516454619
2.5500000000000007,0.4674239982693493,0.6154502855220247,-0.5172116736996758,0.2413941631501621,0.38641436570967647,0.9299312681690333
2.5599999999999987,0.4374840911439901,0.6359188756957447,-0.5181846615334916,0.24090766923325418,0.3859355990545,0.9296776268786952
2.5700000000000003,0.4066253660961627,0.6550228674584339,-0.5190675163401463,0.24046624182992687,0.38548642818078155,0.9294246778334624
2.580000000000002,0.37491054399311663,0.6727146389296594,-0.519863825466765,0.2400680872666175,0.3850658714517156,0.9291723728439282
2.59,0.34240503192697064,0.6889496290413136,-0.5205773773307678,0.2397113113346161,0.3846728471198199,0.9289206656295542
2.6000000000000014,0.3091767637139062,0.7036865001171566,-0.5212121456044798,0.2393939271977601,0.38430618056041516,0.9286695119327236
2.6099999999999994,0.27529602997597286,0.71688729139518,-0.5217722729516593,0.23911386352417036,0.38396461187342823,0.9284188696410637
2.620000000000001,0.24083529832230988,0.7285175627488378,-0.5222620543617532,0.2388689728191234,0.3836468037634039,0.9281686988784213
2.629999999999999,0.20586902427837,0.7385465279761789,-0.5226859201297687,0.23865703993511567,0.3833513496594856,0.9279189621108623
2.6400000000000006,0.17047345357787796,0.746947176982162,-0.5230484185313925,0.23847579073430375,0.38307678198253875,0.9276696242222124
2.650000000000002,0.13472641655241244,0.7536963863094333,-0.5233541982447402,0.23832290087762992,0.3828215805218381,0.9274206526023384
2.66,0.09870711531530008,0.7587750173997647,-0.5236079905714242,0.23819600471428792,0.38258418081641893,0.9271720171759531
2.6700000000000017,0.06249590458818133,0.7621680022223449,-0.5238145915114727,0.23809270424426365,0.3823629825512322,0.926923690484943
2.6799999999999997,0.02617406691691032,0.7638644156906302,-0.5239788437467088,0.2380105781266456,0.38215635783582047,0.9266756476952962
2.6900000000000013,-0.010176416816153333,0.7638575346548321,-0.5241056185892264,0.23794719070538678,0.38196265940147023,0.9264278666712104
2.6999999999999993,-0.046473100767515124,0.7621448829400325,-0.5241997979505595,0.23790010102472026,0.38178022856305155,0.9261803279372925
2.710000000000001,-0.0826333104463797,0.7587282623929579,-0.5242662563897658,0.23786687180511712,0.3816074030168849,0.9259330147144039
2.719999999999999,-0.118574381084323,0.7536137695993881,-0.5243098432963957,0.23784507835180213,0.38144252436616505,0.925685912908272
2.7300000000000004,-0.15421389712890518,0.7468117981713971,-0.524335365265832,0.237832317367084,0.38128394535951815,0.9254390110775175
2.740000000000002,-0.18946993192477982,0.7383370266515688,-0.5243475687235171,0.23782621563824147,0.3811300368733288,0.9251923004730009
2.75,-0.224261286636225,0.7282083917167821,-0.5243511228533448,0.23782443857332758,0.38097919446161277,0.924945774890637
2.7600000000000016,-0.25850772749241135,0.7164490472114629,-0.5243506028868183,0.23782469855659083,0.3808298446890369,0.9246994307185842
2.7699999999999996,-0.29213022040238135,0.7030863087228988,-0.5243504738053228,0.23782476309733858,0.3806804510301045,0.9244532668371083
2.780000000000001,-0.32505116203588175,0.6881515841101127,-0.5243550745092544,0.23782246274537278,0.3805295194377614,0.9242072845513285
2.789999999999999,-0.3571946064930165,0.6716802902831548,-0.5243686025048169,0.23781569874759156,0.3803756036020725,0.923961487593189
2.8000000000000007,-0.38848648656519935,0.6537117562181461,-0.5243950991575411,0.23780245042122944,0.3802173097261571,0.9237158819041887
2.8099999999999987,-0.4188548289103867,0.6342891131165351,-0.5244384355610195,0.23778078221949023,0.38005330110384183,0.923470475658751
2.8200000000000003,-0.4482299621471771,0.6134591716779431,-0.5245022990647725,0.23774885046761374,0.3798823022602685,0.9232252791201506
2.830000000000002,-0.47654471715334434,0.5912722872066103,-0.5245901805049302,0.2377049097475349,0.37970310278732816,0.9229803045284837
2.84,-0.503734618855866,0.5677822131377978,-0.5247053621777564,0.23764731891112179,0.37951456091615254,0.9227355660684218
2.8500000000000014,-0.5297380685827874,0.5430459432880991,-0.5248509065936714,0.2375745467031643,0.3793156066613537,0.9224910796206551
2.8599999999999994,-0.5544965166207323,0.5171235439093265,-0.5250296460468593,0.23748517697657034,0.37910524482321106,0.922246862742269
2.870000000000001,-0.5779546240813208,0.49007797586612395,-0.5252441730316417,0.23737791348417914,0.37888255763693385,0.922002934501681
2.879999999999999,-0.6000604136405527,0.4619749078397279,-0.525496831534525,0.2372515842327375,0.37864670719946725,0.9217593153555983
2.8900000000000006,-0.6207654085811815,0.43288252127245264,-0.5257897092274171,0.23710514538629146,0.378396937657454,0.9215160270139681
2.900000000000002,-0.6400247596579727,0.4028713078333553,-0.5261246305838875,0.23693768470805626,0.3781325771639505,0.9212730922791764
2.91,-0.6577973594382629,0.37201386027413497,-0.5265031509373166,0.2367484245313417,0.37785303965960587,0.921030534926469
2.9200000000000017,-0.6740459436906754,0.3403846574575268,-0.5269265514958913,0.23653672425205435,0.37755782644461594,0.9207883795474849
2.9299999999999997,-0.6887371795683449,0.3080598444537626,-0.5273958353263415,0.23630208233682926,0.37724652757998817,0.9205466514002452
2.9400000000000013,-0.7018417403475982,0.2751170085697271,-0.5279117243145081,0.23604413784274597,0.3769188231232624,0.920305376256826
2.9499999999999993,-0.7133343665514927,0.2416349521969559,-0.5284746571073679,0.23576267144631607,0.3765744842081858,0.9200645802504271
2.960000000000001,-0.7231939133563448,0.20769346336509675,-0.5290847880375286,0.23545760598123572,0.37621337397820304,0.9198242897276466
2.969999999999999,-0.7314033842011841,0.1733730848862507,-0.5297419870278427,0.23512900648607865,0.3758354483626844,0.9195845310813613
2.9800000000000004,-0.7379499506622554,0.13875488298278432,-0.5304458404702331,0.23477707976488343,0.37544075672267907,0.9193453306055148
2.990000000000002,-0.7428249586129894,0.10392021626737992,-0.5311956530693404,0.23440217346532982,0.37502944234001423,0.9191067143303934
3.0,-0.746023920855216,0.06895050594155835,-0.531990450638313,0.23400477468084352,0.3746017427741715,0.9188687078838531
3.0100000000000016,-0.7475464963286694,0.033927008060918536,-0.5328289838308176,0.23358550808459122,0.3741579900420526,0.9186313363147464
3.0199999999999996,-0.7473964562415092,-0.0010694113104619124,-0.5337097327902433,0.23314513360487837,0.3736986106620271,0.9183946239596299
3.030000000000001,-0.7455816373240965,-0.03595849724958004,-0.5346309126937469,0.23268454365312657,0.3732241255061524,0.9181585942782856
3.039999999999999,-0.7421138826331471,-0.07066082266562831,-0.5355904801661389,0.23220475991693057,0.37273514948842296,0.9179232697242309
3.0500000000000007,-0.7370089702058303,-0.10509799976767828,-0.5365861405355885,0.23170692973220575,0.37223239102710604,0.917688671573265
3.0599999999999987,-0.7302865301158095,-0.1391928856313039,-0.5376153559008728,0.23119232204956358,0.3717166513215941,0.9174548198027958
3.0700000000000003,-0.7219699503116559,-0.1728697811633395,-0.5386753539766955,0.23066232301165224,0.3711888233744639,0.9172217329383304
3.080000000000002,-0.7120862718398768,-0.20605462286413148,-0.539763137681972,0.23011843115901398,0.3706498907818855,0.9169894279362123
3.09,-0.7006660739262415,-0.23867516675634004,-0.5408754954331954,0.22956225228340232,0.3701009262273535,0.9167579200298651
3.1000000000000014,-0.6877433495994524,-0.27066116398690027,-0.5420090121038385,0.22899549394808077,0.36954308970978544,0.9165272226239639
3.1099999999999994,-0.673355372390873,-0.30194452755293244,-0.5431600806077871,0.22841995969610646,0.36897762643784204,0.9162973471601196
3.120000000000001,-0.6575425548234176,-0.33245948974794753,-0.5443249140643295,0.22783754296783526,0.3684058644101546,0.9160683030202019
3.129999999999999,-0.6403482992830464,-0.36214274986255385,-0.5454995584996757,0.22725022075016216,0.3678292116161732,0.9158400973947599
3.1400000000000006,-0.6218188420368603,-0.39093361185827935,-0.5466799060402344,0.2266600469798828,0.3672491528896363,0.9156127352001943
3.150000000000002,-0.6020030910257927,-0.41877411164243844,-0.5478617085499522,0.2260691457250239,0.3666672463510077,0.9153862189708752
3.16,-0.5809524581927135,-0.44560913374746147,-0.5490405916649571,0.22547970416752144,0.3660851194597097,0.9151605487864551
3.1700000000000017,-0.5587206870134191,-0.4713865171446795,-0.5502120691764586,0.2248939654117707,0.36550446462476294,0.9149357221739559
3.1799999999999997,-0.5353636759979973,-0.49605715010802387,-0.5513715577142951,0.22431422114285243,0.3649270344025581,0.9147117340494062
3.1900000000000013,-0.510939298841841,-0.5195750539611673,-0.5525143916810915,0.22374280415945424,0.36435463624048414,0.9144885766451479
3.1999999999999993,-0.4855072219686597,-0.5418974557013659,-0.5536358383888484,0.22318208080557578,0.3637891267889061,0.9142662394663069
3.210000000000001,-0.4591287201502119,-0.5629848494344891,-0.5547311133480898,0.2226344433259551,0.36323240575406607,0.9140447092325172
3.219999999999999,-0.4318664909226406,-0.5828010467124642,-0.5557953956619995,0.22210230216900023,0.36268640932318486,0.913823969848711
3.2300000000000004,-0.4037844684701714,-0.6013132158127668,-0.5568238434762295,0.22158807826188526,0.36215310315142607,0.9136040023732768
3.240000000000002,-0.37494763765097344,-0.6184919101043216,-0.5578116094375886,0.22109419528120572,0.3616344749344764,0.9133847849991212
3.25,-0.34542184881922156,-0.634311085699514,-0.5587538561143375,0.22062307194283126,0.3611325266031105,0.9131662930735163
3.2600000000000016,-0.3152736340555615,-0.6487481084424346,-0.55964577133095,0.22017711433452503,0.3606492660945801,0.9129484990440868
3.2699999999999996,-0.2845700254422711,-0.6617837507427534,-0.5604825833757484,0.2197587083121258,0.36018669885469173,0.9127313725269415
3.280000000000001,-0.25337837593633106,-0.6734021782542278,-0.5612595760333118,0.2193702119833441,0.35974681898165256,0.9125148802944335
3.289999999999999,-0.2217661834067295,-0.6835909268929686,-0.5619721034028907,0.21901394829855464,0.3593316001387768,0.9122989863176679
3.3000000000000007,-0.18980091834800997,-0.6923408705097049,-0.5626156044599256,0.21869219777003718,0.3589429862749389,0.9120836518465242
3.3099999999999987,-0.1575498557999955,-0.6996461793817006,-0.5631856173195476,0.21840719134022618,0.35858288211584016,0.9118688353823757
3.3200000000000003,-0.12507991187390488,-0.7055042702941319,-0.5636777931698113,0.21816110341509437,0.3582531436560045,0.911654492815358
3.330000000000002,-0.09245748537280651,-0.7099157482616337,-0.5640879098315242,0.21795604508423788,0.35795556855262706,0.9114405774648372
3.34,-0.05974830487277,-0.7128843405117571,-0.5644118849149371,0.21779405754253145,0.35769188657350487,0.9112270401580961
3.3500000000000014,-0.02701728159705724,-0.7144168232034498,-0.5646457885397571,0.21767710573012145,0.35746375018349896,0.9110138293663209
3.3599999999999994,0.0056716314952031666,-0.7145229411471716,-0.564785855584631,0.2176070722076845,0.357272725249711,0.9108008912478542
3.370000000000001,0.038255574232801015,-0.7132153212546469,-0.5648284974433355,0.21758575127833224,0.3571202820592281,0.9105881697871693
3.379999999999999,0.07067290705274912,-0.7105093800655466,-0.5647703132556265,0.21761484337218673,0.35700778666312516,0.9103756069267632
3.3900000000000006,0.102863331872248,-0.7064232258178963,-0.564608100589805,0.21769594970509748,0.35693649260716626,0.9101631426675385
3.400000000000002,0.13476800591889618,-0.7009775556841601,-0.5643388655557333,0.21783056722213334,0.3569075331904243,0.9099507152417803
3.41,0.1663296482484671,-0.6941955485236346,-0.5639598323238001,0.21802008383809995,0.35692191424613057,0.9097382612329644
3.4200000000000017,0.1974926388998569,-0.6861027537322314,-0.5634684520352826,0.2182657739823587,0.35698050755558774,0.9095257157099066
3.4299999999999997,0.2282031106573489,-0.6767269767343443,-0.5628624110853262,0.2185687944573369,0.35708404499280566,0.9093130124255799
3.4400000000000013,0.2584090332229778,-0.6660981614654963,-0.5621396387630512,0.2189301806184744,0.35723311337239877,0.9091000839443378
3.4499999999999993,0.28806028993457256,-0.6542482704696788,-0.5612983142385443,0.21935084288072787,0.35742815013991136,0.9088868618352823
3.460000000000001,0.31710874693024765,-0.6412111630009923,-0.5603368728830747,0.21983156355846267,0.35766943989414196,0.9086732768432997
3.469999999999999,0.34550831479054445,-0.6270224715988977,-0.5592540119158615,0.22037299404206923,0.35795711177436906,0.9084592590333256
3.4800000000000004,0.3732150028692448,-0.6117194776717064,-0.5580486953700089,0.22097565231499555,0.3582911378089178,0.9082447380160288
3.490000000000002,0.4001869661942981,-0.5953409864105615,-0.5567201583713137,0.22163992081434314,0.35867133214549524,0.9080296431004207
3.5,0.4263845452246362,-0.5779272015462783,-0.555267910728249,0.2223660446358755,0.3590973512480747,0.9078139034945693
3.5100000000000016,0.45177029851686146,-0.5595196003179841,-0.5536917398299968,0.22315413008500162,0.3595686950229437,0.907597448496843
3.5199999999999996,0.47630902842643186,-0.5401608090411657,-0.5519917128536037,0.22400414357319814,0.36008470884798,0.9073802076547589
3.530000000000001,0.49996780017276166,-0.5198944796846658,-0.5501681782815174,0.22491591085924129,0.3606445865447657,0.9071621109866657
3.539999999999999,0.5227159542769196,-0.49876516776531543,-0.5482217667325815,0.22588911663370925,0.3612473741882403,0.9069430891467154
3.5500000000000007,0.5445251127285773,-0.47681821192407003,-0.5461533911114936,0.22692330444425318,0.3618919747709726,0.9067230736212248
3.5599999999999987,0.5653691790377274,-0.4540996154865677,-0.5439642460824652,0.2280178769587674,0.36257715364831056,0.9065019969128072
3.5700000000000003,0.5852243324037785,-0.4306559303054809,-0.5416558068749763,0.22917209656251186,0.3633015447065727,0.9062797927053814
3.580000000000002,0.6040690163413052,-0.40653414315409214,-0.5392298274297457,0.23038508628512716,0.3640636572268591,0.906056396061248
3.59,0.6218839219085385,-0.3817815649264485,-0.5366883378955631,0.23165583105221843,0.3648618833360211,0.9058317435810778
3.6000000000000014,0.63865196590565,-0.35644572286657566,-0.5340336414875333,0.23298317925623335,0.36569450601049064,0.9056057735822263
3.6099999999999994,0.6543582642493664,-0.33057425604739565,-0.531268310719483,0.2343658446402585,0.3665597075350524,0.9053784262547159
3.620000000000001,0.6689901008548993,-0.3042148142763022,-0.5283951830231579,0.23580240848842104,0.3674555783584641,0.9051496438208932
3.629999999999999,0.6825368922942174,-0.2774149605975918,-0.5254173557688528,0.23729132211557358,0.3683801262643017,0.9049193706895354
3.6400000000000006,0.6949901485121088,-0.2502220775398786,-0.5223381807024665,0.23883090964876674,0.3693312857778421,0.904687553598931
3.650000000000002,0.7063434299025476,-0.22268327723054973,-0.5191612578149825,0.24041937109250877,0.3703069277385427,0.9044541417565999
3.66,0.7165923010194234,-0.19484531549037098,-0.5158904286611734,0.2420547856694133,0.3713048689583986,0.9042190869656885
3.6700000000000017,0.7257342812321861,-0.16675450998236757,-0.512529769144799,0.2437351154276005,0.3723228819032807,0.9039823437516233
3.6799999999999997,0.733768792584673,-0.13845666249906252,-0.5090835817889994,0.2454582091055003,0.3733587043184972,0.9037438694722443
3.6900000000000013,0.7406971051681219,-0.10999698541719465,-0.5055563875101297,0.24722180624493517,0.3744100487451246,0.9035036244296968
3.6999999999999993,0.7465222802469206,-0.08142003238321546,-0.5019529169157267,0.24902354154213663,0.3754746118509032,0.9032615719593922
3.710000000000001,0.7512491114511624,-0.05276963321004454,-0.4982781011449071,0.25086094942754644,0.3765500835364678,0.9030176785234373
3.719999999999999,0.7548840642677515,-0.024088833012648136,-0.4945370622736278,0.2527314688631861,0.3776341557517375,0.902771913787497
3.7300000000000004,0.7574352141011202,0.004580164443522952,-0.49073510330484676,0.2546324483475766,0.3787245309808765,0.902524250689342
3.740000000000002,0.7589121831598218,0.03319604922135458,-0.48687769776545736,0.2565611511172713,0.3798189303577145,0.9022746655058568
3.75,0.7593260763782352,0.06171845351824651,-0.48297047893343004,0.258514760533285,0.38091510135877044,0.902023137892724
3.7600000000000016,0.7586894166532627,0.09010799591900354,-0.4790192287147934,0.2604903856426033,0.38201082506592904,0.9017696509357158
3.7699999999999996,0.7570160795743472,0.11832632160377109,-0.475029866196813,0.2624850669015935,0.3831039229498941,0.901514191179127
3.780000000000001,0.7543212278817395,0.14633613861957734,-0.4710084358985176,0.2644957820507412,0.38419226316360905,0.9012567486497237
3.789999999999999,0.750621245850265,0.1741012502997176,-0.46696109574334305,0.2665194521283285,0.3852737663265334,0.9009973168747799
3.8000000000000007,0.7459336737780149,0.2015865838995534,-0.46289410477862863,0.2685529476106857,0.38634641077802756,0.9007358928804079
3.8099999999999987,0.7402771427816562,0.2287582156040278,-0.4588138106645847,0.27059309466770765,0.3874082373063689,0.9004724771962045
3.8200000000000003,0.7336713100439155,0.25558339196342017,-0.4547266369604024,0.2726366815197988,0.3884573533314443,0.9002070738393473
3.830000000000002,0.7261367946861847,0.282030547912433,-0.4506390702306022,0.2746804648846989,0.3894919365509746,0.8999396902966416
3.84,0.7176951144077864,0.30806932149031707,-0.44655764699842027,0.27672117650078987,0.3905102380502687,0.8996703375020629
3.8500000000000014,0.7083686230212402,0.3336705653502599,-0.44248894057338856,0.27875552971330575,0.39151058487037416,0.8993990297926331
3.8599999999999994,0.6981804490214646,0.3588063552645223,-0.4384395477759392,0.2807802261120304,0.39249138206272266,0.8991257848755059
3.870000000000001,0.6871544352883161,0.3834499956920156,-0.43441607558994827,0.2827919622050259,0.3934511142227874,0.8988506237766001
3.879999999999999,0.6753150800334863,0.4075760225713798,-0.43042512776801645,0.2847874361159918,0.3943883465240003,0.8985735707830791
3.8900000000000006,0.6626874790797105,0.4311602035056037,-0.42647329141593215,0.2867633542920339,0.39530172527324464,0.898294653388939
3.900000000000002,0.6492972695548997,0.45417953543675704,-0.4225671235871427,0.28871643820642867,0.3961899779969821,0.8980139022296415
3.91,0.6351705750773347,0.47661223993659146,-0.4187131379135453,0.2906434310432273,0.39705191307354476,0.8977313509969754
3.9200000000000017,0.6203339524832157,0.4984377563646518,-0.4149177912969755,0.29254110435151226,0.3978864189606364,0.8974470363804411
3.9299999999999997,0.6048143401606735,0.5196367328914874,-0.4111874706971616,0.29440626465141917,0.3986924630069303,0.8971609979777648
3.9400000000000013,0.5886390080279382,0.5401910156184302,-0.40752848003882874,0.2962357599805856,0.39946908989525903,0.8968732782114451
3.9499999999999993,0.5718355091866293,0.5600836359172968,-0.40394702726828263,0.2980264863658587,0.40021541973950436,0.8965839222448467
3.960000000000001,0.554431633288038,0.5792987960965436,-0.40044921159005104,0.29977539420497445,0.4009306458570317,0.8962929778886141
3.969999999999999,0.536455361624886,0.5978218535521896,-0.3970410109095715,0.3014794945452143,0.40161403225007686,0.8960004955047499
3.9800000000000004,0.5179348239504424,0.6156393035531489,-0.39372826951170403,0.303135865244148,0.4022649108299101,0.8957065279167408
3.990000000000002,0.4988982570508105,0.6327387607391173,-0.3905166860054199,0.30474165699729006,0.4028826784034064,0.8954111303075623
4.0,0.47937396504898583,0.6491089395017271,-0.3874118015607471,0.30629409921962647,0.40346679346256087,0.8951143601218711
4.010000000000002,0.45939028143811084,0.6647396333535668,-0.38441898846793676,0.3077905057660316,0.4040167728049236,0.8948162769672513
4.02,0.4389755328454511,0.679621693384046,-0.3815434390473984,0.3092282804763008,0.4045321880132488,0.8945169425087832
4.030000000000001,0.41815800447927687,0.6937470059560811,-0.378790154935561,0.3106049225322195,0.405012661833898,0.8942164203699371
4.039999999999999,0.3969659072576056,0.7071084697187273,-0.3761639367768018,0.3119180316115991,0.40545786447940996,0.893914776029704
4.050000000000001,0.3754273465893608,0.7196999720476828,-0.3736693743468306,0.31316531282658466,0.40586750988856063,0.8936120767185922
4.059999999999999,0.35357029276086893,0.7315163650270788,-0.37131083713286656,0.3143445814335667,0.40624135197731814,0.8933083913172132
4.07,0.33142255290301326,0.7425534410560075,-0.3690924653971609,0.31545376730141955,0.40657918090971784,0.8930037902550149
4.080000000000002,0.3090117445205841,0.7528079081572595,-0.3670181617482927,0.31649091912585364,0.40688081941637516,0.8926983454050195
4.09,0.2863652704976511,0.7622773651092193,-0.36509158324125046,0.31745420837937477,0.40714611919587507,0.8923921299847113
4.100000000000001,0.2635102955693479,0.7709602764528553,-0.3633161340314096,0.3183419329842952,0.4073749574223077,0.8920852184555225
4.109999999999999,0.2404737242178988,0.778855947452409,-0.3616949586023023,0.31915252069884886,0.4075672333864732,0.8917776864216422
4.120000000000001,0.21728217992324272,0.7859644990935143,-0.3602309355862502,0.3198845322068749,0.4077228652980831,0.8914696105313183
4.129999999999999,0.1939619857275242,0.79228684317813,-0.3589266721968758,0.3205366639015621,0.4078417872718939,0.8911610683792547
4.140000000000001,0.17053914608702797,0.7978246575699032,-0.35778449929067657,0.3211077503546617,0.40792394651902514,0.8908521384086733
4.150000000000002,0.14703932994920688,0.8025803616538307,-0.3568064670713806,0.3215967664643097,0.40796930076425647,0.8905428998135159
4.16,0.12348785496301354,0.8065570920738877,-0.35599434145070213,0.32200282927464896,0.4079778159097784,0.8902334324450926
4.170000000000002,0.09990967285111038,0.8097586787694239,-0.3553496010780326,0.3223251994609837,0.40794946395712395,0.8899238167157545
4.18,0.07632935584069007,0.8121896213737183,-0.3548734350471987,0.32256328247640065,0.40788422120444867,0.8896141335053288
4.190000000000001,0.05277108410713702,0.8138550660070006,-0.35456674128805477,0.3227166293559726,0.4077820667290011,0.8893044640676961
4.199999999999999,0.029258634192132704,0.8147607824963936,-0.35443012564847676,0.3227849371757616,0.4076429811639483,0.8889948899381367
4.210000000000001,0.00581536836756337,0.8149131420531536,-0.35446390166971165,0.3227680491651442,0.4074669457760328,0.888685492841595
4.219999999999999,-0.017535775136971632,0.8143190954358462,-0.3546680910554727,0.32266595447226365,0.4072539418474391,0.8883763546009328
4.23,-0.04077229109589056,0.8129861516187686,-0.3550424248340052,0.3224787875829974,0.40700395036323156,0.8880675570456978
4.240000000000002,-0.06387211543005708,0.8109223569845209,-0.3555863452090474,0.3222068273954763,0.4067169520031225,0.8877591819215215
4.25,-0.08681363262687664,0.8081362750561065,-0.35629900809360593,0.32185049595319704,0.40639292743336264,0.8874513107995958
4.260000000000002,-0.10957568246322709,0.8046369667784293,-0.35717928631823126,0.32141035684088437,0.40603185789223273,0.8871440249860639
4.27,-0.13213756606456817,0.8004339713594438,-0.358225773502864,0.320887113248568,0.4056337260607527,0.8868374054320466
4.280000000000001,-0.15447905135092513,0.7955372876746658,-0.3594367885793855,0.3202816057103073,0.40519851720701233,0.886531532643542
4.289999999999999,-0.17658037791546344,0.7899573562346753,-0.3608103809495768,0.3195948095252116,0.4047262205905511,0.8862264865907723
4.300000000000001,-0.19842226135314456,0.7837050417195945,-0.3623443362607152,0.31882783186964236,0.4042168311120922,0.8859223466181589
4.309999999999999,-0.21998589709391192,0.776791616073166,-0.3640361827794092,0.3179819086102954,0.40367035119072536,0.8856191913539236
4.32,-0.2412529637708526,0.7692287421508237,-0.3658831983418513,0.3170584008290743,0.4030867928496165,0.8853170986194839
4.330000000000002,-0.26220562614884124,0.7610284579165143,-0.3678824178565326,0.31605879107173374,0.4024661799899756,0.8850161453390905
4.34,-0.2828265376548822,0.7522031611750913,-0.3700306413342212,0.31498467933288943,0.40180855083100486,0.8847164074492255
4.350000000000001,-0.3030988425438105,0.74276559482624,-0.37232444241774815,0.31383777879112595,0.40111396049283043,0.8844179598078404
4.359999999999999,-0.32300617771460777,0.7327288326311667,-0.3747601773823875,0.3126199113088063,0.4003824836986607,0.8841208761037778
4.370000000000001,-0.34253267421897926,0.7221062654713694,-0.3773339945767828,0.3113330027116086,0.39961421757133875,0.8838252287663465
4.379999999999999,-0.3616629584861314,0.7109115880826195,-0.38004184427254273,0.30997907786372864,0.3988092844992118,0.8835310888752974
4.390000000000001,-0.3803821532829339,0.6991587862479212,-0.3828794888892925,0.3085602555553537,0.3979678350456942,0.8832385260709327
4.400000000000002,-0.39867587843497,0.6868621244294623,-0.38584251356152044,0.3070787432192398,0.39709005087689153,0.8829476084644666
4.41,-0.416530251346461,0.6740361338112054,-0.3889263370126095,0.30553683149369526,0.39617614768241133,0.8826584025499044
4.420000000000002,-0.4339318873172587,0.6606956007406541,-0.3921262227000418,0.3039368886499791,0.3952263780635004,0.8823709731160555
4.43,-0.4508678996908937,0.6468555555404535,-0.3954372901960554,0.3022813549019723,0.39424103436388586,0.8820853831590374
4.440000000000001,-0.46732589985520473,0.6325312616665726,-0.39885452676774247,0.30057273661612877,0.39322045142037787,0.8818016937974789
4.449999999999999,-0.48329399710987403,0.6177382051895588,-0.40237279911976503,0.2988136004401175,0.39216500920953423,0.8815199641895418
4.460000000000001,-0.4987607984117136,0.6024920845763736,-0.40598686526309774,0.2970065673684511,0.3910751353670654,0.8812402514499839
4.469999999999999,-0.5137154080142871,0.5868088007481874,-0.40969138647388625,0.2951543067630569,0.38995130755865254,0.8809626105673876
4.48,-0.5281474270409201,0.5707044473798765,-0.4134809393067399,0.29325953034663005,0.388794055686656,0.8806870943298183
4.490000000000002,-0.542046952968539,0.5541953014300718,-0.41735002762634665,0.2913249861868267,0.3876039639082803,0.8804137532486405
4.5,-0.5554045790524572,0.5372978138671571,-0.42129309462305686,0.28935345268847157,0.386381672449297,0.8801426354835535
4.510000000000002,-0.5682113937062805,0.520028600568882,-0.42530453477859204,0.287347732610704,0.38512787919964436,0.8798737867731361
4.52,-0.5804589798465055,0.5024044333710859,-0.42937870574881276,0.2853106471255936,0.3838433410765933,0.8796072503713764
4.530000000000001,-0.5921394142048237,0.4844422312407693,-0.43350994013142696,0.2832450299342865,0.382528875140285,0.8793430669864408
4.539999999999999,-0.6032452666103092,0.4661590515491789,-0.4376925570879256,0.28115372145603723,0.38118535944766196,0.8790812747176111
4.550000000000001,-0.6137695992560717,0.4475720814210546,-0.4419208737905366,0.2790395631047317,0.379813733637468,0.8788219089954036
4.559999999999999,-0.6237059659813804,0.42869862913861245,-0.4461892166656166,0.2769053916671917,0.3784149992488711,0.8785650025437896
4.57,-0.6330484115217502,0.4095561155769508,-0.4504919324073686,0.2747540337963157,0.37699021974604724,0.8783105853289126
4.580000000000002,-0.6417914707629275,0.39016206564712097,-0.45482339873630606,0.27258830063184697,0.37554052025516166,0.8780586845149445
4.59,-0.6499301679993532,0.3705340997290162,-0.45917803487912806,0.27041098256043594,0.3740670870103583,0.8778093244282141
4.600000000000001,-0.6574600161999936,0.35068992507547325,-0.46355031174807626,0.26822484412596187,0.37257116650753347,0.8775625265317997
4.609999999999999,-0.6643770162740789,0.3306473271663093,-0.46793476179955656,0.2660326191002217,0.3710540643610686,0.8773183094042206
4.620000000000001,-0.6706776563287176,0.31042416099075143,-0.4723259885536478,0.2638370057231761,0.3695171438598598,0.877076688715744
4.629999999999999,-0.6763589109132514,0.29003834223878017,-0.4767186757577405,0.26164066212112974,0.36796182422242507,0.8768376771994878
4.640000000000001,-0.6814182402960631,0.26950783840680764,-0.4811075961778589,0.25944620191107054,0.36638957858094606,0.8766012846619213
4.650000000000002,-0.6858535897132026,0.24885065977925216,-0.48548762000630524,0.2572561899968474,0.3648019316680818,0.8763675179822914
4.66,-0.6896633885921654,0.22808485027675843,-0.48985372287296136,0.2550731385635193,0.3632004572168789,0.876136381108957
4.670000000000002,-0.6928465497591497,0.20722847816322273,-0.4942009934499251,0.25289950327503746,0.3615867750882916,0.8759078750655779
4.68,-0.6954024686275265,0.1862996266024684,-0.49852464064117935,0.2507376796794103,0.3599625481371212,0.8756819979718061
4.690000000000001,-0.697331022353338,0.16531638405325202,-0.5028200003506603,0.24858999982466984,0.3583294788224916,0.8754587450733655
4.699999999999999,-0.6986325689386211,0.14429683448984704,-0.507082541823592,0.246458729088204,0.3566893055677334,0.8752381087726028
4.710000000000001,-0.6993079462627918,0.12325904743498356,-0.511307873557505,0.24434606322124752,0.3550437988758793,0.8750200786512049
4.719999999999999,-0.6993584710383469,0.10222106780085995,-0.515491748780123,0.24225412560993848,0.3533947572175634,0.8748046414919344
4.73,-0.6987859377579838,0.08120090557379162,-0.5196300704911176,0.24018496475444118,0.35174400274713596,0.8745917813659768
4.740000000000002,-0.6975926174822907,0.06021652526921561,-0.5237188960731423,0.23814055196342887,0.35009337678728364,0.8743814796674061
4.75,-0.6957812565374725,0.03928583520016789,-0.5277544414695309,0.23612277926523456,0.34844473514326446,0.8741737151659591
4.760000000000002,-0.6933550750970379,0.018426676547709422,-0.5317330849326743,0.23413345753366283,0.34679994325670416,0.8739684640668859
4.77,-0.6903177656438557,-0.002343187763538729,-0.5356513703468517,0.23217431482657414,0.34516087122254335,0.8737657000860589
4.780000000000001,-0.6866734912875697,-0.023006084384582737,-0.5395060101306632,0.23024699493466838,0.3435293886830393,0.8735653945314443
4.789999999999999,-0.6824268839094181,-0.04354444105647734,-0.5432938877250645,0.22835305613746776,0.34190735961267316,0.8733675163805066
4.800000000000001,-0.6775830421059937,-0.06394079832095789,-0.5470120596739136,0.22649397016304318,0.3402966370093651,0.873172032344275
4.809999999999999,-0.6721475289487341,-0.08417782141278149,-0.5506577573035695,0.22467112134821526,0.338699057531052,0.8729789069435115
4.82,-0.6661263696130586,-0.10423831230183568,-0.5542283880090096,0.22288580599549518,0.3371164361334998,0.8727881026460395
4.830000000000002,-0.6595260486814523,-0.1241052219392293,-0.5577215361599259,0.22113923192003704,0.3355505606469592,0.8725995799325956
4.84,-0.6523535072428597,-0.1437616626436468,-0.561134963631539,0.21943251818423049,0.33400318638379983,0.8724132973928664
4.850000000000001,-0.6446161397347547,-0.16319092063994312,-0.5644666099723804,0.2177666950138098,0.33247603078487065,0.8722292118242546
4.859999999999999,-0.6363217905290357,-0.18237646873435098,-0.5677145922193263,0.21614270389033685,0.3309707681390041,0.8720472783449562
4.870000000000001,-0.6274787502313313,-0.20130197911344533,-0.5708772043710317,0.21456139781448413,0.3294890243949195,0.8718674505091631
4.879999999999999,-0.6180957516628101,-0.2199513362537604,-0.5739529165311938,0.21302354173440308,0.32803237208522157,0.871689680412756
4.890000000000001,-0.6081819654933112,-0.23830864992938502,-0.5769403737334695,0.21152981313326524,0.32660232538305406,0.8715139187793783
4.900000000000002,-0.5977469955695288,-0.2563582682993894,-0.5798383944590706,0.2100808027704647,0.325200335346483,0.8713401150680099
4.91,-0.5868008739827122,-0.2740847910517033,-0.5826459688589841,0.20867701557050794,0.3238277854017204,0.8711682176367289
4.920000000000002,-0.5753540556490657,-0.2914730826054316,-0.58536225669615,0.20731887165192497,0.322485986996079,0.8709981738211341
4.93,-0.5634174125744928,-0.30850828532859054,-0.5879865850160647,0.20600670749196764,0.32117617552852645,0.8708299300479844
4.940000000000001,-0.5510022277338753,-0.3251758327694803,-0.590518445560427,0.2047407772197865,0.3198995065583169,0.8706634319483743
4.949999999999999,-0.5381201885735194,-0.34146146288112894,-0.5929574919359794,0.20352125403201032,0.3186570523240152,0.8704986244827315
4.960000000000001,-0.5247833801101094,-0.3573512312134829,-0.5953035365509423,0.20234823172452887,0.31744979858616373,0.8703354520641123
4.969999999999999,-0.5110042775998818,-0.37283152404764075,-0.5975565473314803,0.20122172633425983,0.31627864180539583,0.870173858667211
4.98,-0.49679573875168903,-0.38788907144680573,-0.5997166442307855,0.20014167788460724,0.31514438666653327,0.870013787912086
4.990000000000002,-0.48217099555598075,-0.4025109602226838,-0.6017840955429412,0.1991079522285294,0.31404774400353225,0.8698551831789406
5.0,-0.46714364574924816,-0.41668464679888456,-0.6037593140336932,0.1981203429831534,0.3129893291479001,0.8696979877660095
5.010000000000002,-0.4517276437110715,-0.4303979699033539,-0.6056428529012207,0.19717857354938967,0.31196966062010145,0.8695421449590668
5.02,-0.4359372909802494,-0.44363916310281304,-0.6074354015772878,0.1962822992113561,0.31098915925871234,0.8693875981374038
5.030000000000001,-0.4197872263223686,-0.4563968671541024,-0.6091377813819037,0.19543110930904817,0.3100481477655958,0.8692342908781123
5.039999999999999,-0.40329241536256927,-0.4686601421513338,-0.6107509410428057,0.19462452947859715,0.3091468506754854,0.8690821670676232
5.050000000000001,-0.38646813976784794,-0.48041847943485255,-0.6122759520909368,0.19386202395453161,0.3082853947392402,0.8689311710066452
5.059999999999999,-0.369329985964001,-0.4916618132277127,-0.6137140041430913,0.19314299792845435,0.30746380970714726,0.8687812474955232
5.07,-0.3518938333796626,-0.5023805319706224,-0.6150664000830747,0.19246679995846266,0.3066820295003113,0.8686323418943553
5.080000000000002,-0.334175842338603,-0.5125654894093878,-0.616334551152968,0.191832724423516,0.30593989382565007,0.8684844002520314
5.09,-0.3161924414683913,-0.5222080153225893,-0.6175199719638204,0.19124001401808982,0.30523715014267994,0.8683373693922756
5.100000000000001,-0.2979603146577633,-0.5312999258800795,-0.6186242754367103,0.19068786228164486,0.30457345598029845,0.8681911969783649
5.109999999999999,-0.27949638761208895,-0.5398335336363544,-0.61964916768445,0.190175416157775,0.30394838160719,0.8680458315887196
5.120000000000001,-0.2608178139999263,-0.5478016571382619,-0.6205964428442501,0.18970177857787496,0.30336141303036795,0.8679012227978842
5.129999999999999,-0.24194196119841696,-0.5551976301171649,-0.6214679778706402,0.18926601106467988,0.30281195529414484,0.8677573212568565
5.140000000000001,-0.2228863956362034,-0.5620153102283947,-0.6222657272978751,0.18886713635106245,0.30229933604410086,0.8676140787587362
5.150000000000002,-0.20366886773346088,-0.5682490873007104,-0.6229917179811048,0.18850414100944762,0.3018228093194418,0.8674714482765232
5.16,-0.1843072964938276,-0.5738938911311168,-0.6236480438265145,0.18817597808674275,0.3013815595795792,0.8673293840215008
5.170000000000002,-0.1648197537789871,-0.5789451988254725,-0.6242368605186492,0.18788156974067538,0.300974705946709,0.86718784153666
5.18,-0.14522444818071695,-0.5833990415370526,-0.6247603802520725,0.18761980987396376,0.3006013065572676,0.8670467777164388
5.190000000000001,-0.1255397086022084,-0.5872520106982185,-0.625220866477449,0.1873895667612755,0.30026036306222137,0.8669061508513134
5.199999999999999,-0.10578396753313557,-0.5905012637029633,-0.6256206286697317,0.18718968566513416,0.29995082522883987,0.8667659206723337
5.210000000000001,-0.08597574404226181,-0.5931445290270003,-0.6259620171262146,0.1870189914368927,0.29967159561688633,0.8666260483986169
5.219999999999999,-0.06613362650066079,-0.5951801107504197,-0.6262474178017402,0.1868762910991299,0.29942153429029233,0.8664864967732377
5.23,-0.04627625504856464,-0.5966068924480136,-0.6264792471883238,0.1867603764058381,0.29919946352633864,0.8663472300731644
5.240000000000002,-0.026422303839864963,-0.597424340470865,-0.6266599472472921,0.18667002637635394,0.2990041725157252,0.8662082141213122
5.25,-0.006590463113503031,-0.597632506683407,-0.6267919804014446,0.18660400979927771,0.2988344220671135,0.8660694163543173
5.260000000000002,0.013200578953763906,-0.5972320304542079,-0.6268778245909505,0.18656108770452473,0.2986889491951328,0.8659308058090167
5.27,0.03293215453119738,-0.5962241400365631,-0.6269199684024326,0.1865400157987837,0.2985664716459326,0.8657923531344643
5.280000000000001,0.05258563455329006,-0.5946106532946651,-0.6269209062764438,0.1865395468617781,0.29846569232194875,0.86565403060308
5.289999999999999,0.07214244724568744,-0.592393977774658,-0.6268831337994787,0.18655843310026066,0.2983853035917983,0.8655158121262336
5.300000000000001,0.09158409673339678,-0.5895771100925773,-0.6268091430860377,0.18659542845698113,0.2983239914587776,0.8653776732593926
5.309999999999999,0.1108921817062105,-0.5861636346110439,-0.6267014182560897,0.18664929087195514,0.2982804395631704,0.865239591181649
5.32,0.13004841411431212,-0.5821577214417832,-0.6265624310141178,0.1867187844929411,0.2982533330274519,0.8651015446791536
5.330000000000002,0.14903463786420657,-0.5775641238420137,-0.6263946363355454,0.1868026818322273,0.2982413621685916,0.8649635141800192
5.34,0.16783284749753508,-0.572388174818653,-0.6262004682623737,0.18689976586881313,0.29824322597980313,0.8648254817148809
5.350000000000001,0.18642520681275648,-0.5666357830806118,-0.6259823358157962,0.1870088320921019,0.29825763544398876,0.8646874308997197
5.359999999999999,0.20479406741467027,-0.560313428308304,-0.6257426190289118,0.1871286904855441,0.29828331666003777,0.8645493469201231
5.370000000000001,0.22292198716331846,-0.5534281557490339,-0.6254836651039646,0.1872581674480177,0.29831901378248576,0.8644112165216901
5.379999999999999,0.2407917484891815,-0.5459875701196667,-0.6252077846979308,0.1873961076510346,0.29836349176200133,0.8642730279908944
5.390000000000001,0.258386376541863,-0.5379998287977962,-0.6249172483398655,0.18754137583006725,0.2984155388752785,0.8641347711101321
5.400000000000002,0.27568915715383663,-0.5294736343395748,-0.6246142829840047,0.18769285850799766,0.2984739690630284,0.8639964371110409
5.41,0.2926836546181289,-0.5204182264317149,-0.6243010687033601,0.18784946564831995,0.29853762412925267,0.8638580186970041
5.420000000000002,0.3093537291984378,-0.5108433730638562,-0.6239797355228982,0.1880101322385509,0.29860537569350565,0.8637195099773216
5.43,0.32568355438086927,-0.5007593610975816,-0.6236523603988783,0.18817381980056086,0.29867612698415263,0.8635809064309534
5.440000000000001,0.3416576338404035,-0.4901769861987444,-0.6233209643451764,0.18833951782741182,0.29874881445802726,0.8634422048710081
5.449999999999999,0.3572608180982814,-0.4791075421535137,-0.6229875097092736,0.18850624514536318,0.29882240925700093,0.8633034034164331
5.460000000000001,0.37247832083384347,-0.4675628095616795,-0.622653897599998,0.188673051200001,0.2988959184968954,0.8631645014554756
5.469999999999999,0.38729573481382784,-0.45555504390053714,-0.6223219654684862,0.18883901726575691,0.2989683863839968,0.8630254995843187
5.48,0.40169904743650553,-0.4430969630085929,-0.6219934848443172,0.18900325757784142,0.2990388951870786,0.8628863995495654
5.490000000000002,0.4156746559089207,-0.4302017340747657,-0.6216701592294264,0.18916492038528682,0.29910656611228675,0.8627472042506282
5.5,0.42920938193208924,-0.41688295997643393,-0.621353622147757,0.1893231889261215,0.29917055998929737,0.8626079176621188
5.510000000000002,0.44229048594948306,-0.403154665122876,-0.6210454353546556,0.1894772823226722,0.2992300778547204,0.8624685447867777
5.52,0.4549056809235934,-0.3890312807827234,-0.6207470872050475,0.18962645639747627,0.2992843614207082,0.8623290916103638
5.530000000000001,0.46704314562095306,-0.3745276299194299,-0.6204599911812435,0.18977000440937825,0.2993326934384967,0.8621895650616568
5.539999999999999,0.478691537369745,-0.35965891154025126,-0.6201854845805699,0.18990725770971506,0.2993743979533522,0.8620499729622202
5.550000000000001,0.4898400042573247,-0.3444406845664681,-0.6199248273622676,0.1900375863188662,0.29940884044873867,0.8619103239523068
5.559999999999999,0.5004781968151,-0.3288888513071965,-0.6196792011543168,0.19016039942284158,0.2994354279312408,0.861770627455307
5.57,0.5105962791300837,-0.3130196405169557,-0.619449708418922,0.190275145790539,0.2994536089325233,0.8616308936378373
5.580000000000002,0.5201849393409439,-0.2968495900389064,-0.6192373717756686,0.1903813141121657,0.29946287341814526,0.8614911333420942
5.59,0.5292353995488764,-0.2803955290985709,-0.6190431334820908,0.19047843325895458,0.2994627526396757,0.8613513580330922
5.600000000000001,0.5377394251253935,-0.2636745602605487,-0.6188678550697646,0.1905660724651177,0.29945281893095543,0.8612115797534503
5.609999999999999,0.5456893333925386,-0.2467040410686397,-0.6187123171348806,0.1906438414325597,0.29943268544782736,0.8610718110775681
5.620000000000001,0.5530780016441779,-0.22950156538430722,-0.6185772192814045,0.19071139035929774,0.29940200584522003,0.8609320650495482
5.629999999999999,0.559898874508161,-0.21208494445444176,-0.6184631802146087,0.19076840989269567,0.29936047390217907,0.8607923551129603
5.640000000000001,0.5661459707190661,-0.19447218777436936,-0.6183707379840697,0.19081463100796514,0.2993078231433248,0.8606526950949182
5.650000000000002,0.5718138891551658,-0.1766814837006513,-0.6183003503718947,0.19084982481405266,0.2992438263830266,0.8605130991352935
5.66,0.5768978142213261,-0.15873117989027588,-0.6182523954252891,0.19087380228735545,0.29916829524646443,0.8603735816328921
5.670000000000002,0.581393520560298,-0.14063976357934654,-0.6182271721297846,0.1908864139351077,0.29908107966283665,0.86023415719718
5.68,0.5852973770875591,-0.12242584172893545,-0.6182249012204881,0.19088754938975594,0.2989820673337344,0.86009484060637
5.690000000000001,0.5886063503254608,-0.10410812106058318,-0.6182457261283184,0.1908771369358408,0.2988711831685284,0.8599556467575266
5.699999999999999,0.5913180070170647,-0.08570538800501304,-0.618289714057446,0.19085514297127698,0.29874838868005765,0.859816590596484
5.710000000000001,0.593430516099671,-0.06723648860703042,-0.6183568571910478,0.1908215714044761,0.2986136813838765,0.859677687086105
5.719999999999999,0.594942649971047,-0.04872030839865703,-0.618447074021238,0.190776462989381,0.2984670941682818,0.859538951165369
5.73,0.5958537850361176,-0.03017575226692462,-0.618560210799294,0.190719894600353,0.2983086946297169,0.8594003976906281
5.740000000000002,0.5961639015786689,-0.01162172434993769,-0.6186960431024469,0.19065197844877657,0.29813858439590085,0.859262041389582
5.75,0.5958735829555015,0.00692289201859933,-0.6188542775127186,0.1905728612436407,0.2979568984342065,0.8591238968239197
5.760000000000002,0.5949840141023426,0.025439254288699684,-0.6190345534037908,0.19048272329810462,0.29776380433831345,0.8589859783511791
5.77,0.5934969793346662,0.04390858057020777,-0.6192364448312213,0.19038177758438934,0.2975595015820633,0.8588483000706666
5.780000000000001,0.5914148594735492,0.06231216938254269,-0.6194594625212468,0.19027026873937658,0.2973442207523448,0.8587108757704125
5.789999999999999,0.5887406283645178,0.08063141925776268,-0.6197030559542342,0.19014847202288288,0.2971182227912688,0.8585737189185243
5.800000000000001,0.5854778486639127,0.09884784816456467,-0.6199666155366519,0.19001669223167406,0.29688179818022203,0.8584368426057091
5.809999999999999,0.5816306669968411,0.11694311273166007,-0.6202494748577595,0.18987526257112025,0.2966352661125106,0.8583002595058948
5.82,0.5772038084793384,0.13489902725366346,-0.6205509130252975,0.18972454348735124,0.2963789736456676,0.8581639818435447
5.830000000000002,0.5722025706142926,0.15269758245488663,-0.6208701570752874,0.18956492146235632,0.2961132948320505,0.8580280213675212
5.84,0.5666328165523484,0.17032096398223556,-0.6212063844507243,0.18939680777463785,0.2958386298161066,0.8578923893171139
5.850000000000001,0.5605009677141697,0.1877515706000547,-0.6215587255435581,0.18922063722822097,0.2955554038887244,0.85775709636857
5.859999999999999,0.5538139958694074,0.2049720320950349,-0.6219262662951738,0.1890368668524131,0.2952640665412945,0.8576221526230904
5.870000000000001,0.5465794146148535,0.22196522684766498,-0.6223080508495026,0.1888459745752487,0.2949650904811666,0.8574875675847192
5.879999999999999,0.5388052702570758,0.23871429904464414,-0.6227030842532781,0.18864845787336093,0.2946589706021082,0.8573533501210113
5.890000000000001,0.5305001321559357,0.25520267552960013,-0.6231103351982563,0.18844483240087184,0.29434622293097784,0.8572195084374917
5.900000000000002,0.5216730825361033,0.27141408227575237,-0.6235287387996751,0.18823563060016246,0.2940273835462902,0.8570860500611489
5.91,0.512333705771942,0.28733256045504885,-0.6239571994055038,0.18802140029724812,0.2937030074614768,0.8569529818243383
5.920000000000002,0.5024920771451966,0.3029424820753303,-0.6243945934308196,0.1878027032845902,0.2933736674616759,0.8568203098347369
5.93,0.49215875110580565,0.31822856517865944,-0.6248397722118034,0.1875801138940983,0.293039952901347,0.8566880394422424
5.940000000000001,0.48134474911597697,0.33317588862935693,-0.6252915648744097,0.18735421756279513,0.2927024685006451,0.8565561752556412
5.949999999999999,0.470061546975707,0.3477699063961394,-0.6257487812111271,0.18712560939443645,0.2923618330681924,0.8564247211093251
5.960000000000001,0.4583210617323079,0.36199646136840813,-0.6262102145612596,0.1868948927193702,0.29201867819999094,0.8562936800488126
5.969999999999999,0.44613563817426205,0.3758417986884715,-0.6266746446890538,0.18666267765547312,0.2916736469457524,0.856163054322419
5.98,0.43351803492926005,0.38929257858758975,-0.6271408406543276,0.1864295796728362,0.2913273924437513,0.8560328453797311
5.990000000000002,0.4204814101732296,0.4023358887000845,-0.6276075636701881,0.18619621816490595,0.29098057651557885,0.8559030538638028
6.0,0.4070393069600141,0.4149592558338535,-0.6280735699425808,0.1859632150287096,0.29063386821423365,0.8557736795865435
6.010000000000002,0.3932056382430409,0.4271506572473621,-0.62853761348711,0.185731193256445,0.29028794236626954,0.8556447215410391
6.02,0.37899467156419053,0.4388985313744703,-0.6289984489173949,0.18550077554130256,0.2899434780766398,0.8555161779050143
6.030000000000001,0.36442101342666544,0.45019178798209114,-0.6294548342001562,0.18527258289992188,0.28960115719443785,0.8553880460302073
6.039999999999999,0.34949959339672965,0.46101981778373374,-0.6299055333724538,0.1850472333137731,0.28926166276134246,0.8552603224440275
6.050000000000001,0.33424564794800177,0.4713725015012019,-0.6303493192163082,0.1848253403918459,0.28892567744304076,0.8551330028598729
6.059999999999999,0.3186747040637003,0.48124021835701275,-0.630784975885896,0.184607512057052,0.28859388194069197,0.8550060821875846
6.07,0.3028025626085521,0.4906138539757646,-0.6312113014827786,0.1843943492586107,0.28826695337623204,0.8548795545308369
6.080000000000002,0.28664528149998586,0.499484807708285,-0.6316271105752133,0.18418644471239337,0.28794556366507396,0.8547534131848677
6.09,0.2702191587262142,0.5078449994306256,-0.6320312366574892,0.18398438167125541,0.28763037791121565,0.8546276506761235
6.100000000000001,0.25354071517404514,0.5156868757024194,-0.6324225345444212,0.1837887327277894,0.2873220527660072,0.8545022587578563
6.109999999999999,0.236626677330452,0.5230034153625773,-0.632799882697828,0.18360005865108597,0.2870212348003935,0.8543772284229931
6.120000000000001,0.2194939598653794,0.5297881345489734,-0.6331621854813119,0.18341890725934407,0.28672855888726273,0.8542525499228768
6.129999999999999,0.2021596481169434,0.536035091141116,-0.6335083753396009,0.18324581233019954,0.28644464659922997,0.8541282127917633
6.140000000000001,0.18464098049468886,0.541738888608684,-0.6338374148988889,0.18308129255055555,0.28617010461830755,0.8540042058647712
6.150000000000002,0.1669553308180683,0.5468946792542518,-0.634148298985175,0.1829258505074125,0.28590552315633116,0.8538805172803584
6.16,0.14912019062630075,0.5514981669268768,-0.634440056558259,0.18277997172087052,0.28565147442999905,0.8537571345188141
6.170000000000002,0.1311531514621659,0.5555456091396725,-0.6347117525575929,0.18264412372120353,0.28540851116111954,0.8536340444286173
6.18,0.11307188715142064,0.5590338185955116,-0.6349624896577508,0.1825187551711246,0.28517716510857904,0.8535112332417378
6.190000000000001,0.0948941361021102,0.5619601641564843,-0.635191409931348,0.18240429503432598,0.2849579456539809,0.8533886865994431
6.199999999999999,0.07663768363828116,0.5643225712575545,-0.6353976964172252,0.1823011517913874,0.28475133844469414,0.8532663895856295
6.210000000000001,0.058320344386858194,0.5661195217568679,-0.6355805745915136,0.1822097127042432,0.2845578040941886,0.8531443267593738
6.219999999999999,0.03995994473613923,0.5673500532103004,-0.635739313739781,0.1821303431301095,0.2843777769363519,0.853022482174634
6.23,0.021574305382869835,0.568013757597256,-0.6358732282292703,0.18206338588536486,0.28421166384954527,0.8529008394011706
6.240000000000002,0.003181223984229764,0.5681107795564435,-0.6359816786796544,0.1820091606601728,0.2840598431819727,0.8527793815814609
6.25,-0.015201542067967089,0.5676418140261235,-0.6360640730305699,0.18196796348471506,0.28392266372733976,0.8526580914483545
6.260000000000002,-0.03355629273124744,0.5666081033739654,-0.6361198675054083,0.18194006624729586,0.2838004437940978,0.8525369513551924
6.27,-0.05186540224468886,0.5650114340138511,-0.6361485674709335,0.18192571626453324,0.2836934703673984,0.852415943311546
6.280000000000001,-0.070111335893221,0.562854132519194,-0.6361497281918947,0.18192513590405263,0.2836019983686057,0.8522950490254464
6.289999999999999,-0.08827666658418348,0.5601390612244089,-0.6361229554799573,0.18193852226002133,0.2835262500071983,0.8521742499401944
6.300000000000001,-0.10634409121676827,0.5568696133061792,-0.6360679062369994,0.1819660468815003,0.2834664142189044,0.8520535272535489
6.309999999999999,-0.12429644684166793,0.553049707399336,-0.6359842888936849,0.18200785555315757,0.2834226462158391,0.8519328619507295
6.32,-0.1421167266037442,0.5486837817814225,-0.6358718637428162,0.18206406812859188,0.2833950671635478,0.8518122348676906
6.330000000000002,-0.15978809542607186,0.5437767880254061,-0.6357304431677647,0.18213477841611764,0.2833837639293749,0.851691626708518
6.34,-0.1772939054417163,0.5383341842232782,-0.6355598917670455,0.18222005411647724,0.28338878894996833,0.8515710180795594
6.350000000000001,-0.19461771116295173,0.5323619277719389,-0.6353601263762668,0.1823199368118666,0.28341016020926335,0.8514503895284956
6.359999999999999,-0.21174328437455303,0.5258664677336237,-0.6351311159881604,0.1824344420059198,0.28344786132742344,0.8513297215889547
6.370000000000001,-0.22865462873124298,0.5188547367668006,-0.6348728815716276,0.1825635592141862,0.28350184175132287,0.8512089948189165
6.379999999999999,-0.24533599403903356,0.5113341426235823,-0.6345854957914274,0.1827072521042863,0.28357201703611146,0.8510881898208708
6.390000000000001,-0.261771890228206,0.5033125592588331,-0.6342690826309297,0.18286545868453513,0.283658269234886,0.8509672872694963
6.400000000000002,-0.2779471010335188,0.4947983176101173,-0.6339238169191002,0.18303809154044992,0.2837604474212093,0.8508462679826599
6.41,-0.2938466972986948,0.4858001959250951,-0.633549923763188,0.18322503811840601,0.28387836826456664,0.8507251129328162
6.420000000000002,-0.3094560499506554,0.47632740975857785,-0.6331476778899054,0.18342616105504728,0.2840118167164787,0.8506038032807978
6.43,-0.3247608426251005,0.46638960162119913,-0.6327174028975158,0.18364129855124212,0.28416054678779135,0.850482320411379
6.440000000000001,-0.339747083937108,0.45599683029736193,-0.6322594704210233,0.18387026478948837,0.2843242824157872,0.850360645974449
6.449999999999999,-0.3544011193771506,0.4451595598329874,-0.6317742992127213,0.18411285039363934,0.28450271840813596,0.8502387619205569
6.460000000000001,-0.36870964281323276,0.4338886481933502,-0.6312623541409395,0.18436882292953027,0.2846955214498968,0.8501166505192539
6.469999999999999,-0.3826597076092008,0.4221953356229566,-0.6307241451104947,0.18463792744475266,0.28490233118094177,0.8499942943777354
6.48,-0.39623873740160886,0.41009123277281645,-0.6301602259074208,0.1849198870462896,0.2851227613742673,0.8498716765079545
6.490000000000002,-0.40943453641912386,0.3975883084886448,-0.629571192970438,0.18521440351478102,0.28535640112831034,0.8497487803332378
6.5,-0.4222352994172984,0.384698877364437,-0.6289576840930317,0.18552115795348417,0.2856028161273422,0.8496255897153425
6.510000000000002,-0.4346296212072917,0.3714355870490532,-0.6283203770594603,0.18583981147026984,0.2858615499491269,0.8495020889823703
6.52,-0.44660650577805994,0.35781140532397626,-0.6276599882179341,0.18617000589103294,0.2861321254172655,0.8493782629623531
6.530000000000001,-0.4581553749942077,0.343839606956592,-0.6269772709941325,0.18651136450293376,0.2864140459841952,0.8492540970118405
6.539999999999999,-0.46926607685120325,0.3295337603334002,-0.6262730143486891,0.18686349282565545,0.2867067971302696,0.8491295770282552
6.550000000000001,-0.4799288932966212,0.314907713894495,-0.6255480411827378,0.18722597940863112,0.2870098477801662,0.8490046894562696
6.559999999999999,-0.4901345476857625,0.29997558242984845,-0.6248032066950121,0.18759839665249395,0.2873226517737741,0.8488794213465325
6.57,-0.49987421173216406,0.28475173315900854,-0.6240393966935519,0.18798030165322405,0.2876446493035772,0.8487537603554778
6.580000000000002,-0.5091395120409447,0.2692507716725837,-0.623257525866429,0.1883712370667855,0.2879752683684716,0.8486276947617933
6.59,-0.5179225362057251,0.2534875277313988,-0.6224585360152216,0.1887707319923892,0.28831392622675517,0.8485012134837288
6.600000000000001,-0.5262158384735209,0.2374770409395341,-0.6216433942550103,0.18917830287249487,0.28866003084675046,0.8483743061023701
6.609999999999999,-0.5340124449621074,0.2212345462994219,-0.6208130911845122,0.1895934544077439,0.2890129823428002,0.8482469628809692
6.620000000000001,-0.5413058584136033,0.20477545965649768,-0.6199686390302305,0.19001568048488476,0.28937217438379326,0.8481191747693327
6.629999999999999,-0.548090062486852,0.18811536304786974,-0.6191110697688031,0.19044446511559843,0.2897369955716189,0.8479909333959562
6.640000000000001,-0.5543595256793926,0.17126999000049023,-0.618241433231372,0.19087928338431398,0.2901068308340262,0.8478622311143658
6.650000000000002,-0.5601092047333138,0.15425521073777024,-0.6173607951932218,0.19131960240338908,0.2904810627505428,0.8477330609975916
6.66,-0.5653345476070653,0.1370870173410157,-0.616470235453028,0.19176488227348598,0.2908590728521035,0.8476034168413038
6.670000000000002,-0.5700314960059875,0.11978150887178468,-0.6155708459053891,0.19221457704730543,0.2912402428865324,0.8474732931692313
6.68,-0.5741964874781674,0.10235487646740643,-0.6146637286104044,0.1926681356947978,0.29162395604996316,0.847342685244977
6.690000000000001,-0.5778264570639816,0.08482338842079906,-0.6137499938638459,0.19312500306807706,0.29200959817542776,0.8472115890816001
6.699999999999999,-0.5809188384852366,0.06720337525537232,-0.6128307582715986,0.1935846208642007,0.29239655886858124,0.847080001438172
6.710000000000001,-0.5834715648690143,0.04951121480633898,-0.6119071428321288,0.19404642858393562,0.2927842325853186,0.8469479197986586
6.719999999999999,-0.5854830691044345,0.03176331733166171,-0.6109802710305532,0.1945098644847234,0.29317201969827367,0.8468153424002355
6.73,-0.5869522837163207,0.013976110649606438,-0.6100512669473885,0.19497436652630573,0.2935593274913498,0.8466822682286479
6.740000000000002,-0.5878786402946469,-0.0038339746780711656,-0.609121253385714,0.195439373307143,0.2939455710996999,0.8465486970060836
6.75,-0.58826206850239,-0.021650520104415705,-0.608191350019948,0.19590432499002602,0.2943301744043169,0.846414629185123
6.760000000000002,-0.588102994665413,-0.03945713378970864,-0.607262671569466,0.196368664215267,0.29471257088107294,0.8462800659492169
6.77,-0.587402339938714,-0.05723746521459917,-0.6063363260001424,0.1968318369999288,0.2950922043996033,0.8461450092135627
6.780000000000001,-0.5861615180376938,-0.07497521970093043,-0.6054134127568502,0.19729329362157488,0.29546852996446865,0.8460094616157391
6.789999999999999,-0.5843824325243708,-0.09265417282709361,-0.6044950210299316,0.1977524894850342,0.2958410143917564,0.8458734264861092
6.800000000000001,-0.582067473725089,-0.11025818473579926,-0.6035822280583977,0.19820888597080116,0.29620913695813844,0.8457369078489365
6.809999999999999,-0.5792195152496836,-0.12777121431928573,-0.6026760974724749,0.19866195126376257,0.29657239000567104,0.8455999104300777
6.82,-0.575841910055597,-0.1451773332646097,-0.6017776776782439,0.19911116116087807,0.2969302794724301,0.8454624396282322
6.830000000000002,-0.5719384861331867,-0.16246073995232213,-0.600888000286821,0.1995559998565895,0.29728232538538907,0.8453245014992006
6.84,-0.5675135418046818,-0.1796057732042079,-0.6000080785903343,0.19999596070483283,0.297628062310989,0.8451861027452123
6.850000000000001,-0.5625718406419896,-0.1965969258678712,-0.5991389060869731,0.20043054695651347,0.29796703976447353,0.845047250709159
6.859999999999999,-0.5571186059949422,-0.2134188582227256,-0.598281455057276,0.20085927247136198,0.2982988225717793,0.8449079533631406
6.870000000000001,-0.5511595151214683,-0.2300564111921566,-0.5974366751936676,0.2012816624031662,0.29862299117764973,0.8447682192803009
6.879999999999999,-0.5447006929325866,-0.24649461935435055,-0.596605492285039,0.2016972538574805,0.29893914190512344,0.8446280575949155
6.890000000000001,-0.5377487054656248,-0.26271872378166,-0.5957888069577574,0.2021055965211213,0.299246887225005,0.844487478031242
6.900000000000002,-0.530310552910395,-0.2787141846336124,-0.594987493475293,0.2025062532623535,0.29954585594033356,0.8443464908650476
6.91,-0.5223936623069094,-0.2944666935310157,-0.594202398597569,0.20289880070121552,0.2998356933461702,0.8442051069003425
6.920000000000002,-0.5140058799036213,-0.3099621856988465,-0.5934343405013345,0.20328282974933276,0.30011606135739477,0.8440633374486515
6.93,-0.5051554631884887,-0.325186851873937,-0.5926841077626845,0.20365794611865773,0.30038663860966686,0.8439211943157418
6.940000000000001,-0.4958510725913616,-0.34012714996209337,-0.5919524584029002,0.20402377079854989,0.3006471205297583,0.8437786897881324
6.949999999999999,-0.4861017628533675,-0.35476981642770616,-0.5912401189985894,0.2043799405007053,0.30089721936954644,0.8436358366088806
6.960000000000001,-0.4759169740607929,-0.36910187740068007,-0.5905477838568466,0.2047261080715767,0.30113666419911744,0.8434926479336503
6.969999999999999,-0.4653065224207632,-0.3831106595391394,-0.5898761142555852,0.20506194287220741,0.3013652009024178,0.843349137326343
6.98,-0.4542805907352881,-0.3967838006058806,-0.5892257377501291,0.20538713112493545,0.30158259214601957,0.8432053187505599
6.990000000000002,-0.44284971855224636,-0.4101092597298835,-0.5885972475463698,0.2057013762268151,0.30178861730439605,0.8430612065307947
7.0,-0.4310247920559949,-0.42307532737898595,-0.5879912019405135,0.20600439902974327,0.30198307237482275,0.8429168153282977
7.010000000000002,-0.4188170336915475,-0.4356706350338005,-0.5874081238254322,0.20629593808728391,0.3021657698767937,0.84277216012221
7.02,-0.4062379915308041,-0.44788416455271457,-0.5868485002637438,0.2065757498681281,0.30233653873625027,0.8426272561944992
7.030000000000001,-0.39329952838036986,-0.4597052572107275,-0.5863127821276072,0.2068436089361964,0.30249522414882957,0.8424821191085408
7.039999999999999,-0.3800138106307464,-0.4711236223946276,-0.5858013838049535,0.20709930809752325,0.30264168741613257,0.8423367646708381
7.050000000000001,-0.3663932968774521,-0.4821293459718483,-0.5853146829713499,0.20734265851432504,0.3027758057721798,0.8421912088984441
7.059999999999999,-0.3524507263630031,-0.49271289836949544,-0.5848530204269518,0.20757348978652412,0.30289747223007546,0.8420454680336482
7.07,-0.3381991071449999,-0.5028651422453163,-0.5844166999987976,0.20779165000060118,0.3030065953733835,0.8418995584964765
7.080000000000002,-0.3236517040857698,-0.5125773398314792,-0.5840059885068759,0.20799700574656205,0.30310309915371136,0.8417534968613031
7.09,-0.30882202664689773,-0.5218411599254312,-0.5836211157932376,0.2081894421033812,0.30318692267915215,0.8416072998342876
7.100000000000001,-0.2937238165046224,-0.5306486845290704,-0.5832622748132206,0.20836886259338971,0.3032580199988428,0.84146098423799
7.109999999999999,-0.2783710349899937,-0.5389924151192433,-0.5829296217879338,0.20853518910603308,0.30331635987755223,0.8413145669934039
7.120000000000001,-0.26277785035740314,-0.5468652785325653,-0.5826232764168959,0.20868836179155204,0.3033619255538498,0.8411680650890859
7.129999999999999,-0.24695862489242465,-0.5542606324606031,-0.5823433221493504,0.20882833892532482,0.3033947144827943,0.8410214955376154
7.140000000000001,-0.2309279019160421,-0.5611722706370538,-0.5820898065122752,0.20895509674386242,0.30341473811241104,0.8408748753891924
7.150000000000002,-0.21470039262525625,-0.5675944275854626,-0.5818627414951224,0.2090686292524388,0.3034220216214984,0.8407282216981465
7.16,-0.1982909628197163,-0.5735217829879944,-0.5816621039888027,0.20916894800559865,0.30341660365646533,0.8405815514953793
7.170000000000002,-0.18171461952243154,-0.5789494656717664,-0.5814878362774484,0.2092560818612758,0.3033985360667574,0.8404348817656455
7.18,-0.16498649750469518,-0.583873057214862,-0.5813398465812325,0.20933007670938375,0.3033678836414199,0.840288229432846
7.190000000000001,-0.14812184572430223,-0.5882885951594613,-0.5812180096487337,0.20939099517563314,0.3033247238420677,0.8401416113462671
7.199999999999999,-0.13113601368498054,-0.5921925758161825,-0.5811221673971737,0.20943891630141315,0.3032691465254059,0.8399950442576319
7.210000000000001,-0.11404443772514894,-0.5955819566461152,-0.5810521295985958,0.20947393520070212,0.3032012536494781,0.8398485447802619
7.219999999999999,-0.09686262726681918,-0.5984541582935221,-0.5810076746092822,0.20949616269535892,0.30312115900240233,0.839702129385608
7.23,-0.07960615102120691,-0.6008070662135221,-0.5809885501415201,0.20950572492923997,0.3030289879254585,0.8395558143971468
7.240000000000002,-0.06229062315456073,-0.6026390318603067,-0.5809944740755401,0.20950276296222997,0.30292487701347304,0.8394096159568489
7.25,-0.04493168944239432,-0.6039488734905126,-0.5810251353091902,0.2094874323454049,0.30280897382120586,0.8392635500054019
7.260000000000002,-0.027545013414902966,-0.6047358765721097,-0.5810801946433074,0.2094599026783463,0.3026814365704747,0.8391176322686642
7.27,-0.010146262506610923,-0.6049997937956374,-0.5811592857008223,0.20942035714958884,0.3025424338566479,0.8389718782485542
7.280000000000001,0.007248905778515186,-0.6047408446741244,-0.5812620158776165,0.20936899206119175,0.3023921443474348,0.8388263032083993
7.289999999999999,0.02462485767488261,-0.6039597147180011,-0.5813879673229833,0.20930601633850837,0.3022307564667094,0.8386809221424485
7.300000000000001,0.04196599692461221,-0.6026575542160075,-0.5815366979470158,0.2092316510264921,0.30205846807840725,0.8385357497510856
7.309999999999999,0.05925677849591938,-0.6008359766817291,-0.5817077424526071,0.20914612877369643,0.30187548619952637,0.8383908004636683
7.32,0.07648172224259873,-0.598497056816049,-0.5819006133911916,0.2090496933044042,0.3016820266665994,0.8382460884010805
7.330000000000002,0.0936254264864711,-0.5956433281050627,-0.5821148022386777,0.20894259888066113,0.301478313814132,0.8381016273616367
7.34,0.11067258151814768,-0.5922777800243545,-0.5823497804897725,0.20882510975511376,0.301264580149438,0.8379574308083645
7.350000000000001,0.127607983004984,-0.5884038548614577,-0.5826050007684401,0.20869749961577994,0.3010410660285502,0.8378135118645544
7.359999999999999,0.14441654529165737,-0.584025444145967,-0.5828798979524837,0.20856005102375813,0.3008080193262271,0.8376698833078394
7.370000000000001,0.16108331457898248,-0.5791468846765437,-0.5831738903101313,0.20841305484493433,0.3005656950927273,0.8375265575525055
7.379999999999999,0.17759348196840374,-0.5737729541427596,-0.5834863806463341,0.20825680967683297,0.3003143551944242,0.8373835466159636
7.390000000000001,0.19393239638479093,-0.5679088664433845,-0.5838167574557179,0.20809162127214104,0.30005426798854135,0.8372408621410365
7.400000000000002,0.21008557733812888,-0.561560266581312,-0.5841643960817157,0.20791780195914217,0.29978570796836246,0.8370985153838733
7.41,0.2260387275201954,-0.5547332251795473,-0.584528659878821,0.20773567006058952,0.29950895539910466,0.8369565171959543
7.420000000000002,0.24177774523028026,-0.5474342326420056,-0.5849089013758967,0.20754554931205166,0.2992242959541303,0.8368148780140912
7.43,0.2572887366246396,-0.5396701929629854,-0.5853044634385206,0.2073477682807397,0.2989320203518724,0.836673607858921
7.440000000000001,0.2725580277749714,-0.5314484171845562,-0.5857146804284777,0.20714265978576113,0.29863242398999146,0.8365327163368961
7.449999999999999,0.2875721765188272,-0.522776616495007,-0.5861388793585294,0.2069305603207353,0.29832580656965596,0.8363922126355647
7.460000000000001,0.3023179840851987,-0.5136628949613241,-0.586576381040575,0.20671180947971252,0.29801247170269013,0.8362521055017109
7.469999999999999,0.31678250650243306,-0.5041157419343969,-0.5870265012248564,0.20648674938757178,0.2976927265201619,0.8361124032283744
7.48,0.3309530658067503,-0.49414402418677955,-0.5874885517282055,0.20625572413589727,0.2973668813126269,0.835973113693315
7.490000000000002,0.3448172609634704,-0.4837569776379744,-0.5879618415509874,0.2060190792245063,0.2970352491169094,0.8358342443282676
7.5,0.3583629785524897,-0.4729641988007539,-0.588445677979458,0.205777161010271,0.29669814531955335,0.8356958021175859
7.510000000000002,0.3715784031948283,-0.4617756359161558,-0.5889393676724763,0.20553031616376183,0.29635588725660084,0.8355577935972142
7.52,0.38445202771614356,-0.4502015797939535,-0.589442217730857,0.20527889113457148,0.2960087938153299,0.8354202248614148
7.530000000000001,0.3969726630293869,-0.4382526543563784,-0.5899535367479012,0.2050232316260494,0.29565718503152194,0.8352831015676132
7.539999999999999,0.4091294477184151,-0.4259398068829473,-0.5904726358396601,0.20476368208016993,0.2953013816755086,0.8351464289292589
7.550000000000001,0.42091185731321085,-0.4132742979633201,-0.5909988296534333,0.20450058517328334,0.29494170482653514,0.8350102116954378
7.559999999999999,0.43230971331485546,-0.40026769124077183,-0.591531437352399,0.2042342813238005,0.29457847548556154,0.8348744541868469
7.57,0.44331319186907775,-0.38693184284930615,-0.5920697835764607,0.20396510821176966,0.29421201415641995,0.8347391602891211
7.580000000000002,0.4539128321217787,-0.37327889060430897,-0.5926131993771059,0.20369340031144706,0.2938426404283412,0.8346043334488308
7.59,0.464099544254193,-0.35932124295858026,-0.5931610231252624,0.2034194884373688,0.29347067256297044,0.8344699766757679
7.600000000000001,0.4738646171944414,-0.3450715677322216,-0.5937126013910954,0.2031436993044523,0.29309642708757455,0.8343360925529887
7.609999999999999,0.4831997259905741,-0.3305427806218517,-0.5942672897947261,0.20286635510263695,0.29272021839061246,0.8342026832482382
7.620000000000001,0.4920969388271821,-0.31574803349138736,-0.5948244538269636,0.2025877730865182,0.2923423583133146,0.83406975051689
7.629999999999999,0.5005487236691486,-0.3007007024480105,-0.5953834696391858,0.20230826518040712,0.29196315573182374,0.8339372956878328
7.640000000000001,0.5085479545882303,-0.2854143757547689,-0.5959437248010557,0.20202813759947214,0.2915829161676646,0.8338053196838658
7.650000000000002,0.5160879177257658,-0.2699028415625621,-0.5965046190258562,0.20174769048707192,0.2912019414023807,0.8336738230418682
7.66,0.5231623168533318,-0.2541800754505222,-0.597065564862794,0.20146721756860297,0.29082052907737577,0.8335428059051956
7.670000000000002,0.5297652785751291,-0.23826022782144463,-0.5976259883552381,0.20118700582238097,0.29043897230972243,0.8334122680299865
7.68,0.5358913571605348,-0.22215761115162752,-0.5981853296645963,0.20090733516770187,0.2900575593188176,0.8332822087971754
7.690000000000001,0.5415355389994239,-0.2058866871067601,-0.5987430436593228,0.20062847817033858,0.28967657306347433,0.8331526272284228
7.699999999999999,0.5466932466633414,-0.18946205353082018,-0.5992986004686712,0.2003506997656644,0.28929629088333486,0.8330235219963049
7.710000000000001,0.5513603425557349,-0.17289843131458088,-0.5998514860009215,0.20007425699953924,0.2889169841382729,0.8328948914189196
7.719999999999999,0.5555331321833521,-0.15621065116818011,-0.6004012024256323,0.19979939878718384,0.2885389178654383,0.8327667334650068
7.73,0.5592083670807216,-0.13941364032212045,-0.6009472686196192,0.1995263656901904,0.28816235047319794,0.8326390457949552
7.740000000000002,0.562383247266602,-0.12252240912439284,-0.6014892205771606,0.1992553897114197,0.2877875334095334,0.8325118257504175
7.75,0.5650554233274409,-0.10555203758550552,-0.6020266117836522,0.19898669410817388,0.2874147108579367,0.8323850703646178
7.760000000000002,0.567222998102278,-0.08851766186838753,-0.6025590135530726,0.1987204932234637,0.2870441194480315,0.8322587763747734
7.77,0.5688845279727621,-0.07143446073780642,-0.6030860153292535,0.19845699233537323,0.2866759879845597,0.8321329402405665
7.780000000000001,0.5700390237436683,-0.05431764197989401,-0.6036072249510853,0.19819638752445734,0.28631053718859634,0.8320075581592036
7.789999999999999,0.5706859510992508,-0.03718242880271233,-0.6041222688818868,0.1979388655590566,0.2859479794445684,0.8318826260673581
7.800000000000001,0.5708252306452155,-0.020044046230767082,-0.6046307924031916,0.1976846037984042,0.2855885185588107,0.8317581396371039
7.809999999999999,0.5704572376200978,-0.0029177075147206327,-0.6051324597729747,0.19743377011351265,0.28523234957236804,0.83163409432345
7.82,0.5695828011252531,0.014181399449024898,-0.6056269543492835,0.19718652282535826,0.28487965855252917,0.8315104853592716
7.830000000000002,0.5682032029722669,0.03123812566190247,-0.6061139786791594,0.1969430106604203,0.28453062241295396,0.8313873077652151
7.84,0.5663201761302248,0.04823737452419598,-0.6065932545535604,0.1967033727232198,0.28418540875331566,0.8312645563615936
7.850000000000001,0.5639359027817374,0.06516411528218322,-0.607064523028797,0.1964677384856015,0.28384417572268544,0.8311422257874663
7.859999999999999,0.5610530119775701,0.08200339640724941,-0.6075275444150233,0.19623622779248834,0.2835070719009615,0.8310203105185673
7.870000000000001,0.5576745768782883,0.09874035889310387,-0.6079820982324289,0.19600895088378556,0.28317423619157017,0.8308988048744705
7.879999999999999,0.5538041115796712,0.11536024945819628,-0.6084279831358548,0.1957860084320726,0.2828457977227195,0.8307777030110824
7.890000000000001,0.5494455676139175,0.1318484336541838,-0.60886501680838,0.19556749159581,0.2825218758024065,0.8306569989596853
7.900000000000002,0.5446033300203126,0.14819040885445456,-0.6092930358248778,0.1953534820875611,0.2822025798720061,0.8305366866372369
7.91,0.5392822130224482,0.1643718171129347,-0.609711895486196,0.195144052256902,0.28188800947512704,0.8304167598505988
7.920000000000002,0.533487455332264,0.1803784578840213,-0.6101214696247883,0.19493926518760585,0.2815782542498231,0.8302972123057042
7.93,0.5272247150886056,0.19619630059836757,-0.6105216503827611,0.19473917480861946,0.2812733939465064,0.8301780376249643
7.940000000000001,0.5205000644277069,0.2118114970793527,-0.6109123479631815,0.19454382601840925,0.2809734984674906,0.8300592293674778
7.949999999999999,0.5133199836774641,0.22721039378342078,-0.6112934903555682,0.19435325482221588,0.2806786279207277,0.8299407810422033
7.960000000000001,0.5056913551672357,0.2423795438478303,-0.6116650230365615,0.19416748848171927,0.28038883268006487,0.8298226861041308
7.969999999999999,0.4976214566848803,0.25730571894570387,-0.6120269086467962,0.1939865456766019,0.2801041534658794,0.8297049379527047
7.98,0.48911795466418473,0.27197592096952733,-0.6123791266449031,0.19381043667754844,0.2798246214873246,0.8295875299885312
7.990000000000002,0.480188896927437,0.28637739345945035,-0.6127216729398138,0.19363916353009308,0.2795502585480013,0.829470455596329
8.0,0.47084270513228826,0.30049763281943054,-0.6130545595022817,0.19347272024885914,0.27928107719033357,0.829353708156483
8.010000000000002,0.4610881668867046,0.3143243992994504,-0.613377813956801,0.1933110930215995,0.2790170808561287,0.8292372810555045
8.02,0.45093442754967855,0.32784572773923326,-0.6136914791550012,0.1931542604224994,0.27875826406871945,0.8291211677034166
8.030000000000001,0.440390981714898,0.34104993805597206,-0.6139956127315872,0.1930021936342064,0.278504612629573,0.8290053615492672
8.04,0.4294676643741403,0.35392564545802274,-0.6142902866439302,0.19285485667803492,0.2782561038215771,0.8288898560851973
8.05,0.41817464176304153,0.3664617703715533,-0.6145755866964744,0.1927122066517628,0.278012706614959,0.82877464483466
8.059999999999999,0.4065224019744508,0.37864754812918744,-0.6148516120511405,0.19257419397442976,0.2777743819232266,0.8286597213894303
8.07,0.39452174525425804,0.3904725383426299,-0.6151184747247493,0.19244076263762533,0.27754108285,0.8285450794168682
8.080000000000002,0.3821837740154503,0.40192663396800127,-0.615376299074658,0.19231185046267102,0.2773127549417536,0.8284307126587976
8.09,0.3695198825989402,0.4130000700711255,-0.6156252212737537,0.19218738936312313,0.2770893364578873,0.8283166149384228
8.100000000000001,0.35654174678477335,0.4236834322863711,-0.6158653887759563,0.19206730561202184,0.27687075865568467,0.8282027801731031
8.11,0.3432613130599711,0.4339676649553482,-0.6160969597733382,0.1919515201133309,0.2766569460859662,0.8280892023884886
8.120000000000001,0.32969078764425835,0.4438440789276129,-0.6163201026459668,0.1918399486770166,0.2764478168916299,0.8279758757247264
8.129999999999999,0.3158426252755818,0.45330435900583216,-0.6165349954055862,0.1917325022972069,0.27624328310144486,0.8278627944257588
8.14,0.30172951780283125,0.4623405710762177,-0.6167418251343502,0.19162908743282492,0.27604325094838494,0.8277499528521047
8.150000000000002,0.2873643825866871,0.47094516890577265,-0.6169407874196222,0.1915296062901889,0.27584762120377015,0.8276373455065076
8.16,0.2727603506723989,0.4791110005423742,-0.6171320857858644,0.1914339571070678,0.2756562894891231,0.8275249670227821
8.170000000000002,0.25793075479681604,0.4868313143712405,-0.6173159311247955,0.19134203443760223,0.27546914660379157,0.8274128121699339
8.18,0.2428891172244459,0.4940997648120602,-0.6174925411248335,0.19125372943758323,0.27528607885861384,0.8273008758596887
8.190000000000001,0.2276491374252072,0.5009104176513147,-0.6176621397008543,0.19116893014957287,0.27510696841504007,0.8271891531577847
8.2,0.2122246795998348,0.5072577549928281,-0.6178249564252652,0.19108752178736738,0.274931693622078,0.8270776392899868
8.21,0.19662976005855923,0.5131366798097458,-0.6179812259613671,0.19100938701931647,0.27476012934324007,0.8269663296335409
8.219999999999999,0.18087853447487906,0.5185425201168369,-0.6181311875000204,0.1909344062499898,0.2745921472852511,0.8268552197108546
8.23,0.16498528505060298,0.523471032814364,-0.6182750842006653,0.19086245789966733,0.27442761635764984,0.8267443052252041
8.240000000000002,0.14896440754398133,0.5279184070697887,-0.6184131626373142,0.19079341868134292,0.2742664029907931,0.8266335820429253
8.25,0.13283039822171036,0.5318812673330295,-0.6185456722506992,0.19072716387465039,0.2741083714662541,0.8265230461950818
8.260000000000002,0.11659784073002473,0.5353566759588709,-0.6186728648073158,0.19066356759634212,0.27395338424476334,0.8264126938797146
8.27,0.10028139289983438,0.538342135441247,-0.6187949938662233,0.19060250306688836,0.27380130229482696,0.8263025214697534
8.280000000000001,0.08389577349559954,0.5408355902448494,-0.6189123142544092,0.1905438428727954,0.2736519854148328,0.8261925255179136
8.29,0.06745574891787422,0.5428354282192107,-0.6190250815514641,0.19048745922426796,0.2735052925411158,0.8260827027494293
8.3,0.05097611987207916,0.5443404815983776,-0.6191335515843092,0.19043322420784542,0.2733610820434971,0.8259730500454399
8.309999999999999,0.03447170803104901,0.5453500276714335,-0.6192379799328765,0.19038101003356173,0.27321921205133576,0.8258635644748838
8.32,0.017957342677302014,0.5458637889845006,-0.6193386214470824,0.1903306892764588,0.27307954073884105,0.8257542432809643
8.330000000000002,0.001447847355479778,0.5458819331547172,-0.6194357297760008,0.1902821351119996,0.2729419266101747,0.8256450838767362
8.34,-0.015041973458145806,0.5454050722874916,-0.6195295569097649,0.19023522154511757,0.27280622877898125,0.8255360838432497
8.350000000000001,-0.03149734765824452,0.5444342620035341,-0.6196203527347658,0.1901898236326171,0.27267230724481223,0.8254272409340466
8.36,-0.04790354877171801,0.5429710000659813,-0.6197083646027128,0.19014581769864358,0.2725400231606251,0.8253185530788371
8.370000000000001,-0.06424590916481501,0.5410172245957034,-0.6197938369140406,0.19010308154297972,0.27240923908416337,0.8252100183773097
8.379999999999999,-0.0805098331834032,0.5385753118691095,-0.6198770107160858,0.1900614946419571,0.27227981920908495,0.8251016350780298
8.39,-0.09668081022075643,0.5356480737844933,-0.6199581233166546,0.19002093834167272,0.27215162961756256,0.8249934015980298
8.400000000000002,-0.11274442769530216,0.5322387549061557,-0.62003740791315,0.189981296043425,0.27202453850728064,0.8248853165210629
8.41,-0.12868638392569945,0.528351029106324,-0.6201150932377157,0.18994245338114213,0.271898416401045,0.8247773785857643
8.420000000000002,-0.14449250089274523,0.5239889958323246,-0.6201914032187684,0.1899042983906158,0.2717731363507107,0.824669586679461
8.43,-0.16014873688250533,0.5191571760040791,-0.6202665566591269,0.18986672167043656,0.27164857413650834,0.8245619398391865
8.440000000000001,-0.1756411989962339,0.5138605075396415,-0.620340766931043,0.1898296165344785,0.27152460845830007,0.8244544372555267
8.45,-0.19095615551123052,0.5081043405001028,-0.6204142416883474,0.18979287915582632,0.27140112111166453,0.8243470782700698
8.46,-0.20608004807713917,0.5018944318450825,-0.6204871825958495,0.18975640870207527,0.27127799714157347,0.8242398623570139
8.469999999999999,-0.2209995037450416,0.4952369398286572,-0.620559785076137,0.18972010746193152,0.27115512498679034,0.8241327891063119
8.48,-0.2357013468440799,0.48813841811701725,-0.6206322380741031,0.18968388096294847,0.27103239665485435,0.8240258582609937
8.490000000000002,-0.2501726106374811,0.4806058094576454,-0.6207047238388494,0.18964763808057528,0.27090970783529117,0.8239190696867463
8.5,-0.2644005487883705,0.47264643904272075,-0.6207774177234078,0.1896112911382961,0.27078695802205643,0.8238124233675395
8.510000000000002,-0.2783726466172911,0.4642680075326565,-0.6208504880020924,0.1895747559989538,0.27066405062505905,0.8237059194005433
8.52,-0.29207663214564594,0.45547858375638994,-0.6209240957054932,0.18953795214725339,0.27054089307638396,0.823599557997668
8.530000000000001,-0.3055004869083018,0.4462865970848146,-0.62099839447309,0.189500802763455,0.2704173969249913,0.8234933394854561
8.54,-0.3186324565180785,0.4367008294732884,-0.6210735304233784,0.18946323478831079,0.270293477913084,0.8233872642942459
8.55,-0.33146106096972333,0.42673040717574234,-0.621149642041331,0.18942517897933447,0.2701690560313808,0.8232813329328094
8.559999999999999,-0.3439751047254317,0.41638479221645713,-0.6212268600832166,0.1893865699583917,0.2700440556001992,0.8231755460100028
8.57,-0.35616368651000296,0.4056737735292663,-0.6213053074984105,0.18934734625079475,0.2699184053181026,0.8230699042265879
8.580000000000002,-0.36801620882470437,0.3946074578043104,-0.6213850993680826,0.1893074503159587,0.26979203829639276,0.8229644083611216
8.59,-0.3795223871834866,0.38319626006767066,-0.6214663428605508,0.1892668285697246,0.2696648920898409,0.8228590592633528
8.600000000000001,-0.3906722590652827,0.3714508939978652,-0.6215491372029808,0.1892254313985096,0.2695369087226203,0.8227538578534618
8.61,-0.401456192568491,0.359382361984223,-0.6216335736692012,0.18918321316539938,0.269408034706163,0.82264880512263
8.620000000000001,-0.4118648947503539,0.34700194492739733,-0.6217197355833229,0.18914013220833853,0.2692782210424362,0.8225439021261501
8.629999999999999,-0.4218894196346352,0.33432119178331043,-0.6218076983387796,0.1890961508306102,0.26914742320662405,0.8224391499609154
8.64,-0.43152117592797506,0.3213519089028167,-0.6218975294324992,0.1890512352837504,0.2690156011413402,0.822334549769127
8.650000000000002,-0.4407519344152105,0.3081061491559196,-0.6219892885138424,0.1890053557430788,0.26888271924690504,0.8222301027476406
8.66,-0.44957383498799613,0.29459620081480864,-0.6220830274478031,0.18895848627609846,0.26874874634141693,0.8221258101282048
8.670000000000002,-0.45797939334689663,0.2808345762516451,-0.6221787903922036,0.1889106048038982,0.2686136556231052,0.8220216731709317
8.68,-0.46596150736455205,0.2668340004477913,-0.6222766138883447,0.18886169305582767,0.26847742462841145,0.8219176931620108
8.690000000000001,-0.4735134631023053,0.2526073993254895,-0.6223765269647099,0.18881173651764505,0.26834003518536215,0.821813871414799
8.7,-0.48062894046359556,0.23816788790678672,-0.6224785512532752,0.1887607243733624,0.2682014733559168,0.8217102092657208
8.71,-0.4873020184675972,0.22352875830419075,-0.6225827011179065,0.18870864944104676,0.2680617293607984,0.8216067080561577
8.719999999999999,-0.4935271801698258,0.2087034675706649,-0.6226889837943522,0.1886555081028239,0.26792079750478465,0.8215033691234883
8.73,-0.49929931725458415,0.19370562543543995,-0.6227973995414261,0.18860130022928695,0.2677786761190241,0.821400193822592
8.740000000000002,-0.5046137341947349,0.1785489818822207,-0.6229079418026906,0.1885460290986547,0.2676353674634259,0.8212971835030218
8.75,-0.5094661520576007,0.1632474146292927,-0.623020597378288,0.18848970131085602,0.2674908776367554,0.8211943395038263
8.760000000000002,-0.5138527119350648,0.1478149165065607,-0.62313534660628,0.18843232669686,0.2673452164827632,0.8210916631503398
8.77,-0.5177699779987837,0.13226558274383757,-0.623252163552996,0.18837391822350202,0.2671983974949269,0.820989155755981
8.780000000000001,-0.5212149401656988,0.1166135981787721,-0.6233710162118508,0.18831449189407462,0.26705043771361486,0.820886818620648
8.79,-0.5241850163589377,0.1008732243931119,-0.6234918667100658,0.18825406664496708,0.26690135760926864,0.8207846530170294
8.8,-0.5266780543767705,0.08505878679223935,-0.6236146715227148,0.18819266423864262,0.2667511809592734,0.8206826601744741
8.809999999999999,-0.5286923334360748,0.06918466165673648,-0.623739381693626,0.18813030915318701,0.26659993475366733,0.8205808413058311
8.82,-0.5302265652546951,0.05326526314292317,-0.6238659430624514,0.18806702846877432,0.2664476490605032,0.8204791975867994
8.830000000000002,-0.5312798947657847,0.03731503027163593,-0.62399429649745,0.188002851751275,0.2662943568997081,0.8203777301510957
8.84,-0.5318519004434357,0.021348413907101377,-0.6241243781333708,0.18793781093331458,0.2661400941147552,0.820276440087127
8.850000000000001,-0.531942594246313,0.0053798637386216625,-0.6242561196138909,0.18787194019305453,0.2659848992458706,0.820175328440655
8.86,-0.5315524211676919,-0.010576184722907472,-0.6243894483380567,0.18780527583097167,0.26582881339902203,0.8200743962156306
8.870000000000001,-0.5306822583796292,-0.02650532312196048,-0.6245242877101734,0.18773785614491328,0.2656718801043418,0.8199736443646237
8.879999999999999,-0.5293334139742214,-0.04239318319702784,-0.6246605573925683,0.18766972130371584,0.2655141451651782,0.8198730737700656
8.89,-0.5275076253860252,-0.05822544966968833,-0.6247981735607543,0.18760091321962286,0.26535565653931353,0.8197726852698223
8.900000000000002,-0.5252070573701617,-0.07398787307332941,-0.624937049160369,0.18753147541981552,0.2651964641889761,0.8196724796445278
8.91,-0.5224342996071916,-0.08966628250665823,-0.6250770941654166,0.18746145291729172,0.26503661993421807,0.8195724576112241
8.920000000000002,-0.519192363932465,-0.10524659830343527,-0.6252182158372769,0.18739089208136156,0.26487617730754204,0.8194726198201948
8.93,-0.5154846811979439,-0.12071484460964195,-0.6253603189839634,0.1873198405080183,0.26471519141280686,0.8193729668585609
8.940000000000001,-0.5113150977597515,-0.13605716185393768,-0.6255033062191357,0.18724834689043213,0.26455371878354533,0.8192734992539931
8.95,-0.5066878715823299,-0.1512598190967941,-0.6256470782203634,0.18717646088981832,0.26439181723430216,0.8191742174699493
8.96,-0.5016076679536786,-0.16630922624504516,-0.6257915339861518,0.18710423300692408,0.26422954570039736,0.8190751218862007
8.969999999999999,-0.4960795548917205,-0.18119194614024975,-0.625936571091301,0.18703171445434952,0.2640669641055365,0.8189762128152405
8.98,-0.49010899817493553,-0.1958947064927882,-0.6260820859400982,0.1869589570299509,0.26390413322072787,0.8188774905069983
8.990000000000002,-0.4837018559956118,-0.21040441164793433,-0.6262279740169001,0.18688601299154994,0.2637411145112347,0.8187789551373584
9.0,-0.4768643732790809,-0.22470815418185563,-0.6263741301336954,0.18681293493315232,0.26357796999117133,0.8186806068054933
9.010000000000002,-0.4696031756681557,-0.2387932263214707,-0.6265204486742257,0.18673977566288713,0.26341476208378767,0.8185824455371535
9.02,-0.4619252631749832,-0.25264713117461285,-0.6266668238342609,0.18666658808286957,0.26325155348546353,0.818484471291032
9.030000000000001,-0.45383800349481623,-0.2662575937543569,-0.6268131498576298,0.1865934250711851,0.26308840702700154,0.8183866839596453
9.04,-0.4453491249763494,-0.2796125717810847,-0.626959321267636,0.186520339366182,0.26292538552564315,0.8182890833560027
9.05,-0.4364667092822628,-0.29270026626794593,-0.6271052330935254,0.1864473834532373,0.2627625516435959,0.8181916692061211
9.060000000000002,-0.42719918379516103,-0.30550913190648155,-0.6272507810916804,0.1863746094541598,0.2625999677806072,0.818094441182451
9.07,-0.41755531364471454,-0.3180278871729855,-0.6273958619611452,0.18630206901942742,0.2624376959264089,0.8179973988825499
9.080000000000002,-0.40754419347106036,-0.3302455242005501,-0.6275403735532386,0.18622981322338072,0.26227579753308977,0.8179005418300023
9.09,-0.3971752388993594,-0.34215131839644186,-0.6276842150749615,0.18615789246251924,0.26211433339059625,0.8178038694757179
9.100000000000001,-0.3864581777406416,-0.3537348378004883,-0.6278272872859233,0.18608635635703835,0.2619533635097835,0.8177073812050105
9.11,-0.3754030409181107,-0.3649859521675191,-0.6279694926885171,0.18601525365574145,0.26179294700688327,0.8176110763423333
9.120000000000001,-0.3640201531177343,-0.3758948417571027,-0.6281107357111084,0.1859446321444458,0.26163314198293763,0.8175149541451863
9.129999999999999,-0.35232012317376815,-0.3864520058246072,-0.6282509228840382,0.18587453855798092,0.2614740053996962,0.8174190137889423
9.14,-0.34031383426153416,-0.39664827086581617,-0.6283899630082793,0.18580501849586034,0.26131559299562895,0.8173232543982677
9.150000000000002,-0.32801243380549894,-0.40647479851480806,-0.6285277673164672,0.1857361163417664,0.2611579591734955,0.8172276750370632
9.16,-0.31542732317050975,-0.4159230931385386,-0.6286642496262046,0.1856678751868977,0.2610011568980311,0.8171322747061956
9.170000000000002,-0.3025701471386273,-0.4249850091188392,-0.6287993264854925,0.18560033675725374,0.2608452376003971,0.8170370523445306
9.18,-0.28945278318257683,-0.4336527578199981,-0.6289329173101648,0.18553354134491762,0.26069025109170735,0.8169420068360449
9.190000000000001,-0.2760873305406261,-0.44191891422736806,-0.629064944513191,0.18546752774340453,0.26053624548080867,0.816847137016669
9.2,-0.2624860990961874,-0.44977642324041633,-0.6291953336257466,0.18540233318712668,0.2603832670899167,0.8167524416725611
9.21,-0.24866159806819074,-0.4572186056087154,-0.6293240134099968,0.1853379932950016,0.2602313603644863,0.8166579195251034
9.219999999999999,-0.23462652456529753,-0.4642391635722792,-0.629450915963588,0.18527454201820598,0.26008056781691685,0.8165635692530494
9.23,-0.2203937519660803,-0.47083218612795186,-0.6295759768157019,0.18521201159214906,0.25993092996011097,0.816469389495502
9.240000000000002,-0.20597631814611841,-0.4769921539296131,-0.629699135014699,0.1851504324926505,0.2597824852388257,0.8163753788458485
9.25,-0.191387413576358,-0.4827139438401002,-0.6298203332073482,0.1850898333963259,0.25963526997170056,0.8162815358529962
9.260000000000002,-0.17664036929838756,-0.48799283313041547,-0.6299395177096638,0.18503024114516808,0.25948931830256533,0.8161878590280575
9.27,-0.16174864478641537,-0.49282450331611755,-0.6300566385693472,0.18497168071532638,0.2593446621578223,0.8160943468523263
9.280000000000001,-0.14672581570287915,-0.49720504361583906,-0.6301716496198541,0.18491417519007297,0.2592013312035181,0.8160009977783801
9.29,-0.1315855615554142,-0.5011309540183616,-0.6302845085261637,0.18485774573691816,0.25905935279642334,0.815907810217107
9.3,-0.11634165328589585,-0.5045991480150415,-0.6303951768223794,0.18480241158881028,0.25891875196034053,0.8158147825503779
9.310000000000002,-0.10100794079034942,-0.5076069549588825,-0.6305036199411516,0.18474819002942422,0.2587795513682137,0.8157219131445665
9.32,-0.08559834036952996,-0.5101521220131375,-0.6306098072350408,0.1846950963824796,0.2586417713114633,0.8156292003413932
9.330000000000002,-0.07012682214011325,-0.5122328157373788,-0.630713711989954,0.18464314400502302,0.25850542968268314,0.8155366424593448
9.34,-0.054607397409844854,-0.5138476233019272,-0.6308153114307916,0.1845923442846042,0.25837054196682135,0.8154442377995216
9.350000000000001,-0.039054106028946635,-0.514995553326664,-0.6309145867194136,0.1845427066402932,0.2582371212393549,0.8153519846540422
9.36,-0.023481003728422045,-0.515676036331343,-0.6310115229450529,0.18449423852747354,0.25810517816507417,0.815259881308981
9.370000000000001,-0.007902149455565223,-0.5158889247847618,-0.6311061091073484,0.18444694544632578,0.25797472099102836,0.8151679260337786
9.379999999999999,0.0076684072784951735,-0.5156344927969962,-0.6311983380922291,0.18440083095388543,0.257845755555625,0.8150761170851447
9.39,0.02321663902753423,-0.5149134354609949,-0.6312882066407689,0.18435589667961555,0.2577182853165346,0.8149844527288218
9.400000000000002,0.03872855301077224,-0.5137268677634033,-0.6313757153111738,0.18431214234441312,0.25759231135667915,0.814892931227779
9.41,0.054190203664818304,-0.5120763231398507,-0.6314608684341525,0.18426956578292375,0.2574678324051683,0.814801550843687
9.420000000000002,0.06958770514256689,-0.5099637516602634,-0.6315436740618844,0.1842281629690578,0.2573448448650272,0.8147103098414819
9.43,0.08490724374643685,-0.5073915178472804,-0.6316241439107783,0.18418792804461087,0.2572233428481871,0.8146192064977399
9.440000000000001,0.10013509028286738,-0.5043623981178227,-0.6317022932982277,0.18414885335088615,0.25710331821133653,0.8145282391049185
9.45,0.1152576123246783,-0.5008795778379056,-0.6317781410735939,0.18411092946320307,0.25698476058604347,0.8144374059633253
9.46,0.13026128637453957,-0.4969466480166092,-0.6318517095437081,0.18407414522814597,0.25686765741471496,0.8143467053756649
9.469999999999999,0.14513270992671778,-0.4925676016931415,-0.6319230243931252,0.1840384878034374,0.256751994017771,0.8142561356763365
9.48,0.15985861339794732,-0.48774682989860363,-0.6319921145992844,0.1840039427003578,0.25663775363031244,0.8141656952177037
9.490000000000002,0.17442587192654257,-0.48248911728747357,-0.6320590123429186,0.1839704938285407,0.25652491745353906,0.8140753823707518
9.5,0.1888215170316913,-0.47679963742115705,-0.6321237529139564,0.1839381235430218,0.25641346471036586,0.8139851955269952
9.510000000000002,0.2030327481243292,-0.4706839477160523,-0.6321863746131776,0.1839068126934112,0.2563033727092197,0.8138951331068627
9.52,0.2170469438541871,-0.46414798404948154,-0.6322469186498564,0.1838765406750718,0.25619461690950907,0.813805193566543
9.530000000000001,0.23085167327774345,-0.4571980550166049,-0.6323054290356503,0.18384728548217483,0.25608717098192385,0.8137153753948971
9.54,0.24443470683380927,-0.4498408358365498,-0.6323619524750266,0.1838190237624867,0.2559810068594231,0.8136256770954834
9.55,0.2577840271542526,-0.44208336199758175,-0.6324165382525756,0.1837917308737122,0.25587609482469703,0.8135360972116239
9.560000000000002,0.2708878396598995,-0.43393302255385524,-0.6324692381173208,0.1837653809413396,0.25577240358291786,0.8134466343301423
9.57,0.28373458293621207,-0.425397553092821,-0.6325201061643785,0.18373994691781076,0.25566990032625353,0.8133572870722572
9.580000000000002,0.296312938893371,-0.4164850284130731,-0.6325691987142427,0.18371540064287867,0.2555685508077358,0.8132680540940016
9.59,0.30861184270318964,-0.4072038549101529,-0.6326165741899662,0.1836917129050169,0.2554683194206021,0.8131789340915049
9.600000000000001,0.32062049250029573,-0.3975627626745849,-0.6326622929924867,0.18366885350375667,0.25536916928075937,0.813089925808389
9.61,0.332328358831051,-0.3875707972997121,-0.6327064173743465,0.18364679131282674,0.25527106230577445,0.8130010280372069
9.620000000000001,0.3437251938339632,-0.3772373113967073,-0.6327490113120807,0.18362549434395964,0.2551739592836679,0.8129122396067288
9.629999999999999,0.354801040169575,-0.36657195585750646,-0.6327901403775849,0.18360492981120757,0.2550778199523677,0.8128235593815509
9.64,0.3655462397061802,-0.35558467089163204,-0.6328298716086865,0.18358506419565673,0.25498260310089704,0.812734986288092
9.650000000000002,0.37595144188568874,-0.34428567675755145,-0.6328682733791102,0.1835658633104449,0.254888266636743,0.8126465192974064
9.66,0.3860076118196684,-0.3326854642760108,-0.6329054152681759,0.18354729236591205,0.2547947676676606,0.8125581574257014
9.670000000000002,0.3957060380967603,-0.32079478510993975,-0.6329413679304485,0.18352931603477574,0.2547020625848793,0.8124698997363746
9.68,0.40503834029698743,-0.3086246418241352,-0.6329762029655752,0.1835118985172124,0.25461010714993915,0.8123817453465648
9.690000000000001,0.4139964761967101,-0.2961862777262966,-0.6330099927885378,0.18349500360573112,0.25451885657876705,0.8122936934303976
9.7,0.4225727486477856,-0.28349116649122136,-0.6330428105005441,0.18347859474972794,0.25442826561641,0.8122057432108725
9.71,0.4307598121335204,-0.270551001583845,-0.633074729760814,0.183462635119593,0.25433828860757846,0.8121178939470889
9.719999999999999,0.4385506790562901,-0.25737768553732876,-0.633105824659505,0.18344708767024748,0.25424887960091647,0.8120301449645063
9.73,0.4459387256401388,-0.2439833190091697,-0.6331361695918805,0.18343191520405977,0.2541599924163327,0.8119424956397834
9.740000000000002,0.45291769751587174,-0.23038018968576995,-0.6331658391340278,0.1834170804329861,0.2540715807222101,0.8118549453991319
9.75,0.45948171497082685,-0.2165807610304482,-0.633194907920293,0.1834025460398535,0.2539835981126834,0.8117674937180279
9.760000000000002,0.4656252778647524,-0.20259766088810788,-0.6332234505226267,0.18338827473868663,0.2538959981882152,0.8116801401264799
9.77,0.4713432701974312,-0.18844366995291134,-0.6332515413320188,0.1833742293339906,0.2538087346338432,0.811592884212958
9.780000000000001,0.4766309643128082,-0.17413171010447068,-0.633279254442194,0.183360372778903,0.25372176128865304,0.8115057256190654
9.79,0.48148402473336366,-0.15967483262213306,-0.6333066635357486,0.1833466682321257,0.25363503220491085,0.8114186640231579
9.8,0.4858985116963644,-0.14508620631991737,-0.6333338417729265,0.18333307911353675,0.25354850173736365,0.8113316991637278
9.810000000000002,0.4898708842880223,-0.13037910556857812,-0.6333608616831088,0.1833195691584456,0.2534621246074013,0.8112448308334306
9.82,0.49339800321492594,-0.11556689823644462,-0.6333877950592163,0.18330610247039186,0.2533758559652383,0.811158058872896
9.830000000000002,0.4964771332183563,-0.10066303356155296,-0.6334147128551575,0.18329264357242125,0.25328965145388976,0.8110713831691471
9.84,0.49910594513167045,-0.08568102996365998,-0.6334416850864445,0.18327915745677775,0.253203467275535,0.8109848036594557
9.850000000000001,0.5012825175708784,-0.07063446280638645,-0.6334687807340951,0.18326560963295246,0.2531172602560643,0.8108983203354695
9.86,0.5030053382450044,-0.05553695211881801,-0.6334960676519348,0.1832519661740326,0.2530309879014916,0.8108119332398135
9.870000000000001,0.5042733048763977,-0.040402150286062984,-0.6335236124773964,0.1832381937613018,0.25294460844160227,0.810725642449474
9.879999999999999,0.5050857257997085,-0.02524372973102243,-0.6335514805459453,0.18322425972702733,0.252858080895861,0.8106394480897846
9.89,0.5054423201750856,-0.01007537058739754,-0.6335797358091719,0.18321013209541404,0.25277136512886855,0.8105533503381916
9.900000000000002,0.5053432178092374,0.005089251624511862,-0.6336084407566479,0.18319577962167605,0.2526844218921558,0.8104673494138814
9.91,0.5047889586199994,0.020236478301942876,-0.633637656341627,0.18318117182918647,0.25259721286998027,0.8103814455753774
9.920000000000002,0.503780491740468,0.03535268003793135,-0.6336674419106378,0.18316627904468108,0.25250970072659196,0.8102956391229708
9.93,0.5023191742587755,0.050424268861102475,-0.633697855137026,0.18315107243148698,0.25242184915246285,0.8102099304028938
9.940000000000001,0.500406769582799,0.06543771042503065,-0.6337289519584899,0.18313552402075506,0.25233362290327194,0.8101243198055276
9.95,0.498045445419765,0.08037953613498368,-0.6337607865186455,0.18311960674067723,0.25224498782564897,0.8100388077502086
9.96,0.49523777142442077,0.09523635520605249,-0.6337934111126536,0.18310329444367318,0.2521559108956006,0.809953394688962
9.969999999999999,0.49198671650377446,0.10999486664042617,-0.6338268761369272,0.18308656193153638,0.2520663602622385,0.8098680811199477
9.98,0.4882956457225306,0.12464187110902229,-0.6338612300429184,0.1830693849785408,0.2519763052675495,0.8097828675741805
9.990000000000002,0.4841683168707204,0.1391642827273649,-0.6338965192950156,0.18305174035249222,0.25188571647100605,0.8096977546114256
10.0,0.4796088766882192,0.15354914072147124,-0.6339327883325232,0.1830336058337384,0.2517945656752929,0.809612742820594
10.010000000000002,0.4746218567502894,0.1677836209719362,-0.6339700795357245,0.18301496023213776,0.25170282595331867,0.8095278328248383
10.02,0.4692121690062684,0.18185504742168307,-0.6340084331960103,0.18299578340199485,0.25161047167015405,0.8094430252834164
10.030000000000001,0.4633851009634625,0.19575090333302647,-0.6340478874900508,0.1829760562549746,0.25151747849335154,0.809358320882173
10.04,0.4571463105218317,0.20945884238424956,-0.6340884784579727,0.18295576077101366,0.2514238233922319,0.8092737203133559
10.05,0.45050182055900073,0.22296669962899696,-0.6341302399855009,0.18293488000724956,0.2513294846762022,0.8091892243069543
10.060000000000002,0.44345801312527555,0.23626250225919637,-0.6341732037900287,0.18291339810498564,0.2512344419953173,0.8091048336180566
10.07,0.436021623331052,0.24933448018541515,-0.6342173994105624,0.18289130029471878,0.2511386763431595,0.809020549020032
10.080000000000002,0.42819973292922475,0.26217107642618515,-0.6342628542014831,0.18286857289925845,0.2510421700606912,0.8089363713018076
10.09,0.4199997635996681,0.27476095730112454,-0.6343095933300529,0.18284520333497356,0.2509449068425217,0.8088523012709703
10.100000000000001,0.4114294699357408,0.2870930224137368,-0.6343576397776102,0.18282118011119491,0.25084687174163595,0.8087683397577327
10.11,0.4024969321291524,0.2991564144079338,-0.6344070143443798,0.18279649282781008,0.25074805116630067,0.8086844876119123
10.120000000000001,0.3932105483499383,0.3109405284830345,-0.6344577356578182,0.18277113217109092,0.250648432863128,0.8086007456854178
10.129999999999999,0.3835790268786743,0.32243502169258503,-0.6345098201843914,0.1827450899078043,0.25054800591657506,0.8085171148377238
10.14,0.37361137798052985,0.33362982200717417,-0.6345632822447164,0.18271835887764182,0.2504467607541816,0.8084335959509826
10.150000000000002,0.3633169054730046,0.3445151370960383,-0.634618134031977,0.1826909329840115,0.25034468912420643,0.808350189913388
10.16,0.3527051980590136,0.3550814628590394,-0.6346743856335081,0.18266280718324596,0.2502417840828962,0.8082668976168914
10.170000000000002,0.34178612041446726,0.365319591695782,-0.6347320450554411,0.18263397747227944,0.25013803998229933,0.8081837199579116
10.18,0.33056980404031705,0.3752206205038963,-0.6347911182503139,0.18260444087484307,0.25003345245915726,0.8081006578416247
10.190000000000001,0.3190666378793875,0.38477595839052214,-0.6348516091475455,0.18257419542622727,0.24992801841880444,0.8080177121822447
10.2,0.30728725869853185,0.3939773340808266,-0.6349135196866639,0.18254324015666806,0.24982173600784507,0.8079348838915185
10.21,0.29524254125793215,0.40281680303217543,-0.6349768498531599,0.18251157507342003,0.24971460458566705,0.8078521738678102
10.219999999999999,0.2829435883176324,0.41128675429358713,-0.6350415977168408,0.18247920114157962,0.24960662472549247,0.80776958302363
10.23,0.270401720398233,0.419379917002865,-0.6351077594726164,0.18244612026369178,0.24949779817648396,0.8076871122668611
10.240000000000002,0.2576284653765021,0.4270893665898881,-0.6351753294835538,0.1824123352582231,0.24938812783811673,0.8076047624989247
10.25,0.2446355479041217,0.4344085306640529,-0.635244300326089,0.18237784983695549,0.24927761773374843,0.8075225346136377
10.260000000000002,0.23143487866376414,0.4413311945864594,-0.6353146628372732,0.1823426685813634,0.24916627298714733,0.8074404295013105
10.27,0.2180385434671684,0.4478515067118001,-0.6353864061639355,0.18230679691803225,0.24905409979626608,0.807358448050948
10.280000000000001,0.2044587921994719,0.45396398328468673,-0.6354595178136451,0.18227024109317747,0.24894110539812736,0.8072765911429096
10.29,0.1907080276206137,0.4596635129874493,-0.635533983707334,0.18223300814633298,0.24882729802561238,0.8071948596329276
10.3,0.1767987940707544,0.46494536120677316,-0.6356097882334271,0.18219510588328647,0.2487126868962306,0.8071132543768017
10.310000000000002,0.1627437660324474,0.46980517390679327,-0.6356869143034182,0.18215654284829091,0.2485972821713947,0.807031776219882
10.32,0.14855573659327073,0.47423898116306235,-0.6357653434087249,0.18211732829563754,0.24848109491938647,0.8069504259921811
10.330000000000002,0.13424760581528847,0.47824320035204615,-0.6358450556786964,0.1820774721606518,0.2483641370800666,0.806869204506622
10.34,0.11983236902148355,0.4818146389976668,-0.6359260299396543,0.18203698503017285,0.2482464214332973,0.8067881125627491
10.350000000000001,0.10532310500801188,0.4849504972635067,-0.6360082437748483,0.18199587811257584,0.24812796156653277,0.8067071509502182
10.36,0.09073296419039747,0.4876483700769342,-0.636091673585205,0.1819541632073975,0.24800877183552728,0.8066263204445374
10.370000000000001,0.07607515669262747,0.48990624887673034,-0.6361762946507501,0.18191185267462495,0.24788886731470852,0.8065456217907545
10.379999999999999,0.06136294040697147,0.4917225230547953,-0.6362620811925401,0.18186895940372994,0.2477682637742187,0.8064650557204731
10.39,0.04660960901560246,0.493095981011518,-0.6363490064350483,0.18182549678247584,0.24764697764272162,0.8063846229518342
10.400000000000002,0.031828479990062934,0.4940258108375701,-0.6364370426688591,0.18178147866557043,0.24752502596313186,0.8063043241811864
10.41,0.01703288258464457,0.4945116006455436,-0.6365261613135489,0.18173691934322556,0.24740242635338072,0.8062241600812531
10.420000000000002,0.002236145830111967,0.49455333854954736,-0.6366163329806426,0.1816918335096787,0.24727919697109416,0.8061441313043202
10.43,-0.012548413460366963,0.4941514122867775,-0.6367075275365403,0.18164623623172987,0.24715535647917336,0.8060642384866626
10.440000000000001,-0.027307502662201864,0.49330660846978003,-0.6367997141653112,0.1816001429173444,0.24703092400628862,0.8059844822467893
10.45,-0.04202786527614414,0.49202011145949476,-0.6368928614312488,0.1815535692843756,0.24690591909687146,0.8059048631708132
10.46,-0.056696292821270394,0.4902935019182126,-0.6369869373410514,0.1815065313294743,0.2467803616796217,0.805825381820424
10.469999999999999,-0.07129963667313652,0.4881287550113471,-0.637081909405561,0.1814590452972195,0.2466542720381349,0.8057460387432782
10.48,-0.08582481983592699,0.4855282382205854,-0.637177744700973,0.1814111276495135,0.24652767076408216,0.805666834461785
10.490000000000002,-0.10025884863609516,0.4824947088213902,-0.6372744099293892,0.1813627950353054,0.2464005787181077,0.8055877694710395
10.5,-0.11458882433258293,0.47903131101904073,-0.6373718714786392,0.18131406426068042,0.24627301699462756,0.8055088442411588
10.510000000000002,-0.12880195463135174,0.47514157274416,-0.6374700954812798,0.18126495225936012,0.24614500688956228,0.80543005922275
10.52,-0.14288556509074032,0.4708294020993311,-0.6375690478726935,0.18121547606365324,0.2460165698649757,0.8053514148480816
10.530000000000001,-0.15682711040434075,0.46609908344835177,-0.63766869444821,0.18116565277589503,0.24588772750442878,0.805272911520345
10.54,-0.17061418555738295,0.4609552731745542,-0.6377690009191568,0.1811154995404216,0.24575850147087333,0.8051945496054084
10.55,-0.1842345368610768,0.45540299516625293,-0.6378699329677441,0.18106503351612796,0.24562891349493532,0.8051163294599633
10.560000000000002,-0.1976760728217482,0.4494476359034929,-0.6379714563007906,0.18101427184960472,0.24549898532655273,0.8050382514141917
10.57,-0.21092687485708803,0.44309493925083165,-0.6380735367021488,0.18096323164892558,0.24536873870089676,0.8049603157710722
10.580000000000002,-0.22397520784818456,0.43635100093389717,-0.6381761400837973,0.18091192995810135,0.24523819530542715,0.8048825228062204
10.59,-0.2368095305206542,0.4292222627130798,-0.638279232535535,0.1808603837322325,0.24510737675249022,0.8048048727735813
10.600000000000001,-0.24941850563993728,0.4217155062495978,-0.6383827803732276,0.1808086098133862,0.24497630455159025,0.8047273659097636
10.61,-0.2617910100054895,0.4138378466590632,-0.6384867501855565,0.18075662490722177,0.24484500007510088,0.8046500024293903
10.620000000000001,-0.27391614423211413,0.4055967257530875,-0.6385911088792275,0.18070444556038623,0.24471348451434669,0.8045727825077201
10.629999999999999,-0.2857832423521465,0.3969999050507594,-0.6386958237225502,0.1806520881387249,0.244581778869368,0.8044957063031751
10.64,-0.29738188118027914,0.3880554584760467,-0.6388008623874162,0.1805995688062919,0.24444990392070953,0.8044187739568757
10.650000000000002,-0.30870188944331345,0.37877176477096675,-0.6389061929896067,0.18054690350519664,0.24431788019585482,0.8043419855845254
10.66,-0.31973335667918046,0.36915749965322403,-0.6390117841273919,0.18049410793630405,0.24418572794266466,0.8042653412756443
10.670000000000002,-0.3304666418988406,0.35922162771945976,-0.639117604918402,0.18044119754079901,0.24405346710778086,0.80418884109763
10.68,-0.34089238199879646,0.34897339409844463,-0.639223625034746,0.18038818748262703,0.24392111731736232,0.8041124851014086
10.690000000000001,-0.35100149990863155,0.33842231585326743,-0.6393298147363579,0.18033509263182107,0.24378869785410368,0.8040362733213119
10.7,-0.3607852124579903,0.3275781731319815,-0.6394361449025582,0.1802819275487209,0.24365622762451797,0.8039602057618829
10.71,-0.3702350379902461,0.3164510001098416,-0.6395425870617992,0.18022870646910039,0.2435237251409798,0.8038842824013025
10.719999999999999,-0.37934280371434437,0.30505107572981716,-0.6396491134195882,0.1801754432902059,0.24339120851716184,0.8038085032097156
10.73,-0.3881006527349236,0.293388914193075,-0.639755696884613,0.1801221515576935,0.24325869543793563,0.8037328681352917
10.740000000000002,-0.3965010508049717,0.28147525526564265,-0.6398623110930279,0.18006884445348603,0.2431262031416531,0.8036573771039599
10.75,-0.40453679278619975,0.2693210543926636,-0.6399689304309172,0.1800155347845414,0.2429937484056538,0.8035820300217102
10.760000000000002,-0.4122010088118261,0.25693747263146793,-0.6400755300549391,0.17996223497253044,0.24286134753585914,0.8035068267804852
10.77,-0.419487170136482,0.24433586640657629,-0.6401820859111554,0.17990895704442228,0.2427290163545379,0.8034317672604961
10.780000000000001,-0.4263890946580499,0.23152777708959693,-0.6402885747520635,0.17985571262396827,0.24259677018014975,0.8033568513216218
10.79,-0.43290095212201396,0.21852492042310437,-0.6403949741518342,0.1798025129240829,0.24246462380833533,0.8032820787948645
10.8,-0.4390172690543545,0.2053391758294369,-0.6405012625197596,0.1797493687401202,0.24233259152364128,0.8032074495095659
10.810000000000002,-0.4447329333092149,0.19198257554483744,-0.6406074191119701,0.17969629044401497,0.242200687077188,0.803132963278153
10.82,-0.45004319830706485,0.17846729364259417,-0.6407134240414015,0.17964328797929924,0.24206892367803226,0.8030586198960951
10.830000000000002,-0.4549436869416346,0.16480563493865413,-0.6408192582860546,0.17959037085697271,0.24193731398627877,0.802984419142657
10.84,-0.4594303951582095,0.151010023793012,-0.6409249036955714,0.1795375481522143,0.2418058701113326,0.8029103607865401
10.850000000000001,-0.4634996951897311,0.13709299281364717,-0.6410303429961554,0.17948482850192232,0.24167460360967616,0.8028364445896468
10.86,-0.46714833843671566,0.12306717146985863,-0.6411355597938699,0.17943222010306503,0.24154352547614263,0.8027626703017366
10.870000000000001,-0.47037345799088376,0.10894527462580798,-0.6412405385763522,0.1793797307118239,0.2414126461298136,0.8026890376473848
10.879999999999999,-0.47317257087311526,0.09474009102808711,-0.6413452647129538,0.17932736764352308,0.24128197543262714,0.8026155463510611
10.89,-0.47554357987025947,0.08046447171999842,-0.6414497244533862,0.1792751377733069,0.24115152268076198,0.8025421961282319
10.900000000000002,-0.4774847750322475,0.06613131841660845,-0.6415539049248787,0.17922304753756063,0.24102129660214408,0.8024689866826477
10.91,-0.47899483482367955,0.051753571846588436,-0.6416577941279029,0.17917110293604854,0.24089130535712788,0.8023959177062968
10.920000000000002,-0.48007282693337316,0.03734420007063605,-0.6417613809305028,0.17911930953474858,0.2407615565443932,0.8023229888844904
10.93,-0.4807182087321301,0.02291618678691955,-0.6418646550612778,0.17906767246936112,0.24063205720740996,0.8022501999005135
10.940000000000001,-0.48093082736692166,0.008482519633269708,-0.6419676071010626,0.1790161964494687,0.24050281383549374,0.8021775504327112
10.95,-0.48071091948574746,-0.0059438215035610776,-0.6420702284733545,0.17896488576332276,0.24037383235644585,0.8021050401404572
10.96,-0.4800591106663845,-0.020349876156615262,-0.6421725114335253,0.17891374428323736,0.24024511815715924,0.8020326686826608
10.969999999999999,-0.4789764144648184,-0.03472271492104976,-0.6422744490568816,0.1788627754715592,0.24011667608949092,0.8019604357176124
10.98,-0.4774642311056335,-0.049049451056357,-0.6423760352256167,0.17881198238719165,0.23998851047197226,0.8018883408969147
10.990000000000002,-0.4755243458348852,-0.06331725203720832,-0.6424772646147032,0.1787613676926484,0.23986062509676262,0.8018163838648037
11.0,-0.47315892693631456,-0.07751335104643159,-0.6425781326767823,0.17871093366160884,0.23973302324146542,0.8017445642624292
11.010000000000002,-0.47037052340655977,-0.09162505839775929,-0.6426786356260994,0.1786606821869503,0.23960570768251419,0.8016728817331783
11.02,-0.4671620622802953,-0.10563977287590406,-0.642778770421539,0.17861061478923052,0.2394786807041762,0.8016013359219635
11.030000000000001,-0.46353684559742264,-0.11954499298195015,-0.6428785347488145,0.17856073262559274,0.23935194409773625,0.8015299264620417
11.04,-0.45949854707118487,-0.13332832808430026,-0.6429779270018625,0.17851103649906874,0.23922549917927058,0.8014586529833571
11.05,-0.45505120843026875,-0.14697750946002042,-0.6430769462634959,0.17846152686825206,0.23909934681054562,0.8013875151239265
11.060000000000002,-0.4501992353981429,-0.16048040120931806,-0.6431755922853741,0.17841220385731293,0.2389734874025653,0.8013165125198769
11.07,-0.44494739336316996,-0.17382501103933862,-0.6432738654673374,0.17836306726633128,0.23884792092642637,0.8012456448036369
11.080000000000002,-0.43930080273585265,-0.18699950091247253,-0.6433717668361635,0.17831411658191826,0.2387226469283331,0.8011749116065512
11.09,-0.4332649339968306,-0.19999219754782135,-0.6434692980237958,0.1782653509881021,0.23859766454812836,0.8011043125651748
11.100000000000001,-0.42684560242949343,-0.21279160276158318,-0.6435664612451009,0.17821676937744957,0.23847297253527525,0.8010338473240581
11.11,-0.42004896253118784,-0.22538640363185652,-0.6436632592752014,0.1781683703623993,0.2383485692560527,0.8009635155276453
11.120000000000001,-0.41288150211501995,-0.23776548248220405,-0.6437596954264425,0.17812015228677874,0.23822445269574577,0.8008933168058631
11.129999999999999,-0.40535003618845705,-0.24991792671202664,-0.643855773525038,0.178072113237481,0.23810062050004266,0.8008232508060354
11.14,-0.3974617004723229,-0.26183303840118727,-0.6439514978874508,0.17802425105627462,0.2379770699777334,0.8007533171784177
11.150000000000002,-0.38922394465785426,-0.27350034371836174,-0.6440468732965544,0.1779765633517228,0.2378537981140318,0.8006835155741314
11.16,-0.38064452539023225,-0.28490960212017796,-0.644141904977627,0.1779290475111865,0.2377308015854452,0.8006138456447275
11.170000000000002,-0.3717314989896103,-0.29605081533742184,-0.6442365985742233,0.17788170071288834,0.23760807677929158,0.8005443070470865
11.18,-0.3624932139095304,-0.3069142361340721,-0.6443309601239746,0.1778345199380127,0.23748561981319075,0.8004748994481367
11.190000000000001,-0.35293830293057665,-0.31749037682405556,-0.6444249960343608,0.17778750198281962,0.23736342654850826,0.8004056225222823
11.2,-0.34307567508970294,-0.32777001753243334,-0.6445187130584981,0.17774064347075097,0.23724149259323665,0.8003364759362462
11.21,-0.33291450740786116,-0.3377442142393138,-0.6446121182709919,0.17769394086450407,0.23711981333007073,0.8002674593637839
11.219999999999999,-0.3224642363726919,-0.34740430655823373,-0.6447052190438908,0.1776473904780546,0.23699838393680586,0.8001985724912672
11.23,-0.31173454917684473,-0.35674192523511467,-0.6447980230227869,0.17760098848860656,0.2368771993939828,0.8001298150081905
11.240000000000002,-0.3007353747519887,-0.3657489993858229,-0.6448905381031008,0.1775547309484496,0.23675625449972262,0.8000611866062849
11.25,-0.28947687459741367,-0.37441776346456235,-0.6449827724065925,0.17750861379670374,0.23663554388790142,0.7999926869826911
11.260000000000002,-0.2779694334104556,-0.3827407639532763,-0.6450747342581307,0.17746263287093467,0.23651506204788905,0.7999243158451087
11.27,-0.2662236495206068,-0.3907108657569447,-0.6451664321627628,0.1774167839186186,0.23639480333999105,0.7998560729120214
11.280000000000001,-0.25425032512907986,-0.39832125828983883,-0.6452578747831136,0.1773710626084432,0.2362747620006437,0.7997879579010074
11.29,-0.2420604563865299,-0.4055654612798553,-0.6453490709171491,0.17732546454142545,0.23615493215747,0.7997199705289498
11.3,-0.22966522332481182,-0.4124373302953124,-0.6454400294763399,0.17727998526183003,0.23603530785984134,0.79965211053081
11.310000000000002,-0.21707597960002253,-0.4189310619199203,-0.6455307594642445,0.17723462026787773,0.23591588308158773,0.7995843776457529
11.32,-0.20430424210514705,-0.4250411986325055,-0.645621269955552,0.177189365022224,0.23579665173466496,0.7995167716165406
11.330000000000002,-0.19136168044611365,-0.43076263337479265,-0.6457115700756026,0.17714421496219868,0.23567760768428264,0.7994492921909722
11.34,-0.17826010629322894,-0.43609061380490166,-0.6458016689804162,0.17709916550979188,0.23555874476678273,0.7993819391269109
11.350000000000001,-0.16501146261334118,-0.4410207462225469,-0.6458915758372495,0.17705421208137523,0.23544005680453262,0.7993147121941467
11.36,-0.15162781278833617,-0.4455489991518126,-0.6459812998057057,0.17700935009714713,0.23532153761192184,0.7992476111661677
11.370000000000001,-0.13812132963542256,-0.44967170659292105,-0.6460708500194144,0.17696457499029278,0.23520318100019774,0.7991806358109884
11.379999999999999,-0.12450428436188533,-0.45338557099549714,-0.6461602355683073,0.17691988221584637,0.23508498081086454,0.7991137859160412
11.39,-0.11078903541612241,-0.456687665835897,-0.6462494654814965,0.17687526725925173,0.23496693091532836,0.7990470612737367
11.400000000000002,-0.09698801728255925,-0.4595754378786829,-0.6463385487107808,0.1768307256446096,0.23484902522566764,0.7989804616805992
11.41,-0.08311372921835315,-0.46204670910190115,-0.6464274941147867,0.17678625294260664,0.23473125770574244,0.798913986937268
11.420000000000002,-0.0691787239440093,-0.46409967829065646,-0.6465163104437633,0.17674184477811833,0.2346136223858348,0.7988476368531292
11.43,-0.055195596296817834,-0.4657329222872035,-0.6466050063250354,0.17669749683748232,0.23449611337543508,0.7987814112492471
11.440000000000001,-0.041176971855685085,-0.466945396885351,-0.6466935902491302,0.1766532048754349,0.2343787248683324,0.798715309952759
11.45,-0.02713549554798851,-0.46773643737042603,-0.6467820705565794,0.17660896472171028,0.23426145114092786,0.798649332783838
11.46,-0.013083820258910429,-0.468105758777497,-0.6468704554254123,0.17656477228729384,0.23414428658053116,0.7985834795783745
11.469999999999999,0.0009654045634455356,-0.46805345575474744,-0.6469587528593322,0.17652062357033388,0.23402722568642118,0.7985177501791898
11.48,0.014999544285186198,-0.4675800020943664,-0.6470469706765924,0.17647651466170378,0.23391026307503643,0.7984521444326429
11.490000000000002,0.029005990438847655,-0.46668624992720975,-0.6471351164995655,0.17643244175021727,0.23379339348688866,0.7983866621877941
11.5,0.042972172042134826,-0.4653734285862109,-0.6472231977450086,0.1763884011274957,0.23367661179721427,0.798321303300481
11.510000000000002,0.05688556687159046,-0.46364314313094573,-0.6473112216150274,0.1763443891924863,0.23355991302588977,0.7982560676370609
11.52,0.07073371267977727,-0.4614973725236482,-0.6473991950887333,0.17630040245563333,0.23344329234082536,0.7981909550710506
11.530000000000001,0.0845042183453931,-0.45893846745236244,-0.6474871249145904,0.1762564375427048,0.23332674505170267,0.7981259654690176
11.54,0.09818477495348758,-0.45596914787317083,-0.6475750176034523,0.17621249119827387,0.23321026662909405,0.7980610987067118
11.55,0.11176316678881126,-0.4525925001955707,-0.6476628794222791,0.17616856028886047,0.2330938527095584,0.7979963546693047
11.560000000000002,0.12522728223192603,-0.4488119741294914,-0.6477507163885278,0.17612464180573612,0.2329774990944435,0.7979317332448037
11.57,0.1385651245500259,-0.44463137921578005,-0.6478385342652118,0.17608073286739412,0.2328612017516502,0.7978672343214683
11.580000000000002,0.15176482257793478,-0.4400548810455112,-0.6479263385566171,0.17603683072169146,0.23274495682188853,0.7978028577909928
11.59,0.16481464127676965,-0.43508699716628274,-0.6480141345046662,0.17599293274766692,0.23262876062643412,0.7977386035539429
11.600000000000001,0.17770299215685736,-0.4297325926683954,-0.6481019270859211,0.17594903645703946,0.2325126096704226,0.7976744715204855
11.61,0.1904184435512324,-0.4239968754439051,-0.6481897210092117,0.17590513949539416,0.23239650063558842,0.7976104615993123
11.620000000000001,0.20294973073852376,-0.4178853911436607,-0.6482775207138736,0.17586123964306322,0.2322804303735732,0.7975465736877416
11.629999999999999,0.2152857659300275,-0.41140401790218273,-0.6483653303685916,0.17581733481570422,0.2321643959342916,0.7974828077031573
11.64,0.22741564805828574,-0.4045589606856648,-0.648453153870823,0.17577342306458849,0.2320483945499491,0.797419163563212
11.650000000000002,0.2393286723968686,-0.39735674538464133,-0.6485409948467931,0.17572950257660347,0.23193242363559385,0.7973556411857825
11.66,0.2510143399951502,-0.3898042126224486,-0.6486288566520448,0.17568557167397758,0.23181648078890332,0.7972922404884842
11.670000000000002,0.2624623669237344,-0.38190851129381076,-0.6487167423725264,0.1756416288137368,0.2317005637940183,0.7972289613933293
11.68,0.2736626933160524,-0.37367709183096126,-0.6488046548261994,0.1755976725869003,0.2315846706240724,0.7971658038302848
11.690000000000001,0.2846054921915684,-0.365117699194057,-0.6488925965651521,0.17555370171742396,0.23146879943653678,0.797102767732889
11.7,0.2952811780494938,-0.35623836558793553,-0.6489805698781952,0.1755097150609024,0.2313529485586149,0.7970398530227252
11.71,0.305680415271191,-0.3470474029769323,-0.6490685767939279,0.17546571160303603,0.2312371165024124,0.7969770596288805
11.719999999999999,0.3157941262694258,-0.337553395325791,-0.6491566190842505,0.17542169045787476,0.23112130196189173,0.7969143874865947
11.73,0.3256134993905864,-0.32776519059590925,-0.6492446982683046,0.17537765086584772,0.23100550380443108,0.7968518365300151
11.740000000000002,0.3351299965750286,-0.3176918925213207,-0.6493328156168247,0.17533359219158767,0.23088972106730796,0.7967894066910216
11.75,0.344335360770199,-0.3073428521670279,-0.6494209721568784,0.17528951392156078,0.23077395295770853,0.7967270979024699
11.760000000000002,0.3532216230850745,-0.2967276592745256,-0.6495091686769748,0.17524541566151258,0.23065819885351646,0.7966649101026406
11.77,0.3617811096710685,-0.28585613339521976,-0.649597405732524,0.175201297133738,0.2305424582991685,0.7966028432342687
11.780000000000001,0.3700064483151402,-0.2747383148127059,-0.649685683651624,0.17515715817418798,0.23042673099106253,0.7965408972317668
11.79,0.3778905747778232,-0.263384455295142,-0.6497740025411555,0.17511299872942226,0.23031101677787377,0.7964790720259922
11.8,0.38542673885913187,-0.25180500867598815,-0.6498623622931656,0.17506881885341719,0.23019531566796703,0.7964173675574595
11.810000000000002,0.39260851014294956,-0.24001062123376765,-0.6499507625915184,0.1750246187042408,0.23007962781485325,0.7963557837643812
11.82,0.39942978346097197,-0.22801212192248366,-0.6500392029187908,0.1749803985406046,0.22996395351188872,0.7962943205816361
11.830000000000002,0.40588478406383033,-0.21582051244840716,-0.6501276825633963,0.17493615871830187,0.22984829318924432,0.7962329779425664
11.84,0.41196807249411815,-0.2034469572035157,-0.6502162006269123,0.17489189968654384,0.22973264741318775,0.7961717557836282
11.850000000000001,0.4176745491473007,-0.19090277305977468,-0.6503047560315973,0.17484762198420134,0.22961701688208602,0.796110654045421
11.86,0.422999458506353,-0.17819941902869718,-0.6503933475280677,0.17480332623596617,0.22950140241338018,0.7960496726634582
11.870000000000001,0.4279383930675946,-0.16534848580569406,-0.6504819737031254,0.17475901314843728,0.22938580493325592,0.7959888115622132
11.879999999999999,0.4324872969934026,-0.15236168522831314,-0.6505706329877091,0.17471468350614544,0.22927022549072482,0.7959280706774324
11.89,0.43664246938795487,-0.13925083960667742,-0.6506593236649538,0.1746703381675231,0.2291546652396454,0.7958674499415784
11.900000000000002,0.44040056727127236,-0.12602787097856635,-0.6507480438783356,0.1746259780608322,0.2290391254328879,0.7958069492833855
11.91,0.4437586082303423,-0.11270479028430488,-0.6508367916398896,0.1745816041800552,0.2289236074171685,0.7957465686282691
11.920000000000002,0.44671397275012537,-0.09929368647391151,-0.6509255648384753,0.17453721758076235,0.228808112631403,0.7956863079028489
11.93,0.449264406212008,-0.08580671555417964,-0.6510143612480765,0.17449281937596173,0.22869264260313668,0.7956261670372997
11.940000000000001,0.4514080205472132,-0.07225608958315846,-0.6511031785361173,0.17444841073194134,0.22857719893736264,0.7955661459589879
11.95,0.4531432955504181,-0.05865406562347588,-0.6511920142717743,0.17440399286411284,0.22846178330108988,0.795506244581265
11.96,0.45446907991933083,-0.045012934678841515,-0.6512808659342737,0.17435956703286315,0.22834639743771126,0.7954464628265199
11.969999999999999,0.455384591903438,-0.03134501059754584,-0.6513697309211505,0.17431513453942477,0.2282310431516827,0.7953868006150925
11.98,0.45588941963471585,-0.017662618972026367,-0.6514586065564614,0.1742706967217693,0.22811572230111024,0.7953272578632744
11.990000000000002,0.45598352112806606,-0.0039780860386695455,-0.6515474900989295,0.17422625495053523,0.22800043679173101,0.7952678344828836
12.0,0.45566722395700315,0.009696272412488785,-0.6516363787500109,0.17418181062499455,0.2278851885749592,0.7952085303854621
12.010000000000002,0.4549412245955774,0.023348162107549253,-0.6517252696618677,0.17413736516906614,0.22776997964521356,0.7951493454855875
12.02,0.45380658741629426,0.03696532132761027,-0.6518141599452333,0.17409292002738336,0.22765481203088822,0.7950902796968319
12.030000000000001,0.4522647433421918,0.050535531906838065,-0.6519030466771557,0.17404847666142215,0.22753968777747635,0.7950313329186741
12.04,0.45031748822584755,0.0640466301819544,-0.6519919269086129,0.17400403654569357,0.22742460895849664,0.7949725050551788
12.05,0.4479669808624084,0.0774865178815796,-0.6520807976719788,0.1739596011640106,0.22730957766688678,0.7949137960111887
12.060000000000002,0.4452157406764595,0.09084317294407271,-0.6521696559883372,0.1739151720058314,0.22719459600562422,0.7948552056875399
12.07,0.44206664509266524,0.1041046602557806,-0.6522584988746278,0.17387075056268608,0.22707966608134245,0.7947967339795998
12.080000000000002,0.43852292659551645,0.11725914230348189,-0.6523473233506175,0.17382633832469124,0.2269647900025712,0.7947383807809713
12.09,0.4345881694740476,0.13029488972878436,-0.6524361264456858,0.1737819367771571,0.22684996987890452,0.7946801459881142
12.100000000000001,0.43026630624388146,0.1432002917720208,-0.6525249052054156,0.1737375473972922,0.2267352078153862,0.7946220294993602
12.11,0.425561613739518,0.15596386659307832,-0.6526136566979821,0.17369317165100895,0.2266205058965573,0.7945640312019906
12.120000000000001,0.4204787089302963,0.16857427147459123,-0.6527023780203329,0.17364881098983354,0.226505866186109,0.7945061509769925
12.129999999999999,0.4150225444512317,0.18102031289453435,-0.6527910663041502,0.1736044668479249,0.2263912907353161,0.7944483887136528
12.14,0.4091984037904956,0.1932909564421717,-0.6528797187215909,0.17356014063920455,0.22627678156796105,0.7943907442971643
12.150000000000002,0.40301189620414546,0.20537533658360482,-0.6529683324907969,0.17351583375460156,0.22616234067528235,0.7943332176075113
12.16,0.3964689513463143,0.21726276626962984,-0.6530569048811732,0.1734715475594134,0.2260479700134343,0.7942758085210425
12.170000000000002,0.3895758136217877,0.22894274637657952,-0.6531454332184273,0.17342728339078634,0.2259336715042319,0.7942185169156004
12.18,0.3823390362567248,0.24040497496606283,-0.6532339148893658,0.1733830425553171,0.22581944703355067,0.7941613426727856
12.190000000000001,0.3747654750831882,0.2516393563496577,-0.6533223473464462,0.17333882632677688,0.22570529844157275,0.7941042856707602
12.2,0.3668622820493056,0.262636009953985,-0.6534107281120797,0.17329463594396016,0.22559122750839292,0.7940473457716059
12.21,0.35863689852940833,0.27338527901862375,-0.6534990547826854,0.17325047260865728,0.22547723597454572,0.7939905228481932
12.219999999999999,0.3500970483201002,0.28387773904965163,-0.6535873250324905,0.17320633748375475,0.22536332552701907,0.7939338167715966
12.23,0.3412507304064744,0.29410420606329396,-0.6536755366170786,0.17316223169146072,0.22524949779470804,0.7938772274090612
12.240000000000002,0.33210621148991754,0.304055744606822,-0.6537636873766821,0.17311815631165894,0.22513575434534758,0.7938207546234546
12.25,0.32267201828814607,0.3137236755541245,-0.6538517752392256,0.17307411238038722,0.22502209668682277,0.7937643982774876
12.260000000000002,0.3129569296085188,0.3230995836624242,-0.6539397982231105,0.17303010088844473,0.2249085262683605,0.7937081582375891
12.27,0.30296996819415717,0.33217532487561785,-0.6540277544397498,0.1729861227801251,0.22479504447595752,0.7936520343710413
12.280000000000001,0.2927203923451789,0.3409430333628087,-0.654115642095852,0.17294217895207398,0.224681652618404,0.7935960265322765
12.29,0.2822176873721394,0.3493951283350428,-0.6542034594954549,0.17289827025227256,0.22456835193874694,0.793540134577805
12.3,0.27147155683746427,0.3575243205834947,-0.6542912050417143,0.17285439747914283,0.22445514361473545,0.7934843583684462
12.310000000000002,0.26049191359778895,0.36532361873608304,-0.6543788772384456,0.17281056138077722,0.22434202875089237,0.7934286977618805
12.32,0.24928887067602387,0.37278633524731547,-0.654466474691427,0.17276676265428648,0.22422900837650955,0.7933731526117301
12.330000000000002,0.23787273196524816,0.37990609211550924,-0.6545539961094642,0.1727230019452679,0.2241160834473335,0.7933177227706167
12.34,0.22625398277140812,0.3866768263178569,-0.6546414403052218,0.17267927984738912,0.22400325484865988,0.7932624080946165
12.350000000000001,0.21444328019783254,0.3930927949493695,-0.6547288061958246,0.17263559690208768,0.22389052339431048,0.7932072084428652
12.36,0.20245144337502022,0.39914858005197257,-0.654816092803235,0.17259195359838247,0.22377788981607127,0.793152123666217
12.370000000000001,0.1902894435677487,0.40483909316907774,-0.6549032992544105,0.17254835037279476,0.22366535476649296,0.7930971536108274
12.379999999999999,0.1779683941640848,0.41015957961410254,-0.6549904247812459,0.17250478760937704,0.22355291883050887,0.7930422981314914
12.39,0.16549954052390115,0.4151056223974432,-0.655077468720308,0.17246126563984598,0.2234405825155712,0.7929875570805618
12.400000000000002,0.15289424973032104,0.41967314586037086,-0.6551644305123654,0.1724177847438173,0.22332834625106254,0.7929329303071793
12.41,0.14016400024188977,0.4238584190032809,-0.6552513097017209,0.17237434514913957,0.2232162103901559,0.7928784176590947
12.420000000000002,0.1273203714562208,0.4276580585051485,-0.6553381059353558,0.1723309470323221,0.2231041752142612,0.7928240189872421
12.43,0.11437503319159799,0.43106903142142805,-0.6554248189618858,0.17228759051905712,0.2229922409346272,0.7927697341469387
12.440000000000001,0.10133973509285667,0.4340886575476824,-0.6555114486303407,0.17224427568482964,0.2228804076855116,0.7927155629894541
12.45,0.08822629597759332,0.43671461146859525,-0.6555979948887742,0.17220100255561288,0.2227686755201974,0.7926615053566518
12.46,0.07504659314417567,0.4389449243305842,-0.6556844577827083,0.17215777110864583,0.22265704443051523,0.7926075611019201
12.469999999999999,0.061812551619566815,0.44077798523361983,-0.655770837453421,0.1721145812732895,0.22254551433601777,0.792553730076827
12.48,0.04853613338400545,0.44221254232130675,-0.6558571341360848,0.1720714329319576,0.22243408508485357,0.7925000121308149
12.490000000000002,0.03522932657186955,0.4432477035487457,-0.6559433481577627,0.17202832592111866,0.22232275645553257,0.7924464071117744
12.5,0.021904134659991695,0.44388293713273325,-0.6560294799352699,0.17198526003236503,0.22221152816223616,0.7923929148704737
12.510000000000002,0.008572565652804974,0.4441180716736345,-0.6561155299729076,0.17194223501354622,0.22210039985836316,0.7923395352628875
12.52,-0.004753378726322253,0.443953295938197,-0.656201498860077,0.17189925056996153,0.22198937113277756,0.7922862681442332
12.530000000000001,-0.018061713827710688,0.4433891583107785,-0.6562873872687814,0.17185630636560928,0.22187844150228678,0.7922331133586996
12.54,-0.031340482839120144,0.44242656597889196,-0.6563731959510256,0.1718134020244872,0.2217676104328944,0.7921800707613311
12.55,-0.04457776751739137,0.44106678373910696,-0.6564589257361163,0.17177053713194185,0.22165687733228284,0.792127140207562
12.560000000000002,-0.05776169887157267,0.4393114324979794,-0.6565445775278734,0.17172771123606329,0.22154624155013153,0.7920743215514632
12.57,-0.07088046779195359,0.43716248745653385,-0.6566301523017616,0.1716849238491192,0.2214357023797147,0.7920216146453485
12.580000000000002,-0.08392233561649663,0.4346222759856939,-0.656715651101947,0.17164217444902652,0.22132525906361922,0.7919690193439177
12.59,-0.09687564462301436,0.43169347518562307,-0.656801075038287,0.1715994624808565,0.22121491079884553,0.7919165355076343
12.600000000000001,-0.10972882843559462,0.4283791091207749,-0.6568864252832625,0.17155678735836877,0.22110465673576218,0.7918641629991725
12.61,-0.12247042233498823,0.4246825457292185,-0.6569717030688556,0.17151414846557222,0.22099449596876852,0.7918119016705625
12.620000000000001,-0.1350890734779363,0.4206074934783167,-0.6570569096833879,0.17147154515830604,0.22088442755389043,0.7917597513803813
12.629999999999999,-0.14757355099965494,0.41615799768362743,-0.6571420464683181,0.17142897676584096,0.2207744505092776,0.7917077119917824
12.64,-0.15991275599402258,0.41133843652302554,-0.6572271148150101,0.17138644259249497,0.22066456381282137,0.7916557833672874
12.650000000000002,-0.1720957313653466,0.4061535167618111,-0.6573121161614786,0.17134394191926072,0.22055476640290517,0.7916039653670524
12.66,-0.18411167154745875,0.40060826919443077,-0.65739705198912,0.17130147400544,0.22044505718373278,0.7915522578522171
12.670000000000002,-0.1959499320779298,0.3947080438015538,-0.6574819238194308,0.1712590380902846,0.22033543503201805,0.7915006606897397
12.68,-0.20760003901400118,0.3884585046171885,-0.6575667332107263,0.17121663339463683,0.22022589879941296,0.7914491737524676
12.690000000000001,-0.21905169817697956,0.38186562430045257,-0.6576514817548583,0.17117425912257084,0.22011644730493957,0.7913977969080743
12.7,-0.2302948042317103,0.3749356784475882,-0.6577361710739478,0.1711319144630261,0.22000707933443586,0.7913465300158284
12.71,-0.2413194496080391,0.36767523968040405,-0.6578208028171297,0.17108959859143513,0.21989779366399376,0.7912953729500398
12.719999999999999,-0.25211593320482817,0.36009117140810604,-0.6579053786573198,0.1710473106713401,0.219788589047409,0.7912443255834665
12.73,-0.2626747689103843,0.35219062136260615,-0.6579899002880087,0.17100504985599563,0.21967946421883774,0.7911933877876673
12.740000000000002,-0.27298669392286984,0.3439810148836989,-0.6580743694200899,0.17096281528995505,0.21957041789557977,0.7911425594335114
12.75,-0.28304267686623835,0.3354700479666165,-0.658158787778722,0.17092060611063897,0.21946144878447887,0.7910918403957197
12.760000000000002,-0.29283392568758476,0.3266656800703655,-0.6582431571002385,0.17087842144988075,0.21935255558656955,0.7910412305554785
12.77,-0.30235189532179957,0.3175761266852391,-0.658327479129101,0.17083626043544953,0.2192437369944028,0.790990729794958
12.780000000000001,-0.31158829511816294,0.30820985166773474,-0.658411755614906,0.17079412219254703,0.21913499168303224,0.7909403379848526
12.79,-0.32053509607122316,0.29857555940760466,-0.6584959883094502,0.1707520058452749,0.2190263183323823,0.7908900550067575
12.8,-0.32918453777375445,0.2886821867432502,-0.6585801789638546,0.17070991051807272,0.21891771562175202,0.7908398807446725
12.810000000000002,-0.3375291351259267,0.27853889468485804,-0.658664329325753,0.17066783533712349,0.21880918222912776,0.790789815081898
12.82,-0.34556168479320265,0.2681550599472646,-0.6587484411365504,0.1706257794317248,0.21870071683263742,0.7907398579003546
12.830000000000002,-0.3532752714110919,0.2575402663014052,-0.658832516128752,0.17058374193562398,0.21859231811592747,0.7906900090842944
12.84,-0.36066327352448496,0.24670429574806266,-0.6589165560233693,0.17054172198831535,0.21848398477345257,0.7906402685239622
12.850000000000001,-0.36771936924773574,0.23565711951576754,-0.6590005625274014,0.17049971873629932,0.218375715510231,0.7905906361131865
12.86,-0.37443754163437054,0.22440888888687904,-0.6590845373313997,0.17045773133430014,0.2182675090322851,0.790541111736752
12.870000000000001,-0.38081208380443643,0.21296992589719274,-0.6591684821071161,0.17041575894644195,0.2181593640599303,0.7904916952830892
12.879999999999999,-0.3868376037737267,0.20135071388071066,-0.659252398505236,0.170373800747382,0.21805127933221957,0.7904423866472351
12.89,-0.3925090289793777,0.18956188786854383,-0.6593362881531999,0.17033185592340006,0.21794325360206748,0.7903931857235738
12.900000000000002,-0.3978216105222354,0.17761422486864883,-0.6594201526531153,0.17028992367344237,0.21783528563699,0.7903440924048549
12.91,-0.4027709271205936,0.16551863402905448,-0.65950399357976,0.17024800321012,0.2177273742231478,0.7902951065849254
12.920000000000002,-0.4073528887674737,0.1532861466928731,-0.6595878124786779,0.17020609376066104,0.2176195181705646,0.7902462281628192
12.93,-0.411563740078536,0.14092790635043279,-0.6596716108643706,0.17016419456781468,0.21751171631417301,0.7901974570423159
12.940000000000001,-0.41540006331820445,0.12845515849387143,-0.6597553902185825,0.17012230489070873,0.21740396750545624,0.7901487931212248
12.95,-0.4188587811427864,0.11587924039929218,-0.6598391519886836,0.1700804240056582,0.2172962706168341,0.7901002362947899
12.96,-0.4219371590494847,0.10321157084210629,-0.6599228975861492,0.1700385512069254,0.21718862455389168,0.7900517864677887
12.969999999999999,-0.42463280747658066,0.09046363973439532,-0.6600066283851356,0.1699966858074322,0.21708102824719466,0.7900034435442365
12.98,-0.42694368360656726,0.07764699771684214,-0.6600903457211545,0.16995482713942273,0.21697348065258107,0.7899552074265079
12.990000000000002,-0.42886809286049793,0.06477324570577599,-0.6601740508898443,0.16991297455507787,0.21686598075370275,0.7899070780170084
13.0,-0.43040469008205884,0.05185402440590428,-0.6602577451458387,0.16987112742708066,0.21675852756680716,0.7898590552223786
13.010000000000002,-0.43155248040020544,0.03890100379702301,-0.6603414297017332,0.16982928514913342,0.21665112014249183,0.7898111389544431
13.02,-0.43231081975921837,0.02592587260299893,-0.6604251057271462,0.1697874471364269,0.21654375755901756,0.789763329121976
13.030000000000001,-0.4326794151391367,0.01294032775510085,-0.6605087743478791,0.16974561282606043,0.21643643891888611,0.7897156256261443
13.04,-0.4326583245030141,-4.3936136144059196e-05,-0.6605924366451682,0.1697037816774159,0.21632916336692767,0.7896680283796097
13.05,-0.43224795637125873,-0.013015237304413445,-0.6606760936550323,0.16966195317248384,0.2162219300795018,0.7896205372940175
13.060000000000002,-0.43144906910271813,-0.025961917323732014,-0.6607597463677131,0.16962012681614347,0.21611473826461164,0.7895731522795407
13.07,-0.43026276986357403,-0.0388723515748708,-0.6608433957272064,0.1695783021363968,0.2160075871628328,0.789525873245393
13.080000000000002,-0.42869051328996216,-0.05173495967173608,-0.6609270426308846,0.16953647868455768,0.21590047605149426,0.7894787001039703
13.09,-0.4267340998355859,-0.06453821583702729,-0.6610106879292066,0.1694946560353967,0.21579340424692925,0.7894316327729447
13.100000000000001,-0.42439567379552734,-0.07727065921660727,-0.6610943324255153,0.16945283378724235,0.21568637109940947,0.7893846711694282
13.11,-0.4216777210152559,-0.08992090412416406,-0.6611779768759192,0.16941101156204041,0.21557937598430368,0.7893378152000958
13.120000000000001,-0.41858306635018794,-0.10247765021477728,-0.661261621989259,0.1693691890053705,0.21547241832115546,0.7892910647818925
13.129999999999999,-0.41511487076756115,-0.11492969256599578,-0.6613452684271531,0.16932736578642343,0.21536549756500187,0.7892444198324537
13.14,-0.41127662816284877,-0.12726593166206665,-0.6614289168041239,0.16928554159793807,0.2152586132044523,0.7891978802679924
13.150000000000002,-0.40707216188134454,-0.13947538327420606,-0.6615125676877992,0.1692437161561004,0.21515176476050474,0.7891514460020607
13.16,-0.4025056209557814,-0.15154718823113023,-0.6615962215991894,0.1692018892004053,0.2150449517901785,0.789105116949627
13.170000000000002,-0.3975814760548588,-0.16347062206739552,-0.6616798790130354,0.1691600604934823,0.2149381738902268,0.7890588930312912
13.18,-0.39230451513641507,-0.175235104536885,-0.6617635403582278,0.1691182298208861,0.21483143069536562,0.7890127741715761
13.190000000000001,-0.386679838799504,-0.1868302089791719,-0.6618472060182916,0.1690763969908542,0.21472472186570146,0.7889667602855208
13.2,-0.38071285539336935,-0.19824567155150177,-0.6619308763319358,0.1690345618340321,0.21461804709219964,0.7889208512849961
13.21,-0.37440927586762696,-0.2094714003103896,-0.662014551593665,0.16899272420316752,0.21451140610916025,0.7888750470926796
13.219999999999999,-0.3677751083087354,-0.220497484111709,-0.6620982320544505,0.16895088397277475,0.21440479868177822,0.7888293476289561
13.23,-0.3608166522375592,-0.23131420134546674,-0.6621819179224565,0.16890904103877175,0.21429822460534462,0.7887837528115509
13.240000000000002,-0.3535404926523899,-0.24191202849491933,-0.6622656093638213,0.16886719531808936,0.2141916837061031,0.7887382625570125
13.25,-0.34595349382541785,-0.25228164851217844,-0.6623493065034889,0.16882534674825556,0.21408517584482337,0.7886928767851834
13.260000000000002,-0.3380627928500024,-0.2624139589966622,-0.6624330094260881,0.16878349528695596,0.21397870091778148,0.7886475954208884
13.27,-0.32987579293609476,-0.2723000801627563,-0.6625167181768576,0.16874164091157118,0.21387225884968156,0.7886024183869174
13.280000000000001,-0.32140015646835746,-0.2819313625959707,-0.6626004327626137,0.16869978361869314,0.2137658495837825,0.7885573455940337
13.29,-0.31264379788842633,-0.2912993948305874,-0.6626841531527563,0.16865792342362185,0.21365947310309322,0.7885123769647192
13.3,-0.30361487630261424,-0.30039601066702215,-0.6627678792803122,0.1686160603598439,0.2135531294180171,0.788467512420541
13.310000000000002,-0.2943217878955804,-0.3092132962718187,-0.6628516110430134,0.1685741944784933,0.21344681856456338,0.7884227518810278
13.32,-0.28477315813873905,-0.3177435970451693,-0.6629353483044049,0.16853232584779754,0.2133405406032303,0.788378095263305
13.330000000000002,-0.27497783380492447,-0.32597952425451804,-0.6630190908949818,0.1684904545525091,0.21323429562177057,0.7883335424859573
13.34,-0.2649448747910333,-0.3339139614211906,-0.6631028386133507,0.16844858069332463,0.2131280837372381,0.7882890934721297
13.350000000000001,-0.2546835457494224,-0.341540070446442,-0.6631865912274161,0.16840670438629196,0.21302190509197563,0.7882447481460937
13.36,-0.24420330753308198,-0.34885129746816457,-0.6632703484755847,0.16836482576220763,0.21291575984137415,0.7882005064209502
13.370000000000001,-0.2335138085064227,-0.35584137849671804,-0.663354110067988,0.16832294496600603,0.21280964816803938,0.7881563682149063
13.379999999999999,-0.22262487567405237,-0.36250434475876286,-0.6634378756877186,0.1682810621561407,0.21270357027907835,0.7881123334492997
13.39,-0.21154650565481267,-0.3688345277648097,-0.6635216449920814,0.16823917750395928,0.21259752640038634,0.7880684020434074
13.400000000000002,-0.20028885551789008,-0.3748265641074146,-0.6636054176138511,0.16819729119307447,0.2124915167749268,0.7880245739135866
13.41,-0.18886223348613315,-0.38047539998706287,-0.663689193162538,0.16815540341873098,0.2123855416646141,0.7879808489763104
13.420000000000002,-0.1772770895131702,-0.3857762954560875,-0.6637729712256601,0.16811351438716993,0.21227960135284024,0.7879372271518995
13.43,-0.1655440057385789,-0.390724828367668,-0.6638567513700143,0.16807162431499284,0.2121736961424049,0.7878937083632964
13.440000000000001,-0.15367368682580207,-0.395316898018317,-0.6639405331429508,0.16802973342852462,0.21206782634422597,0.7878502925249218
13.45,-0.14167695021417534,-0.3995487285284516,-0.6640243160736422,0.1679878419631789,0.21196199228322293,0.7878069795500421
13.46,-0.12956471627904695,-0.403416871927805,-0.664108099674351,0.1679459501628245,0.211856194304347,0.7877637693582783
13.469999999999999,-0.11734799839658344,-0.4069182109158508,-0.6641918834416876,0.16790405827915622,0.2117504327638089,0.7877206618671734
13.48,-0.10503789294238293,-0.41004996133400756,-0.6642756668578617,0.16786216657106917,0.21164470802727187,0.7876776569912678
13.490000000000002,-0.09264556922548503,-0.41280967434156485,-0.6643594493919225,0.16782027530403876,0.21153902047087136,0.7876347546442077
13.5,-0.08018225936741191,-0.41519523829111865,-0.6644432305009853,0.16777838474950735,0.21143337048399058,0.7875919547427254
13.510000000000002,-0.0676592481335015,-0.4172048802920602,-0.6645270096314456,0.1677364951842772,0.21132775846863033,0.7875492572069472
13.52,-0.055087862723804705,-0.4188371674507191,-0.6646107862201756,0.16769460688991222,0.2112221848301087,0.7875066619513884
13.530000000000001,-0.04247946253886309,-0.4200910078184961,-0.6646945596957018,0.1676527201521491,0.21111664997552326,0.7874641688842822
13.54,-0.029845428932546044,-0.42096565106109385,-0.6647783294793669,0.16761083526031656,0.21101115432688522,0.7874217779226301
13.55,-0.017197154945230574,-0.42146068877233556,-0.6648620949864663,0.16756895250676684,0.21090569831008701,0.7873794889813011
13.560000000000002,-0.004546035042882338,-0.4215760544985437,-0.6649458556273659,0.16752707218631707,0.21080028235344597,0.7873373019724011
13.57,0.008096545136498875,-0.42131202345861113,-0.6650296108085928,0.1674851945957036,0.21069490688786038,0.7872952168063547
13.580000000000002,0.02071921901855701,-0.4206692119623518,-0.6651133599339043,0.16744332003304785,0.21058957234972783,0.787253233395921
13.59,0.03331064930058847,-0.4196485765178371,-0.6651971024053277,0.16740144879733615,0.21048427918153043,0.787211351657684
13.600000000000001,0.04585953812224637,-0.4182514126184168,-0.6652808376241751,0.16735958118791244,0.21037902782483273,0.7871695715054101
13.61,0.05835463719049798,-0.4164793532248645,-0.6653645649920285,0.16731771750398577,0.21027381871278944,0.7871278928428769
13.620000000000001,0.07078475785230025,-0.41433436699560655,-0.6654482839116959,0.16727585804415207,0.21016865228778694,0.7870863155835449
13.629999999999999,0.08313878110181955,-0.4118187561592092,-0.6655319937881368,0.16723400310593162,0.21006352899040714,0.7870448396395386
13.64,0.09540566751321553,-0.40893515410771114,-0.6656156940293582,0.16719215298532092,0.2099584492576684,0.7870034649205325
13.650000000000002,0.10757446709331507,-0.4056865226955917,-0.6656993840472769,0.16715030797636155,0.20985341352194603,0.7869621913333419
13.66,0.11963432904662862,-0.4020761492539388,-0.6657830632585517,0.16710846837072413,0.20974842221415674,0.7869210187860364
13.670000000000002,0.13157451144092688,-0.3981076433133168,-0.6658667310853802,0.1670666344573099,0.20964347576624084,0.7868799471912673
13.68,0.14338439076156084,-0.3937849330284503,-0.6659503869562645,0.16702480652186774,0.20953857460756783,0.7868389764630902
13.690000000000001,0.155053471344155,-0.38911226130180315,-0.6660340303067428,0.1669829848466286,0.20943371915195236,0.7867981065037705
13.7,0.1665713946982424,-0.3840941816782413,-0.6661176605800855,0.16694116970995726,0.20932890981108862,0.7867573372187141
13.71,0.17792794869158263,-0.37873555394054426,-0.6662012772279582,0.1668993613860209,0.2092241469956595,0.7867166685182209
13.719999999999999,0.18911307658795803,-0.3730415394180271,-0.6662848797110503,0.16685756014447484,0.2091194311081196,0.7866761003103521
13.73,0.20011688593814758,-0.3670175960399381,-0.6663684674996693,0.16681576625016536,0.20901476254114013,0.786635632499809
13.740000000000002,0.21092965731882105,-0.3606694731324419,-0.6664520400742985,0.16677397996285076,0.20891014167954397,0.7865952649904924
13.75,0.22154185290877207,-0.3540032059613137,-0.6665355969261223,0.16673220153693885,0.20880556890390894,0.7865549976898008
13.760000000000002,0.23194412488939362,-0.34702511001668856,-0.666619137557516,0.166690431221242,0.2087010445905826,0.7865148305090807
13.77,0.24212732365630354,-0.3397417750362192,-0.6667026614825016,0.16664866925874922,0.2085965691027332,0.7864747633545379
13.780000000000001,0.2520825058491841,-0.33216005879494775,-0.6667861682271685,0.16660691588641574,0.20849214278592557,0.7864347961229443
13.79,0.26180094221315187,-0.3242870807012543,-0.6668696573300615,0.16656517133496923,0.20838776598773495,0.7863949287228076
13.8,0.27127412522531974,-0.31613021510620515,-0.6669531283425338,0.16652343582873308,0.2082834390439252,0.786355161060033
13.810000000000002,0.28049377652642044,-0.30769708441509436,-0.6670365808290685,0.16648170958546576,0.20817916227831448,0.786315493038092
13.82,0.2894518541405682,-0.29899555198185374,-0.6671200143675651,0.16643999281621746,0.20807493600284138,0.7862759245583744
13.830000000000002,0.29814055948012247,-0.2900337147985019,-0.6672034285495958,0.1663982857252021,0.20797076052112418,0.7862364555242111
13.84,0.3065523441222661,-0.2808198959795276,-0.6672868229806288,0.1663565885096856,0.2078666361304821,0.7861970858432318
13.850000000000001,0.3146799163439834,-0.27136263704093644,-0.6673701972802201,0.16631490135988997,0.20776256311717195,0.786157815422519
13.86,0.3225162474111108,-0.26167068998252274,-0.6674535510821751,0.16627322445891246,0.20765854174586362,0.7861186441576615
13.870000000000001,0.33005457766632296,-0.25175300922896,-0.6675368840346806,0.1662315579826597,0.20755457227819124,0.7860795719525233
13.879999999999999,0.3372884223322095,-0.2416187433602731,-0.6676201958004057,0.16618990209979717,0.20745065496543297,0.786040598711619
13.89,0.3442115770668027,-0.2312772266837442,-0.6677034860565766,0.1661482569717117,0.20734679004589116,0.7860017243374497
13.900000000000002,0.3508181232643277,-0.22073797064971606,-0.6677867544950211,0.16610662275248944,0.20724297774427725,0.7859629487299344
13.91,0.3571024331003677,-0.21001065511988923,-0.667870000822187,0.16606499958890653,0.2071392182748644,0.7859242717897925
13.920000000000002,0.3630591743101058,-0.19910511949265336,-0.667953224759135,0.1660233876204325,0.20703551184453817,0.7858856934217896
13.93,0.368683314686714,-0.18803135368862828,-0.6680364260415036,0.1659817869792482,0.20693185865059577,0.785847213532418
13.940000000000001,0.37397012629040244,-0.1767994890013095,-0.6681196044194527,0.16594019779027364,0.20682825887000048,0.7858088320185703
13.95,0.378915189418225,-0.16541978885181155,-0.6682027596575802,0.16589862017120988,0.2067247126709983,0.7857705487797524
13.96,0.38351439627550216,-0.15390263942350244,-0.6682858915348175,0.16585705423259123,0.20662122021472254,0.7857323637197143
13.969999999999999,0.387763954349826,-0.14225854018906675,-0.6683689998443029,0.16581550007784857,0.2065177816495097,0.7856942767403947
13.98,0.3916603895062773,-0.13049809435086093,-0.6684520843932332,0.1657739578033834,0.20641439711016707,0.7856562877410663
13.990000000000002,0.3952005487997757,-0.11863199919850216,-0.6685351450026954,0.1657324274986523,0.2063110667205454,0.7856183966209372
14.0,0.3983816029975489,-0.10667103639189825,-0.6686181815074794,0.1656909092462603,0.20620779059714156,0.7855806032828121
14.010000000000002,0.4012010488000421,-0.0946260621759409,-0.6687011937558726,0.16564940312206372,0.2061045688486665,0.7855429076324907
14.02,0.4036567107492822,-0.08250799753326377,-0.6687841816094365,0.16560790919528173,0.20600140156676042,0.7855053095688677
14.030000000000001,0.40574674286659224,-0.07032781829574593,-0.6688671449427671,0.16556642752861644,0.20589828883036398,0.7854678089883612
14.04,0.4074696300017186,-0.05809654521908527,-0.6689500836432404,0.1655249581783798,0.20579523071498196,0.7854304057944466
14.05,0.4088241888494547,-0.045825234017302666,-0.6690329976107428,0.16548350119462862,0.20569222728457384,0.7853930998889481
14.060000000000002,0.4098095686808072,-0.033524965381762264,-0.6691158867573884,0.1654420566213058,0.20558927859095524,0.785355891171209
14.07,0.41042525177932626,-0.021206834986583656,-0.6691987510072238,0.1654006244963881,0.20548638467564678,0.785318779539812
14.080000000000002,0.4106710535813247,-0.008881943490623295,-0.6692815902959207,0.16535920485203964,0.20538354557374228,0.7852817648963986
14.09,0.4105471225102383,0.003438613455128539,-0.6693644045704582,0.1653177977147709,0.20528076131479686,0.7852448471463499
14.100000000000001,0.4100539394953791,0.015743755186042513,-0.6694471937887958,0.1652764031056021,0.2051780319156013,0.785208026190978
14.11,0.4091923172013893,0.02802242597864872,-0.6695299579195371,0.16523502104023147,0.20507535737770352,0.7851713019246872
14.120000000000001,0.40796339899653405,0.04026360497215274,-0.6696126969415848,0.16519365152920762,0.2049727377031875,0.7851346742512022
14.129999999999999,0.4063686575725856,0.05245631605071978,-0.6696954108437899,0.16515229457810504,0.20487017288453577,0.7850981430726931
14.14,0.40440989328965665,0.06458963767271148,-0.6697780996245952,0.1651109501877024,0.2047676629043534,0.7850617082892133
14.150000000000002,0.4020892322300231,0.07665271264285642,-0.6698607632916713,0.16506961835416434,0.2046652077362184,0.7850253697993068
14.16,0.3994091239669124,0.08863475781822346,-0.6699434018615501,0.16502829906922495,0.20456280734869153,0.7849891275039024
14.170000000000002,0.39637233904089425,0.10052507373706328,-0.6700260153592538,0.16498699232037312,0.2044604617075094,0.7849529813083015
14.18,0.3929819661365119,0.1123130541595849,-0.6701086038179217,0.16494569809103915,0.20435817077081384,0.7849169311169029
14.190000000000001,0.38924140896734016,0.12398819551355346,-0.670191167278435,0.1649044163607825,0.20425593448024182,0.7848809768236319
14.2,0.38515438293533966,0.13554010625015842,-0.6702737057890388,0.1648631471054806,0.20415375277998596,0.7848451183314944
14.21,0.3807249114597199,0.14695851607900803,-0.6703562194049655,0.16482189029751726,0.20405162560866527,0.7848093555437994
14.219999999999999,0.3759573220458122,0.15823328508534173,-0.6704387081880582,0.1647806459059709,0.20394955289774333,0.7847736883622117
14.23,0.37085624208602225,0.16935441272188712,-0.6705211722063937,0.16473941389680313,0.2038475345709028,0.7847381166858011
14.240000000000002,0.3654265944028404,0.1803120466705458,-0.6706036115339089,0.16469819423304555,0.20374557054779074,0.7847026404146356
14.25,0.3596735925305475,0.19109649156195443,-0.6706860262500268,0.1646569868749866,0.20364366074783571,0.7846672594534387
14.260000000000002,0.35360273573097645,0.2016982175404414,-0.6707684164392899,0.16461579178035507,0.20354180508891903,0.7846319737099008
14.27,0.34721980373971223,0.2121078686624464,-0.6708507821909914,0.16457460890450432,0.2034400034761907,0.7845967830827723
14.280000000000001,0.34053085129862165,0.2223162711472854,-0.670933123598815,0.16453343820059252,0.20333825580974507,0.784561687469545
14.29,0.333542202449317,0.23231444145740354,-0.6710154407604775,0.16449227961976126,0.20323656199390316,0.784526686775781
14.3,0.3262604445566487,0.24209359418262086,-0.6710977337773762,0.16445113311131188,0.20313492192786642,0.7844917809051232
14.310000000000002,0.3186924221186632,0.2516451497446547,-0.6711800027542433,0.16440999862287836,0.20303333550544717,0.7844569697587344
14.32,0.31084523035387035,0.26096074191297364,-0.6712622477988047,0.16436887610059764,0.20293180261698776,0.7844222532370076
14.330000000000002,0.30272620857253885,0.2700322251240733,-0.6713444690214466,0.1643277654892767,0.20283032315346894,0.7843876312435393
14.34,0.2943429333308092,0.27885168159111046,-0.671426666534889,0.1642866667325555,0.20272889700778673,0.7843531036861703
14.350000000000001,0.28570321136631066,0.2874114281909433,-0.6715088404538658,0.16424557977306709,0.20262752406804246,0.7843186704697753
14.36,0.27681507233496205,0.29570402313418587,-0.6715909908948133,0.16420450455259333,0.2025262042116732,0.7842843314899455
14.370000000000001,0.2676867613928492,0.30372227244552724,-0.6716731179755665,0.16416344101221675,0.202424937325214,0.7842500866531584
14.379999999999999,0.25832673154386293,0.3114592361733607,-0.6717552218150641,0.16412238909246796,0.20232372329254195,0.784215935864373
14.39,0.2487436358272653,0.3189082343786682,-0.6718373025330615,0.16408134873346925,0.20222256199487657,0.78418187902679
14.400000000000002,0.23894631933252783,0.32606285288541886,-0.6719193602498539,0.16404031987507306,0.20212145331108514,0.7841479160419376
14.41,0.22894381105310768,0.3329169487919116,-0.6720013950860066,0.16399930245699668,0.20202039712145242,0.7841140468133296
14.420000000000002,0.21874531558146462,0.33946465573042894,-0.672083407162097,0.1639582964189515,0.2019193933101853,0.784080271248822
14.43,0.2083602046474157,0.3457003888623729,-0.6721653965984644,0.1639173017007678,0.20181844176159222,0.7840465892564547
14.440000000000001,0.19779800850777138,0.351618849605138,-0.6722473635149706,0.1638763182425147,0.2017175423502385,0.7840130007341142
14.45,0.1870684072324419,0.3572150301414825,-0.6723293080307688,0.16383534598461558,0.20161669495819473,0.783979505587101
14.46,0.17618122183788346,0.36248421762520905,-0.6724112302640856,0.16379438486795722,0.2015158994692785,0.7839461037220037
14.469999999999999,0.16514640530769348,0.3674219981216162,-0.6724931303320083,0.16375343483399585,0.2014151557664752,0.7839127950438604
14.48,0.15397403350568567,0.3720242602789101,-0.6725750083502875,0.16371249582485625,0.2013144637315463,0.7838795794555881
14.490000000000002,0.1426742959895726,0.37628719873063954,-0.6726568644331458,0.16367156778342712,0.20121382324822518,0.783846456861102
14.5,0.13125748673142132,0.38020731721929163,-0.6727386986930984,0.16363065065345078,0.2011132342053478,0.7838134271683688
14.510000000000002,0.11973399475005173,0.3837814314292095,-0.6728205112407849,0.16358974437960755,0.20101269649493442,0.7837804902872804
14.52,0.10811429466175869,0.3870066715204957,-0.6729023021848083,0.16354884890759586,0.2009122100020196,0.7837476461190792
14.530000000000001,0.09640893717793049,0.38988048441746,-0.6729840716315874,0.16350796418420632,0.20081177461579003,0.7837148945676615
14.54,0.08462853953677535,0.3924006357921189,-0.673065819685217,0.16346709015739153,0.20071139023121404,0.783682235541115
14.55,0.07278377588063273,0.3945652117454964,-0.6731475464473391,0.16342622677633045,0.20061105674364674,0.7836496689460688
14.560000000000002,0.06088536759589815,0.39637262020758124,-0.673229252017024,0.163385373991488,0.20051077404812387,0.7836171946868654
14.57,0.048944073619886945,0.3978215920529301,-0.6733109364906608,0.16334453175466962,0.2004105420418527,0.7835848126680145
14.580000000000002,0.03697068072376111,0.3989111819264345,-0.6733925999618579,0.16330370001907107,0.20031036062765398,0.7835525227976194
14.59,0.02497599377938926,0.39964076876910254,-0.673474242521353,0.1632628787393235,0.20021022971343608,0.783520324986747
14.600000000000001,0.012970826017924136,0.40001005603449963,-0.6735558642569323,0.16322206787153387,0.2001101492030769,0.7834882191400288
14.61,0.0009659892933615384,0.40001907163995903,-0.673637465253359,0.1631812673733205,0.20001011900089552,0.7834562051601736
14.620000000000001,-0.011027715642363368,0.3996681676338936,-0.6737190455923114,0.16314047720384428,0.19991013902008756,0.7834242829565203
14.629999999999999,-0.022999508847957904,0.39895801953952714,-0.6738006053523291,0.16309969732383545,0.19981020917494996,0.7833924524370363
14.64,-0.0349386408696757,0.39788962542208967,-0.6738821446087677,0.16305892769561614,0.19971032938004918,0.7833607135074258
14.650000000000002,-0.04683440238292236,0.3964643046717234,-0.6739636634337635,0.16301816828311827,0.1996104995518764,0.7833290660727825
14.66,-0.05867613378875109,0.39468369650230184,-0.6740451618962041,0.16297741905189794,0.19951071961245373,0.7832975100412336
14.670000000000002,-0.07045323475517927,0.3925497581582342,-0.6741266400617094,0.1629366799691453,0.19941098949002067,0.783266045324605
14.68,-0.08215517369325728,0.3900647628213359,-0.6742080979926183,0.16289595100369086,0.19931130911179773,0.7832346718310281
14.690000000000001,-0.09377149716314483,0.3872312972437008,-0.6742895357479839,0.16285523212600805,0.19921167840092677,0.7832033894618234
14.7,-0.10529183920560271,0.38405225913783037,-0.6743709533835768,0.1628145233082116,0.19911209729205914,0.783172198127362
14.71,-0.11670593057937205,0.38053085423876765,-0.6744523509518935,0.16277382452405326,0.19901256572141582,0.7831410977369401
14.719999999999999,-0.12800360790185553,0.37667059311041723,-0.6745337285021724,0.1627331357489138,0.19891308362576698,0.7831100881977501
14.73,-0.13917482268772188,0.372475287682507,-0.6746150860804174,0.1626924569597913,0.1988136509424876,0.7830791694149539
14.740000000000002,-0.15020965027804276,0.3679490475269717,-0.6746964237294263,0.16265178813528686,0.1987142676134867,0.7830483412956925
14.75,-0.16109829864829162,0.3630962758681866,-0.6747777414888245,0.16261112925558774,0.19861493358803636,0.7830176037519714
14.760000000000002,-0.17183111708339027,0.3579216653215074,-0.6748590393951069,0.16257048030244653,0.19851564881933548,0.7829869566971939
14.77,-0.18239860470988464,0.3524301933589747,-0.6749403174816827,0.16252984125915865,0.19841641325200207,0.7829564000335086
14.780000000000001,-0.1927914189061402,0.3466271175745356,-0.6750215757789266,0.16248921211053668,0.19831722683737904,0.7829259336673802
14.79,-0.20300038355080652,0.34051797067419926,-0.675102814314234,0.162448592842883,0.19821808953388273,0.7828955575099711
14.8,-0.21301649710729256,0.3341085552112872,-0.6751840331120815,0.16240798344395924,0.19811900130050303,0.7828652714705969
14.810000000000002,-0.2228309405464087,0.3274049380954474,-0.6752652321940912,0.1623673839029544,0.19801996209604783,0.7828350754560125
14.82,-0.2324350851016167,0.3204134448736443,-0.6753464115790987,0.16232679421045065,0.1979209718814505,0.7828049693728043
14.830000000000002,-0.2418204998469311,0.31314065378619865,-0.6754275712832257,0.16228621435838714,0.19782203062340376,0.7827749531311183
14.84,-0.2509789590848285,0.3055933895956959,-0.6755087113199549,0.16224564434002253,0.19772313829436527,0.7827450266447159
14.850000000000001,-0.25990244953164393,0.2977787171864945,-0.6755898317002086,0.1622050841498957,0.1976242948638799,0.7827151898222616
14.86,-0.2685831773136812,0.28970393496643326,-0.6756709324324303,0.16216453378378487,0.19752550029739685,0.7826854425662058
14.870000000000001,-0.2770135747793315,0.28137656809186806,-0.6757520135226681,0.16212399323866594,0.19742675457190567,0.7826557847886402
14.879999999999999,-0.28518630706856557,0.2728043614518133,-0.6758330749746615,0.16208346251266925,0.1973280576644752,0.7826262163997857
14.89,-0.2930942784782528,0.2639952724808807,-0.6759141167899295,0.16204294160503524,0.19722940955201257,0.7825967373078249
14.900000000000002,-0.30073063860849875,0.2549574637882589,-0.6759951389678607,0.16200243051606966,0.19713081021191034,0.7825673474196289
14.91,-0.30808878828667297,0.24569929561295095,-0.6760761415058049,0.16196192924709757,0.1970322596255818,0.7825380466443965
14.920000000000002,-0.3151623852564715,0.23622931810635295,-0.6761571243991662,0.1619214378004169,0.1969337577800852,0.7825088348953579
14.93,-0.3219453496193677,0.22655626344326021,-0.6762380876414967,0.16188095617925163,0.196835304662876,0.782479712084561
14.940000000000001,-0.3284318690294107,0.21668903777281934,-0.6763190312245917,0.16184048438770415,0.1967369002532712,0.7824506781143669
14.95,-0.33461640368423684,0.20663671305457806,-0.6763999551385848,0.16180002243070762,0.19663854454084795,0.7824217328960461
14.96,-0.3404936910230847,0.1964085187183372,-0.6764808593720437,0.16175957031397814,0.19654023751617328,0.7823928763405212
14.969999999999999,-0.3460587501818897,0.18601383320224674,-0.676561743912067,0.1617191280439665,0.1964419791694515,0.7823641083570886
14.98,-0.35130688619258016,0.1754621753657662,-0.6766426087443783,0.16167869562781084,0.19634376949015556,0.7823354288531302
14.990000000000002,-0.35623369392743287,0.16476319578756726,-0.676723453853424,0.16163827307328799,0.19624560847017453,0.782306837737357
15.0,-0.360835061777514,0.15392666795302476,-0.6768042792224668,0.1615978603887666,0.19614749610631227,0.7822783349223893
15.010000000000002,-0.36510717505330137,0.142962479335457,-0.6768850848336813,0.16155745758315937,0.19604943239725472,0.7822499203217875
15.02,-0.36904651910170555,0.13188062237794465,-0.6769658706682471,0.16151706466587645,0.19595141733340407,0.7822215938399408
15.030000000000001,-0.3726498821939644,0.12069118540945811,-0.6770466367064422,0.16147668164677892,0.19585345091082496,0.7821933553861352
15.04,-0.3759143581082715,0.10940434346965994,-0.6771273829277341,0.16143630853613294,0.19575553312868393,0.7821652048720548
15.05,-0.3788373484319073,0.09803034906480881,-0.6772081093108707,0.16139594534456464,0.19565766398526704,0.7821371422078681
15.060000000000002,-0.38141656458994877,0.08657952286621626,-0.6772888158339687,0.16135559208301564,0.1955598434772207,0.7821091673015473
15.07,-0.3836500296000229,0.07506224435721598,-0.677369502474601,0.16131524876269948,0.1954620716021659,0.7820812800615607
15.080000000000002,-0.38553607954567176,0.06348894243667073,-0.6774501692098828,0.16127491539505862,0.1953643483617043,0.7820534803999483
15.09,-0.38707336475788096,0.051870085985936676,-0.6775308160165543,0.16123459199172285,0.19526667375999934,0.7820257682309669
15.100000000000001,-0.38826085069637617,0.04021617440638599,-0.6776114428710638,0.1611942785644681,0.1951690477940589,0.7819981434614558
15.11,-0.38909781858107806,0.028537728145126527,-0.6776920497496464,0.16115397512517682,0.19507147046162251,0.7819706059987906
15.120000000000001,-0.3895838657319323,0.01684527920957087,-0.677772636628402,0.16111368168579898,0.1949739417654861,0.7819431557552637
15.129999999999999,-0.3897189056027653,0.005149361677738273,-0.6778532034833704,0.1610733982583148,0.19487646170709358,0.7819157926417478
15.14,-0.3895031675414267,-0.00653949778061641,-0.6779337502906047,0.16103312485469767,0.19477903028562096,0.7818885165668513
15.150000000000002,-0.3889371962717946,-0.01821078936802587,-0.6780142770262412,0.1609928614868794,0.19468164749994482,0.781861327438944
15.16,-0.3880218510951639,-0.029854029598949658,-0.6780947836665678,0.16095260816671608,0.1945843133519584,0.7818342251695188
15.170000000000002,-0.3867583048025989,-0.04145877070581089,-0.6781752701880898,0.16091236490595512,0.19448702784647168,0.7818072096731429
15.18,-0.38514804229003635,-0.05301461000223229,-0.6782557365675916,0.16087213171620418,0.194389790982922,0.7817802808592594
15.190000000000001,-0.38319285891282084,-0.0645111991978224,-0.6783361827821991,0.16083190860890045,0.19429260275659113,0.7817534386334654
15.2,-0.38089485858216,-0.07593825365595389,-0.6784166088094346,0.16079169559528272,0.19419546316961142,0.7817266829085041
15.21,-0.37825645154736837,-0.08728556158326875,-0.6784970146272739,0.16075149268636307,0.19409837222276832,0.7817000135961597
15.219999999999999,-0.37528035191855885,-0.09854299314254358,-0.6785774002141968,0.16071129989290162,0.19400132991400393,0.781673430605817
15.23,-0.3719695749226171,-0.10970050948546071,-0.6786577655492374,0.1606711172253813,0.19390433623921496,0.7816469338453045
15.240000000000002,-0.3683274338968611,-0.12074817169640499,-0.6787381106120304,0.1606309446939848,0.19380739119617646,0.7816205232248319
15.25,-0.36435753701412016,-0.13167614963634716,-0.678818435382854,0.160590782308573,0.19371049478671104,0.7815941986591735
15.260000000000002,-0.36006378373300546,-0.14247473067573313,-0.6788987398426721,0.16055063007866394,0.19361364701206576,0.7815679600631154
15.27,-0.35545036097631194,-0.15313432830843662,-0.6789790239731716,0.16051048801341422,0.19351684786128218,0.7815418073399703
15.280000000000001,-0.3505217391131158,-0.16364549066293416,-0.6790592877567978,0.1604703561216011,0.1934200973303936,0.781515740400643
15.29,-0.3452826676423296,-0.17399890886902128,-0.6791395311767875,0.16043023441160625,0.19332339541673002,0.7814897591580072
15.3,-0.3397381706337418,-0.18418542528736978,-0.6792197542171985,0.16039012289140075,0.19322674211522248,0.781463863523274
15.310000000000002,-0.3338935419322417,-0.1941960415962424,-0.6792999568629363,0.16035002156853184,0.19313013741756305,0.7814380534051911
15.32,-0.32775434012986326,-0.2040219267314035,-0.6793801390997799,0.16030993045011005,0.19303358131498538,0.7814123287128202
15.330000000000002,-0.3213263833057335,-0.21365442466833695,-0.6794603009144016,0.16026984954279921,0.19293707380173286,0.781386689358982
15.34,-0.31461574353083505,-0.22308506203460715,-0.6795404422943884,0.16022977885280582,0.1928406148743339,0.7813611352595531
15.350000000000001,-0.30762874113468947,-0.23230555554050364,-0.6796205632282568,0.1601897183858716,0.19274420452188426,0.7813356663238846
15.36,-0.3003719387756876,-0.2413078192450382,-0.6797006637054679,0.16014966814726606,0.19264784272907226,0.7813102824578178
15.370000000000001,-0.29285213531402665,-0.250083971646774,-0.679780743716439,0.16010962814178048,0.19255152948795903,0.7812849835753177
15.379999999999999,-0.2850763594413403,-0.25862634256024086,-0.6798608032525523,0.16006959837372386,0.19245526478796007,0.7812597695885927
15.39,-0.27705186312740404,-0.2669274798040885,-0.6799408423061624,0.16002957884691882,0.1923590486154264,0.7812346404076956
15.400000000000002,-0.2687861148738053,-0.2749801556898942,-0.6800208608706,0.1599895695647,0.19226288095482247,0.781209595941694
15.41,-0.26028679278269024,-0.2827773733060447,-0.6801008589401754,0.15994957052991232,0.19216676179230716,0.7811846361022019
15.420000000000002,-0.25156177744071156,-0.29031237258428383,-0.6801808365101779,0.15990958174491104,0.1920706911169987,0.7811597608046202
15.43,-0.24261914461831255,-0.29757863613652946,-0.6802607935768742,0.1598696032115629,0.1919746689150672,0.7811349699623217
15.440000000000001,-0.2334671577992341,-0.3045698948660331,-0.680340730137504,0.15982963493124802,0.19187869516282868,0.7811102634798693
15.45,-0.22411426058300904,-0.31128013338671695,-0.6804206461902745,0.15978967690486273,0.19178276984515658,0.7810856412711169
15.46,-0.21456906889308294,-0.3177035951668732,-0.6805005417343529,0.15974972913282354,0.1916868929449801,0.7810611032488743
15.469999999999999,-0.20484036305290412,-0.32383478744806893,-0.6805804167698564,0.15970979161507182,0.19159106444272234,0.7810366493243533
15.48,-0.1949370797217012,-0.32966848592335196,-0.6806602712978409,0.15966986435107955,0.19149528431623336,0.7810122794070977
15.490000000000002,-0.1848683037007572,-0.3351997391751671,-0.6807401053202882,0.15962994733985592,0.19139955254407953,0.7809879934082037
15.5,-0.17464325961358942,-0.34042387286157444,-0.6808199188400912,0.1595900405799544,0.19130386910784958,0.7809637912425654
15.510000000000002,-0.16427130346322844,-0.34533649363888286,-0.6808997118610387,0.15955014406948065,0.1912082339886977,0.7809396728254698
15.52,-0.15376191407391548,-0.34993349281663366,-0.6809794843877969,0.15951025780610156,0.191112647157719,0.7809156380631603
15.530000000000001,-0.1431246844545549,-0.3542110497966763,-0.6810592364258915,0.15947038178705425,0.19101710859127213,0.7808916868678382
15.54,-0.1323693130485372,-0.3581656352149961,-0.681138967981687,0.15943051600915648,0.1909216182664389,0.7808678191531913
15.55,-0.12150559490022005,-0.36179401382049764,-0.6812186790623665,0.15939066046881673,0.19082617615804365,0.7808440348314626
15.560000000000002,-0.11054341274566254,-0.36509324709060437,-0.6812983696759085,0.15935081516204574,0.19073078223809276,0.780820333812888
15.57,-0.09949272803452323,-0.36806069558399873,-0.6813780398310638,0.1593109800844681,0.19063543647858902,0.7807967160084316
15.580000000000002,-0.08836357189011872,-0.3706940210220274,-0.6814576895373321,0.15927115523133395,0.19054013885442844,0.7807731813325931
15.59,-0.07716603601363171,-0.37299118808811366,-0.6815373188049357,0.15923134059753213,0.19044488934166734,0.7807497297016889
15.600000000000001,-0.0659102635390173,-0.3749504659374794,-0.6816169276447954,0.1591915361776023,0.19034968790788415,0.7807263610244283
15.61,-0.05460643986032675,-0.37657042946874464,-0.6816965160685016,0.15915174196574922,0.19025453452184407,0.7807030752113298
15.620000000000001,-0.04326478342601474,-0.37784996030501244,-0.6817760840882898,0.1591119579558551,0.19015942915577408,0.7806798721769137
15.629999999999999,-0.031895536509566086,-0.37878824748284123,-0.6818556317170109,0.15907218414149454,0.19006437177990199,0.7806567518343509
15.64,-0.02050895597116842,-0.37938478787293517,-0.6819351589681043,0.15903242051594785,0.1899693623616841,0.7806337140946918
15.650000000000002,-0.009115304014744691,-0.379639386329549,-0.6820146658555686,0.1589926670722157,0.18987440086801974,0.780610758869003
15.66,0.0022751610506463256,-0.37955215556462996,-0.6820941523939332,0.15895292380303339,0.18977948726848975,0.7805878860714928
15.670000000000002,0.013652194036669929,-0.3791235157378566,-0.682173618598229,0.1589131907008855,0.18968462153496238,0.7805650956190968
15.68,0.02500557208047537,-0.37835419375429213,-0.6822530644839592,0.15887346775802041,0.18958980363308853,0.7805423874231852
15.690000000000001,0.036325103820226766,-0.37724522231040086,-0.6823324900670693,0.15883375496646535,0.18949503352566657,0.7805197613928179
15.7,0.047600638533139186,-0.37579793867681754,-0.6824118953639186,0.15879405231804072,0.18940031118144163,0.7804972174432676
15.71,0.05882207522830331,-0.3740139831754881,-0.68249128039125,0.15875435980437502,0.18930563656753494,0.7804747554886361
15.719999999999999,0.06997937168351676,-0.3718952973990791,-0.6825706451661601,0.15871467741691997,0.18921100964846713,0.7804523754408832
15.73,0.08106255342254519,-0.3694441221656211,-0.6826499897060714,0.1586750051469643,0.18911643038754553,0.7804300772111545
15.740000000000002,0.0920617226234741,-0.3666629952101494,-0.6827293140287015,0.15863534298564924,0.18902189875043549,0.7804078607132175
15.75,0.10296706694802708,-0.3635547486067023,-0.6828086181520351,0.15859569092398246,0.18892741470625826,0.7803857258644943
15.760000000000002,0.11376886828158543,-0.36012250591405986,-0.682887902094295,0.15855604895285252,0.18883297822142642,0.780363672580062
15.77,0.12445751137971778,-0.35636967906218614,-0.6829671658739139,0.15851641706304304,0.18873858925357456,0.7803417007667631
15.780000000000001,0.13502349242507194,-0.35229996502902294,-0.6830464095095063,0.15847679524524683,0.18864424776952135,0.7803198103405696
15.79,0.14545742746273424,-0.3479173422087436,-0.6831256330198413,0.15843718349007935,0.18854995373486083,0.7802980012164785
15.8,0.1557500607216772,-0.3432260665501768,-0.6832048364238147,0.15839758178809266,0.1884557071133112,0.7802762733078611
15.810000000000002,0.16589227281392793,-0.3382306674496668,-0.6832840197404237,0.15835799012978813,0.18836150786640152,0.7802546265261421
15.82,0.1758750888065869,-0.3329359434086184,-0.6833631829887397,0.15831840850563017,0.18826735595696853,0.7802330607841566
15.830000000000002,0.18568968615517786,-0.32734695745206244,-0.6834423261878831,0.15827883690605843,0.1881732513519993,0.7802115759988669
15.84,0.1953274024867136,-0.3214690323042464,-0.683521449356999,0.1582392753215005,0.18807919401998938,0.7801901720887849
15.850000000000001,0.20477974322276474,-0.31530774532037675,-0.6836005525152323,0.15819972374238384,0.18798518391977134,0.7801688489631793
15.86,0.21403838906637473,-0.3088689232360132,-0.6836796356817043,0.15816018215914784,0.18789122101305256,0.7801476065341552
15.870000000000001,0.22309520331401958,-0.30215863667802373,-0.6837586988754902,0.15812065056225488,0.1877973052661071,0.7801264447182578
15.879999999999999,0.2319422389878412,-0.29518319444798313,-0.6838377421155963,0.15808112894220183,0.1877034366435579,0.780105363430457
15.89,0.24057174579441168,-0.28794913760744595,-0.6839167654209395,0.15804161728953026,0.1876096151077037,0.7800843625834858
15.900000000000002,0.24897617690426854,-0.28046323336379564,-0.6839957688103252,0.1580021155948374,0.18751584062069296,0.7800634420899164
15.91,0.25714819554335244,-0.27273246876050883,-0.6840747523024291,0.15796262384878546,0.18742211314797153,0.7800426018654583
15.920000000000002,0.26508068138425345,-0.26476404417098925,-0.6841537159157769,0.15792314204211155,0.18732843265833782,0.7800218418289857
15.93,0.2727667367251974,-0.2565653665951565,-0.6842326596687264,0.1578836701656368,0.18723479911585628,0.7800011618947496
15.940000000000001,0.2801996924729652,-0.24814404278788496,-0.6843115835794504,0.15784420821027478,0.1871412124794135,0.7799805619719477
15.95,0.28737311393392867,-0.23950787223573397,-0.6843904876659189,0.15780475616704054,0.18704767271672443,0.7799600419781553
15.96,0.2942808063538867,-0.23066483993025091,-0.6844693719458851,0.15776531402705746,0.18695417979303247,0.7799396018284598
15.970000000000002,0.30091682025368816,-0.22162310900106783,-0.6845482364368686,0.1577258817815657,0.18686073367276074,0.7799192414370327
15.98,0.3072754565392612,-0.21239101319467293,-0.6846270811561421,0.15768645942192894,0.18676733432085435,0.779898960718406
15.990000000000002,0.3133512713814972,-0.20297704920733492,-0.6847059061207187,0.15764704693964066,0.18667398170427874,0.7798787595888941
16.0,0.3191390808552329,-0.19338986887499077,-0.684784711347338,0.157607644326331,0.18658067578972976,0.7798586379643851
