omega_t,n_markov,n_cov,n_N1,n_N2,dchi
-15.0,-1.1102230246251565e-16,-1.1102230246251565e-16,-1.1102230246251565e-16,-1.1102230246251565e-16,-4.590183416098595e-06
-14.99,4.440892098500626e-16,4.440892098500626e-16,4.6629367034256575e-15,4.996003610813204e-16,-4.521018431948753e-06
-14.98,1.9984014443252818e-15,1.9984014443252818e-15,1.3766765505351941e-14,1.9984014443252818e-15,-4.447837306732009e-06
-14.97,4.440892098500626e-15,4.385380947269368e-15,2.5701663020072374e-14,4.385380947269368e-15,-4.370539485093026e-06
-14.96,7.827072323607354e-15,7.605027718682322e-15,3.9690473130349346e-14,7.771561172376096e-15,-4.2890228235104765e-06
-14.95,1.199040866595169e-14,1.1712852909795402e-14,5.517808432387028e-14,1.1934897514720433e-14,-4.203183579931249e-06
-14.94,1.6986412276764895e-14,1.6486811915683575e-14,7.194245199571014e-14,1.687538997430238e-14,-4.112916403682061e-06
-14.93,2.2648549702353193e-14,2.220446049250313e-14,8.965050923848139e-14,2.2370993946196904e-14,-4.018114325669933e-06
-14.92,2.8976820942716586e-14,2.842170943040401e-14,1.0785816684233396e-13,2.858824288409778e-14,-3.918668748883235e-06
-14.91,3.5915714846623814e-14,3.5083047578154947e-14,1.2639889135357407e-13,3.524958103184872e-14,-3.814469439205377e-06
-14.9,4.3298697960381105e-14,4.218847493575595e-14,1.4482859356235167e-13,4.2299497238218464e-14,-3.7054045165529766e-06
-14.89,5.10702591327572e-14,4.96269692007445e-14,1.6314727346866675e-13,4.973799150320701e-14,-3.5913604463511933e-06
-14.88,5.917488721252084e-14,5.739853037312059e-14,1.811328864675943e-13,5.756506382681437e-14,-3.4722220313585647e-06
-14.87,6.755707104844078e-14,6.533662499919046e-14,1.9856338795420925e-13,6.550315845288424e-14,-3.347872403854202e-06
-14.86,7.6216810640517e-14,7.338574192772285e-14,2.1543877792851163e-13,7.355227538141662e-14,-3.2181930182004824e-06
-14.85,8.487655023259322e-14,8.149037000748649e-14,2.312594560294201e-13,8.182343691487404e-14,-3.0830636437941397e-06
-14.84,9.348077867343818e-14,8.959499808725013e-14,2.4596991110570343e-13,8.970602038971265e-14,-2.942362358419594e-06
-14.83,1.0208500711428314e-13,9.736655925962623e-14,2.5962565430859286e-13,9.742207041085749e-14,-2.795965542017924e-06
-14.82,1.1063372440389685e-13,1.0524914273446484e-13,2.719491298819321e-13,1.0497158697830855e-13,-2.64374787088547e-06
-14.81,1.18849374786123e-13,1.127986593019159e-13,2.8305136012818366e-13,1.1218803663837207e-13,-2.4855823123161773e-06
-14.8,1.2678746941219288e-13,1.1995959781074816e-13,2.9282132274488504e-13,1.1890488593735427e-13,-2.3213401197020053e-06
-14.79,1.3433698597964394e-13,1.268984917146554e-13,3.0109248427834245e-13,1.2534417948018017e-13,-2.150890828105987e-06
-14.78,1.414979244884762e-13,1.3339329640871256e-13,3.0780933357732465e-13,1.3128387266192476e-13,-1.9741022503228362e-06
-14.77,1.4804824033376462e-13,1.392774784392259e-13,3.131384040955254e-13,1.3677947663381929e-13,-1.790840473441771e-06
-14.76,1.5404344466674047e-13,1.4455103780619538e-13,3.1691316237925093e-13,1.4171996909340123e-13,-1.6009698559273067e-06
-14.75,1.5942802633617248e-13,1.4921397450962104e-13,3.1924463073096376e-13,1.4627188349436437e-13,-1.40435302523312e-06
-14.74,1.641464741908294e-13,1.5337731085196538e-13,3.201328091506639e-13,1.5010215292932116e-13,-1.200850875964814e-06
-14.73,1.6803225477701744e-13,1.567634910770721e-13,3.1968871994081383e-13,1.5332179970073412e-13,-9.903225686075464e-07
-14.72,1.7119639039719914e-13,1.5959455978986625e-13,3.180233854038761e-13,1.5581980150614072e-13,-7.726255288346076e-07
-14.71,1.7352785874891197e-13,1.616484723854228e-13,3.151368055398507e-13,1.5759615834554097e-13,-5.476154474134287e-07
-14.7,1.7497114868092467e-13,1.6298074001497298e-13,3.111400026512001e-13,1.5876189252139739e-13,-3.1514628072552344e-07
-14.69,1.7563728249569976e-13,1.638689184346731e-13,3.0636604364531195e-13,1.5931700403370996e-13,-7.507025191749245e-08
-14.68,1.75470749042006e-13,1.6409096303959814e-13,3.008704396734174e-13,1.5898393712632242e-13,1.727621473004363e-07
-14.67,1.744160371686121e-13,1.634803403760543e-13,2.949862576429041e-13,1.5831780331154732e-13,4.285021541902184e-07
-14.66,1.7252865802674933e-13,1.6225909504896663e-13,2.8882451985623447e-13,1.5698553568199713e-13,6.923027318392278e-07
-14.65,1.6986412276764895e-13,1.605937605120289e-13,2.8282931552325863e-13,1.553202011450594e-13,9.643185653129356e-07
-14.64,1.6653345369377348e-13,1.5865087021893487e-13,2.7711166694643907e-13,1.5332179970073412e-13,1.2447060570889992e-06
-14.63,1.6253665080512292e-13,1.5615286841352827e-13,2.7200464103316335e-13,1.511013536514838e-13,1.5336233217546412e-06
-14.62,1.5798473640415978e-13,1.5337731085196538e-13,2.680078381445128e-13,1.4865886299730846e-13,1.8312301799488618e-06
-14.61,1.5293322164211531e-13,1.5054624213917123e-13,2.6539881403664367e-13,1.4616086119190186e-13,2.1376881515305118e-06
-14.6,1.4765966227514582e-13,1.4771517342637708e-13,2.645661467681748e-13,1.4366285938649526e-13,2.4531604479541e-06
-14.59,1.421640583032513e-13,1.4499512701604544e-13,2.6606494785141876e-13,1.4166445794216997e-13,2.777811963833237e-06
-14.58,1.3666845433135677e-13,1.425526363618701e-13,2.7028379534499436e-13,1.4011014570769476e-13,3.1118092676730255e-06
-14.57,1.3133938381315602e-13,1.407207683712386e-13,2.778333119124454e-13,1.3922196728799463e-13,3.4553205917516507e-06
-14.56,1.265099136560366e-13,1.3955503419538218e-13,2.892130979148533e-13,1.3922196728799463e-13,3.8085158211313275e-06
-14.55,1.22291066162461e-13,1.3922196728799463e-13,3.0520030946945553e-13,1.4038770146385104e-13,4.1715664817786815e-06
-14.54,1.1901590823981678e-13,1.4022116801015727e-13,3.26183524634871e-13,1.4299672557172016e-13,4.544645727774357e-06
-14.53,1.1707301794672276e-13,1.4266365866433262e-13,3.5282887722587475e-13,1.474376176702208e-13,4.927928327591003e-06
-14.52,1.1679546219056647e-13,1.4682699500667695e-13,3.8585801220847316e-13,1.5376588891058418e-13,5.3215906494200075e-06
-14.51,1.1851630787873546e-13,1.532107773982716e-13,4.2615910800236634e-13,1.624256285026604e-13,5.725810645524799e-06
-14.5,1.2256862191861728e-13,1.6198153929281034e-13,4.745648318760232e-13,1.7391643680753077e-13,6.140767835600552e-06
-14.49,1.295075158225245e-13,1.73749903353837e-13,5.316858064929875e-13,1.883493361276578e-13,6.566643289118685e-06
-14.48,1.3988810110276972e-13,1.8890444763997039e-13,5.985212325754219e-13,2.0633494912658534e-13,7.003619606634724e-06
-14.47,1.5409895581797173e-13,2.0777823905859805e-13,6.757927550893328e-13,2.283728761653947e-13,7.451880900037749e-06
-14.46,1.7286172493413687e-13,2.3092638912203256e-13,7.646661082105766e-13,2.5501822875639846e-13,7.911612771719652e-06
-14.45,1.9667600881234648e-13,2.5873747588889273e-13,8.662515149637784e-13,2.8660407380698416e-13,8.383002292642055e-06
-14.44,2.262634524186069e-13,2.9187763317395365e-13,9.814371537686384e-13,3.2385205628315816e-13,8.866237979278163e-06
-14.43,2.6229018956769323e-13,3.3084646133829665e-13,1.1113332476497817e-12,3.6703973194107675e-13,9.361509769408412e-06
-14.42,3.0569990983053685e-13,3.764766276503906e-13,1.2569945084806022e-12,4.169997680492088e-13,9.869008996745214e-06
-14.41,3.571032358706816e-13,4.29101199017623e-13,1.4197532038906502e-12,4.743427872710981e-13,1.0388928364365754e-05
-14.4,4.174993684102901e-13,4.897748873133878e-13,1.600997112660707e-12,5.394573676653636e-13,1.0921461916928619e-05
-14.39,4.878319970202938e-13,5.589972928987663e-13,1.801891968966629e-12,6.13398221105399e-13,1.1466805011651845e-05
-14.38,5.689893001203927e-13,6.377121053446899e-13,2.0237700404379666e-12,6.968314814059795e-13,1.2025154288028125e-05
-14.37,6.622480341889059e-13,7.266964807683962e-13,2.268019105855501e-12,7.906453269868052e-13,1.2596707636254575e-05
-14.36,7.684963776455334e-13,8.270606421945104e-13,2.5361934774537076e-12,8.955614028138825e-13,1.3181664164352054e-05
-14.35,8.890665981198254e-13,9.393041899841137e-13,2.8298474674670615e-12,1.012578909609374e-12,1.3780224163951936e-05
-14.34,1.0251244297876383e-12,1.0649259252204502e-12,3.1505908992812692e-12,1.1425305146417486e-12,1.4392589074724184e-05
-14.33,1.1780576514297536e-12,1.2045364705670636e-12,3.4998670628283435e-12,1.2861933740282439e-12,1.5018961447423946e-05
-14.32,1.3492540418269527e-12,1.359412582502273e-12,3.8796743595526095e-12,1.444677710793485e-12,1.5659544905531975e-05
-14.31,1.5402124020624797e-12,1.530608972899472e-12,4.291733635142236e-12,1.6191492591133283e-12,1.63145441054638e-05
-14.3,1.7524315332195783e-12,1.71940239823698e-12,4.737543690680468e-12,1.8106072197099365e-12,1.6984164695323797e-05
-14.29,1.9876322809864178e-12,1.9270141038418842e-12,5.2194915056702484e-12,2.0201063044567036e-12,1.7668613272178948e-05
-14.28,2.2474244687487044e-12,2.1546653350412726e-12,5.739408948102209e-12,2.2489787809831796e-12,1.836809733782667e-05
-14.27,2.533695475648301e-12,2.4041879598257765e-12,6.299294419420676e-12,2.4984458946164523e-12,1.908282525303358e-05
-14.26,2.8483881919783016e-12,2.67663669006879e-12,6.901312854523667e-12,2.7697844018348405e-12,1.9813006190217614e-05
-14.25,3.1933344857293378e-12,2.9736768603072505e-12,7.547629188309202e-12,3.0644931037215883e-12,2.0558850084550135e-05
-14.24,3.5706992917994285e-12,3.296918293926865e-12,8.240519377977762e-12,3.3838487567550146e-12,2.132056758345138e-05
-14.23,3.982647545086593e-12,3.647970814313339e-12,8.982203869578598e-12,3.729294650867132e-12,2.2098369994454448e-05
-14.22,4.431399691640081e-12,4.0286662894573055e-12,9.775236176068347e-12,4.102329587141185e-12,2.289246923141209e-05
-14.21,4.919398222114069e-12,4.440725565046932e-12,1.062228083270611e-11,4.5046744112653414e-12,2.3703077759020268e-05
-14.2,5.449085627162731e-12,4.886036020224083e-12,1.1525780330146063e-11,4.9378834354740775e-12,2.453040853563339e-05
-14.19,6.0230154197427055e-12,5.366818101038007e-12,1.2488288181344842e-11,5.403566483153099e-12,2.5374674954344044e-05
-14.18,6.643907646264324e-12,5.88507020893303e-12,1.3512746477317705e-11,5.903832978049195e-12,2.6236090782303852e-05
-14.17,7.314482353137919e-12,6.44290176765594e-12,1.4601875264474984e-11,6.440181721245608e-12,2.7114870098256033e-05
-14.16,8.037737142529977e-12,7.0424777121047555e-12,1.5758783167285628e-11,7.0147221364891266e-12,2.8011227228256746e-05
-14.15,8.816669616606987e-12,7.686296044084884e-12,1.6986467787916126e-11,7.629452625224076e-12,2.8925376679557556e-05
-14.14,9.65444391098913e-12,8.376910276552962e-12,1.8287926728532966e-11,8.28631607774355e-12,2.9857533072622704e-05
-14.13,1.0554224161296588e-11,9.116707389011935e-12,1.9666490658210023e-11,8.987699473550492e-12,3.080791107125638e-05
-14.12,1.15194520589057e-11,9.908407427872135e-12,2.1125601268323635e-11,9.735490191786766e-12,3.1776725310812796e-05
-14.11,1.2553569295192801e-11,1.0754785950695123e-11,2.2668589227947678e-11,1.0532186234257779e-11,3.27641903244621e-05
-14.1,1.366035062844162e-11,1.165895158194985e-11,2.429895173960972e-11,1.138000804701278e-11,3.377052046748917e-05
-14.09,1.4843459794633418e-11,1.2623568856895417e-11,2.6020352539291025e-11,1.2281731187613332e-11,3.479592983959507e-05
-14.08,1.6106782574354384e-11,1.3652023955756931e-11,2.7836788429880244e-11,1.3239520590957454e-11,3.584063220517759e-05
-14.07,1.745442679279563e-11,1.474731448070088e-11,2.975192314735864e-11,1.4256262836909173e-11,3.690484091156409e-05
-14.06,1.889050027514827e-11,1.5913104167708525e-11,3.1769864516917323e-11,1.533467797187882e-11,3.798876880517064e-05
-14.05,2.0419388402359573e-11,1.7152723685853744e-11,3.3894553830293717e-11,1.647737501997426e-11,3.909262814556125e-05
-14.04,2.2045421044225577e-11,1.8470058815722723e-11,3.613037646843509e-11,1.768751811681568e-11,4.021663051738165e-05
-14.03,2.377331664860094e-11,1.98685512486918e-11,3.848177332343994e-11,1.8967993842267106e-11,4.136098674013962e-05
-14.02,2.5607738152189086e-11,2.1352308809952092e-11,4.0953074265104306e-11,2.032174428734379e-11,4.252590677581108e-05
-14.01,2.7553626047449598e-11,2.292549483584594e-11,4.3548942230131615e-11,2.1752377676875767e-11,4.3711599634239955e-05
-14.0,2.961592082684206e-11,2.459205061811076e-11,4.627426219983022e-11,2.3263002635331986e-11,4.491827327631026e-05
-13.99,3.1799896049733434e-11,2.6356583582298754e-11,4.9133808133206e-11,2.4856949831786324e-11,4.614613451486361e-05
-13.98,3.411099180894439e-11,2.822370115396211e-11,5.2132687056172244e-11,2.653777197991758e-11,4.739538891333674e-05
-13.97,3.65544816638419e-11,3.0198010758653027e-11,5.527600599464222e-11,2.8309021793404554e-11,4.866624068209449e-05
-13.96,3.91363053076077e-11,3.2284508399982315e-11,5.856898299683166e-11,3.017480709743836e-11,4.9958892572431376e-05
-13.95,4.186201385536492e-11,3.448791252580463e-11,6.201728020016617e-11,3.2138847139151494e-11,5.127354576821886e-05
-13.94,4.4737824556051464e-11,3.68139407846968e-11,6.562628218631517e-11,3.420502769913014e-11,5.261039977517147e-05
-13.93,4.7769732614000304e-11,3.9267589180269624e-11,6.940203967076286e-11,3.6377401091414185e-11,5.396965230771018e-05
-13.92,5.09642328339055e-11,4.1854630872251164e-11,7.33503258132373e-11,3.866057474155582e-11,5.535149917339432e-05
-13.91,5.432759797585618e-11,4.458106106497439e-11,7.747724684037394e-11,4.1058545452443695e-11,5.675613415490233e-05
-13.9,5.786665591145379e-11,4.745270842931859e-11,8.178902000111066e-11,4.357597616078124e-11,5.818374888953307e-05
-13.89,6.158817900114855e-11,5.047562368076797e-11,8.629208458899029e-11,4.621741878096941e-11,5.963453274620821e-05
-13.879999999999999,6.549910613884435e-11,5.36565236686215e-11,9.099315745331182e-11,4.8987869316619026e-11,6.110867269994867e-05
-13.87,6.960676479650374e-11,5.700212524217818e-11,9.5898899932223e-11,5.189193519328228e-11,6.260635320380345e-05
-13.86,7.39182604014843e-11,6.051897871728329e-11,1.0101613989732527e-10,5.493488997032614e-11,6.412775605820887e-05
-13.85,7.844142002610965e-11,6.421424503244566e-11,1.0635220482058116e-10,5.812178516251265e-11,6.567306027775285e-05
-13.84,8.318373767579601e-11,6.809541819308151e-11,1.119142556404995e-10,6.145811637381371e-11,6.724244195532518e-05
-13.83,8.815320695632067e-11,7.216999220460707e-11,1.1770973085134528e-10,6.494932369704998e-11,6.88360741236287e-05
-13.82,9.335782147346094e-11,7.644579413934594e-11,1.2374623548083719e-10,6.860106926964704e-11,7.045412661403133e-05
-13.81,9.880590789990151e-11,8.093081760307541e-11,1.3003165211245005e-10,7.241923727363542e-11,7.209676591273892e-05
-13.8,1.0450573739717584e-10,8.563344477963142e-11,1.3657430741886856e-10,7.640954535759192e-11,7.376415501426455e-05
-13.79,1.1046608072717845e-10,9.056239091975726e-11,1.4338213949471879e-10,8.057843281505939e-11,7.545645327217749e-05
-13.78,1.166957086518039e-10,9.572642678534748e-11,1.504634195015342e-10,8.493211689497571e-11,7.717381624710704e-05
-13.77,1.2320350295524918e-10,1.0113465620520401e-10,1.57827084734663e-10,8.947698137973248e-11,7.891639555198934e-05
-13.76,1.2999867848861868e-10,1.0679668260848985e-10,1.6548185044484853e-10,9.421968760747745e-11,8.068433869452803e-05
-13.75,1.3709061663647049e-10,1.1272188737976307e-10,1.7343676494974147e-10,9.916717447211454e-11,8.247778891685696e-05
-13.74,1.444887542945139e-10,1.1892037354854779e-10,1.8170104310044621e-10,1.0432626984524518e-10,8.429688503238563e-05
-13.73,1.5220291693651689e-10,1.25402466188973e-10,1.902841773038233e-10,1.0970419017652944e-10,8.61417612598062e-05
-13.72,1.6024281901394488e-10,1.3217893446437756e-10,1.991955489444308e-10,1.1530842947138353e-10,8.801254705424905e-05
-13.71,1.6861867457862445e-10,1.3926038100464666e-10,2.0844531656294407e-10,1.211464817352237e-10,8.990936693556632e-05
-13.7,1.7734075319353337e-10,1.4665862968499255e-10,2.18043305633131e-10,1.2722600750691981e-10,9.183234031373094e-05
-13.69,1.864194354439519e-10,1.543848382468127e-10,2.279999522514231e-10,1.3355488936994675e-10,9.378158131132994e-05
-13.68,1.958653239597652e-10,1.6245116363222678e-10,2.383258035365543e-10,1.401412874635355e-10,9.575719858314672e-05
-13.67,2.0568918790431212e-10,1.7086948522759826e-10,2.4903129558495607e-10,1.4699352846037073e-10,9.775929513280395e-05
-13.66,2.1590218501899017e-10,1.7965290366461772e-10,2.6012753062687466e-10,1.541200500554396e-10,9.978796812646737e-05
-13.65,2.265152510005919e-10,1.8881401997461467e-10,2.7162544435910263e-10,1.615296785217879e-10,0.00010184330870358644
-13.64,2.375397656351197e-10,1.983659903004309e-10,2.8353630554533993e-10,1.6923112911015892e-10,0.0001039254017846669
-13.629999999999999,2.489872752420297e-10,2.0832285896332792e-10,2.958719380607988e-10,1.772337276939595e-10,0.00010603432587605818
-13.62,2.608696036965341e-10,2.1869850375111355e-10,3.086440547583891e-10,1.855467446354453e-10,0.00010817015287174608
-13.61,2.731982973180891e-10,2.2950746858541038e-10,3.2186459053562544e-10,1.9417950580802312e-10,0.00011033294785214378
-13.6,2.859856240711167e-10,2.4076457494359715e-10,3.355456468234763e-10,2.031419477077634e-10,0.0001125227688798654
-13.59,2.9924357436428295e-10,2.5248486634765754e-10,3.496994915863638e-10,2.1244356274152665e-10,0.00011473966679247836
-13.58,3.129846382066148e-10,2.6468410796454123e-10,3.6433905892252483e-10,2.2209506456150052e-10,0.00011698368499222286
-13.57,3.2722130560713936e-10,2.7737850905040773e-10,3.794770608855913e-10,2.3210650068605787e-10,0.00011925485923269486
-13.56,3.4196612208603483e-10,2.9058383477220673e-10,3.951262095291952e-10,2.4248858476738633e-10,0.00012155321740248193
-13.55,3.5723207725268935e-10,3.043174046091224e-10,4.112999385519345e-10,2.5325208596882476e-10,0.00012387877930575058
-13.54,3.730319386718861e-10,3.1859642701803637e-10,4.2801157063010464e-10,2.644078844760145e-10,0.00012623155643977732
-13.53,3.893789735087694e-10,3.3343844352273777e-10,4.4527465048460613e-10,2.759673045638067e-10,0.00012861155176941937
-13.52,4.0628633790618096e-10,3.488616062696792e-10,4.6310311141439797e-10,2.879418925516575e-10,0.00013101875949852725
-13.51,4.2376752107387006e-10,3.6488428944991824e-10,4.815108867184392e-10,3.0034308373672047e-10,0.0001334531648382909
-13.5,4.4183595671043463e-10,3.8152581094408333e-10,5.005120762291426e-10,3.1318270199420795e-10,0.00013591474377252022
-13.49,4.6050541158138003e-10,3.9880532209934927e-10,5.201210573346771e-10,3.2647290426623954e-10,0.00013840346281986492
-13.48,4.797894859187579e-10,4.1674275141900807e-10,5.403522074232114e-10,3.402260695395398e-10,0.00014091927879296564
-13.47,4.997022240438298e-10,4.353584714955616e-10,5.61220458994427e-10,3.5445452128968213e-10,0.0001434621385545492
-13.46,5.20257614766706e-10,4.546732434995704e-10,5.827405225033999e-10,3.6917102708144967e-10,0.00014603197877046173
-13.45,5.414697579197991e-10,4.74708328201956e-10,6.049272749386603e-10,3.843885210130793e-10,0.0001486287256596485
-13.44,5.633528088466733e-10,4.954854304628498e-10,6.277960373779479e-10,4.0012015922741284e-10,0.0001512522947410877
-13.43,5.859212004466485e-10,5.170265882092906e-10,6.513617978320951e-10,4.1637915337844333e-10,0.0001539025905776791
-13.42,6.091891990855913e-10,5.393546720355857e-10,6.756402659569005e-10,4.331790481870712e-10,0.00015657950651710339
-13.41,6.331713486851243e-10,5.624926080471937e-10,7.006468183412551e-10,4.505337769522555e-10,0.00015928292442964864
-13.4,6.578821931668699e-10,5.86464043994539e-10,7.263971646409573e-10,4.684569399060479e-10,0.0001620127144430306
-13.39,6.833363319636021e-10,6.11293071717256e-10,7.529070700229568e-10,4.86962858925466e-10,0.00016476873467420196
-13.379999999999999,7.095483645080947e-10,6.370043381664914e-10,7.801921331207495e-10,5.060656338429226e-10,0.00016755083095817584
-13.37,7.365331122777263e-10,6.636226568268455e-10,8.082683966570414e-10,5.257801416469476e-10,0.00017035883657386865
-13.36,7.643052857275734e-10,6.91173618339036e-10,8.371517923322358e-10,5.461206487034076e-10,0.00017319257196698388
-13.35,7.928795953127121e-10,7.196830908995366e-10,8.668584183801897e-10,5.671023650677398e-10,0.00017605184446994936
-13.34,8.222708625105213e-10,7.491776088386359e-10,8.974042620124578e-10,5.887400011950206e-10,0.0001789364480189269
-13.33,8.524939643095308e-10,7.796841505758323e-10,9.288054214628971e-10,6.110489891852922e-10,0.00018184616286791657
-13.32,8.835635001425146e-10,8.11230138619834e-10,9.610781059876672e-10,6.340442615382358e-10,0.00018478075529996962
-13.31,9.15494458020305e-10,8.438436061020127e-10,9.942385803540787e-10,6.577415834208011e-10,0.00018773997733554333
-13.3,9.483013818645247e-10,8.775526416648916e-10,1.028302720751384e-09,6.821565534664842e-10,0.0001907235664380084
-13.29,9.819992041748549e-10,9.123862221294132e-10,1.0632865699022886e-09,7.073048258199321e-10,0.00019373124521634603
-13.28,1.0166024133617668e-09,9.483735463611254e-10,1.0992062260406499e-09,7.332022766703972e-10,0.00019676272112504974
-13.27,1.0521256643691856e-09,9.855447014039953e-10,1.1360777318891735e-09,7.598651152740388e-10,0.00019981768616127675
-13.26,1.0885833900964315e-09,1.0239293302127805e-09,1.173916797103658e-09,7.873093288424116e-10,0.00020289581655925703
-13.25,1.1259901344651269e-09,1.0635585745433218e-09,1.2127393533845066e-09,8.155511821428263e-10,0.00020599677248201432
-13.24,1.1643601638411383e-09,1.1044634651291574e-09,1.2525609438540641e-09,8.4460677340914e-10,0.0002091201977104114
-13.23,1.2037076335680297e-09,1.1466757543487915e-09,1.2933970561235242e-09,8.744927004755709e-10,0.00021226571932957388
-13.22,1.2440465879670626e-09,1.190227083558426e-09,1.3352631778040802e-09,9.05225283620581e-10,0.00021543294741271135
-13.21,1.2853909048260448e-09,1.2351501488261363e-09,1.378174352417716e-09,9.36820787611481e-10,0.00021862147470238814
-13.2,1.3277542953993304e-09,1.2814776462199973e-09,1.4221455124641125e-09,9.69296087838245e-10,0.00022183087628927634
-13.19,1.3711504154301224e-09,1.329242937941899e-09,1.4671914239094974e-09,1.0026676156016379e-09,0.00022506070928843163
-13.18,1.4155924765724137e-09,1.378479441704883e-09,1.513326575164342e-09,1.0369519687358775e-09,0.00022831051251314338
-13.17,1.4610935239467437e-09,1.429221518911561e-09,1.5605651770833617e-09,1.0721656340528796e-09,0.0002315798061463963
-13.16,1.5076666026736518e-09,1.4815033644310915e-09,1.608920829898608e-09,1.1083252648980135e-09,0.0002348680914099956
-13.15,1.5553240917398625e-09,1.5353597837552968e-09,1.658407244864435e-09,1.1454471260385901e-09,0.00023817485023139949
-13.14,1.6040784256432516e-09,1.5908260819763598e-09,1.7090375781236844e-09,1.18354792633113e-09,0.0002414995449083218
-13.129999999999999,1.6539414282590315e-09,1.647937453164161e-09,1.7608246527522908e-09,1.2226440970763974e-09,0.0002448416177711406
-13.12,1.7049249234624142e-09,1.706729757522396e-09,1.8137806256923739e-09,1.2627518475305521e-09,0.0002482004908431847
-13.11,1.7570402910394023e-09,1.767239021788214e-09,1.867917653886053e-09,1.3038871093939974e-09,0.0002515755654989421
-13.1,1.8102982446421834e-09,1.8295014947433685e-09,1.92324706160818e-09,1.346066369478649e-09,0.0002549662221202582
-13.09,1.8647095534340963e-09,1.8935540357922775e-09,1.9797797290443953e-09,1.3893054484626077e-09,0.00025837181975058016
-13.08,1.92028409840006e-09,1.9594334488282072e-09,2.0375260367799797e-09,1.433620056001672e-09,0.0002617916957473102
-13.07,1.977031705013843e-09,2.027176759789029e-09,2.0964956992663986e-09,1.4790257352181868e-09,0.0002652251654323349
-13.06,2.0349616991488517e-09,2.09682127216837e-09,2.1566979868659075e-09,1.5255381402567991e-09,0.00026867152174080215
-13.05,2.0940825740112246e-09,2.168404344971009e-09,2.2181415038069474e-09,1.573172148106039e-09,0.0002721300348682017
-13.04,2.1544027117847975e-09,2.2419637812909343e-09,2.280834077161842e-09,1.6219428577990413e-09,0.00027559995191583697
-13.03,2.2159295509638355e-09,2.3175371066663786e-09,2.3447826458244947e-09,1.6718648132574288e-09,0.0002790804965347529
-13.02,2.27867036350915e-09,2.395162346235935e-09,2.4099938711330537e-09,1.7229523363582189e-09,0.00028257086856819567
-13.01,2.3426313666696785e-09,2.4748773030935922e-09,2.4764731931803396e-09,1.775219415911522e-09,0.00028607024369268916
-13.0,2.407818666672057e-09,2.5567199468667923e-09,2.544225552458812e-09,1.828679707660541e-09,0.00028957777305779953
-12.99,2.474237092986442e-09,2.6407284692275823e-09,2.6132547237267545e-09,1.8833465897927226e-09,0.0002930925829246781
-12.98,2.5418912530383864e-09,2.726940673269951e-09,2.683563760097485e-09,1.9392329964063038e-09,0.00029661377430346806
-12.969999999999999,2.6107849770973246e-09,2.8153944731101888e-09,2.75515477099475e-09,1.996351028932253e-09,0.0003001404225896529
-12.96,2.6809210407208184e-09,2.9061276718422846e-09,2.828028755619272e-09,2.0547128998238406e-09,0.00030367157719945163
-12.95,2.752301719866068e-09,2.999178128071378e-09,2.9021858805045042e-09,2.114330099889372e-09,0.0003072062612043452
-12.94,2.8249283468007036e-09,3.094583478358004e-09,2.9776250909385737e-09,2.175213342781035e-09,0.00031074347096481466
-12.93,2.8988013656139344e-09,3.1923810261957897e-09,3.0543444440311873e-09,2.2373732866398655e-09,0.0003142821757634259
-12.92,2.9739205542611558e-09,3.29260796405606e-09,3.132340387068666e-09,2.3008197569396316e-09,0.0003178213174373195
-12.91,3.0502844139412844e-09,3.3953013178766867e-09,3.211608756714668e-09,2.365561746486833e-09,0.0003213598100102334
-12.9,3.127890724208271e-09,3.5004974474617256e-09,3.292143668787162e-09,2.4316077484876075e-09,0.00032489653932415356
-12.89,3.2067361543930417e-09,3.608232823637536e-09,3.373938350925698e-09,2.4989657010365818e-09,0.0003284303626707032
-12.879999999999999,3.286816430136952e-09,3.718543029052057e-09,3.456984476457592e-09,2.567642654049962e-09,0.0003319601084223832
-12.870000000000001,3.368126222369483e-09,3.831463646353228e-09,3.5412725529759825e-09,2.6376449913101396e-09,0.00033548457566376095
-12.86,3.4506590362859413e-09,3.94702986961093e-09,3.62679131171717e-09,2.708978541487994e-09,0.0003390025338227525
-12.85,3.5344072113474567e-09,4.065275838183169e-09,3.713528540227884e-09,2.7816476344533214e-09,0.00034251272230207574
-12.84,3.6193618657698323e-09,4.1862353028498944e-09,3.801470138675711e-09,2.855656489053615e-09,0.0003460138501110385
-12.83,3.705513118568149e-09,4.309941736835299e-09,3.890600674960609e-09,2.9310079918687393e-09,0.0003495045954977441
-12.82,3.7928497009787066e-09,4.4364274476293986e-09,3.980903218181453e-09,3.0077040302778357e-09,0.00035298360558187216
-12.81,3.881359011970176e-09,4.565724243121849e-09,4.072358950057975e-09,3.085745936548534e-09,0.0003564494959881442
-12.8,3.9710272292659e-09,4.697862932001584e-09,4.164947664531127e-09,3.1651335996585317e-09,0.0003599008504806072
-12.79,4.0618388652546855e-09,4.832873934379478e-09,4.258647046118114e-09,3.2458662979628627e-09,0.0003633362205978842
-12.78,4.153777544146919e-09,4.970786393609927e-09,4.353433502579662e-09,3.3279416999931755e-09,0.00036675412528950084
-12.77,4.2468250582849976e-09,5.111628509357757e-09,4.4492813322527525e-09,3.4113568081473034e-09,0.0003701530505534587
-12.76,4.340961756721384e-09,5.255427648620525e-09,4.5461634456955835e-09,3.4961070705108455e-09,0.00037353144907517415
-12.75,4.436166656240914e-09,5.402209846128159e-09,4.644050421998003e-09,3.5821871025021323e-09,0.0003768877398679358
-12.74,4.532416997271582e-09,5.552000303943316e-09,4.7429111194041695e-09,3.6695900207384113e-09,0.00038022030791503376
-12.73,4.629688687973754e-09,5.704822669816423e-09,4.842712508779101e-09,3.7583076650804514e-09,0.0003835275038136998
-12.719999999999999,4.727955693617503e-09,5.8606998143417854e-09,4.943419396052917e-09,3.8483306541436946e-09,0.000386807643421027
-12.71,4.827190591694119e-09,6.019652665223418e-09,5.044994977332351e-09,3.939648107742499e-09,0.00039005900750200303
-12.7,4.927364183338057e-09,6.181701261986916e-09,5.147399950722331e-09,4.032248090979351e-09,0.0003932798413798504
-12.69,5.028445326793474e-09,6.346863756778731e-09,5.250593126948644e-09,4.126116892599896e-09,0.0003964683545887952
-12.68,5.130401381503447e-09,6.5151569139665355e-09,5.354531151802178e-09,4.221239358059847e-09,0.00039962272052946186
-12.67,5.233197986065363e-09,6.686596276672674e-09,5.459168617161225e-09,4.31759900054729e-09,0.00040274107612704886
-12.66,5.336798503119411e-09,6.861195167573442e-09,5.564458005480333e-09,4.415177612404619e-09,0.0004058215214924525
-12.65,5.441164907526996e-09,7.03896579912211e-09,5.670349634279148e-09,4.513955265128544e-09,0.00040886211958652283
-12.64,5.546257064725779e-09,7.219917941281295e-09,5.776791323075514e-09,4.613910808970445e-09,0.0004118608958876215
-12.629999999999999,5.652032786240824e-09,7.404059754190229e-09,5.883728892985829e-09,4.715021206802561e-09,0.00041481583806266166
-12.620000000000001,5.75844832928496e-09,7.591397344075546e-09,5.991105833658139e-09,4.817261700651443e-09,0.00041772489564181165
-12.61,5.865457619602665e-09,7.78193492978474e-09,6.0988635253167445e-09,4.920605867209105e-09,0.0004205859796970624
-12.6,5.973012695559277e-09,7.975674787275011e-09,6.2069408501841394e-09,5.025025506810721e-09,0.0004233969625248176
-12.59,6.081063652629837e-09,8.172616638990604e-09,6.3152745810590716e-09,5.1304906434346265e-09,0.00042615567733273206
-12.58,6.1895585878879444e-09,8.372758375507772e-09,6.423799048249634e-09,5.236969413680015e-09,0.00042885991793096255
-12.57,6.298443322449998e-09,8.57609527837866e-09,6.532446250595569e-09,5.344427955744635e-09,0.00043150743842805685
-12.56,6.407661956586708e-09,8.782620464220514e-09,6.641146188535174e-09,5.452830853514001e-09,0.0004340959529316551
-12.55,6.5171562035892805e-09,8.99232421858187e-09,6.749826253482638e-09,5.562140636961033e-09,0.0004366231352542239
-12.54,6.626865778347479e-09,9.205194939632122e-09,6.858411727428404e-09,5.6723180597018086e-09,0.00043908661862403144
-12.53,6.736728508371925e-09,9.421217972427343e-09,6.966825782939168e-09,5.783321765928662e-09,0.00044148399540154884
-12.52,6.84668000072719e-09,9.640376219532953e-09,7.0749887615129126e-09,5.895108290410178e-09,0.0004438128168015294
-12.51,6.956653586520645e-09,9.86264964142336e-09,7.182819450335387e-09,6.007632502580407e-09,0.00044607059262094224
-12.5,7.0665808760139726e-09,1.0088015256481953e-08,7.2902339165459296e-09,6.120847051427347e-09,0.00044825479097300555
-12.49,7.176391092489354e-09,1.0316447862646072e-08,7.397146395415888e-09,6.234702643048706e-09,0.000450362838027524
-12.48,7.286011627360978e-09,1.054791909371744e-08,7.503468790748258e-09,6.349147874118444e-09,0.00045239211775776765
-12.469999999999999,7.3953678736415895e-09,1.0782397141806399e-08,7.609111063455742e-09,6.46412956495368e-09,0.000454339971694107
-12.46,7.504382948386734e-09,1.1019847645510339e-08,7.7139811760496e-09,6.579592204403184e-09,0.0004562036986846435
-12.45,7.612978025761663e-09,1.1260232635201817e-08,7.817984704061587e-09,6.695478338425431e-09,0.0004579805546630656
-12.44,7.72107255908594e-09,1.1503511754273887e-08,7.921025835244677e-09,6.811728459066302e-09,0.00045966775242396306
-12.43,7.828583947766532e-09,1.174964076033902e-08,8.023006536905797e-09,6.9282812820148365e-09,0.0004612624614058421
-12.42,7.935427703831266e-09,1.1998572246874062e-08,8.12382738857309e-09,7.045073302514027e-09,0.0004627618074820838
-12.41,8.041517507439977e-09,1.2250255698731394e-08,8.223386860350956e-09,7.162038739849663e-09,0.0004641628727600801
-12.4,8.146765317906812e-09,1.2504637103560867e-08,8.321581757009255e-09,7.279110258995303e-09,0.0004654626953888142
-12.39,8.25108131818908e-09,1.2761659340387865e-08,8.418307717583673e-09,7.396218359989604e-09,0.00046665826937511467
-12.379999999999999,8.354374136931852e-09,1.3021260902856824e-08,8.513459104353416e-09,7.513291877536687e-09,0.0004677465444088433
-12.370000000000001,8.45655084846797e-09,1.3283377953143827e-08,8.606928558752003e-09,7.630257092827719e-09,0.0004687244256972878
-12.36,8.557516972818036e-09,1.3547942545599767e-08,8.698607834034533e-09,7.747039398875444e-09,0.0004695887738089851
-12.35,8.657176642223874e-09,1.3814883403906464e-08,8.78838757323308e-09,7.863561246601591e-09,0.00047033640452727346
-12.34,8.755432767681981e-09,1.4084125199431696e-08,8.876157753245906e-09,7.979744309771775e-09,0.0004709640887138003
-12.33,8.85218720547698e-09,1.4355589550429926e-08,8.961807462792848e-09,8.095508041705557e-09,0.0004714685521822902
-12.32,8.947340479625865e-09,1.4629194411419633e-08,9.045225179971084e-09,8.210770063854511e-09,0.0004718464755828077
-12.31,9.040792448011814e-09,1.490485385113871e-08,9.126299160833184e-09,8.325446998469488e-09,0.00047209449429680823
-12.3,9.132441913806133e-09,1.518247866316713e-08,9.20491716183136e-09,8.439453580422196e-09,0.00047220919834324473
-12.29,9.222187291602069e-09,1.546197581081543e-08,9.280967439018184e-09,8.552702934760958e-09,0.00047218713229600645
-12.28,9.309926274347902e-09,1.574324881570277e-08,9.354338248446226e-09,8.66510735386683e-09,0.00047202479521297016
-12.27,9.395556554991913e-09,1.602619770224578e-08,9.424918068212662e-09,8.77657757580863e-09,0.00047171864057694255
-12.26,9.478975382393173e-09,1.631071866459166e-08,9.492596653171148e-09,8.887023006387551e-09,0.00047126507624878393
-12.25,9.560080005410754e-09,1.6596704566218534e-08,9.557263924708792e-09,8.996352440782118e-09,0.0004706604644330009
-12.24,9.63876833903754e-09,1.6884045217491206e-08,9.618811580569542e-09,9.104473563947835e-09,0.00046990112165608055
-12.23,9.714938242755267e-09,1.717262632094929e-08,9.677132595253823e-09,9.211293117150632e-09,0.0004689833187578832
-12.219999999999999,9.788488741779844e-09,1.7462330748063692e-08,9.732121497574298e-09,9.316717453078383e-09,0.0004679032808963689
-12.21,9.859319471949846e-09,1.775303809514739e-08,9.783675203323128e-09,9.420652535840901e-09,0.00046665718756595413
-12.2,9.927331401371475e-09,1.804462435028853e-08,9.831693126294283e-09,9.523003607903036e-09,0.000465241172629812
-12.19,9.992426941440868e-09,1.8336962781528854e-08,9.876076956238933e-09,9.623675856218483e-09,0.00046365132436639457
-12.18,1.0054510168888697e-08,1.8629923659307934e-08,9.916731769088472e-09,9.722574967341302e-09,0.00046188368553049734
-12.17,1.011348721435823e-08,1.892337442299663e-08,9.95356608246567e-09,9.819606017202887e-09,0.0004599342534291617
-12.16,1.0169266817516842e-08,1.9217179847430543e-08,9.986492077729281e-09,9.914675247468807e-09,0.0004577989800127254
-12.15,1.0221760160522564e-08,1.951120182086541e-08,1.0015426321619003e-08,1.000768912184924e-08,0.0004554737719813188
-12.14,1.027088136762444e-08,1.9805300122133218e-08,1.0040290321366996e-08,1.009855510325508e-08,0.00045295449090713687
-12.129999999999999,1.0316548226807498e-08,2.0099332087575306e-08,1.0061010080608668e-08,1.0187181487264496e-08,0.0004502369533727801
-12.120000000000001,1.0358682023259291e-08,2.039315288859811e-08,1.0077517709206063e-08,1.0273478345812492e-08,0.0004473169311259877
-12.11,1.0397208538570624e-08,2.068661597576238e-08,1.00897509236475e-08,1.035735691656825e-08,0.00044419015125106946
-12.1,1.0432057939713246e-08,2.0979573411850083e-08,1.0097654379315202e-08,1.0438730824180453e-08,0.00044085229635737195
-12.09,1.0463165500684823e-08,2.1271875316752897e-08,1.0101179614974143e-08,1.0517515358632323e-08,0.00043729900478506925
-12.08,1.049047193557584e-08,2.156337097769523e-08,1.0100285996461622e-08,1.0593628585464643e-08,0.00043352587082862756
-12.07,1.0513923953681115e-08,2.1853908405145006e-08,1.0094940494642657e-08,1.0666991401286907e-08,0.00042952844497823995
-12.06,1.0533474759100159e-08,2.2143335609570158e-08,1.0085119239722218e-08,1.0737527589288476e-08,0.0004253022341795742
-12.05,1.0549084494826388e-08,2.243149949121559e-08,1.0070807965334438e-08,1.080516459639469e-08,0.00042084270211213947
-12.04,1.0560720853369787e-08,2.271824761646002e-08,1.0052002064053767e-08,1.086983397735608e-08,0.0004161452694866122
-12.03,1.056835968737957e-08,2.3003427607193316e-08,1.0028707364551082e-08,1.093147133923722e-08,0.0004112053143614403
-12.02,1.0571985287199936e-08,2.3286887695928016e-08,1.0000941352839021e-08,1.0990016729994778e-08,0.00040601817247904576
-12.01,1.0571591546604253e-08,2.356847750295543e-08,9.968733172271982e-09,1.1045415693189398e-08,0.0004005791376219727
-12.0,1.0567181851772744e-08,2.3848047758789903e-08,9.932125177858353e-09,1.1097618990429936e-08,0.00039488346198928657
-11.99,1.055877058009358e-08,2.412545141439182e-08,9.891172936260517e-09,1.1146583489551887e-08,0.0003889263565935755
-11.98,1.0546382933629417e-08,2.440054380770107e-08,9.845945947439816e-09,1.1192272497684286e-08,0.00038270299167886837
-11.969999999999999,1.053005649342964e-08,2.4673183218748562e-08,9.796529421013389e-09,1.1234656482894678e-08,0.00037620849715980996
-11.96,1.0509841108508056e-08,2.494323086965622e-08,9.743023998698419e-09,1.1273713018677967e-08,0.0003694379630824224
-11.95,1.0485800339132823e-08,2.521055247894921e-08,9.685546975557457e-09,1.1309427783157133e-08,0.00036238644010676947
-11.94,1.045801167887106e-08,2.5475017484399842e-08,9.624233465732601e-09,1.1341795336239358e-08,0.0003550489400118991
-11.93,1.0426567942367626e-08,2.5736501207962448e-08,9.559236902045853e-09,1.1370819119616016e-08,0.00034742043622333467
-11.92,1.0391577431878574e-08,2.599488424515073e-08,9.490730312755602e-09,1.139651228942995e-08,0.0003394958643635017
-11.91,1.0353165491583383e-08,2.6250053353216174e-08,9.418906932179283e-09,1.1418898382409282e-08,0.00033127012282539275
-11.9,1.0311474840651869e-08,2.6501902672393385e-08,9.343981421938707e-09,1.143801203751238e-08,0.000322738073369812
-11.89,1.0266666961022963e-08,2.675033389243353e-08,9.266191036694238e-09,1.1453899606550522e-08,0.00031389454174652714
-11.879999999999999,1.021892237496047e-08,2.6995256918738164e-08,9.185796234767452e-09,1.1466619653788257e-08,0.00030473431833966705
-11.870000000000001,1.0168442476921058e-08,2.723659131564915e-08,9.10308201040877e-09,1.1476244121677581e-08,0.000295252158837699
-11.86,1.0115449977643465e-08,2.7474266250937518e-08,9.01835894850933e-09,1.1482858386369088e-08,0.00028544278492828346
-11.85,1.0060189903349226e-08,2.7708222105626845e-08,8.931964612379772e-09,1.1486562701001901e-08,0.0002753008850184074
-11.84,1.0002931039032603e-08,2.793841058501556e-08,8.844264320906348e-09,1.1487472528770581e-08,0.0002648211149800343
-11.83,9.9439665945944e-09,2.816479677258954e-08,8.755652480818554e-09,1.1485719486614698e-08,0.0002539980989216772
-11.82,9.883615870176499e-09,2.8387358630421744e-08,8.666553752423312e-09,1.1481452455441854e-08,0.00024282642998617858
-11.81,9.822224922295675e-09,2.8606088997573664e-08,8.577424714939497e-09,1.147483830177265e-08,0.0002313006711750364
-11.8,9.760167840600076e-09,2.882099642276259e-08,8.488754310587154e-09,1.1466062321829895e-08,0.00021941535619960146
-11.79,9.697848302181455e-09,2.903210644111809e-08,8.401066009522395e-09,1.1455329906873146e-08,0.00020716499035946566
-11.78,9.635700348731291e-09,2.9239461574182002e-08,8.314918975571572e-09,1.1442866765243309e-08,0.00019454405144837597
-11.77,9.574190218408773e-09,2.9443124216488314e-08,8.230909065432002e-09,1.1428920421163724e-08,0.00018154699068796177
-11.76,9.513816956463472e-09,2.9643176469029697e-08,8.149670327473046e-09,1.1413760936385131e-08,0.00016816823368963978
-11.75,9.45511452465908e-09,2.983972202663665e-08,8.07187688911526e-09,1.1397682075919846e-08,0.0001544021814449764
-11.74,9.398652744962988e-09,3.0032887121667073e-08,7.998244067053406e-09,1.138100264030939e-08,0.00014024321134483892
-11.73,9.345038853858512e-09,3.0222822189340803e-08,7.92952986605755e-09,1.136406652113564e-08,0.00012568567822764253
-11.719999999999999,9.294918612567926e-09,3.0409702866940336e-08,7.866536699818738e-09,1.1347245809645301e-08,0.00011072391545700205
-11.71,9.248978694031962e-09,3.059373199221227e-08,7.810112723216633e-09,1.1330939408971119e-08,9.535223602911371e-05
-11.7,9.20794684944326e-09,3.077514015847882e-08,7.761153608676352e-09,1.1315576198267507e-08,7.956493371011418e-05
-11.69,9.172595016870844e-09,3.0954188434684227e-08,7.72060415599185e-09,1.1301615365777451e-08,6.335628420382446e-05
-11.68,9.143739265748962e-09,3.113116886499512e-08,7.689460013171612e-09,1.128954790763359e-08,4.672054635004856e-05
-11.67,9.122242905501565e-09,3.130640680026886e-08,7.668769064217429e-09,1.1279897682570095e-08,2.9651963353829737e-05
-11.66,9.109017096164962e-09,3.148026195276543e-08,7.659633483036998e-09,1.1273222966234897e-08,1.214476404589778e-05
-11.65,9.105023124345024e-09,3.165313100517153e-08,7.663211398778458e-09,1.1270117727946172e-08,-5.806835825382735e-06
-11.64,9.111273679973664e-09,3.1825448387756694e-08,7.68071889423183e-09,1.1271212685404208e-08,-2.42086322702842e-05
-11.629999999999999,9.128835076754882e-09,3.199768883188625e-08,7.713430949518596e-09,1.12771770255371e-08,-4.306643170192474e-05
-11.620000000000001,9.158828417898945e-09,3.217036892433356e-08,7.76268460622731e-09,1.1288720180857581e-08,-6.238604954811689e-05
-11.61,9.202432094124191e-09,3.234404954977066e-08,7.82988007763663e-09,1.1306592384574543e-08,-8.21733088306535e-05
-11.6,9.260883004902354e-09,3.251933694548015e-08,7.916481969960643e-09,1.1331586613483324e-08,-0.00010243403871162423
-11.59,9.33547894543807e-09,3.2696885754468497e-08,8.024022724040236e-09,1.1364540419833702e-08,-0.0001231740730066673
-11.58,9.427580105469957e-09,3.2877400690800584e-08,8.154103559032677e-09,1.1406337152575219e-08,-0.00014439924866475583
-11.57,9.53861128971667e-09,3.3061638815556904e-08,8.308396470813051e-09,1.1457907234113662e-08,-0.0001661154042143378
-11.56,9.670063361166825e-09,3.3250411146656944e-08,8.488646674464917e-09,1.1520230602801718e-08,-0.00018832837817555693
-11.55,9.82349607214772e-09,3.344458637810632e-08,8.696674602681753e-09,1.1594337545606237e-08,-0.0002110440074383075
-11.54,1.0000539341081804e-08,3.364509187919751e-08,8.934377071501132e-09,1.1681310863043137e-08,-0.00023426812560589392
-11.53,1.020289558395504e-08,3.38529171362012e-08,9.203730610973793e-09,1.1782286979400425e-08,-0.0002580065613040291
-11.52,1.0432341768229492e-08,3.406911541770086e-08,9.506792797431274e-09,1.189845882931806e-08,-0.00028226513645500644
-11.51,1.069073146675592e-08,3.429480655015027e-08,9.84570447393196e-09,1.2031076468410618e-08,-0.0003070496645167393
-11.5,1.0979996856175234e-08,3.453117997098687e-08,1.022269185968483e-08,1.2181449071668737e-08,-0.00033236594868651367
-11.49,1.1302151214920286e-08,3.4779497060100084e-08,1.064006904805126e-08,1.2350947764527831e-08,-0.0003582197800692161
-11.48,1.1659290699572722e-08,3.5041093748855445e-08,1.1100239838413017e-08,1.254100590042384e-08,-0.00038461693580983664
-11.469999999999999,1.2053596454286719e-08,3.531738379525251e-08,1.1605699345995646e-08,1.2753122169417708e-08,-0.0004115631771900543
-11.46,1.2487337386346553e-08,3.560986100437091e-08,1.2159037721115595e-08,1.2988861708418398e-08,-0.0004390642476886776
-11.45,1.2962871664967679e-08,3.592010278108404e-08,1.2762941037358644e-08,1.3249858765718159e-08,-0.0004671258710058641
-11.44,1.3482649441343142e-08,3.624977268357199e-08,1.3420193845092854e-08,1.3537818310815908e-08,-0.0004957537490507437
-11.43,1.404921473602272e-08,3.660062386501295e-08,1.4133681447425772e-08,1.3854517533218313e-08,-0.000524953559892512
-11.42,1.4665208214470482e-08,3.6974502015674204e-08,1.4906392398206236e-08,1.420180872901966e-08,-0.0005547309556746449
-11.41,1.5333368685865878e-08,3.7373348360514314e-08,1.5741420278381213e-08,1.4581620910725235e-08,-0.0005850915604921668
-11.4,1.60565362117282e-08,3.7799203322919084e-08,1.6641966193997604e-08,1.4995961750141618e-08,-0.0006160409682318132
-11.39,1.6837653715739975e-08,3.8254209744348344e-08,1.7611340885625992e-08,1.5446919798822734e-08,-0.0006475847403749424
-11.379999999999999,1.7679769592771066e-08,3.874061638153847e-08,1.8652967059828995e-08,1.59366665974936e-08,-0.0006797284037630658
-11.370000000000001,1.858604009585818e-08,3.926078073757111e-08,1.9770381609607313e-08,1.646745895200752e-08,-0.0007124774483258538
-11.36,1.9559731390117463e-08,3.981717316969835e-08,2.0967237723823473e-08,1.7041640376636025e-08,-0.0007458373247716067
-11.35,2.0604221773190545e-08,4.041238049756757e-08,2.2247307496225943e-08,1.7661644813316002e-08,-0.0007798134422398777
-11.34,2.172300450631326e-08,4.1049109611446255e-08,2.3614483590783664e-08,1.8329996742671995e-08,-0.0008144111659164085
-11.33,2.2919689424139023e-08,4.1730191080446843e-08,2.507278196173246e-08,1.9049314847752186e-08,-0.0008496358146100936
-11.32,2.41980057102964e-08,4.245858287177384e-08,2.6626343352376125e-08,1.9822313734874086e-08,-0.0008854926582919902
-11.31,2.556180400681285e-08,4.3237374292015573e-08,2.8279436070643982e-08,2.0651806265092887e-08,-0.0009219869155962891
-11.3,2.701505841251617e-08,4.406978998394706e-08,3.003645809851463e-08,2.1540705663625204e-08,-0.0009591237512831845
-11.29,2.8561869258592054e-08,4.4959193756799465e-08,3.190193886837278e-08,2.2492027518250524e-08,-0.000996908273663612
-11.28,3.0206464940452094e-08,4.590909263857412e-08,3.3880541761011074e-08,2.3508892998957975e-08,-0.001035345531985777
-11.27,3.1953204193690965e-08,4.692314092835659e-08,3.597706543789769e-08,2.4594529635102447e-08,-0.0010744405137835394
-11.26,3.380657837004364e-08,4.800514463720873e-08,3.8196447005311995e-08,2.5752274868118263e-08,-0.001114198142186525
-11.25,3.577121343578682e-08,4.915906554048277e-08,4.054376306905638e-08,2.6985577716853726e-08,-0.001154623273192046
-11.24,3.7851872525251906e-08,5.038902506360188e-08,4.302423195490235e-08,2.8298001164550612e-08,-0.0011957206928988069
-11.23,4.005345727309262e-08,5.169930900050801e-08,4.564321565148077e-08,2.969322404622332e-08,-0.0012374951147024198
-11.219999999999999,4.238101053433141e-08,5.309437184353172e-08,4.840622180868337e-08,3.1175043990749884e-08,-0.0012799511764527692
-11.21,4.483971821622745e-08,5.457884133530655e-08,5.1318905347486066e-08,3.274737914171766e-08,-0.0013230934375732175
-11.2,4.743491116565579e-08,5.615752207699387e-08,5.4387070236305846e-08,3.441427043338052e-08,-0.0013669263761418734
-11.19,5.017206716750877e-08,5.7835401412464904e-08,5.761667121184644e-08,3.617988442172759e-08,-0.0014114543859346804
-11.18,5.305681272105289e-08,5.96176528699921e-08,6.101381572198861e-08,3.804851422817279e-08,-0.0014566817734307908
-11.17,5.6094924982819094e-08,6.150964160234196e-08,6.458476492499088e-08,4.002458309226853e-08,-0.0015026127547799932
-11.16,5.929233359847075e-08,6.351692793948871e-08,6.833593574340213e-08,4.211264592601793e-08,-0.0015492514527324927
-11.15,6.265512220160474e-08,6.56452734393298e-08,7.227390169672887e-08,4.431739136778745e-08,-0.0015966018935310812
-11.14,6.618953013459716e-08,6.790064438488841e-08,7.640539484432551e-08,4.6643644058264044e-08,-0.001644668003765862
-11.129999999999999,6.990195400291555e-08,7.028921727991744e-08,8.073730661806167e-08,4.909636669436779e-08,-0.0016934536071916773
-11.120000000000001,7.379894922943109e-08,7.281738345632505e-08,8.52766893211232e-08,5.1680662527253673e-08,-0.0017429624215083352
-11.11,7.788723133117514e-08,7.549175362608906e-08,9.003075684965722e-08,5.4401776528045787e-08,-0.0017931980551040094
-11.1,8.21736775291626e-08,7.83191632103275e-08,9.500688608055086e-08,5.726509827441717e-08,-0.0018441640037616315
-11.09,8.666532747003686e-08,8.13066765026349e-08,1.0021261764858735e-07,6.027616339387976e-08,-0.0018958636473289483
-11.08,9.136938500242664e-08,8.446159244224205e-08,1.0565565616849071e-07,6.344065545116351e-08,-0.001948300246352059
-11.07,9.629321862103524e-08,8.77914490549081e-08,1.1134387201128249e-07,6.676440816866247e-08,-0.002001476938672895
-11.06,1.0144436290993042e-07,9.130402767176804e-08,1.1728530041610341e-07,7.025340692523585e-08,-0.0020553967359908253
-11.05,1.068305189311225e-07,9.50073590910705e-08,1.234881433775925e-07,7.391379103216522e-08,-0.002110062520388636
-11.04,1.124595553902985e-07,9.890972757498062e-08,1.2996076881321983e-07,7.775185462133294e-08,-0.002165477040823223
-11.03,1.1833950880335564e-07,1.030196764006952e-07,1.3671171150697603e-07,8.177404914322395e-08,-0.002221642909581161
-11.02,1.244785841625351e-07,1.0734601213480133e-07,1.4374967266528316e-07,8.598698419959305e-08,-0.002278562598699709
-11.01,1.3088515560255587e-07,1.1189781023990264e-07,1.510835195284166e-07,9.039742931982175e-08,-0.002336238436353283
-11.0,1.3756776590101438e-07,1.166844192379557e-07,1.5872228609215e-07,9.501231590380854e-08,-0.0023946726032059553
-10.99,1.4453512725554063e-07,1.2171546603934047e-07,1.666751718309989e-07,9.983873799912502e-08,-0.0024538671287302693
-10.98,1.5179612072868665e-07,1.2700086043926362e-07,1.7495154130964252e-07,1.0488395357777236e-07,-0.0025138238874927365
-10.969999999999999,1.5935979630343766e-07,1.3255080083540705e-07,1.8356092346127895e-07,1.1015538609049358e-07,-0.0025745445954064544
-10.96,1.6723537238361175e-07,1.3837577750308583e-07,1.9251301086598005e-07,1.1566062502188501e-07,-0.0026360308059511575
-10.95,1.754322353497706e-07,1.4448657892351946e-07,2.0181765830740162e-07,1.2140742755573086e-07,-0.002698283906361391
-10.94,1.839599385600188e-07,1.5089429528103437e-07,2.1148488182909375e-07,1.2740371907460357e-07,-0.0027613051137827943
-10.93,1.9282820201693696e-07,1.57610323625601e-07,2.215248567916106e-07,1.3365759388150877e-07,-0.0028250954713975123
-10.92,2.0204691053571366e-07,1.6464637236923707e-07,2.3194791637370926e-07,1.4017731608806372e-07,-0.0028896558445187922
-10.91,2.1162611335556747e-07,1.7201446600445536e-07,2.427645504066156e-07,1.4697131994756418e-07,-0.0029549869166554535
-10.9,2.2157602208583427e-07,1.7972694982271165e-07,2.5398540232091094e-07,1.5404821090969634e-07,-0.0030210891855467596
-10.89,2.3190700909614392e-07,1.877964930785403e-07,2.656212670371083e-07,1.6141676489889178e-07,-0.0030879629591681417
-10.879999999999999,2.426296060176192e-07,1.9623609476271398e-07,2.7768308891173987e-07,1.6908592936903943e-07,-0.0031556083517084734
-10.870000000000001,2.537545015224296e-07,2.050590869884239e-07,2.9018195846219896e-07,1.7706482335899665e-07,-0.0032240252795192508
-10.86,2.6529253882578985e-07,2.1427913959870537e-07,3.0312910981322716e-07,1.8536273654889968e-07,-0.0032932134570366443
-10.85,2.772547136320469e-07,2.239102632195511e-07,3.1653591719971175e-07,1.9398912998180862e-07,-0.0033631723926765087
-10.84,2.8965217097054463e-07,2.3396681464449287e-07,3.304138916915278e-07,2.029536352865513e-07,-0.0034339013847035954
-10.83,3.0249620253108844e-07,2.4446349922158106e-07,3.447746772522464e-07,2.122660540115895e-07,-0.0035053995170751208
-10.82,3.15798243610832e-07,2.5541537584938823e-07,3.5963004679784305e-07,2.2193635712541848e-07,-0.003577665655259641
-10.809999999999999,3.2956986895094076e-07,2.668378591974552e-07,3.749918984774503e-07,2.3197468412838873e-07,-0.0036506984420318672
-10.8,3.438227900165458e-07,2.7874672392513844e-07,3.90872250566332e-07,2.423913419424828e-07,-0.0037244962932440613
-10.79,3.585688503338069e-07,2.9115810790125707e-07,4.072832369694801e-07,2.531968035790477e-07,-0.003799057393574989
-10.780000000000001,3.7382002165964323e-07,3.04088514924139e-07,4.2423710189254393e-07,2.644017068065274e-07,-0.003874379692256731
-10.77,3.895883992077742e-07,3.175548178857568e-07,4.4174619479031563e-07,2.760168527071727e-07,-0.0039504608987808
-10.76,4.0588619693027184e-07,3.3157426171381843e-07,4.598229645935703e-07,2.88053203734151e-07,-0.0040272984785835785
-10.75,4.227257430211573e-07,3.4616446542568013e-07,4.784799540469287e-07,3.0052188149110037e-07,-0.004104889648712645
-10.74,4.401194735326186e-07,3.6134342473737036e-07,4.977297932695635e-07,3.134341649557726e-07,-0.004183231373474329
-10.73,4.5807992782309626e-07,3.7712951506119197e-07,5.175851929273279e-07,3.2680148787100904e-07,-0.0042623203600635155
-10.719999999999999,4.76619741895945e-07,3.93541491783278e-07,5.380589379599954e-07,3.406354361357167e-07,-0.004342153054176701
-10.71,4.957516426262742e-07,4.1059849331670506e-07,5.591638798096987e-07,3.5494774447419886e-07,-0.00442272563560894
-10.7,5.154884408775651e-07,4.2832004221171616e-07,5.809129295930582e-07,3.6975029377162016e-07,-0.0045040340138360405
-10.69,5.358430247848212e-07,4.467260464879885e-07,6.033190497189977e-07,3.850551081874265e-07,-0.004586073823582307
-10.68,5.568283527601636e-07,4.6583680063383426e-07,6.263952459506505e-07,4.0087435054791953e-07,-0.004668840420375626
-10.67,5.784574456102476e-07,4.856729863833564e-07,6.501545589676638e-07,4.1722031923763225e-07,-0.004752328876090144
-10.66,6.007433790422567e-07,5.062556733270718e-07,6.746100549848144e-07,4.341054439249703e-07,-0.004836533974478004
-10.649999999999999,6.236992753372306e-07,5.276063186343549e-07,6.997748174808471e-07,4.5154228106580874e-07,-0.004921450206691026
-10.64,6.473382949678808e-07,5.497467680526391e-07,7.256619373730011e-07,4.695435095181111e-07,-0.005007071766793404
-10.629999999999999,6.716736276057844e-07,5.726992541310594e-07,7.522845025809133e-07,4.881219256014369e-07,-0.005093392547266636
-10.620000000000001,6.967184827955109e-07,5.964863965535194e-07,7.796555879791001e-07,5.072904378788934e-07,-0.005180406134507415
-10.61,7.224860811283484e-07,6.211312010839798e-07,8.077882454604612e-07,5.27062061717043e-07,-0.005268105804320269
-10.6,7.489896430845633e-07,6.466570578456121e-07,8.366954922789382e-07,5.474499133462096e-07,-0.005356484517405279
-10.59,7.76242380151615e-07,6.7308773943342e-07,8.663902998362616e-07,5.684672045869199e-07,-0.005445534914842898
-10.58,8.042574831113036e-07,7.004474000815719e-07,8.968855820246091e-07,5.9012723596652e-07,-0.005535249313576403
-10.57,8.330481118812294e-07,7.287605716665979e-07,9.28194183513753e-07,6.124433897247705e-07,-0.005625619701893546
-10.559999999999999,8.62627383302339e-07,7.58052162208589e-07,9.603288663728726e-07,6.354291237076204e-07,-0.005716637734908616
-10.55,8.930083602587402e-07,7.883474520964384e-07,9.933022980801454e-07,6.590979634846228e-07,-0.00580829473004601
-10.54,9.242040390211592e-07,8.196720909792177e-07,1.0271270383666042e-06,6.834634955210639e-07,-0.005900581662527013
-10.530000000000001,9.562273370344876e-07,8.520520928811948e-07,1.0618155251718164e-06,7.085393583516897e-07,-0.005993489160860382
-10.52,9.890910799281727e-07,8.8551383309321e-07,1.0973800604885398e-06,7.343392351977229e-07,-0.006087007502339081
-10.51,1.0228079885266084e-06,9.200840427880941e-07,1.133832796929024e-06,7.608768454181458e-07,-0.00618112660854337
-10.5,1.057390664915836e-06,9.557898031919976e-07,1.1711857223484223e-06,7.881659347952485e-07,-0.006275836040852779
-10.49,1.0928515787878013e-06,9.926585411434985e-07,1.209450644912291e-06,8.162202670969343e-07,-0.006371124995967484
-10.48,1.1292030529519437e-06,1.0307180214885747e-06,1.2486391777200012e-06,8.450536150284016e-07,-0.006466982301441002
-10.469999999999999,1.1664572486247415e-06,1.0699963418070446e-06,1.288762722817527e-06,8.746797489078695e-07,-0.006563396411225548
-10.46,1.2046261501086342e-06,1.110521924696517e-06,1.3298324550992113e-06,9.05112428062349e-07,-0.0066603554012313665
-10.45,1.2437215499705445e-06,1.1523235102228746e-06,1.3718593060985107e-06,9.363653887262124e-07,-0.006757846964902036
-10.44,1.2837550324995561e-06,1.1954301474270679e-06,1.414853946613004e-06,9.684523343267415e-07,-0.0068558584088064395
-10.43,1.324737957830724e-06,1.2398711863870204e-06,1.4588267692183798e-06,1.0013869239378081e-06,-0.006954376648249904
-10.42,1.3666814453472398e-06,1.2856762687807333e-06,1.5037878716706032e-06,1.035182760344977e-06,-0.007053388202905347
-10.41,1.4095963566940206e-06,1.3328753178387664e-06,1.5497470376435452e-06,1.0698533783326525e-06,-0.007152879192466388
-10.399999999999999,1.4534932786802734e-06,1.3814985289628545e-06,1.5967137192984815e-06,1.1054122324161142e-06,-0.007252835332324016
-10.39,1.4983825051828603e-06,1.431576358124076e-06,1.6446970182437681e-06,1.1418726838519078e-06,-0.007353241929268157
-10.379999999999999,1.5442740195492632e-06,1.4831395111492007e-06,1.6937056666610495e-06,1.179247988258858e-06,-0.0074540838772165306
-10.370000000000001,1.5911774764454378e-06,1.5362189310641483e-06,1.7437480083204449e-06,1.2175512812406808e-06,-0.00755534565297136
-10.36,1.6391021824824215e-06,1.5908457864921566e-06,1.7948319783189781e-06,1.2567955656739294e-06,-0.007657011312006916
-10.35,1.688057077786631e-06,1.6470514577759943e-06,1.8469650835406526e-06,1.2969936967754947e-06,-0.007759064484288511
-10.34,1.7380507166819825e-06,1.7048675242659073e-06,1.9001543822838585e-06,1.3381583685023735e-06,-0.007861488370125501
-10.33,1.789091247594854e-06,1.7643257484989405e-06,1.954406464055314e-06,1.3803020978975233e-06,-0.007964265736059633
-10.32,1.8411863937917161e-06,1.8254580628762618e-06,2.009727428475827e-06,1.4234372106014526e-06,-0.008067378910790691
-10.309999999999999,1.8943434326734732e-06,1.8882965535094165e-06,2.066122864352593e-06,1.4675758246429638e-06,-0.008170809781141214
-10.3,1.9485691752363365e-06,1.9528734435669826e-06,2.1235978283073997e-06,1.5127298360617658e-06,-0.008274539788062137
-10.29,2.003869945532699e-06,2.019221077398381e-06,2.182156823460346e-06,1.5589109004787716e-06,-0.008378549922681456
-10.280000000000001,2.06025155968792e-06,2.0873719027147963e-06,2.2418037775029376e-06,1.6061304185521763e-06,-0.008482820722397142
-10.27,2.117719304306487e-06,2.1573584517708966e-06,2.30254202071567e-06,1.6543995186024674e-06,-0.008587332267017186
-10.26,2.176277915100222e-06,2.2292133243229095e-06,2.364374264152147e-06,1.7037290387933446e-06,-0.008692064174947684
-10.25,2.2359315555164905e-06,2.3029691665343854e-06,2.427302576990531e-06,1.7541295104228638e-06,-0.00879699559943179
-10.24,2.2966837938676044e-06,2.378658651491783e-06,2.491328364107037e-06,1.8056111399378239e-06,-0.008902105224840872
-10.23,2.3585375823476085e-06,2.45631445949801e-06,2.5564523433718733e-06,1.8581837903375309e-06,-0.009007371263020219
-10.219999999999999,2.421495233939641e-06,2.5359692549797863e-06,2.622674523444779e-06,1.911856963687786e-06,-0.009112771449691161
-10.21,2.4855584001004516e-06,2.6176556660040262e-06,2.6899941805713645e-06,1.9666397814699366e-06,-0.00921828304091162
-10.2,2.550728048555939e-06,2.7014062604080458e-06,2.7584098354349607e-06,2.022540966484243e-06,-0.009323882809597422
-10.19,2.617004440264026e-06,2.787253522706923e-06,2.827919230785625e-06,2.0795688232544407e-06,-0.009429547042105755
-10.18,2.6843871065440617e-06,2.8752298306122803e-06,2.8985193080144356e-06,2.1377312183212815e-06,-0.009535251534883799
-10.17,2.7528748265392977e-06,2.965367429275112e-06,2.970206184504942e-06,2.197035560591587e-06,-0.009640971591183815
-10.16,2.822465604235269e-06,3.0576984070829205e-06,3.0429751303739927e-06,2.2574887816873e-06,-0.009746682017847317
-10.149999999999999,2.893156645256134e-06,3.1522546681816976e-06,3.116820545934207e-06,2.319097315517382e-06,-0.00985235712216014
-10.14,2.964944334160613e-06,3.24906790671875e-06,3.191735938323781e-06,2.3818670778497086e-06,-0.009957970708780826
-10.129999999999999,3.0378242119044607e-06,3.3481695795312127e-06,3.267713899635094e-06,2.4458034457719435e-06,-0.01006349607674447
-10.120000000000001,3.11179095185965e-06,3.4495908771692285e-06,3.344746083100425e-06,2.5109112368193465e-06,-0.01016890601654386
-10.11,3.186838338442577e-06,3.553362695862816e-06,3.4228231818311805e-06,2.5771946883246244e-06,-0.010274172807290734
-10.1,3.262959243688357e-06,3.6595156077678936e-06,3.501934906113835e-06,2.6446574357685826e-06,-0.010379268213958725
-10.09,3.340145604380229e-06,3.76807983115679e-06,3.5820699608168916e-06,2.7133024925185545e-06,-0.010484163484710792
-10.08,3.418388400622252e-06,3.879085199498533e-06,3.6632160249072676e-06,2.783132227124341e-06,-0.010588829348313029
-10.07,3.497677633024221e-06,3.992561130539141e-06,3.7453597290793006e-06,2.8541483431121506e-06,-0.010693236011637198
-10.059999999999999,3.5780023009968076e-06,4.108536594049639e-06,3.828486634827044e-06,2.9263518570576963e-06,-0.010797353157254415
-10.05,3.659350381157722e-06,4.2270400791299956e-06,3.912581213683097e-06,2.9997430767703115e-06,-0.010901149941121959
-10.04,3.741708805515831e-06,4.348099562012653e-06,3.997626827123568e-06,3.0743215803097357e-06,-0.011004594990366073
-10.030000000000001,3.825063441542653e-06,4.471742471146012e-06,4.083605706250992e-06,3.1500861939481872e-06,-0.011107656401162182
-10.02,3.909399070300967e-06,4.59799565372121e-06,4.170498932920541e-06,3.2270349704655032e-06,-0.011210301736716074
-10.01,3.994699366904886e-06,4.72688534053356e-06,4.2582864207552085e-06,3.305165168332458e-06,-0.011312498025346986
-10.0,4.080946880813396e-06,4.858437110621949e-06,4.346946896549575e-06,3.384473229617324e-06,-0.0114142117586762
-9.99,4.168123016345948e-06,4.992675855630679e-06,4.436457882450728e-06,3.4649547590026586e-06,-0.011515408889922753
-9.98,4.256208014030705e-06,5.129625743227617e-06,4.526795680026563e-06,3.5466045025245307e-06,-0.011616054832308844
-9.969999999999999,4.345180932396886e-06,5.269310180466835e-06,4.617935352668745e-06,3.6294163258676626e-06,-0.01171611445757732
-9.96,4.435019630599779e-06,5.411751776207563e-06,4.709850710826746e-06,3.7133831947699925e-06,-0.011815552094623682
-9.95,4.525700751822903e-06,5.556972303644159e-06,4.802514297241878e-06,3.7984971533178147e-06,-0.011914331528244978
-9.94,4.617199706569153e-06,5.70499266216995e-06,4.895897372736435e-06,3.884749303961765e-06,-0.01201241599800771
-9.93,4.709490657728299e-06,5.855832838519426e-06,4.989969903668179e-06,3.9721297867556515e-06,-0.01210976819723779
-9.92,4.802546505977556e-06,6.009511868354522e-06,5.084700549606858e-06,4.060627760760216e-06,-0.012206350272134207
-9.91,4.896338876236861e-06,6.166047796796192e-06,5.1800566523985125e-06,4.150231383392988e-06,-0.012302123821009424
-9.899999999999999,4.990838104679263e-06,6.325457639067e-06,5.276004226728581e-06,4.240927791887561e-06,-0.01239704989365848
-9.89,5.086013227129094e-06,6.487757341133715e-06,5.372507950018868e-06,4.3327030846973535e-06,-0.012491088990859565
-9.879999999999999,5.181831968348316e-06,6.652961738351504e-06,5.469531156820917e-06,4.4255423027883545e-06,-0.012584201064008376
-9.870000000000001,5.27826073226656e-06,6.82108451738328e-06,5.567035830600364e-06,4.51942941270822e-06,-0.012676345514888339
-9.86,5.375264593376894e-06,6.99213817395572e-06,5.664982599573598e-06,4.614347288822707e-06,-0.012767481195579964
-9.85,5.472807289630399e-06,7.166133973890432e-06,5.763330732988514e-06,4.710277697050902e-06,-0.01285756640851056
-9.84,5.570851216274431e-06,7.343081911415084e-06,5.862038138237935e-06,4.807201278600459e-06,-0.01294655890664796
-9.83,5.6693574209121245e-06,7.5229906701390625e-06,5.961061360637565e-06,4.905097535090608e-06,-0.013034415893839845
-9.82,5.7682856004492855e-06,7.705867580753978e-06,6.060355584036614e-06,5.003944813730676e-06,-0.013121094025301344
-9.809999999999999,5.867594098429851e-06,7.89171858195381e-06,6.159874632483131e-06,5.103720293830882e-06,-0.013206549408253412
-9.8,5.967239905313448e-06,8.080548179689728e-06,6.259570975386541e-06,5.204399973368634e-06,-0.013290737602714283
-9.79,6.0671786591415255e-06,8.272359406813479e-06,6.3593957320695615e-06,5.3059586571646555e-06,-0.013373613622446497
-9.780000000000001,6.167364648146378e-06,8.467153783220382e-06,6.459298679761805e-06,5.408369945836267e-06,-0.013455131936061638
-9.77,6.267750815414086e-06,8.664931275881305e-06,6.559228262981165e-06,5.511606225139243e-06,-0.013535246468285758
-9.76,6.368288764602159e-06,8.865690260095871e-06,6.659131604580537e-06,5.615638656919497e-06,-0.013613910601386996
-9.75,6.468928768210702e-06,9.069427479913017e-06,6.758954519403559e-06,5.720437171008452e-06,-0.013691077176768757
-9.74,6.569619777019309e-06,9.276138009384205e-06,6.858641529494669e-06,5.82597045795108e-06,-0.013766698496729964
-9.73,6.6703094321329814e-06,9.485815215204418e-06,6.958135881252048e-06,5.932205963399273e-06,-0.013840726326395275
-9.719999999999999,6.770944078582364e-06,9.698450718409468e-06,7.057379565744704e-06,6.039109883004823e-06,-0.013913111895817315
-9.71,6.871468781310952e-06,9.914034358016188e-06,7.1563133399732415e-06,6.146647159477325e-06,-0.013983805902253475
-9.7,6.971827343105197e-06,1.0132554154440587e-05,7.254876751849881e-06,6.254781480419247e-06,-0.01405275851261943
-9.69,7.071962324634029e-06,1.0353996273859689e-05,7.3530081663997215e-06,6.363475277271213e-06,-0.014119919366121659
-9.68,7.171815067097409e-06,1.057834499385013e-05,7.450644795292671e-06,6.472689726477743e-06,-0.014185237577071463
-9.67,7.2713257170398116e-06,1.0805582669914937e-05,7.5477227287068516e-06,6.582384751929737e-06,-0.014248661737882544
-9.66,7.370433254161313e-06,1.1035689701954787e-05,7.64417696930142e-06,6.692519028572708e-06,-0.014310139922254323
-9.649999999999999,7.469075520183388e-06,1.1268644503070746e-05,7.73994146990864e-06,6.803049988179932e-06,-0.014369619688543715
-9.64,7.5671892519890704e-06,1.1504423468533531e-05,7.834949172669248e-06,6.91393382618033e-06,-0.014427048083326748
-9.629999999999999,7.664710116761508e-06,1.1743000947084248e-05,7.9291320526087e-06,7.025125511150865e-06,-0.014482371645153197
-9.620000000000001,7.761572748954393e-06,1.1984349211735523e-05,8.022421162434679e-06,7.136578795363668e-06,-0.014535536408495467
-9.61,7.857710791758787e-06,1.2228438434569444e-05,8.114746682330587e-06,7.248246227553601e-06,-0.014586487907894645
-9.6,7.953056940068759e-06,1.2475236659759137e-05,8.206037970470703e-06,7.360079167517686e-06,-0.014635171182305203
-9.59,8.047542987166256e-06,1.2724709780698173e-05,8.29622361858684e-06,7.472027803046011e-06,-0.014681530779641072
-9.58,8.141099873848479e-06,1.2976821518573267e-05,8.385231509533408e-06,7.58404116835143e-06,-0.014725510761524554
-9.57,8.233657741107958e-06,1.3231533400492879e-05,8.472988879459908e-06,7.696067165496867e-06,-0.014767054708240595
-9.559999999999999,8.325145985810245e-06,1.3488804742112226e-05,8.559422381482218e-06,7.808052586988357e-06,-0.01480610572389816
-9.55,8.415493319424705e-06,1.374859263059136e-05,8.644458154294377e-06,7.919943142142838e-06,-0.014842606441800852
-9.54,8.504627830363543e-06,1.4010851910273292e-05,8.72802189377797e-06,8.03168348373351e-06,-0.01487649903002863
-9.530000000000001,8.592477049595981e-06,1.4275535170027442e-05,8.81003892805321e-06,8.14321723896505e-06,-0.014907725197232569
-9.52,8.678968019482092e-06,1.4542592732924575e-05,8.89043429624925e-06,8.254487042780312e-06,-0.014936226198644731
-9.51,8.7640273664924e-06,1.4811972648576255e-05,8.969132830827231e-06,8.365434571666608e-06,-0.014961942842304647
-9.5,8.847581377091629e-06,1.5083620687361687e-05,9.04605924401114e-06,8.476000583179655e-06,-0.014984815495504743
-9.49,8.929556077730272e-06,1.5357480338207274e-05,9.121138217604852e-06,8.58612495585609e-06,-0.015004784091456011
-9.48,9.009877318222337e-06,1.5633492807087812e-05,9.194294497028022e-06,8.695746732123588e-06,-0.015021788136176011
-9.469999999999999,9.088470858786835e-06,1.5911597020579205e-05,9.265452989182243e-06,8.804804166151481e-06,-0.015035766715600796
-9.46,9.165262461863222e-06,1.6191729630798957e-05,9.334538863980946e-06,8.91323477164585e-06,-0.015046658502922559
-9.45,9.240177985869735e-06,1.647382502345529e-05,9.401477660597735e-06,9.020975374585127e-06,-0.015054401766154508
-9.44,9.313143485512043e-06,1.6757815329893067e-05,9.466195397600519e-06,9.127962168564707e-06,-0.015058934375924564
-9.43,9.384085313923762e-06,1.7043630441804236e-05,9.528618686471813e-06,9.234130772861615e-06,-0.015060193813499802
-9.42,9.452930229969514e-06,1.7331198027992212e-05,9.588674850680157e-06,9.339416294162906e-06,-0.015058117179042638
-9.41,9.519605509655804e-06,1.7620443557075927e-05,9.646292048026694e-06,9.443753391624732e-06,-0.015052641200100664
-9.399999999999999,9.584039061372174e-06,1.7911290322192297e-05,9.70139939782122e-06,9.547076344762484e-06,-0.015043702240331412
-9.39,9.646159545628752e-06,1.820365946930691e-05,9.753927112332583e-06,9.649319124782618e-06,-0.015031236308463421
-9.379999999999999,9.705896498901634e-06,1.849747003029867e-05,9.803806632402434e-06,9.750415469689244e-06,-0.015015179067495103
-9.370000000000001,9.763180462252219e-06,1.879263895904204e-05,9.850970767499856e-06,9.850298963165471e-06,-0.014995465844132624
-9.36,9.817943113832328e-06,1.908908117237429e-05,9.895353841160581e-06,9.948903116563379e-06,-0.01497203163846802
-9.35,9.870117406274304e-06,1.938670959394928e-05,9.9368918393683e-06,1.0046161454058122e-05,-0.01494481113389891
-9.34,9.919637707966888e-06,1.9685435204475077e-05,9.975522564986683e-06,1.014200760268702e-05,-0.014913738707290963
-9.33,9.966439949660177e-06,1.998516709444953e-05,1.0011185796077182e-05,1.0236375385441754e-05,-0.014878748439384004
-9.32,1.0010461774678792e-05,2.0285812522780056e-05,1.0043823448879774e-05,1.0329198918246352e-05,-0.014839774125443394
-9.309999999999999,1.0051642694630658e-05,2.0587276979233682e-05,1.0073379745456634e-05,1.0420412710876459e-05,-0.014796749286156976
-9.3,1.0089924249223614e-05,2.0889464251883094e-05,1.0099801386220797e-05,1.0509951772097459e-05,-0.014749607178779297
-9.29,1.0125250170689437e-05,2.119227650043687e-05,1.0123037726517126e-05,1.0597751718355308e-05,-0.014698280808523442
-9.280000000000001,1.0157566553037345e-05,2.149561433345548e-05,1.0143040958920935e-05,1.0683748886630706e-05,-0.014642702940201908
-9.27,1.0186822025914921e-05,2.1799376891062927e-05,1.0159766299533413e-05,1.0767880451678646e-05,-0.014582806110116822
-9.26,1.0212967933243e-05,2.2103461934208646e-05,1.017317217838487e-05,1.0850084546876193e-05,-0.014518522638200762
-9.25,1.0235958516569e-05,2.2407765937704216e-05,1.0183220436388307e-05,1.0930300390177283e-05,-0.014449784640408584
-9.24,1.0255751102916655e-05,2.2712184189699336e-05,1.0189876524957509e-05,1.1008468413342687e-05,-0.014376524041361124
-9.23,1.0272306297354206e-05,2.301661089748608e-05,1.0193109711786885e-05,1.108453039616597e-05,-0.014298672587241254
-9.219999999999999,1.0285588180836136e-05,2.332093929796608e-05,1.0192893290239535e-05,1.115842960452973e-05,-0.014216161858943107
-9.21,1.0295564511764166e-05,2.3625061774723566e-05,1.018920479423091e-05,1.1230110932847204e-05,-0.014128923285474737
-9.2,1.0302206933154867e-05,2.3928869981482137e-05,1.0182026217553375e-05,1.1299521051832961e-05,-0.01403688815761473
-9.19,1.0305491184192661e-05,2.423225497205639e-05,1.0171344237086544e-05,1.136660855904914e-05,-0.01393998764182362
-9.18,1.0305397315890641e-05,2.4535107335244e-05,1.0157150441891805e-05,1.1431324135779963e-05,-0.013838152794409617
-9.17,1.0301909912469043e-05,2.4837317338322062e-05,1.0139441565193419e-05,1.1493620706626295e-05,-0.013731314575949819
-9.16,1.0295018316008875e-05,2.5138775075261854e-05,1.0118219722909938e-05,1.155345360509541e-05,-0.01361940386596676
-9.149999999999999,1.0284716857156262e-05,2.543937062343682e-05,1.009349265501669e-05,1.161078074296551e-05,-0.013502351477860525
-9.14,1.0271005089046437e-05,2.5738994205271037e-05,1.0065273971460176e-05,1.1665562784035632e-05,-0.013380088174096623
-9.129999999999999,1.0253888026112712e-05,2.6037536359102553e-05,1.0033583402957458e-05,1.1717763323315644e-05,-0.01325254468164969
-9.120000000000001,1.0233376388113502e-05,2.63348881155423e-05,9.998447056014381e-06,1.1767349069657929e-05,-0.013119651707703406
-9.11,1.0209486846990412e-05,2.663094118149356e-05,9.959897671774076e-06,1.1814290034217745e-05,-0.012981339955605777
-9.1,1.0182242279499487e-05,2.69255881323871e-05,9.917974889250836e-06,1.1858559722077722e-05,-0.012837540141081046
-9.09,1.0151672023006597e-05,2.7218722609745338e-05,9.872725512449776e-06,1.1900135329867556e-05,-0.01268818300869664
-9.08,1.0117812136167803e-05,2.75102395295157e-05,9.82420378153881e-06,1.1938997947102958e-05,-0.012533199348586281
-9.07,1.0080705663162437e-05,2.7800035295011405e-05,9.772471647573333e-06,1.1975132762354068e-05,-0.012372520013428189
-9.059999999999999,1.0040402901922985e-05,2.8088008019788724e-05,9.717599051550785e-06,1.2008529274021296e-05,-0.012206075935678658
-9.05,9.996961677138927e-06,2.837405775713009e-05,9.659664206407292e-06,1.2039181505552055e-05,-0.012033798145060398
-9.04,9.950447615203473e-06,2.8658086738131416e-05,9.598753883011124e-06,1.2067088225153899e-05,-0.011855617786305209
-9.030000000000001,9.90093442498896e-06,2.8939999618005086e-05,9.53496369904272e-06,1.2092253170170597e-05,-0.011671466137151199
-9.02,9.848504180176576e-06,2.921970372982141e-05,9.468398411760504e-06,1.2114685275843584e-05,-0.011481274626592946
-9.01,9.793247606582067e-06,2.9497109347353945e-05,9.39917221348674e-06,1.2134398908347777e-05,-0.011284974853385654
-9.0,9.735264371646402e-06,2.977212995586287e-05,9.327409029646905e-06,1.2151414102323788e-05,-0.011082498604800995
-8.99,9.674663377812198e-06,3.004468253164916e-05,9.25324282069484e-06,1.216575680257348e-05,-0.01087377787563561
-8.98,9.611563058398165e-06,3.0314687829102738e-05,9.176817885425681e-06,1.2177459110973565e-05,-0.010658744887470583
-8.969999999999999,9.546091676360113e-06,3.058207067779817e-05,9.098289167730478e-06,1.2186559535720676e-05,-0.010437332108181601
-8.96,9.478387626216112e-06,3.0846760287361885e-05,9.017822564905131e-06,1.219310324679368e-05,-0.010209472271699294
-8.95,9.408599737970036e-06,3.11086905605551e-05,8.935595238845906e-06,1.2197142333969513e-05,-0.009975098398017987
-8.94,9.336887583311082e-06,3.136780041651521e-05,8.851795928299655e-06,1.2198736069668481e-05,-0.009734143813453793
-8.93,9.263421784255765e-06,3.1624034121546796e-05,8.766625263445516e-06,1.2197951175463295e-05,-0.009486542171149038
-8.92,9.188384323788323e-06,3.1877341629182876e-05,8.680296081586825e-06,1.2194862092140824e-05,-0.009232227471823892
-8.91,9.11196885755583e-06,3.2127678929572134e-05,8.593033744619394e-06,1.2189551254204734e-05,-0.008971134084773314
-8.899999999999999,9.034381028061311e-06,3.237500840708174e-05,8.505076456555294e-06,1.2182109367597782e-05,-0.008703196769108452
-8.89,8.955838779411973e-06,3.261929920672646e-05,8.41667558298953e-06,1.2172635690643752e-05,-0.008428350695241893
-8.879999999999999,8.876572673455208e-06,3.2860527610700796e-05,8.328095970289162e-06,1.2161238318930678e-05,-0.008146531466614593
-8.870000000000001,8.796826206636243e-06,3.3098677422516154e-05,8.23961626605918e-06,1.2148034473136171e-05,-0.007857675141665268
-8.86,8.716856127355399e-06,3.333374036135206e-05,8.151529238276112e-06,1.2133150790516467e-05,-0.007561718256038553
-8.85,8.636932753991466e-06,3.356571646379036e-05,8.064142095032256e-06,1.2116723618726954e-05,-0.00725859784503352
-8.84,8.557340292814075e-06,3.3794614496207576e-05,7.977776804390935e-06,1.2098899312584788e-05,-0.006948251466288683
-8.83,8.478377155285433e-06,3.402045237527185e-05,7.8927704120213e-06,1.2079834534717282e-05,-0.006630617222704297
-8.82,8.400356275528598e-06,3.42432575972107e-05,7.809475358777629e-06,1.2059696557431554e-05,-0.006305633785599374
-8.809999999999999,8.323605426518998e-06,3.4463067676515635e-05,7.728259796779824e-06,1.2038663567526253e-05,-0.0059732404181026206
-8.8,8.248467535887372e-06,3.4679930592584896e-05,7.649507903273456e-06,1.2016924973101695e-05,-0.005633376998776104
-8.79,8.175300998836121e-06,3.489390524646918e-05,7.57362019321306e-06,1.199468171314555e-05,-0.00528598404546899
-8.780000000000001,8.10447999155528e-06,3.510506192494489e-05,7.501013828903336e-06,1.1972146568173248e-05,-0.0049310027394023955
-8.77,8.036394780530642e-06,3.5313482774190774e-05,7.432122927086837e-06,1.194954447286678e-05,-0.004568374949480474
-8.76,7.971452030797188e-06,3.551926228206881e-05,7.36739886314508e-06,1.1927112830711906e-05,-0.004198043256830039
-8.75,7.910075110806325e-06,3.572250776812114e-05,7.307310572024495e-06,1.190510182880189e-05,-0.0038199509795635196
-8.74,7.852704394906151e-06,3.592333988250429e-05,7.2523448448880146e-06,1.188377475452862e-05,-0.0034340421977664356
-8.73,7.799797561547361e-06,3.612189311325009e-05,7.20300662226947e-06,1.1863408313217416e-05,-0.0030402617787063614
-8.719999999999999,7.751829888269501e-06,3.6318316301353626e-05,7.159819282454016e-06,1.1844292945872859e-05,-0.002638555402262062
-8.71,7.709294542634915e-06,3.6512773164687484e-05,7.123324924251939e-06,1.1826733146980128e-05,-0.0022288695865716277
-8.7,7.672702868222192e-06,3.670544282868837e-05,7.094084646164234e-06,1.1811047783472084e-05,-0.0018111517138962607
-8.69,7.64258466562362e-06,3.6896520365148344e-05,7.072678818498268e-06,1.1797570412919178e-05,-0.0013853500567009875
-8.68,7.619488468946223e-06,3.7086217339832306e-05,7.059707349266198e-06,1.1786649601108756e-05,-0.0009514138039468545
-8.67,7.603981815318406e-06,3.727476236520255e-05,7.055789944365731e-06,1.1778649239180261e-05,-0.0005092930875957998
-8.66,7.59665150906752e-06,3.7462401662746725e-05,7.061566360599958e-06,1.1773948859650218e-05,-5.893900932479015e-05
-8.649999999999999,7.598103879347118e-06,3.764939963057934e-05,7.0776966505925465e-06,1.177294395149353e-05,0.0003996963325523144
-8.64,7.60896502988162e-06,3.783603941798219e-05,7.104861401041607e-06,1.1776046273892504e-05,0.000866659815956461
-8.629999999999999,7.629881082493739e-06,3.802262350888208e-05,7.143761961370121e-06,1.1783684166710717e-05,0.0013419972677125467
-8.620000000000001,7.661518411528068e-06,3.820947430788202e-05,7.195120664715837e-06,1.17963028600232e-05,0.0018257534360144167
-8.61,7.704563870669645e-06,3.839693473561834e-05,7.2596810391512e-06,1.1814364781370656e-05,0.002317971962692549
-8.6,7.759725010825225e-06,3.858536882878072e-05,7.338208008911273e-06,1.183834985929444e-05,0.002818695355281299
-8.59,7.827730287846002e-06,3.877516234490619e-05,7.431488086240279e-06,1.1868755823707389e-05,0.0033279649588925553
-8.58,7.909329262201226e-06,3.8966723374334045e-05,7.540329551802838e-06,1.1906098503988716e-05,0.0038458209278944846
-8.57,8.00529278621731e-06,3.916048295510288e-05,7.665562624437072e-06,1.1950912120917145e-05,0.004372302197399405
-8.559999999999999,8.116413182712723e-06,3.9356895694731e-05,7.808039619028317e-06,1.2003749576772194e-05,0.004907446454562456
-8.55,8.243504410365698e-06,3.955644039410622e-05,7.968635092059362e-06,1.2065182739162683e-05,0.005451290109692932
-8.54,8.387402218867912e-06,3.975962067676031e-05,8.148245974337609e-06,1.2135802720691924e-05,0.0060038682671826275
-8.530000000000001,8.548964291199557e-06,3.9966965622750816e-05,8.347791691842854e-06,1.2216220152350132e-05,0.006565214696249563
-8.52,8.729070372692771e-06,4.017903040254289e-05,8.568214270532337e-06,1.2307065452410448e-05,0.007135361801505135
-8.51,8.928622387827101e-06,4.03963969171639e-05,8.810478428877833e-06,1.2408989087719924e-05,0.007714340593341096
-8.5,9.148544542147974e-06,4.061967444007886e-05,9.075571654248993e-06,1.2522661829550419e-05,0.008302180658144654
-8.49,9.389783410362895e-06,4.084950025934342e-05,9.364504265418905e-06,1.2648775001011803e-05,0.008898910128340121
-8.48,9.65330800972719e-06,4.108654032403125e-05,9.678309457028522e-06,1.2788040719025062e-05,0.009504555652262015
-8.469999999999999,9.940109857276003e-06,4.133148988949564e-05,1.0018043329951265e-05,1.2941192126136869e-05,0.010119142363861989
-8.46,1.0251203011901744e-05,4.1585074165684244e-05,1.0384784903283428e-05,1.3108983615506276e-05,0.010742693852251597
-8.45,1.0587624099500648e-05,4.184804896356642e-05,1.0779636108793067e-05,1.3292191046843094e-05,0.011375232131086502
-8.44,1.095043232124393e-05,4.2121201343170434e-05,1.1203721767771846e-05,1.3491611951910176e-05,0.012016777607790534
-8.43,1.1340709443530272e-05,4.2405350259344665e-05,1.1658189548846565e-05,1.3708065732587205e-05,0.012667349052628426
-8.42,1.1759559771229444e-05,4.27013472083515e-05,1.2144209906916892e-05,1.3942393846333445e-05,0.013326963567625758
-8.41,1.2208110100830893e-05,4.301007687007585e-05,1.2662976002109083e-05,1.419545998221361e-05,0.013995636555342219
-8.399999999999999,1.2687509654885076e-05,4.3332457749845066e-05,1.3215703597857509e-05,1.4468150225710463e-05,0.014673381687500753
-8.39,1.3198929996849351e-05,4.366944281680718e-05,1.3803630939057676e-05,1.4761373211602535e-05,0.015360210873475656
-8.379999999999999,1.3743564924839635e-05,4.402202013842338e-05,1.442801860740417e-05,1.5076060265128977e-05,0.016056134228645925
-8.370000000000001,1.4322630345453558e-05,4.439121351207387e-05,1.509014935646702e-05,1.541316552927663e-05,0.016761160042612737
-8.36,1.4937364125056085e-05,4.477808309011344e-05,1.5791327922232146e-05,1.577366608068731e-05,0.017475294747291877
-8.35,1.5589025919637844e-05,4.5183726001318814e-05,1.653288081121529e-05,1.6158562030577084e-05,0.01819854288487789
-8.34,1.6278896982135915e-05,4.560927696534156e-05,1.7316156065205757e-05,1.656887661133366e-05,0.01893090707569117
-8.33,1.700827994632892e-05,4.605590890099931e-05,1.814252300086361e-05,1.700565624962458e-05,0.019672387985907265
-8.32,1.77784985868068e-05,4.652483352651782e-05,1.901337192478092e-05,1.7469970623018583e-05,0.02042298429517595
-8.309999999999999,1.8590897555403885e-05,4.70173019530562e-05,1.9930113823063422e-05,1.7962912701285916e-05,0.021182692664133973
-8.3,1.944684209193026e-05,4.7534605268073626e-05,2.0894180025154974e-05,1.848559877132283e-05,0.02195150770181589
-8.29,2.0347717710589297e-05,4.8078075110036256e-05,2.1907021840184004e-05,1.9039168445200705e-05,0.022729421932971203
-8.280000000000001,2.1294929859527745e-05,4.864908423252157e-05,2.2970110166609103e-05,1.9624784650451588e-05,0.023516425765287233
-8.27,2.2289903554517654e-05,4.924904705755351e-05,2.4084935074442093e-05,2.024363360336734e-05,0.024312507456531712
-8.26,2.3334082985715376e-05,4.98794202172248e-05,2.5253005359049396e-05,2.0896924761981683e-05,0.02511765308161212
-8.25,2.442893109677602e-05,5.054170308210759e-05,2.647584806586556e-05,2.1585890761899318e-05,0.025931846499565796
-8.24,2.557592913632334e-05,5.123743827728511e-05,2.775500798601893e-05,2.2311787331363853e-05,0.026755069320481665
-8.23,2.6776576180442824e-05,5.196821218339531e-05,2.9092047122036835e-05,2.307589318611969e-05,0.027587300872363
-8.219999999999999,2.8032388626475502e-05,5.27356554224645e-05,3.0488544123297157e-05,2.387950990406784e-05,0.028428518167937563
-8.21,2.934489965761289e-05,5.354144332908595e-05,3.194609369050472e-05,2.4723961777828318e-05,0.02927869587142144
-8.2,3.071565867712733e-05,5.438729640316886e-05,3.346630594874833e-05,2.561059564626378e-05,0.030137806265247032
-8.19,3.2146230712626345e-05,5.5274980746422564e-05,3.505080578919406e-05,2.6540780702744016e-05,0.03100581921675769
-8.18,3.363819578905414e-05,5.620630847924524e-05,3.670123217758281e-05,2.7515908281039447e-05,0.03188270214488364
-8.17,3.519314827038489e-05,5.718313813879439e-05,3.841923743053144e-05,2.8537391617011743e-05,0.03276841998680241
-8.16,3.681269617022975e-05,5.820737505585205e-05,4.0206486458749247e-05,2.960666558710079e-05,0.03366293516459561
-8.149999999999999,3.8498460429692294e-05,5.9280971712094566e-05,4.2064655976170595e-05,3.072518642099897e-05,0.03456620755191009
-8.14,4.025207416236132e-05,6.040592807249334e-05,4.3995433675170226e-05,3.189443138967851e-05,0.03547819444063259
-8.129999999999999,4.207518186738479e-05,6.158429189689896e-05,4.600051736691757e-05,3.31158984676061e-05,0.036398850507591146
-8.120000000000001,4.396943860829339e-05,6.281815902547949e-05,4.808161408820233e-05,3.4391105968700764e-05,0.037328127781286864
-8.11,4.593650915823977e-05,6.41096736408997e-05,5.0240439171123086e-05,3.5721592155479875e-05,0.03826597560867593
-8.1,4.7978067112264267e-05,6.546102850213398e-05,5.2478715278025945e-05,3.7108914819949934e-05,0.03921234062200354
-8.09,5.0095793963367274e-05,6.687446515235562e-05,5.479817140180421e-05,3.855465083757448e-05,0.040167166705710106
-8.08,5.229137814544149e-05,6.835227409840439e-05,5.720054182706269e-05,4.006039569259823e-05,0.04113039496341507
-8.07,5.456651404112112e-05,6.989679496105516e-05,5.968756505769779e-05,4.162776297372828e-05,0.04210196368499519
-8.059999999999999,5.692290095343777e-05,7.151041659475554e-05,6.226098270567526e-05,4.325838384111602e-05,0.0430818083137684
-8.05,5.936224204294849e-05,7.319557717561098e-05,6.492253834389228e-05,4.4953906462752435e-05,0.044069861413796464
-8.04,6.188624322878145e-05,7.495476425806169e-05,6.767397632140293e-05,4.671599542110938e-05,0.045066052637324064
-8.030000000000001,6.449661205421009e-05,7.679051479692056e-05,7.051704054111818e-05,4.8546331087473416e-05,0.046070308692361665
-8.02,6.719505651592295e-05,7.87054151360489e-05,7.34534731999803e-05,5.044660896685871e-05,0.047082553310437425
-8.01,6.998328385687813e-05,8.070210096022823e-05,7.648501349161174e-05,5.241853900866955e-05,0.04810270721452226
-8.0,7.286299932324214e-05,8.278325721178259e-05,7.961339627071684e-05,5.44638448875534e-05,0.04913068808715551
-7.99,7.583590488519087e-05,8.495161796784334e-05,8.284035068040208e-05,5.658426324939292e-05,0.05016641053877941
-7.9799999999999995,7.890369792079577e-05,8.720996628103217e-05,8.616759874063851e-05,5.878154292537907e-05,0.05120978607630478
-7.97,8.206806986349457e-05,8.9561133977345e-05,8.959685389903216e-05,6.10574441118894e-05,0.05226072307192314
-7.96,8.533070481309135e-05,9.200800141601073e-05,9.312981954440192e-05,6.341373751733714e-05,0.05331912673218658
-7.95,8.869327811089622e-05,9.455349720560724e-05,9.676818748166616e-05,6.585220347365972e-05,0.05438489906737153
-7.9399999999999995,9.21574548777282e-05,9.720059787809987e-05,0.00010051363636975896,6.837463101300179e-05,0.05545793886114877
-7.93,9.572488851644634e-05,9.995232751730532e-05,0.00010436783012118811,7.098281691164665e-05,0.05653814164057858
-7.92,9.939721917734401e-05,0.00010281175734438985,0.0001083324162653998,7.367856469647771e-05,0.057625399646453745
-7.91,0.0001031760721887931,0.00010578200525535042,0.00011240902427389621,7.646368361624578e-05,0.058719601804010306
-7.8999999999999995,0.00010706305645180603,0.00010886623531147777,0.00011659926384927077,7.933998757769789e-05,0.05982063369403029
-7.89,0.00011105976279840446,0.00011206765718241307,0.00012090472317760614,8.230929404595688e-05,0.060928377524357966
-7.88,0.00011516776231584869,0.00011538952553985515,0.0001253269671449564,8.537342290826366e-05,0.062042712101855545
-7.87,0.00011938860463550638,0.00011883513939942025,0.0001298675355178025,8.853419530080453e-05,0.06316351280482037
-7.859999999999999,0.00012372381618785955,0.00012240784141320793,0.00013452794108881339,9.179343240045545e-05,0.0642906515558905
-7.85,0.0001281748984226505,0.0001261110171089097,0.0001393096677877459,9.515295417900083e-05,0.06542399679546404
-7.84,0.00013274332599633176,0.00012994809407529395,0.00014421416875814996,9.861457812077035e-05,0.06656341345565885
-7.83,0.0001374305449261537,0.00013392254109578783,0.0001492428644019328,0.00010218011790391612,0.06770876293483975
-7.82,0.0001422379707125554,0.00013803786722449418,0.0001543971403892841,0.00010585138204433076,0.06885990307274135
-7.81,0.00014716698642858184,0.0001422976208073634,0.0001596783456387918,0.00010963017250453788,0.07001668812621531
-7.8,0.00015221894077921405,0.00014670538844668846,0.00016508779026530584,0.00011351828326378044,0.07117896874563043
-7.79,0.00015739514612983507,0.00015126479390736858,0.0001706267434982145,0.0001175174988531924,0.07234659195195771
-7.78,0.00016269687650627418,0.0001559794969657191,0.00017629643157107688,0.00012162959285444419,0.07351940111456856
-7.77,0.00016812536556432,0.00016085319219810712,0.00018209803558183468,0.0001258563263616952,0.07469723592977941
-7.76,0.00017368180453292137,0.00016588960770991257,0.0001880326893278217,0.00013019944640829673,0.07587993240017353
-7.75,0.00017936734013024314,0.00017109250380392682,0.00019410147711390602,0.00013466068435730172,0.07706732281473443
-7.74,0.00018518307245390941,0.00017646567158785542,0.00020030543153665148,0.00013924175425755747,0.07825923572982185
-7.7299999999999995,0.00019113005284676632,0.0001820129315197594,0.00020664553124516427,0.0001439443511643268,0.07945549595102694
-7.72,0.00019720928173833085,0.00018773813188943667,0.00021312269868056788,0.00014877014942543676,0.08065592451593834
-7.71,0.0002034217064652566,0.00019364514723968496,0.00021973779779460578,0.0001537208009338431,0.08186033867785801
-7.7,0.00020976821907020549,0.00019973787672156185,0.00022649163175081366,0.0001587979333469436,0.08306855189049857
-7.6899999999999995,0.0002162496540807357,0.00020602024238719485,0.00023338494060765047,0.00016400314827247353,0.08428037379370197
-7.68,0.0002228667862704814,0.0002124961874175324,0.00024041839898686357,0.0001693380194230376,0.08549561020021347
-7.67,0.0002296203284038456,0.00021916967428509126,0.0002475926137286977,0.00017480409073883374,0.0867140630835513
-7.66,0.0002365109289654832,0.0002260446828535878,0.0002549081215354465,0.00018040287447990133,0.08793553056700691
-7.6499999999999995,0.00024353916987585045,0.00023312520841006767,0.00026236538660578956,0.00018613584928822702,0.08915980691381632
-7.64,0.00025070556419592993,0.0002404152596344189,0.00026996479826141284,0.0001920044582222613,0.09038668251853989
-7.63,0.00025801055382124183,0.00024791885650093937,0.00027770666856891113,0.00019801010676190334,0.09161594389969091
-7.62,0.00026545450716886076,0.0002556400281167326,0.0002855912299591923,0.00020415416078800597,0.09284737369365088
-7.609999999999999,0.00027303771685721623,0.0002635828104940452,0.0002936186328452717,0.00021043794453551312,0.09408075064991334
-7.6,0.0002807603973828954,0.0002717512442572123,0.00030178894324356387,0.00021686273852200566,0.09531584962769342
-7.59,0.00028862268279533643,0.0002801493722857651,0.00031010214039861594,0.00022342977745415382,0.0965524415939471
-7.58,0.00029662462437196613,0.00028878123729142446,0.00031855811441572346,0.00023014024811035538,0.0977902936228366
-7.57,0.0003047661882956687,0.0002976508793338106,0.0003271566639035939,0.0002369952872048331,0.0990291688966857
-7.56,0.00031304725333747285,0.0003067623332687619,0.00033589749362955557,0.00024399597923169258,0.10026882670846358
-7.55,0.00032146760854739886,0.00031611962613681266,0.00034478021219075394,0.00025114335429188284,0.10150902246583868
-7.54,0.00033002695095474266,0.0003257267744875558,0.0003538043297043325,0.0002584383859038919,0.10274950769684346
-7.53,0.0003387248832806833,0.000335587781642388,0.00036296925551970727,0.00026588198880139746,0.10399003005718949
-7.52,0.0003475609116672662,0.000345706634897025,0.00037227429595626527,0.00027347501671787233,0.10523033333927424
-7.51,0.00035653444342498286,0.00035608730266484256,0.00038171865206904076,0.0002812182601611979,0.10647015748291863
-7.5,0.00036564478479989004,0.00036673373155904354,0.00039130141744742053,0.0002891124441802839,0.1077092385878767
-7.49,0.0003748911387669862,0.00037764984342009145,0.0004010215760485991,0.00029715822612486065,0.10894730892815513
-7.4799999999999995,0.0003842726028481791,0.00038883953228396884,0.0004108780000707801,0.0003053561934010518,0.11018409696818249
-7.47,0.0003937881669640042,0.0004003066612976447,0.00042086944786967617,0.00031370686122611513,0.11141932738086623
-7.46,0.000403436711316818,0.00041205505957947475,0.00043099456192025043,0.00032221067038262774,0.11265272106757643
-7.45,0.0004132170043106287,0.0004240885190294752,0.00044125186683113826,0.00033086798497611314,0.11388399518009173
-7.4399999999999995,0.0004231277005130041,0.0004364107910865833,0.0004516397674120265,0.0003396790901971647,0.11511286314454508
-7.43,0.0004331673386605006,0.0004490255834403989,0.0004621565468009292,0.00034864419009356107,0.11633903468740436
-7.42,0.00044333433971133207,0.00046193655669418687,0.0004728003646533585,0.0003577634053503198,0.1175622158635236
-7.41,0.00045362700494894215,0.00047514732098569157,0.0004835692553992743,0.00036703677108568256,0.11878210908629623
-7.3999999999999995,0.0004640435141408661,0.0004886614325624872,0.0004944611265707555,0.00037646423466108914,0.11999841315994551
-7.39,0.00047458192375698927,0.0005024823903218012,0.0005054737572058321,0.00038604565351280096,0.12121082331398086
-7.38,0.0004852401652505889,0.000516613632308649,0.000516604796332143,0.00039578079300311986,0.12241903123985276
-7.37,0.0004960160434052119,0.0005310585321815497,0.0005278517615360245,0.0004056693242991405,0.12362272512983244
-7.359999999999999,0.00050690723475183,0.0005458203956451024,0.0005392120376192522,0.00041571082227870315,0.12482158971814517
-7.35,0.0005179112860632107,0.0005609024568536403,0.0005506828753509274,0.00042590476346865414,0.12601530632438102
-7.34,0.0005290256129266147,0.0005763078747875738,0.0005622613903176199,0.0004362505240176895,0.12720355289920957
-7.33,0.0005402474983995376,0.0005920397296067526,0.0005739445618757055,0.0004467473777086117,0.1283860040724174
-7.32,0.000551574091751883,0.000608101018983509,0.0005857292322125063,0.0004573944940119423,0.12956233120329091
-7.31,0.0005630024073028372,0.000624494654419161,0.0005976121055195627,0.00046819093618499785,0.1307322024333613
-7.3,0.0005745293233520021,0.0006412234575459141,0.0006095897472837009,0.0004791356594210927,0.13189528274152848
-7.29,0.0005861515812147777,0.0006582901564195498,0.0006216585836995581,0.0004902275090504782,0.1330512340015777
-7.28,0.0005978657843601631,0.0006756973818056733,0.0006338149012096173,0.0005014652187994018,0.1341997150420997
-7.27,0.0006096683976586359,0.0006934476634628539,0.0006460548461756921,0.0005128474091081747,0.13534038170882423
-7.26,0.0006215557467461053,0.0007115434264287623,0.0006583744246874135,0.0005243725855146875,0.13647288692937337
-7.25,0.0006335240175088797,0.0007299869873093612,0.0006707695025106597,0.0005360391371063145,0.13759688078043883
-7.24,0.000645569255691536,0.0007487805505791423,0.0006832358051837573,0.0005478453350439838,0.13871201055738386
-7.2299999999999995,0.0006576873666311323,0.0007679262048958524,0.0006957689182634508,0.0005597893311621305,0.13981792084626918
-7.22,0.0006698741151264787,0.0007874259194310396,0.0007083642877262486,0.0005718691566493628,0.14091425359829746
-7.21,0.0006821251254453542,0.0008072815402252465,0.0007210172205297516,0.000584082720814949,0.14200064820667052
-7.2,0.0006944358814753304,0.000827494786570182,0.000733722885338628,0.0005964278099421239,0.14307674158584643
-7.1899999999999995,0.0007068017270232541,0.0008480672474213691,0.000746476313419453,0.0006089020862345418,0.1441421682531858
-7.18,0.0007192178662626114,0.000869000377849316,0.0007592723997087991,0.0006215030868614857,0.14519656041296655
-7.17,0.0007316793643380448,0.0008902954955302689,0.0007721059040586842,0.0006342282231018292,0.1462395480427518
-7.16,0.0007441811481330718,0.0009119537772848685,0.0007849714526643736,0.000647074779595247,0.1472707589820815
-7.1499999999999995,0.000756718007205226,0.0009339762556671571,0.0007978635396773126,0.000660039913701671,0.1482898190234659
-7.14,0.0007692845948912286,0.0009563638156113718,0.0008107765290075175,0.0006731206549752122,0.1492963520056461
-7.13,0.0007818754295814689,0.0009791171911378571,0.0008237046563202566,0.0006863139047557643,0.15028997990908954
-7.12,0.0007944848961751183,0.0010022369621277005,0.0008366420312283518,0.0006996164358817891,0.1512703229536818
-7.109999999999999,0.0008071072477221497,0.001025723551169866,0.0008495826396857642,0.0007130248925307225,0.15223699969857252
-7.1,0.0008197366072482115,0.0010495772204833775,0.0008625203465848497,0.0007265357901877212,0.1531896271441294
-7.09,0.0008323669697773983,0.001073798068924381,0.00087544889855945,0.000740145515749524,0.15412782083595317
-7.08,0.0008449922045433711,0.0010983860290794123,0.000888361926997594,0.0007538503277657038,0.15505119497089598
-7.069999999999999,0.0008576060573989297,0.0011233408644530929,0.0009012529512669731,0.0007676463568224157,0.15595936250503098
-7.06,0.0008702021534307547,0.001148662166753689,0.0009141153821533576,0.0007815296060703081,0.15685193526350644
-7.05,0.0008827739997816497,0.0011743493532845317,0.0009269425255168939,0.000795495951903813,0.15772852405222482
-7.04,0.0008953149886848366,0.0012004016644420745,0.0009397275861652843,0.0008095411447910927,0.15858873877127316
-7.03,0.0009078184007072498,0.001226818161330967,0.0009524636719479007,0.000823660810262139,0.15943218853003382
-7.02,0.0009202774082007759,0.0012535977234983675,0.0009651437980702782,0.0008378504500550776,0.1602584817638992
-7.01,0.000932685078983142,0.001280739046794599,0.0009777608916313185,0.000852105443426121,0.1610672263525066
-7.0,0.000945034380233245,0.0013082406413627012,0.000990307796382317,0.0008664210486257207,0.16185802973941252
-6.99,0.0009573181826143529,0.0013361008297658739,0.0010027772777100319,0.0008807924045433624,0.16263049905311358
-6.98,0.0009695292646215714,0.0013643177452543065,0.0010151620278416873,0.0008952145325237804,0.1633842412293242
-6.970000000000001,0.0009816603171519667,0.001392889330179392,0.001027454671273631,0.00090968233835792,0.16411886313441365
-6.959999999999999,0.0009937039483031151,0.0014218133345577089,0.0010396477704215923,0.000924190614450815,0.16483397168990208
-6.949999999999999,0.001005652688404024,0.0014510873147919323,0.001051733831492041,0.0009387340421679324,0.16552917399791267
-6.9399999999999995,0.0010174989952808078,0.0014807086325513974,0.001063705310572427,0.0009533071943633176,0.1662040774674721
-6.93,0.0010292352597527366,0.001510674453818972,0.0010755546199396893,0.0009679045380900364,0.1668582899415481
-6.92,0.0010408538113563237,0.0015409817481059074,0.00108727413458376,0.0009825204374956376,0.1674914198247109
-6.91,0.0010523469242949002,0.0015716272878435467,0.0010988561989441759,0.0009971491569031876,0.1681030762113002
-6.9,0.0010637068236339364,0.0016026076479508933,0.0011102931338555777,0.0010117848640796567,0.1686928690139774
-6.890000000000001,0.0010749256917176875,0.0016339192055847551,0.0011215772437007665,0.0010264216336924314,0.16926040909254
-6.879999999999999,0.001085995674823037,0.001665558140077017,0.0011327008237644876,0.0010410534509541214,0.16980530838287036
-6.869999999999999,0.0010969088900377177,0.0016975204330614835,0.0011436561677866108,0.001055674215456881,0.17032718002589053
-6.859999999999999,0.0011076574323628519,0.001729801868793679,0.001154435575707935,0.0010702777451956358,0.17082563849639257
-6.85,0.0011182333820413115,0.0017623980346674895,0.0011650313616043961,0.0010848577807802129,0.17130029973160554
-6.84,0.0011286288121116206,0.0017953043219305354,0.0011754358618032423,0.0010994079898370979,0.17175078125936902
-6.83,0.001138835796182791,0.0018285159266040463,0.001185641443176677,0.0011139219715971538,0.1721767023257696
-6.82,0.0011488464164244316,0.0018620278506051302,0.0011956405116043678,0.0011283932616723003,0.17257768402210236
-6.8100000000000005,0.0011586527717615813,0.001895834903078153,0.0012054255206000453,0.0011428153370157124,0.1729533494110147
-6.800000000000001,0.0011682469862797085,0.001929931701935006,0.0012149889800934788,0.0011571816210675379,0.17330332365168888
-6.789999999999999,0.0011776212178395973,0.00196431267560665,0.001224323465360222,0.0011714854890816362,0.17362723412391934
-6.779999999999999,0.0011867676668865235,0.001998972065007709,0.0012334216260915798,0.0011857202736311745,0.17392471055093828
-6.77,0.0011956785854538299,0.0020339039257148417,0.0012422761955960815,0.001199879270292692,0.17419538512084382
-6.76,0.0012043462863496335,0.002069102130359657,0.001250880000122856,0.0012139557435030257,0.17443889260648332
-6.75,0.001212763152523555,0.002104560371238573,0.0012592259682975282,0.0012279429325879332,0.1746548704836451
-6.74,0.0012209216466091966,0.002140272163138446,0.001267307140662366,0.0012418340579564147,0.17484295904741096
-6.73,0.0012288143206340973,0.0021762308463775804,0.00127511667930863,0.0012556223274592382,0.17500280152652373
-6.720000000000001,0.0012364338258895602,0.0022124295900649016,0.0012826478775914696,0.0012693009429070035,0.17513404419562148
-6.709999999999999,0.0012437729229440864,0.0022488613955722325,0.0012898941699170385,0.0012828631067404173,0.17523633648519538
-6.699999999999999,0.001250824491796032,0.002285519100223121,0.0012968491415898398,0.0012963020288527805,0.17530933108912447
-6.6899999999999995,0.0012575815421678183,0.0023223953811959963,0.0013035065387086986,0.001309610933554306,0.17535268406964555
-6.68,0.0012640372239162145,0.0023594827596364887,0.0013098602781008162,0.0013227830666764917,0.17536605495961632
-6.67,0.0012701848375589186,0.0023967736049841926,0.0013159044572809697,0.0013358117028087757,0.17534910686193225
-6.66,0.0012760178448991688,0.002434260139506206,0.0013216333644226474,0.0013486901526619799,0.17530150654595972
-6.65,0.0012815298797411168,0.0024719344430357837,0.0013270414883315151,0.0013614117705517126,0.1752229245408505
-6.640000000000001,0.0012867147586870797,0.002509788457916995,0.0013321235284048938,0.0013739699619955137,0.17511303522560565
-6.629999999999999,0.0012915664920033487,0.002547813994148218,0.001336874404567423,0.001386358191415249,0.17497151691575985
-6.619999999999999,0.0012960792945433952,0.002586002734724091,0.0013412892671674226,0.0013985699899407567,0.17479805194656006
-6.609999999999999,0.0013002475967098248,0.002624346241170694,0.001345363506823627,0.001410598963302312,0.17459232675251632
-6.6,0.0013040660554450856,0.002662835959271803,0.0013490927642053063,0.0014224387998088561,0.1743540319432075
-6.59,0.0013075295652467123,0.0027014632249797166,0.0013524729397365043,0.0014340832784003887,0.17408286237522677
-6.58,0.0013106332691823486,0.0027402192705095474,0.0013555002032072938,0.0014455262767681387,0.17377851722015775
-6.57,0.0013133725698953325,0.0027790952306098737,0.001358171003282116,0.0014567617795332999,0.17344070002847636
-6.5600000000000005,0.00131574314058569,0.002818082149005696,0.0013604820768890469,0.001467783886476448,0.17306911878927866
-6.550000000000001,0.0013177409359509396,0.0028571709850082616,0.0013624304584793356,0.0014785868208074815,0.17266348598573983
-6.539999999999999,0.001319362203075991,0.002896352620288367,0.0013640134891404476,0.0014891649374672022,0.17222351864621513
-6.529999999999999,0.0013206034922550458,0.0029356178658054843,0.0013652288255541767,0.0014995127314539891,0.17174893839089964
-6.52,0.0013214616677303948,0.002974957468886541,0.0013660744487835053,0.0015096248461614614,0.17123947147396862
-6.51,0.001321933918330187,0.0030143621204527515,0.0013665486728769438,0.0015194960817224712,0.17069484882112781
-6.5,0.0013220177679904577,0.0030538224623821164,0.0013666501532773045,0.0015291214033472111,0.17011480606250912
-6.49,0.0013217110861553083,0.00309332909500748,0.001366377895023585,0.0015384959496465012,0.16949908356085225
-6.48,0.001321012098025598,0.003132872584740376,0.0013657312607340266,0.0015476150409315381,0.16884742643492143
-6.470000000000001,0.0013199193946485943,0.0031724434718149452,0.0013647099783577477,0.0015564741874787846,0.16815958457811414
-6.459999999999999,0.0013184319428316549,0.0032120322781462596,0.0013633141486853462,0.0015650690977523363,0.16743531267222111
-6.449999999999999,0.0013165490948624514,0.0032516295152961727,0.0013615442526068167,0.001573395686572887,0.166674370196312
-6.4399999999999995,0.0013142705980230818,0.003291225692539035,0.0013594011581070653,0.0015814500832246892,0.16587652143072068
-6.43,0.0013115966038792504,0.003330811325023997,0.0013568861269888655,0.0015892286394907362,0.165041535456118
-6.42,0.0013085276773325827,0.0033703769420221352,0.0013540008213148158,0.001596727937606346,0.1641691861476634
-6.41,0.0013050648054142577,0.0034099130952572887,0.00135074730955842,0.001603944798123147,0.16325925216423762
-6.4,0.0013012094058128532,0.0034494103673095577,0.0013471280724574042,0.001610876287673424,0.1623115169327645
-6.390000000000001,0.0012969633351180287,0.0034888593800895262,0.001343146008561058,0.0016175197266271035,0.1613257686276398
-6.379999999999999,0.0012923288967618962,0.003528250803371935,0.0013388044394654908,0.0016238726966314454,0.16030180014529155
-6.369999999999999,0.0012873088486491935,0.0035675753633869767,0.0013341071147295325,0.0016299330480257224,0.15923940907390832
-6.359999999999999,0.0012819064104602207,0.0036068238514597173,0.0013290582164677267,0.0016356989071237282,0.15813839765837168
-6.35,0.0012761252706109394,0.003645987132694928,0.0013236623636132538,0.0016411686833548433,0.1569985727604507
-6.34,0.0012699695928576338,0.003685056154698496,0.0013179246158494529,0.001646341076255886,0.15581974581431196
-6.33,0.0012634440225348653,0.00372402195633198,0.00131185047720489,0.0016512150823094207,0.15460173277741415
-6.32,0.0012565536924157295,0.0037628756764942484,0.0013054458993106977,0.0016557900016181404,0.15334435407686403
-6.3100000000000005,0.0012493042281734867,0.0038016085629252183,0.0012987172843180184,0.0016600654444102747,0.15204743455131764
-6.299999999999999,0.0012417017534477326,0.003840211981027075,0.00129167148747511,0.0016640413373715801,0.15071080338851842
-6.289999999999999,0.0012337528944915688,0.003878677422698096,0.0012843158193654447,0.0016677179297955869,0.1493342940585771
-6.279999999999999,0.0012254647843927824,0.003916996515175741,0.0012766580478051348,0.001671095799549216,0.1479177442430981
-6.27,0.0012168450668663122,0.0039551610298842466,0.0012687063994041292,0.0016741758588476596,0.14646099576027646
-6.26,0.001207901899603181,0.00399316289128443,0.0012604695607935645,0.001676959359834973,0.14496389448608824
-6.25,0.0011986439571674001,0.00403099418572106,0.0012519566795226589,0.0016794478999667684,0.1434262902717112
-6.24,0.0011890804334322436,0.00406864717026767,0.0012431773646280897,0.0016816434271912928,0.14184803685731842
-6.23,0.0011792210435533357,0.00410611428156249,0.0012341416868855148,0.0016835482449273353,0.1402289917823976
-6.220000000000001,0.0011690760254777777,0.004143388144638993,0.0012248601787454017,0.0016851650168351329,0.13856901629275448
-6.209999999999999,0.001158656140969383,0.004180461581745343,0.0012153438339632117,0.0016864967713814405,0.13686797524437017
-6.199999999999999,0.0011479726761612352,0.0042173276211538435,0.0012056041069307688,0.0016875469061944925,0.13512573700428746
-6.1899999999999995,0.00113703744162591,0.0042539795059599594,0.0011956529117193027,0.0016883191922121843,0.13334217334870824
-6.18,0.0011258627719530345,0.004290410702870728,0.0011855026208424935,0.0016888177776211988,0.13151715935849825
-6.17,0.0011144615248517842,0.004326614910982907,0.0011751660637516759,0.0016890471915878003,0.12965057331229432
-6.16,0.0011028470797676548,0.004362586070552565,0.0011646565250745256,0.0016890123477851793,0.1277422965774238
-6.15,0.001091033336013958,0.004398318371757803,0.001153987742609608,0.001688718547715018,0.1257922134988507
-6.140000000000001,0.0010790347104145392,0.004433806263455908,0.0011431739050902778,0.0016881714838284934,0.12380021128636957
-6.129999999999999,0.0010668661344674368,0.004469044461939409,0.001132229649732308,0.0016873772424512712,0.12176617990027831
-6.119999999999999,0.0010545430510376375,0.004504027959693013,0.0011211700595789575,0.0016863423065135996,0.11969001193576784
-6.109999999999999,0.001042081410587259,0.004538752034153604,0.0011100106606612425,0.0016850735580923315,0.1175716025062676
-6.1,0.0010294976669185663,0.004573212256483494,0.0010987674189876784,0.0016835782807692046,0.11541084912600577
-6.09,0.0010168087724864439,0.004607404500354739,0.0010874567373815314,0.001681864161811597,0.11320765159203766
-6.08,0.001004032173240521,0.004641324950754699,0.0010760954521817356,0.001679939294183419,0.110961911866008
-6.07,0.0009911858030318133,0.004674970112817756,0.0010647008298282912,0.0016778121783896927,0.10867353395592136
-6.0600000000000005,0.000978288077598588,0.004708336820688386,0.0010532905633480194,0.0016754917241680878,0.10634242379819811
-6.049999999999999,0.0009653578881354541,0.004741422246425542,0.0010418827687615484,0.001672987252029634,0.10396848914030202
-6.039999999999999,0.0009524145944521667,0.004774223908952657,0.0010304959814300685,0.0016703084946618763,0.10155163942423456
-6.029999999999999,0.0009394780177369721,0.004806739683063999,0.0010191491523627305,0.0016674655982025777,0.09909178567118863
-6.02,0.0009265684329424762,0.004838967808495354,0.001007861644504504,0.0016644691233932973,0.09658884036767598
-6.01,0.0009137065608186279,0.004870906899066496,0.0009966532290253127,0.0016613300466231107,0.09404271735343459
-6.0,0.0009009135596136919,0.0049025559519076944,0.0009855440816309846,0.0016580597608749081,0.0914533317114376
-5.99,0.0008882110164193935,0.004933914356778812,0.0009745547789170028,0.0016546700765833755,0.08882059966032818
-5.98,0.0008756209382385638,0.0049649819054914945,0.0009637062947872588,0.0016511732224192,0.08614443844961356
-5.970000000000001,0.0008631657427486394,0.004995758801445538,0.0009530199969567388,0.001647581846008661,0.08342476625795571
-5.959999999999999,0.0008508682487978203,0.005026245669290663,0.0009425176435622906,0.0016439090146033175,0.08066150209490439
-5.949999999999999,0.0008387516666672479,0.005056443564725566,0.0009322213798991785,0.0016401682157121678,0.07785456570642624
-5.9399999999999995,0.0008268395881128598,0.0050863539844454575,0.0009221537353076292,0.0016363733577084982,0.07500387748458177
-5.93,0.0008151559762051286,0.005115978876252092,0.0009123376202267997,0.001632538770426628,0.07210935838172476
-5.92,0.0008037251549908309,0.005145320649336094,0.000902796323440036,0.001628679205760819,0.06917092982958853
-5.91,0.0007925717990029391,0.005174382184746251,0.0008935535095279667,0.0016248098382801168,0.06618851366364031
-5.9,0.0007817209226531063,0.005203166846059093,0.0008846332165519111,0.0016209462658747786,0.06316203205308939
-5.890000000000001,0.0007711978695383315,0.005231678490260572,0.0008760598539858111,0.0016171045104467763,0.060091407436940414
-5.879999999999999,0.0007610283016670216,0.0052599214788526805,0.0008678582009132296,0.001613301018658586,0.05697656246649127
-5.869999999999999,0.000751238188637593,0.005287900689201486,0.0008600534045106745,0.0016095526627565304,0.05381741995468518
-5.859999999999999,0.0007418537968181815,0.0053156215261348505,0.0008526709788315157,0.001605876741479939,0.050613902832722296
-5.85,0.0007329016785269649,0.0053430899338083315,0.0008457368039088697,0.0016022909810723407,0.047365934114363094
-5.84,0.0007244086612638312,0.005370312407849798,0.0008392771251916065,0.0015988135364081724,0.044073436868343654
-5.83,0.0007164018370168779,0.005397296007795649,0.0008333185533271892,0.0015954629922479424,0.04073633419934197
-5.82,0.0007089085516695515,0.005424048369833123,0.0008278880643072806,0.0015922583646375,0.03735454923793872
-5.8100000000000005,0.0007019563945385165,0.005450577719861571,0.0008230129999859948,0.0015892191024614588,0.03392800514002379
-5.799999999999999,0.0006955731880720073,0.0054768928868830224,0.0008187210689822311,0.0015863650891672076,0.030456625096107547
-5.789999999999999,0.0006897869777407473,0.005503003316738253,0.000815040347976359,0.0015837166446695528,0.02694033235100747
-5.779999999999999,0.0006846260221534117,0.005528919086195905,0.0008119992834094703,0.0015812945274492618,0.023379050234377394
-5.77,0.0006801187834243327,0.0055546509174093095,0.0008096266935909147,0.001579119936856832,0.019772702202574207
-5.76,0.0006762939178137639,0.005580210192751178,0.0008079517712207829,0.001577214515631864,0.016121211892345916
-5.75,0.0006731802666822828,0.005605608970036258,0.0008070040863293326,0.0015756003526499196,0.012424503186844939
-5.74,0.0006708068477828122,0.005630859998141058,0.0008068135896367457,0.0015742999859041373,0.008682500294474699
-5.73,0.0006692028469165168,0.00565597673303142,0.0008074106163311057,0.0015733364057324284,0.004895127841087411
-5.720000000000001,0.000668397609981719,0.005680973354205698,0.0008088258902644307,0.0015727330582975263,0.0010623109760587084
-5.709999999999999,0.0006684206354415911,0.0057058647815596,0.0008110905285619863,0.0015725138493269952,-0.002816024507226481
-5.699999999999999,0.000669301567238989,0.00573066669268163,0.0008142360466373288,0.0015727031481189147,-0.006739952035930407
-5.6899999999999995,0.0006710701881788572,0.005755395540582631,0.0008182943636065865,0.0015733257918190136,-0.010709544106819293
-5.68,0.0006737564138039609,0.005780068571866137,0.0008232978080902065,0.0015744070899720297,-0.014724872119247485
-5.67,0.0006773902867882042,0.005804703845339654,0.0008292791243884601,0.001575972829351402,-0.018786006191511044
-5.66,0.0006820019718651871,0.005829320251072356,0.0008362714790153825,0.001578049279066962,-0.022893014959990285
-5.65,0.0006876217513149818,0.005853937529897879,0.0008443084675731072,0.0015806631959522366,-0.027045965360498518
-5.640000000000001,0.0006942800210247846,0.005878576293362137,0.000853424121944002,0.0015838418302289714,-0.031244922391245333
-5.629999999999999,0.0007020072871420369,0.005903258044113624,0.0008636529177775687,0.001587612931446325,-0.035489948856817125
-5.619999999999999,0.0007108341633336179,0.005928005196733088,0.0008750297822451292,0.0015920047546887361,-0.039781105092564335
-5.609999999999999,0.000720791368663598,0.005952841098996353,0.000887590102031155,0.001597046067049246,-0.04411844866879664
-5.6,0.0007319097261018204,0.005977790053561749,0.0009013697315282676,0.0016027661543562277,-0.04850203407415249
-5.59,0.0007442201616702504,0.006002877340075596,0.0009164050012005487,0.0016091948281466428,-0.052931912377533835
-5.58,0.000757753704233477,0.006028129237682034,0.0009327327260723051,0.0016163624328720538,-0.05740813086797396
-5.57,0.0007725414859379165,0.006053573047923533,0.0009503902143005449,0.0016242998533245179,-0.061930732671811255
-5.5600000000000005,0.0007886147433007196,0.006079237118017833,0.0009694152757847019,0.001633038522264929,-0.06649975634653547
-5.549999999999999,0.0008060048189444391,0.006105150864490871,0.0009898462307586509,0.001642610428235658,-0.07111523545067586
-5.539999999999999,0.0008247431639769598,0.006131344797146443,0.001011721918314834,0.0016530481235373373,-0.07577719808909193
-5.529999999999999,0.0008448613410038108,0.006157850543347887,0.0010350817047973804,0.0016643847323447036,-0.08048566643304844
-5.52,0.0008663910277670883,0.0061847008725867125,0.001059965492003434,0.0016766539589390117,-0.0852406562144288
-5.51,0.0008893640213912257,0.006211929721306575,0.001086413725123303,0.0016898900960225505,-0.09004217619347508
-5.5,0.0009138122432226226,0.006239572217952294,0.0011144674003499833,0.0017041280330900022,-0.09489022759943237
-5.49,0.000939767744238651,0.006267664708208165,0.0011441680720784553,0.001719403264817898,-0.09978480354348769
-5.48,0.0009672627110000054,0.0062962447803835975,0.0011755578596159277,0.001735751899436866,-0.10472588840340581
-5.470000000000001,0.0009963294721195837,0.006325351290907721,0.001208679453315764,0.001753210667045424,-0.10971345717927523
-5.459999999999999,0.0010270005052112063,0.006355024389883168,0.0012435761200458861,0.0017718169278219675,-0.11474747481979512
-5.449999999999999,0.0010593084442825362,0.0063853055466508435,0.001280291707893788,0.0017916086800866537,-0.11982789551854599
-5.4399999999999995,0.001093286087525458,0.006416237575310513,0.0013188706500084635,0.0018126245681639452,-0.1249546619797272
-5.43,0.0011289664054635051,0.006447864660138802,0.0013593579674734402,0.0018349038899911352,-0.13012770465283663
-5.42,0.0011663825493976598,0.0064802323808433315,0.0014017992710984029,0.0018584866044144,-0.13534694093583058
-5.41,0.0012055678600941255,0.006513387737583809,0.0014462407620128293,0.0018834133381113727,-0.14061227434631046
-5.4,0.0012465558766593388,0.006547379175689538,0.0014927292309404039,0.001909725392073125,-0.14592359366032986
-5.390000000000001,0.001289380345521618,0.006582256609996562,0.0015413120560250348,0.0019374647475780549,-0.15128077201845286
-5.379999999999999,0.0013340752294594416,0.006618071448722229,0.0015920371990750803,0.0019666740715819087,-0.15668366599873967
-5.369999999999999,0.0013806747165879263,0.0066548766167915385,0.0016449532000876177,0.001997396721446054,-0.16213211465638203
-5.359999999999999,0.0014292132292241244,0.006692726578521435,0.0017001091699063164,0.002029676748922682,-0.1676259385297827
-5.35,0.001479725432541934,0.006731677359567589,0.0017575547808649228,0.0020635589033087265,-0.1731649386129041
-5.34,0.0015322462429140926,0.0067717865680283484,0.0018173402552570384,0.0020990886336770265,-0.17874889529380764
-5.33,0.0015868108358448874,0.006813113414599448,0.0018795163514730984,0.002136312090090242,-0.18437756725936238
-5.32,0.001643454653387555,0.006855718731662908,0.0019441343476356288,0.0021752761236940588,-0.19005069036618336
-5.3100000000000005,0.0017022134109195286,0.006899664991189547,0.0020112460225602535,0.002216028285586369,-0.1957679764779495
-5.299999999999999,0.0017631231031678407,0.0069450163213296,0.002080903633865483,0.0022586168243520777,-0.20152911226934125
-5.289999999999999,0.0018262200093485115,0.0069918385215559375,0.0021531598930448204,0.0023030906821472907,-0.20733375799693618
-5.279999999999999,0.0018915406972890292,0.0070401990762247735,0.002228067937317002,0.0023494994892130916,-0.213181546237527
-5.27,0.0019591220263953657,0.007090167166402317,0.002305681298057083,0.002397893556695063,-0.2190720805944102
-5.26,0.0020290011493070415,0.0071418136798105936,0.002386053865614135,0.0024483238676389907,-0.2250049343723548
-5.25,0.002101215512097687,0.007195211218730679,0.002469239850311611,0.002500842066026354,-0.23097964922206976
-5.24,0.0021758028528635065,0.007250434105700587,0.002555293739425979,0.0025555004437139983,-0.2369957337551441
-5.23,0.002252801198513621,0.00730755838683278,0.0026442702499340776,0.0026123519251316507,-0.24305266213058002
-5.220000000000001,0.002332248859609365,0.007366661832578669,0.0027362242768190215,0.0026714500495890747,-0.24914987261420454
-5.209999999999999,0.0024141844230660126,0.00742782393575131,0.002831210836718945,0.0027328489510433096,-0.2552867661124158
-5.199999999999999,0.0024986467425336945,0.007491125906618712,0.0029292850067050846,0.00279660333516607,-0.2614627046818936
-5.1899999999999995,0.0025856749262649914,0.007556650664871489,0.003030501857972434,0.0028627684535525444,-0.26767701001711935
-5.18,0.0026753083222696428,0.007624482828261114,0.0031349163842260275,0.0029314000749074975,-0.273928961917712
-5.17,0.0027675865005619693,0.007694708697703556,0.0032425834245488616,0.00300255445304054,-0.28021779673783537
-5.16,0.0028625492323055557,0.0077674162386342505,0.003353557580537514,0.003076288291500029,-0.28654270582013225
-5.15,0.0029602364656129976,0.007842695058396187,0.0034678931274950697,0.0031526587046735166,-0.29290283391687816
-5.140000000000001,0.003060688297812808,0.007920636379442014,0.003585643919474635,0.0032317231751791686,-0.29929727760128605
-5.129999999999999,0.0031639449439605505,0.008001333008119893,0.003706863287973594,0.0033135395073703444,-0.30572508367214674
-5.119999999999999,0.003270046701371876,0.008084879298817627,0.003831603934082606,0.003398165776778206,-0.31218524755523824
-5.109999999999999,0.0033790339099514233,0.008171371113230852,0.0039599178139057,0.0034856602753110533,-0.31867671170523143
-5.1,0.0034909469080902644,0.008260905774521876,0.004091856017073292,0.003576081452035973,-0.32519836401205315
-5.09,0.003605825983919342,0.008353582016133065,0.004227468638185072,0.00366948784936294,-0.33174903621599205
-5.08,0.003723711321698575,0.008449499925018256,0.0043668046410313965,0.003765938034459848,-0.33832750233609843
-5.07,0.0038446429430896156,0.008548760879059536,0.0045099117154565604,0.003865490525723936,-0.34493247711673175
-5.0600000000000005,0.0039686606431156846,0.008651467478430985,0.004656836126747443,0.003968203714144913,-0.35156261449741144
-5.049999999999999,0.004095803920590113,0.008757723470682044,0.004807622557446489,0.0040741357793939725,-0.3582165061114274
-5.039999999999999,0.004226111902794927,0.00886763366931026,0.00496231394151514,0.004183344600484529,-0.3648926798189689
-5.029999999999999,0.004359623264198087,0.008981303865603918,0.005120951290791875,0.004295887660853925,-0.37158959828085864
-5.02,0.004496376139012437,0.009098840733534896,0.00528357351372144,0.004411821947727157,-0.37830565757924633
-5.01,0.004636408027421712,0.009220351727498521,0.005450217226357967,0.004531203845631437,-0.38503918589195696
-5.0,0.004779755695275001,0.009345944972700193,0.005620916555676481,0.004654089023943653,-0.39178844222746884
-4.99,0.004926455067082114,0.009475729148003154,0.005795702935265434,0.004780532318366282,-0.39855161522778815
-4.98,0.005076541112166377,0.009609813361063868,0.005974604893505486,0.004910587606239303,-0.40532682204677745
-4.970000000000001,0.005230047723837505,0.0097483070155987,0.006157647834384716,0.005044307675618365,-0.41211210731175674
-4.959999999999999,0.005387007591455606,0.009891319670639664,0.006344853811140527,0.005181744088061435,-0.4189054421764654
-4.949999999999999,0.005547452065283842,0.01003896089165951,0.006536241292967315,0.0053229470350911745,-0.42570472347369104
-4.9399999999999995,0.005711411014068468,0.010191340093466728,0.006731824925076513,0.005467965188320156,-0.43250777297612897
-4.93,0.00587891267528301,0.010348566374792922,0.006931615282447345,0.005616845543252036,-0.43931233677418097
-4.92,0.006049983498007339,0.010510748344525422,0.007135618617663986,0.0057696332567981345,-0.4461160847796191
-4.91,0.006224647978436804,0.010677993939562924,0.007343836603288634,0.005926371478576331,-0.4529166103641525
-4.9,0.006402928488074999,0.010850410234304053,0.007556266069284834,0.006087101176090404,-0.45971143014205074
-4.890000000000001,0.00658484509466728,0.011028103241813803,0.007772898736064626,0.006251860953922717,-0.4664979839060488
-4.879999999999999,0.006770415375965455,0.011211177706746345,0.007993720943798355,0.006420686867104508,-0.4732736347257806
-4.869999999999999,0.00695965422646827,0.011399736890142731,0.008218713378697284,0.006593612228868895,-0.48003566921797497
-4.859999999999999,0.007152573657338179,0.011593882346264184,0.008447850797041911,0.006770667413028175,-0.48678129799759984
-4.85,0.007349182589706904,0.0117937136916611,0.008681101747805064,0.0069518796512600955,-0.4935076563189927
-4.84,0.007549486641633907,0.011999328366730344,0.00891842829478845,0.007137272825628815,-0.5002118049158744
-4.83,0.00775348790903424,0.01221082139005425,0.009159785739262516,0.007326867256715497,-0.5068907310489048
-4.82,0.007961184740956695,0.012428285105872183,0.009405122344176509,0.00752067948777424,-0.5135413497691398
-4.8100000000000005,0.008172571509631799,0.012651808925082997,0.00965437906107397,0.0077187220653831545,-0.5201605054054025
-4.799999999999999,0.00838763837574874,0.012881479060234069,0.009907489260926994,0.007921003317106878,-0.5267449732831536
-4.789999999999999,0.00860637104948564,0.013117378255007917,0.010164378470167434,0.008127527126737144,-0.5332914616819387
-4.779999999999999,0.008828750547896558,0.013359585508775362,0.010424964113268986,0.008338292707735617,-0.5397966140379533
-4.77,0.009054752949296141,0.013608175796844202,0.010689155263296168,0.008553294375546583,-0.5462570113975755
-4.76,0.009284349145316007,0.01386321978708871,0.01095685240190658,0.008772521319509119,-0.5526691751270402
-4.75,0.009517504591429915,0.014124783553713272,0.011227947190343923,0.008995957375145469,-0.5590295698826059
-4.74,0.009754179056732648,0.014392928288955498,0.011502322253025943,0.00922358079765978,-0.565334606844705
-4.73,0.009994326373876872,0.014667710013603175,0.011779850975374095,0.009455364037528557,-0.5715806472186034
-4.720000000000001,0.010237894190095465,0.014949179287252645,0.01206039731757752,0.009691273519121468,-0.5777640060030871
-4.709999999999999,0.010484823720299241,0.0152373809193031,0.012343815646025769,0.009931269423334499,-0.583880956027577
-4.699999999999999,0.010735049503311944,0.015532353681732669,0.012629950584167715,0.010175305475271512,-0.5899277322569076
-4.6899999999999995,0.010988499162361443,0.01583413002476164,0.01291863688458006,0.010423328738050908,-0.5959005363617773
-4.68,0.011245093170927534,0.016142735796560004,0.013209699324037982,0.010675279413858263,-0.6017955415515496
-4.67,0.011504744625228158,0.01645818996820958,0.01350295262338358,0.010931090653406306,-0.6076088976647505
-4.66,0.011767359024566382,0.01678050436517642,0.013798201393975418,0.011190688374995927,-0.6133367365111807
-4.65,0.012032834060825226,0.01710968340658736,0.014095240112484142,0.011453991094404703,-0.6189751774581073
-4.640000000000001,0.012301059418444782,0.017445723853652395,0.014393853125762412,0.011720909766854026,-0.6245203332515014
-4.629999999999999,0.012571916586252785,0.01778861456859765,0.014693814687473328,0.0119913476423254,-0.6299683160617741
-4.619999999999999,0.012845278682550254,0.01813833628550343,0.014994889028097258,0.012265200135511134,-0.6353152437419061
-4.609999999999999,0.013121010294877333,0.018494861394464435,0.015296830459867683,0.01254235471169085,-0.6405572462843426
-4.6,0.013398967335835288,0.018858153740495875,0.015599383518090093,0.012822690789826063,-0.6456904724614443
-4.59,0.013678996916359376,0.019228168438620852,0.015902283140202922,0.013106079664157055,-0.6507110966327845
-4.58,0.013960937238041093,0.019604851706565618,0.01620525488381308,0.013392384445569117,-0.655615325701062
-4.57,0.014244617505774215,0.01998814071648025,0.01650801518480932,0.013681460023973135,-0.6603994061969417
-4.5600000000000005,0.014529857862147,0.020377963467079818,0.016810271656508058,0.013973153052910692,-0.6650596314717216
-4.549999999999999,0.014816469344950733,0.020774238677572554,0.01711172343062145,0.014267301957552991,-0.669592348975387
-4.539999999999999,0.015104253869182294,0.021176875704696174,0.017412061540662438,0.014563736967207808,-0.6739939675963474
-4.529999999999999,0.01539300423485035,0.021585774484140674,0.017710969348210537,0.014862280173393139,-0.6782609650379954
-4.52,0.015682504161797728,0.02200082549756549,0.018008123012258348,0.015162745614458628,-0.6823898952061475
-4.51,0.015972528352516613,0.02242190976635483,0.01830319200164282,0.015464939387660637,-0.686377395580518
-4.5,0.016262842584345072,0.022848898873171597,0.01859583965034345,0.015768659789503092,-0.6902201945425539
-4.49,0.016553203831935592,0.02328165501227558,0.01888572375518821,0.01607369748505616,-0.693915118631307
-4.48,0.01684336042090745,0.023720031069472902,0.019172497215267648,0.01637983570686108,-0.6974590996985296
-4.470000000000001,0.017133052213375133,0.024163870732447967,0.01945580871210667,0.016686850483901616,-0.7008491819338255
-4.459999999999999,0.017422010826135537,0.024613008632113187,0.019735303429386453,0.016994510901006454,-0.7040825287305552
-4.449999999999999,0.01770995988215962,0.02506727051547386,0.020010623810751416,0.01730257938890506,-0.7071564293631938
-4.4399999999999995,0.01799661529583807,0.025526473450372622,0.02028141035397324,0.01761081204502135,-0.7100683054470741
-4.43,0.01828168559219484,0.02599042606232982,0.020547302439486603,0.01791895898493806,-0.7128157171518371
-4.42,0.018564872259846932,0.026458928803540227,0.020807939191050284,0.018226764724315336,-0.715396369140519
-4.41,0.018845870138451182,0.026931774253928176,0.021062960366038996,0.018533968590880967,-0.7178081162069984
-4.4,0.019124367840056444,0.02740874745400007,0.021312007272618783,0.018840305165952642,-0.7200489685855175
-4.390000000000001,0.0194000482042066,0.027889626269061774,0.021554723710826285,0.019145504754782217,-0.7221170969071703
-4.379999999999999,0.01967258878598549,0.028374181784197983,0.021790756934345124,0.019449293884845564,-0.7240108367796138
-4.369999999999999,0.01994166237655348,0.02886217872923491,0.022019758629554964,0.019751395831033525,-0.7257286929678091
-4.359999999999999,0.020206937555527937,0.0293533759327384,0.022241385908237432,0.02005153116652908,-0.7272693431553037
-4.35,0.020468079274263473,0.029847526803918834,0.02245530231013554,0.020349418337990755,-0.7286316412674457
-4.34,0.02072474946879338,0.030344379841150015,0.022661178811404115,0.020644774263499144,-0.729814620339925
-4.33,0.0209766077005471,0.030843679165635407,0.022858694834845872,0.020937314951562258,-0.7308174949181967
-4.32,0.02122331182369941,0.03134516507859536,0.023047539257709526,0.021226756139323677,-0.7316396629755938
-4.3100000000000005,0.021464518678527056,0.031848574640188754,0.023227411412726495,0.021512813947969278,-0.7322807073402937
-4.299999999999999,0.0216998848077134,0.03235364226823667,0.023398022077994796,0.021795205553188257,-0.7327403966237501
-4.289999999999999,0.021929067194047802,0.0328601003546653,0.023559094451272078,0.022073649868416367,-0.7330186856456893
-4.279999999999999,0.022151724017412444,0.03336767989746475,0.0237103651042172,0.022347868238468627,-0.733115715353311
-4.27,0.02236751542913218,0.03387611114582906,0.023851584912130963,0.022617585141058716,-0.7330318122348911
-4.26,0.022576104341438863,0.03438512425603857,0.02398251995477907,0.02288252889360748,-0.7327674872305336
-4.25,0.0227771572294746,0.03489444995554852,0.02410295238394239,0.02314243236265967,-0.7323234341453536
-4.24,0.022970344942574328,0.03540382021266231,0.024212681253428847,0.023397033673158818,-0.7317005275728647
-4.23,0.023155343523452887,0.03591296890910245,0.024311523307398053,0.02364607691477344,-0.7308998203387611
-4.220000000000001,0.023331835032307957,0.036421632512736446,0.024399313722990423,0.023889312842432342,-0.72992254047764
-4.209999999999999,0.023499508372785416,0.03692955074767834,0.024475906803419323,0.02412649956819557,-0.7287700877574448
-4.199999999999999,0.02365806011702154,0.03743646725896144,0.02454117661787769,0.024357403241588527,-0.7274440297685396
-4.1899999999999995,0.02380719532722375,0.037942130268975915,0.024595017584825463,0.02458179871552596,-0.7259460975963181
-4.18,0.02394662837114836,0.03844629322287346,0.02463734499545539,0.024799470194980078,-0.7242781810980952
-4.17,0.02407608372854736,0.0389487154201652,0.024668095474398244,0.025010211865590104,-0.7224423238067144
-4.16,0.024195296785112896,0.039449162629786705,0.024687227374994625,0.02521382849945869,-0.7204407174848231
-4.15,0.024304014611902236,0.039947407685958614,0.024694721106756745,0.02541013603545983,-0.7182756963550992
-4.140000000000001,0.0244019967276205,0.040443231062246565,0.0246905793929445,0.02559896213146412,-0.7159497310328643
-4.129999999999999,0.024489015840564676,0.04093642142131454,0.02467482745649907,0.0257801466859921,-0.7134654221884732
-4.119999999999999,0.024564858567607484,0.04142677613796547,0.024647513132904475,0.0259535423269166,-0.7108254939676438
-4.109999999999999,0.024629326127921403,0.041914101793186054,0.024608706908880174,0.02611901486497109,-0.7080327871984387
-4.1,0.024682235009113596,0.042398214637033804,0.024558501886153217,0.026276443709953246,-0.7050902524140098
-4.09,0.02472341760317326,0.0428789410183561,0.02449701366989926,0.026425722247673644,-0.7020009427203732
-4.08,0.02475272280939811,0.04335611777947468,0.024424380181790606,0.026566758175855965,-0.6987680065384935
-4.07,0.024770016603166245,0.04382959261413738,0.02434076139793473,0.02669947379737253,-0.6953946802497628
-4.0600000000000005,0.024775182568019194,0.04429922438720851,0.02424633901233003,0.02682380626937725,-0.6918842807735937
-4.049999999999999,0.024768122389001168,0.04476488341474788,0.02414131602680425,0.026939707807090707,-0.6882401981053258
-4.039999999999999,0.024748756305491726,0.04522645170331341,0.024025916268736847,0.027047145841182396,-0.6844658878419664
-4.029999999999999,0.024717023522152604,0.04568382314751851,0.023900383838185768,0.027146103127899557,-0.6805648637224428
-4.02,0.024672882576468658,0.04613690368506185,0.023764982486358832,0.027236577811295792,-0.6765406902081122
-4.01,0.024616311661089574,0.04658561140865469,0.023619994927671806,0.027318583437118293,-0.6723969751281768
-4.0,0.02454730889990553,0.04702987663446451,0.023465722087925744,0.027392148918123416,-0.6681373624134807
-3.99,0.024465892577261228,0.047469641926897066,0.02330248229141413,0.027457318450800294,-0.6637655249408865
-3.9800000000000004,0.024372101318899886,0.047904862079742316,0.023130610390030226,0.027514151383691177,-0.6592851575090724
-3.9700000000000006,0.024265994223861886,0.048335504053902745,0.022950456837694533,0.027562722037704657,-0.654699969965177
-3.959999999999999,0.024147650946877652,0.04876154687212325,0.02276238671364339,0.027603119479024385,-0.6500136805002443
-3.9499999999999993,0.024017171730916664,0.049182981471334764,0.02256677869834034,0.027635447245416667,-0.6452300091299115
-3.9399999999999995,0.02387467738939142,0.04959981051340945,0.02236402400595172,0.027659823026938812,-0.6403526713752441
-3.9299999999999997,0.02372030923753471,0.05001204815531135,0.022154525277510717,0.02767637830224212,-0.6353853721570881
-3.92,0.023554228973485025,0.050419719779800976,0.021938695439039646,0.02768525793184773,-0.6303317999157411
-3.91,0.023376618508903713,0.05082286168802164,0.021716956529036546,0.02768661970995312,-0.6251956209662178
-3.9000000000000004,0.023187679749345547,0.05122152075546044,0.02148973849984448,0.027680633876498995,-0.6199804740978626
-3.8900000000000006,0.022987634324707185,0.05161575405292468,0.021257477997509433,0.02766748259138685,-0.614689965425569
-3.879999999999999,0.02277672327040059,0.052005628434324325,0.021020617124811514,0.027647359372890812,-0.6093276634984198
-3.869999999999999,0.0225552066598817,0.05239122009317998,0.0207796021921971,0.027620468502453255,-0.6038970946701582
-3.8599999999999994,0.022323363189098666,0.05277261408990652,0.020534882461375192,0.02758702439818378,-0.5984017387345291
-3.8499999999999996,0.02208148971377899,0.05314990385203022,0.020286908886347432,0.027547250959504832,-0.5928450248272743
-3.84,0.021829900740823582,0.05352319064960509,0.020036132856634525,0.027501380885499083,-0.5872303275952958
-3.83,0.0215689278745117,0.05389258304817923,0.019783004947428295,0.027449654969612047,-0.581560963632368
-3.8200000000000003,0.021298919218806223,0.054258196341751275,0.019527973681350064,0.02739232137345121,-0.5758401881796805
-3.8100000000000005,0.0210202387372857,0.05462015196821579,0.019271484306429332,0.02732963488250062,-0.5700711920884786
-3.799999999999999,0.020733265572006943,0.05497857690985797,0.019013977594823928,0.027261856146627572,-0.5642570990411292
-3.789999999999999,0.02043839332261327,0.055333603081500926,0.0187558886667038,0.027189250908316254,-0.5584009630260894
-3.7799999999999994,0.02013602928713082,0.055685366708941086,0.018497645843589927,0.027112089221591862,-0.5525057660614396
-3.7699999999999996,0.01982659366627154,0.05603400770032585,0.018239669535305425,0.027030644664631065,-0.5465744161609781
-3.76,0.019510518734272897,0.05637966901313751,0.017982371164532496,0.026945193549061774,-0.540609745536206
-3.75,0.019188247975611583,0.05672249601944107,0.017726152132800765,0.026856014128955108,-0.5346145090269879
-3.74,0.0188602351911773,0.0570626358720398,0.017471402831540916,0.026763385812500595,-0.5285913827531928
-3.7300000000000004,0.018526943575738752,0.05740023687415152,0.017218501701635136,0.026667588379324536,-0.5225429629791944
-3.7200000000000006,0.018188844768546764,0.057735447855181365,0.0169678143446787,0.026568901206375506,-0.5164717651827709
-3.709999999999999,0.017846417878891685,0.058068417555116714,0.016719692688940246,0.02646760250524821,-0.5103802233196603
-3.6999999999999993,0.017500148488980072,0.058399294020004155,0.01647447421276277,0.02636396857375073,-0.5042706892748081
-3.6899999999999995,0.01715052763724889,0.058728224010901386,0.01623248122789528,0.026258273064447113,-0.49814543249116827
-3.6799999999999997,0.016798050782966034,0.059055352428608265,0.015994020224987526,0.026150786272815807,-0.4920066397668387
-3.67,0.016443216755184675,0.05938082175639503,0.015759381283200757,0.026041774447567,-0.48585641521122647
-3.66,0.01608652668876387,0.05970477152283665,0.015528837545613072,0.025931499125553592,-0.4796967803509445
-3.6500000000000004,0.01572848294961049,0.06002733778675706,0.015302644761811035,0.02582021649358468,-0.4735296743761731
-3.6400000000000006,0.015369588051174554,0.06034865264616207,0.015081040898763387,0.025708176779325853,-0.46735695451829157
-3.629999999999999,0.01501034356509312,0.06066884377291726,0.014864245820781052,0.02559562367332613,-0.4611803965496957
-3.619999999999999,0.014651249029750624,0.060988033974787914,0.01465246103906287,0.025482793784064373,-0.4550016953968701
-3.6099999999999994,0.014292800857172605,0.061306340786318914,0.014445869531029942,0.02536991612775291,-0.4488224658579288
-3.5999999999999996,0.013935491242275833,0.06162387608988401,0.014244635629344138,0.02525721165446676,-0.4426442434160803
-3.59,0.01357980707718831,0.06194074576808123,0.014048904980206944,0.02514489281200244,-0.4364684851406506
-3.58,0.013226228872877832,0.06225704938849319,0.013858804570237748,0.025033163148687698,-0.43029657066756377
-3.5700000000000003,0.012875229690532342,0.06257287992166938,0.013674442820929944,0.024922216956185184,-0.42412980325143057
-3.5600000000000005,0.012527274086429174,0.06288832349302576,0.013495909749397406,0.024812238953144272,-0.4179694108816616
-3.549999999999999,0.012182817072396546,0.06320345916918402,0.013323277193837468,0.024703404010368135,-0.4118165474553104
-3.539999999999999,0.011842303094206141,0.06351835877911316,0.013156599101858735,0.024595876917968662,-0.4056722939996408
-3.5299999999999994,0.01150616503146723,0.06383308677025923,0.012995911879558952,0.024489812194790017,-0.3995376599376951
-3.5199999999999996,0.011174823221309693,0.06414770009968607,0.012841234798977919,0.024385353940187038,-0.3934135843904724
-3.51,0.010848684508254491,0.06446224816008028,0.012692570461309116,0.024282635728050395,-0.38730093750959493
-3.5,0.010528141323714102,0.06477677274030735,0.012549905313021859,0.02418178054278003,-0.38120052183466374
-3.49,0.010213570797312221,0.06509130802004637,0.012413210211828674,0.02408290075671682,-0.3751130736698054
-3.4800000000000004,0.009905333902450242,0.065405880597868,0.012282441039236092,0.023986098148357116,-0.36903926447420365
-3.4700000000000006,0.009603774639211249,0.06572050955196995,0.012157539356229263,0.023891463960494408,-0.3629797022617155
-3.459999999999999,0.009309219256732837,0.06603520653263273,0.01203843309848035,0.023799078997253642,-0.3569349330049528
-3.4499999999999993,0.009021975517486847,0.06634997588531555,0.01192503730732375,0.023709013758816178,-0.3509054420395084
-3.4399999999999995,0.008742332006385634,0.06666481480317965,0.011817254892614204,0.02362132861246935,-0.3448916554642579
-3.4299999999999997,0.008470557486316976,0.06697971350769433,0.011714977423480766,0.023536073998462137,-0.33889394153397673
-3.42,0.008206900302830944,0.06729465545586433,0.01161808594290803,0.023453290669002202,-0.33291261204073797
-3.41,0.007951587839934104,0.06760961757250483,0.011526451802011672,0.023373009958595037,-0.32694792368082704
-3.4000000000000004,0.007704826029043321,0.06792457050589096,0.011439937509840459,0.023295254083802175,-0.32100007940415237
-3.3900000000000006,0.007466798913112971,0.06823947890501769,0.011358397594517455,0.023220036470381344,-0.3150692297433584
-3.379999999999999,0.007237668267610853,0.06855430171662513,0.011281679471544237,0.02314736210567353,-0.3091554741200764
-3.369999999999999,0.007017573280144185,0.0688689925000785,0.011209624315118738,0.02307722791400857,-0.30325886212596587
-3.3599999999999994,0.006806630290174087,0.06918349975813065,0.011142067928373023,0.02300962315283328,-0.2973793947763825
-3.3499999999999996,0.006604932590324353,0.06949776728155416,0.011078841608508139,0.02294452982719869,-0.29151702573473764
-3.34,0.006412550290454511,0.06981173450559386,0.011019773002906297,0.022881923120196768,-0.2856716625057623
-3.33,0.006229530245607684,0.07012533687617184,0.010964686952411429,0.02282177183690759,-0.2798431675960823
-3.3200000000000003,0.006055896048749454,0.07043850622376507,0.010913406318115326,0.022764038859392377,-0.27403135964066627
-3.3100000000000005,0.005891648089033863,0.07075117114288287,0.01086575278813734,0.022708681610267456,-0.2682360144938662
-3.299999999999999,0.0057367636761701535,0.07106325737508412,0.010821547661069686,0.02265565252240287,-0.26245686628390585
-3.289999999999999,0.005591197231230138,0.07137468819350351,0.010780612602947104,0.022604899512310372,-0.2566936084298211
-3.2799999999999994,0.005454880544110807,0.07168538478689235,0.01074277037481508,0.022556366454825838,-0.2509458946199539
-3.2699999999999996,0.00532772309756796,0.07199526664123457,0.010707845528191429,0.02250999365673889,-0.24521333975125684
-3.26,0.005209612457603652,0.07230425191705203,0.010675665065955187,0.02246571832708799,-0.23949552082873343
-3.25,0.005100414729801217,0.072612257820594,0.010646059066444058,0.02242347504191411,-0.23379197782446393
-3.24,0.0049999750809805454,0.07291920096717791,0.010618861268799962,0.022383196201356093,-0.22810221449574578
-3.2300000000000004,0.004908118325131827,0.07322499773504576,0.010593909617869102,0.022344812477065712,-0.22242569916196558
-3.2200000000000006,0.004824649572758077,0.07352956460819371,0.010571046767232473,0.022308253248034704,-0.21676186543989356
-3.209999999999999,0.004749354942098605,0.07383281850674284,0.010550120539218832,0.02227344702304146,-0.21111011293715914
-3.1999999999999993,0.004682002330895441,0.07413467710352883,0.010530984341033334,0.0222403218480543,-0.20546980790373656
-3.1899999999999995,0.004622342246946354,0.07443505912570958,0.010513497536407013,0.022208805697062017,-0.19984028384130448
-3.1799999999999997,0.004570108695231556,0.07473388464031255,0.010497525772453775,0.0221788268449456,-0.19422084207042506
-3.17,0.004525020119752032,0.07503107532277309,0.010482941261691858,0.02215031422115188,-0.18861075225550303
-3.16,0.004486780397571055,0.07532655470764271,0.010469623019454699,0.02212319774308036,-0.18300925288753778
-3.1500000000000004,0.004455079882305257,0.07562024842078574,0.010457457057175601,0.022097408628249937,-0.17741555172471438
-3.1400000000000006,0.004429596494575583,0.07591208439251285,0.010446336532283718,0.02207287968447197,-0.1718288261909062
-3.129999999999999,0.004409996856352683,0.07620199305123543,0.010436161855686632,0.022049545577410345,-0.1662482237321843
-3.119999999999999,0.004395937465640265,0.07648990749736312,0.010426840758049005,0.02202734307506954,-0.1606728621314607
-3.1099999999999994,0.004387065908756926,0.07677576365729477,0.010418288316284052,0.022006211268910725,-0.15510182978138143
-3.0999999999999996,0.00438302210628827,0.07705950041748694,0.010410426941885265,0.021986091771446892,-0.1495341859156403
-3.09,0.004383439589086546,0.07734105973870986,0.010403186332903602,0.021966928890321147,-0.1439689607988536
-3.08,0.004387946800744724,0.07762038675072491,0.010396503391546075,0.02194866977902349,-0.1384051558751667
-3.0700000000000003,0.004396168422256597,0.07789742982773262,0.010390322109524674,0.021931264564536368,-0.1328417438757602
-3.0600000000000005,0.004407726714951599,0.0781721406450579,0.01038459342341369,0.02191466645234208,-0.12727766888542447
-3.049999999999999,0.004422242877620275,0.07844447421764067,0.010379275042389446,0.021898831809349706,-0.12171184636837235
-3.039999999999999,0.004439338413342431,0.0787143889210008,0.010374331250821489,0.021883720225425285,-0.1161431631534622
-3.0299999999999994,0.004458636501897206,0.07898184649543888,0.010369732688257971,0.021869294554316576,-0.1105704773789804
-3.0199999999999996,0.004479763373220869,0.07924681203431894,0.010365456109406812,0.021855520934873307,-0.10499261839716012
-3.01,0.004502349677403483,0.07950925395735009,0.0103614841267482,0.02184236879355661,-0.09940838663857392
-3.0,0.004526031846958767,0.07976914396985968,0.010357804938435133,0.0218298108293154,-0.09381655343654877
-2.99,0.004550453446672154,0.0800264570091005,0.01035441204413512,0.021817822981985535,-0.08821586081174047
-2.9800000000000004,0.004575266506707865,0.08028117117868949,0.01035130395145284,0.021806384385429367,-0.0826050212169936
-2.969999999999999,0.0046001328344693615,0.08053326767231378,0.010348483875533276,0.021795477306689237,-0.0769827172426069
-2.959999999999999,0.004624725300740207,0.08078273068787217,0.010345959434396479,0.021785087072473175,-0.07134760128212042
-2.9499999999999993,0.004648729095935666,0.08102954733324269,0.010343742342489026,0.021775201984321035,-0.06569829515871418
-2.9399999999999995,0.004671842952067962,0.08127370752488072,0.010341848104854057,0.021765813223826036,-0.0600333897123343
-2.9299999999999997,0.004693780326365804,0.08151520388045908,0.010340295714231007,0.021756914749298806,-0.05435144434762337
-2.92,0.00471427054247886,0.08175403160675576,0.010339107353287358,0.021748503185262114,-0.048650986542746674
-2.91,0.0047330598853301264,0.08199018838399019,0.010338308104072547,0.02174057770616139,-0.042930511319197985
-2.9000000000000004,0.004749912645971077,0.08222367424778443,0.010337925666656256,0.02173313991565845,-0.037188480672666786
-2.8900000000000006,0.004764612112792277,0.08245449146990724,0.010337990088782834,0.021726193722854892,-0.03142332296505239
-2.879999999999999,0.00477696150574225,0.08268264443892392,0.010338533508233494,0.02171974521675668,-0.025633432277711917
-2.869999999999999,0.004786784850350445,0.08290813954184029,0.01033958990944589,0.0217138025402569,-0.019817167726045592
-2.8599999999999994,0.004793927788579566,0.08313098504778571,0.010341194895790995,0.02170837576486545,-0.013972852735510714
-2.8499999999999996,0.004798258323808258,0.08335119099473454,0.010343385478763345,0.021703476767364505,-0.008098774279208453
-2.84,0.004799667497430105,0.0835687690802141,0.010346199885185703,0.021699119109511777,-0.0021931820771699155
-2.83,0.004798069994828569,0.08378373255689292,0.010349677383384548,0.021695317921853197,0.003745712242484218
-2.8200000000000003,0.004793404678746782,0.08399609613388714,0.010353858129146187,0.021692089792642366,0.009719736020313967
-2.8100000000000005,0.004785635048368708,0.08420587588456402,0.010358783032117902,0.021689452662796593,0.01573075648002469
-2.799999999999999,0.004774749622700858,0.08441308916156054,0.01036449364318015,0.021687425727749177,0.021780681680349155
-2.789999999999999,0.00476076224712596,0.08461775451967452,0.010371032063187346,0.021686029346988434,0.027871461504009203
-2.7799999999999994,0.004743712322308191,0.08481989164722514,0.010378440873340167,0.02168528496199934,0.03400508868338358
-2.7699999999999996,0.004723664954879747,0.08501952130641927,0.010386763087340434,0.021685215023255988,0.0401835998624
-2.76,0.004700711029754556,0.08521666528319838,0.010396042125364047,0.02168584292683895,0.04640907669412831
-2.75,0.004674967204110647,0.08541134634698522,0.010406321809786623,0.021687192961183432,0.05268364697343779
-2.74,0.004646575823430532,0.08560358822069292,0.010417646382503976,0.021689290264396144,0.05900948580398548
-2.7300000000000004,0.004615704760317474,0.0857934155613046,0.010430060543606401,0.021692160792516235,0.06538881679868533
-2.719999999999999,0.004582547177022667,0.08598085395128169,0.01044360951109291,0.021695831299026747,0.07182391331267679
-2.709999999999999,0.0045473212130369145,0.08616592990101363,0.010458339101250325,0.021700329325875567,0.07831709970765523
-2.6999999999999993,0.004510269599312111,0.08634867086247566,0.010474295829269675,0.02170568320619959,0.0848707526462857
-2.6899999999999995,0.004471659200948164,0.0865291052542243,0.010491527029632686,0.021711922078901935,0.09148730241519698
-2.6799999999999997,0.004431780490622317,0.08670726249782335,0.010510080995773219,0.021719075915186514,0.09816923427488408
-2.67,0.004390946954920927,0.0868831730657652,0.010530007138494057,0.021727175557110012,0.10491908983459862
-2.66,0.004349494436478252,0.08705686854092198,0.010551356162617154,0.02173625276818103,0.11173946845005606
-2.6500000000000004,0.004307780414794571,0.08722838168754599,0.010574180261345323,0.02174634029600203,0.11863302864150879
-2.6400000000000006,0.004266183228796794,0.08739774653381627,0.01059853332782007,0.021757471946927176,0.1256024895294221
-2.629999999999999,0.004225101244653806,0.08756499846592114,0.010624471183388884,0.021769682672691693,0.13265063228464644
-2.619999999999999,0.004184951972302509,0.08773017433365965,0.010652051822118924,0.021783008668950443,0.1397803015895947
-2.6099999999999994,0.004146171134442156,0.08789331256753963,0.010681335671134717,0.021797487485661182,0.14699440710653947
-2.5999999999999996,0.004109211692114867,0.08805445330735806,0.010712385866404495,0.021813158149241063,0.1542959249486442
-2.59,0.0040745428307444875,0.08821363854225328,0.010745268543648767,0.021830061296429393,0.16168789914888415
-2.58,0.004042648911099567,0.08837091226223448,0.010780053144109791,0.02184823931979918,0.16917344312143076
-2.5700000000000003,0.004014028389353497,0.08852632062120458,0.010816812734981363,0.021867736524870618,0.17675574110948164
-2.5600000000000005,0.0039891927107443825,0.08867991211152171,0.010855624344370485,0.02188859929879855,0.18443804961285015
-2.549999999999999,0.003968665181525777,0.08883173775016023,0.01089656931073707,0.021910876290628045,0.19222369878790985
-2.539999999999999,0.003952979823593328,0.08898185127656721,0.010939733646835703,0.021934618603140443,0.20011609381168607
-2.5299999999999994,0.003942680216739658,0.08913030936233796,0.010985208418263948,0.021959879996339082,0.20811871620105457
-2.5199999999999996,0.003938318332934121,0.08927717183286932,0.011033090136804091,0.021986717102661202,0.21623512507701748
-2.51,0.003940453367479946,0.08942250190118939,0.01108348116882879,0.022015189654039147,0.22446895836305195
-2.5,0.003949650571804575,0.08956636641419635,0.011136490159124768,0.022045360720971963,0.23282393390538175
-2.49,0.0039664800923376875,0.08970883611158847,0.011192232470569996,0.022077296963813775,0.24130385050182404
-2.4800000000000004,0.003991515820437941,0.08984998589780169,0.011250830640184006,0.02211106889652731,0.2499125888245437
-2.469999999999999,0.004025334257529045,0.08998989512732525,0.011312414852143904,0.022146751163199807,0.25865411222062584
-2.459999999999999,0.004068513400192875,0.09012864790380226,0.011377123428438385,0.02218442282766242,0.267532467372822
-2.4499999999999993,0.004121631649578572,0.0902663333933732,0.011445103337898,0.02222416767660379,0.27655178480118375
-2.4399999999999995,0.0041852667492146,0.09040304615276629,0.011516510724403961,0.022266074536615776,0.28571627918443876
-2.4299999999999997,0.004259994755735075,0.0905388864726796,0.011591511455137427,0.022310237605655148,0.2950302494780676
-2.42,0.004346389046067767,0.09067396073704581,0.01167028168977452,0.022356756799454314,0.30449807880390184
-2.41,0.00444501936524333,0.09080838179881434,0.011753008471574011,0.022405738113452367,0.31412423408381235
-2.4000000000000004,0.00455645091846002,0.09094226937292194,0.011839890341331538,0.022457294000866768,0.32391326538761656
-2.3900000000000006,0.004681243510680555,0.09107575044716143,0.011931137975185357,0.022511543767556097,0.3338698049627233
-2.379999999999999,0.004819950737456835,0.09120895971169041,0.012026974847264005,0.02256861398436688,0.3439985659102269
-2.369999999999999,0.004973119229630951,0.09134204000795004,0.012127637918141643,0.022628638917679023,0.3543043404691561
-2.3599999999999994,0.0051412879550077895,0.09147514279778618,0.012233378350039847,0.02269176097889397,0.3647919978674112
-2.3499999999999996,0.0053249875797102275,0.09160842865358343,0.012344462249650467,0.022758131193623077,0.3754664816944496
-2.34,0.005524739891296759,0.09174206777022742,0.012461171439378194,0.022827909691339576,0.3863328067472122
-2.33,0.005741057286177242,0.09187624049971482,0.012583804257694342,0.022901266216264315,0.39739605529687944
-2.3200000000000003,0.0059744423229084465,0.09201113790921778,0.012712676389156075,0.0229783806602325,0.4086613727199974
-2.3100000000000005,0.006225387343019306,0.09214696236338837,0.012848121724477912,0.02305944361827389,0.420133962433189
-2.299999999999999,0.006494374160813998,0.0922839281316547,0.012990493250835233,0.02314465696759449,0.431819080066149
-2.289999999999999,0.0067818738230160935,0.09242226202121073,0.01314016397233364,0.023234234470595305,0.4437220268028591
-2.2799999999999994,0.007088346438960169,0.09256220403633425,0.013297527860287262,0.02332840240249101,0.45584814181603633
-2.2699999999999996,0.007414241081955875,0.09270400806458473,0.013463000832605043,0.023427400203997917,0.4682027937146106
-2.26,0.007759995761426941,0.09284794259032325,0.013637021761189472,0.023531481159444978,0.48079137091876084
-2.25,0.008126037466065217,0.09299429143587035,0.013820053505791297,0.023640913100518524,0.4936192708715158
-2.24,0.008512782276832054,0.09314335453045497,0.014012583972239145,0.023755979135683558,0.5066918879903354
-2.2300000000000004,0.008920635549069189,0.09329544870692968,0.014215127192363841,0.023876978405121208,0.5200146002564061
-2.219999999999999,0.009349992162108745,0.09345090852599758,0.014428224422257385,0.024004226860781075,0.5335927543336829
-2.209999999999999,0.009801236834592109,0.09361008712744834,0.014652445254735358,0.024138058070875268,0.5474316491040274
-2.1999999999999993,0.010274744503057265,0.09377335710760037,0.01488838874101217,0.024278824047817615,0.5615365174992873
-2.1899999999999995,0.010770880761053314,0.093941111421806,0.015136684515629828,0.024426896098240725,0.5759125065057384
-2.1799999999999997,0.011290002355369977,0.0941137643104848,0.015397993917598718,0.02458266569330836,0.5905646552113604
-2.17,0.011832457735615198,0.09429175224670944,0.015673011099519962,0.024746545357057226,0.6054978707617877
-2.16,0.012398587652576065,0.09447553490286642,0.015962464115126085,0.0249189695699642,0.6207169020867906
-2.1500000000000004,0.012988725800381795,0.09466559613334546,0.016267115974223312,0.025100395684325483,0.6362263112559181
-2.1400000000000006,0.013603199496682039,0.09486244496958152,0.016587765652417374,0.025291304847354035,0.652030442319657
-2.129999999999999,0.014242330394307112,0.09506661662306781,0.01692524904125714,0.025492202927138996,0.6681333874913884
-2.119999999999999,0.014906435217527658,0.09527867349116848,0.01728043982253702,0.025703621435771207,0.6845389505257571
-2.1099999999999994,0.015595826514462785,0.09549920615969654,0.017654250248439862,0.0259261184430018,0.7012506071512215
-2.0999999999999996,0.01631081341716034,0.09572883439526303,0.018047631807002973,0.026160279472777492,0.7182714624185921
-2.09,0.017051702399294932,0.09596820811935713,0.018461575750023385,0.02640671837387193,0.7356042048340132
-2.08,0.01781879802062436,0.09621800835497463,0.018897113458020087,0.02666607815460781,0.7532510571541245
-2.0700000000000003,0.018612403646981024,0.09647894813537017,0.019355316614220297,0.026939031770334354,0.7712137237337482
-2.0600000000000005,0.019432822132026573,0.09675177336317009,0.019837297156777844,0.027226282850894734,0.7894933343326915
-2.049999999999999,0.02028035644742182,0.09703726360664616,0.020344206975563273,0.027528566353781148,0.8080903843087311
-2.039999999999999,0.021155310245880132,0.09733623281841741,0.020877237316931085,0.027846649127037437,0.8270046711489794
-2.0299999999999994,0.022057988340196344,0.09764952996022108,0.021437617856890245,0.028181330364240698,0.8462352273223371
-2.0199999999999996,0.022988697081525844,0.09797803951568679,0.0220266154001445,0.02853344193207441,0.8657802494718814
-2.01,0.023947744616745537,0.09832268187126925,0.02264553215956605,0.028903848549115763,0.8856370240088122
-2.0,0.024935441004982906,0.0986844135436542,0.02329570356790256,0.029293447792509864,0.9058018492191304
-1.9900000000000002,0.025952098171916516,0.09906422723007635,0.023978495570962655,0.0297031699072256,0.9262699540513606
-1.9800000000000004,0.026998029678142965,0.09946315165609876,0.02469530134928022,0.030133977390593425,0.9470354138187457
-1.9699999999999989,0.028073550277995518,0.0998822511935279,0.025447537413429533,0.030586864322864893,0.9680910631228653
-1.959999999999999,0.02917897524410573,0.10032262521932106,0.02623663901687684,0.031062855412635426,0.9894284063878573
-1.9499999999999993,0.030314619430220957,0.10078540718461576,0.027064054829643247,0.03156300472419177,1.0110375264856901
-1.9399999999999995,0.03148079604654819,0.10127176336143995,0.027931240816285507,0.032088394052237124,1.032906992032913
-1.9299999999999997,0.0326778151199002,0.10178289123329509,0.02883965326293131,0.0326401309080771,1.055023764048286
-1.92,0.033905981610202696,0.10232001749470881,0.029790740900523305,0.03321934608029148,1.0773731027777316
-1.9100000000000001,0.03516559315698459,0.10288439562412155,0.03078593607522706,0.03382719073225282,1.0999384756176607
-1.9000000000000004,0.03645693742872064,0.10347730299415875,0.03182664492232512,0.03446483299867942,1.1227014671986397
-1.8900000000000006,0.03778028904821473,0.10410003748356939,0.0329142365070777,0.035133454043825174,1.1456416928270399
-1.879999999999999,0.039135906071087634,0.10475391355595165,0.03405003090514502,0.0358342435450103,1.168736716620685
-1.8699999999999992,0.04052402599526894,0.1054402577719642,0.03523528620645339,0.03656839456711736,1.1919619758129927
-1.8599999999999994,0.04194486128198821,0.1061604037041276,0.036471184439975546,0.03733709779651151,1.2152907128357047
-1.8499999999999996,0.04339859437454624,0.10691568622666603,0.03775881643294504,0.03814153510671564,1.2386939169189608
-1.8399999999999999,0.04488537220531191,0.10770743515723047,0.0390991656365946,0.038982872433198645,1.2621402770654002
-1.83,0.04640530018538108,0.10853696823287423,0.04049309097164677,0.03986225194090681,1.2855961483567555
-1.8200000000000003,0.0479584356809698,0.10940558340940698,0.041941308770428065,0.04078078347579006,1.3090255336319847
-1.8100000000000005,0.04954478098734427,0.1103145504812974,0.04344437391851086,0.041739535300603425,1.3323900826292614
-1.799999999999999,0.05116427581908656,0.11126510202867962,0.045002660326962984,0.04273952412575521,1.3556491107039799
-1.7899999999999991,0.05281678934657985,0.11225842370875033,0.04661634089626254,0.043781704457930615,1.3787596392147863
-1.7799999999999994,0.05450211182072928,0.11329564392090946,0.048285367164235704,0.04486695730261442,1.401676459603251
-1.7699999999999996,0.05621994583686857,0.11437782288831155,0.050009448862398,0.04599607827139468,1.4243522230736414
-1.7599999999999998,0.05796989730359231,0.11550594121298052,0.05178803363706014,0.047169765160910315,1.446737557602172
-1.75,0.059751466195414604,0.11668088797707299,0.05362028722263895,0.048388605087320735,1.4687812137648886
-1.7400000000000002,0.061564037180862674,0.11790344847907608,0.05550507438375868,0.049653061277959765,1.4904302405667886
-1.7300000000000004,0.0634068702310363,0.11917429171035743,0.05744094096883129,0.050963459640055386,1.5116301920798891
-1.7199999999999989,0.06527909132803633,0.12049395769421306,0.059426097439661596,0.05231997524465626,1.5323253652549238
-1.709999999999999,0.06717968340445629,0.12186284482595766,0.06145840425797072,0.05372261888173302,1.5524590687626802
-1.6999999999999993,0.06910747765598169,0.12328119736819365,0.06353535951932632,0.055171223859288354,1.5719739221520597
-1.6899999999999995,0.07106114537980596,0.12474909326964634,0.06565408922658955,0.056665433234634854,1.5908121839906195
-1.6799999999999997,0.0730391904992097,0.12626643248833724,0.06781134058754623,0.05820468767917303,1.6089161069914146
-1.67,0.07503994293928545,0.12783292600977192,0.07000347870396206,0.0597882141883877,1.6262283174412853
-1.6600000000000001,0.07706155302105633,0.12944808575770939,0.07222648699119477,0.06141501585575132,1.6426922155479469
-1.6500000000000004,0.07910198704070698,0.13111121559838634,0.07447597162835434,0.0630838629321896,1.6582523926361719
-1.6400000000000006,0.08115902419465665,0.13282140363832357,0.07674717028880146,0.06479328539120016,1.6728550604689851
-1.629999999999999,0.08323025500221803,0.134577516010625,0.07903496533992549,0.06654156721315468,1.6864484873715817
-1.6199999999999992,0.08531308136549431,0.13637819233468662,0.0813339016304922,0.0683267425904765,1.6989834353174686
-1.6099999999999994,0.08740471838715719,0.13822184301932133,0.08363820890470686,0.07014659423805908,1.710413591721547
-1.5999999999999996,0.08950219804564247,0.14010664855941624,0.08594182879624018,0.07199865397050587,1.7206959893950902
-1.5899999999999999,0.09160237480235794,0.14203056095158967,0.08823844626497745,0.07388020567970122,1.7297914079719334
-1.58,0.0937019331869261,0.1439913073251875,0.09052152524666762,0.07578829081326283,1.7376647501284548
-1.5700000000000003,0.09579739737473386,0.14598639585191597,0.09278434819373177,0.07771971641717229,1.7442853861021022
-1.5600000000000005,0.09788514273345006,0.14801312396111965,0.09502005909713146,0.07967106576510763,1.7496274603685134
-1.549999999999999,0.0999614092877773,0.1500685888490455,0.09722170949733455,0.08163871155367247,1.7536701548632743
-1.5399999999999991,0.1020223170118556,0.15214970023035868,0.09938230691984501,0.08361883159792743,1.7563979038220598
-1.5299999999999994,0.10406388282296086,0.15425319523979564,0.101494865110065,0.0856074269165788,1.7578005561466294
-1.5199999999999996,0.10608203911923714,0.15637565535224052,0.10355245539560043,0.08760034205213668,1.7578734821618232
-1.5099999999999998,0.10807265367518776,0.15851352515190287,0.10554825847321897,0.08959328742957956,1.756617622683071
-1.5,0.11003155068170928,0.1606631327466969,0.1074756159036323,0.09158186351877401,1.7540394794331111
-1.4900000000000002,0.11195453269236277,0.16282071159342298,0.1093280806005949,0.09356158653222385,1.7501510469959685
-1.4800000000000004,0.11383740321873104,0.1649824234738228,0.11109946562131595,0.09552791536163202,1.744969687639707
-1.4699999999999989,0.11567598972002996,0.16714438234169054,0.11278389060204091,0.09747627943503245,1.7385179514411975
-1.459999999999999,0.11746616670901527,0.16930267874755278,0.1143758252344646,0.0994021071614446,1.7308233451722606
-1.4499999999999993,0.11920387870453092,0.17145340454021618,0.11587012924343071,0.10130085462245292,1.721918054326543
-1.4399999999999995,0.12088516276810884,0.17359267754382118,0.11726208840179347,0.10316803416985904,1.71183862345471
-1.4299999999999997,0.12250617037475747,0.17571666591479268,0.11854744620169816,0.10499924259543558,1.7006256006118643
-1.42,0.12406318838171809,0.17782161189484075,0.11972243089005608,0.10679018855238931,1.6883231521920758
-1.4100000000000001,0.12555265887193606,0.17990385469341996,0.12078377766676279,0.10853671892782008,1.6749786547236372
-1.4000000000000004,0.12697119769597937,0.18195985225508204,0.12172874593449823,0.1102348438904226,1.6606422703249963
-1.3900000000000006,0.12831561154438503,0.1839862016931308,0.12255513157616205,0.11188076036701111,1.6453665124813537
-1.379999999999999,0.12958291341538564,0.1859796582000114,0.1232612743178978,0.11347087373415066,1.6292058086073844
-1.3699999999999992,0.1307703363785629,0.18793715227599045,0.12384606031034806,0.11500181754617572,1.6122160655287963
-1.3599999999999994,0.13187534556541441,0.18985580514998718,0.12430892012679012,0.11647047115716525,1.5944542435643407
-1.3499999999999996,0.1328956483410414,0.1917329422989707,0.12464982243309458,0.11787397513097342,1.5759779443430653
-1.3399999999999999,0.1338292026422715,0.193566105004351,0.12486926363042994,0.11920974436931225,1.5568450168723431
-1.33,0.13467422350444663,0.19535305991448848,0.12496825380711168,0.12047547892228389,1.5371131857047144
-1.3200000000000003,0.13542918780729962,0.19709180661122816,0.12494829936115354,0.1216691724780099,1.5168397043586634
-1.3100000000000005,0.13609283729986477,0.19878058320471453,0.1248113826704163,0.12278911855752139,1.4960810364515595
-1.299999999999999,0.13666417998635438,0.20041787000428857,0.12455993919352842,0.12383391446745512,1.474892566321305
-1.2899999999999991,0.137142489965351,0.2020023913337627,0.12419683238292695,0.1248024630860699,1.4533283402630721
-1.2799999999999994,0.1375273058180132,0.20353311557667564,0.1237253267825193,0.1256939725775169,1.4314408389021887
-1.2699999999999996,0.1378184276707431,0.2050092535512263,0.1231490596677623,0.12650795414513277,1.409280780674299
-1.2599999999999998,0.1380159130461472,0.20643025532554965,0.1224720115665644,0.12724421794688634,1.3868969558961168
-1.25,0.1381200716217988,0.20779580559197364,0.12169847597649763,0.1279028673051381,1.3643360904892035
-1.2400000000000002,0.13813145902343477,0.20910581772410325,0.1208330285684458,0.12848429134884354,1.3416427380666778
-1.2300000000000004,0.13805086977483505,0.2103604266432711,0.11988049614000557,0.12898915622951213,1.3188591988081495
-1.2199999999999989,0.13787932951332832,0.21155998062137732,0.11884592555458867,0.1294183950529778,1.296025463329011
-1.209999999999999,0.13761808659068397,0.21270503214571174,0.11773455287500306,0.1297731966676709,1.2731791795925902
-1.1999999999999993,0.13726860316336464,0.2137963279683287,0.11655177287395524,0.13005499344697397,1.2503556408123557
-1.1899999999999995,0.13683254586611115,0.21483479845824427,0.11530310907891217,0.13026544819873648,1.227587792240864
-1.1799999999999997,0.1363117761624884,0.2158215463694232,0.11399418448548282,0.13040644032943605,1.2049062547356095
-1.17,0.13570834045474178,0.21675783513150992,0.11263069305218432,0.13048005138412438,1.1823393630234782
-1.1600000000000001,0.13502446001870905,0.21764507676377032,0.11121837207032031,0.1304885500764456,1.1599132166483328
-1.1500000000000004,0.13426252083492995,0.218484819505963,0.10976297548579206,0.13043437691591803,1.137651741674378
-1.1400000000000006,0.13342506336884774,0.21927873525304892,0.1082702482349901,0.13032012853251818,1.115576761325606
-1.129999999999999,0.132514772345182,0.22002860687391912,0.10674590164440884,0.1301485417915879,1.0937080738634892
-1.1199999999999992,0.1315344665592879,0.2207363154878031,0.1051955899331824,0.12992247778531868,1.0720635361365676
-1.1099999999999994,0.13048708875738024,0.22140382776581646,0.10362488784919732,0.12964490578067428,1.0506591513723522
-1.0999999999999996,0.1293756956073301,0.22203318331927313,0.1020392694626262,0.12931888719765328,1.0295091599208908
-1.0899999999999999,0.12820344778582227,0.22262648223098713,0.10044408813543854,0.12894755968632537,1.0086261317969467
-1.08,0.126973600192736,0.22318587278082996,0.09884455768148742,0.1285341213661123,0.9880210600021461
-1.0700000000000003,0.12568949230308762,0.22371353941231675,0.09724573472890813,0.12808181528632906,0.9677034537374282
-1.0600000000000005,0.12435453866389651,0.22421169098293792,0.09565250229461997,0.12759391416305416,0.9476814307383842
-1.049999999999999,0.12297221953698168,0.224682549337332,0.0940695545794612,0.12707370544388852,0.927961808080566
-1.0399999999999991,0.12154607168811193,0.22512833823916512,0.09250138299174082,0.1265244767491011,0.9085501909078874
-1.0299999999999994,0.1200796793206958,0.22555127269470265,0.09095226340657142,0.12594950173494696,0.8894510586343886
-1.0199999999999996,0.11857666514950932,0.22595354869849932,0.08942624466808485,0.1253520264225509,0.8706678482580132
-1.0099999999999998,0.1170406816098557,0.2263373334293236,0.08792713834139926,0.12473525603360941,0.852203034504299
-1.0,0.11547540219535396,0.22670475592234407,0.0864585097208449,0.12410234237219941,0.8340582065886989
-0.9900000000000002,0.11388451292040658,0.22705789824167244,0.0850236701003832,0.12345637179015084,0.8162341414486761
-0.9800000000000004,0.11227170389968233,0.22739878717553552,0.08362567031125023,0.12280035377166393,0.7987308733513309
-0.9699999999999989,0.11064066103997183,0.22772938647459962,0.08226729553056261,0.1221372101710741,0.7815477598296081
-0.9599999999999991,0.10899505784042912,0.22805158965222666,0.080951061362872,0.12146976513584151,0.7646835439406505
-0.9499999999999993,0.10733854729521053,0.22836721336369648,0.07967921119440613,0.12080073574490396,0.7481364128741078
-0.9399999999999995,0.10567475389974879,0.22867799137961464,0.07845371481695812,0.12013272339044556,0.731904052966952
-0.9299999999999997,0.10400726575650476,0.22898556916683216,0.077276268315081,0.11946820592886165,0.7159837012048291
-0.9199999999999999,0.10233962678205694,0.22929149908819701,0.07614829520640376,0.11880953062420369,0.7003721933090584
-0.9100000000000001,0.10067532901792375,0.22959723623032136,0.07507094882053139,0.11815890790464845,0.6850660085233822
-0.9000000000000004,0.09901780504685331,0.2299041348662645,0.07404511589716445,0.11751840594953378,0.6700613112260436
-0.8900000000000006,0.09737042052449152,0.23021344555760148,0.0730714213787958,0.11688994612123077,0.6553539895011516
-0.879999999999999,0.09573646682901887,0.2305263128977526,0.07215023436769086,0.11627529925257857,0.6409396908090151
-0.8699999999999992,0.09411915384192548,0.2308437738957112,0.07128167521088113,0.11567608279679109,0.6268138548985679
-0.8599999999999994,0.09252160286803729,0.23116675699641648,0.07046562367067738,0.11509375884268475,0.6129717441064508
-0.8499999999999996,0.09094683970973227,0.23149608173100816,0.0697017281318173,0.1145296329937705,0.5994084711872579
-0.8399999999999999,0.08939778790939834,0.23183245898706722,0.06898941578989465,0.11398485410525283,0.5861190248178665
-0.8300000000000001,0.08787726217537334,0.23217649188573591,0.0683279037592524,0.11346041486829489,0.5730982929162166
-0.8200000000000003,0.08638796201033866,0.23252867724933046,0.06771621103216863,0.112957153226098,0.5603410839113839
-0.8100000000000005,0.08493246555911083,0.23288940763975774,0.06715317121501246,0.11247575460144188,0.5478421460975861
-0.7999999999999989,0.08351322369977288,0.2332589739447391,0.06663744596118792,0.11201675491038471,0.5355961852000074
-0.7899999999999991,0.08213255439566242,0.2336375684855886,0.06616753901523409,0.11158054433189302,0.5235978802752026
-0.7799999999999994,0.08079263733311826,0.23402528861709987,0.06574181077747193,0.1111673717983051,0.5118418980633578
-0.7699999999999996,0.07949550886710283,0.2344221407870356,0.06535849329420784,0.11077735016678958,0.5003229059041691
-0.7599999999999998,0.07824305729915981,0.23482804501979804,0.06501570557477487,0.11041046202740118,0.48903558332233016
-0.75,0.07703701851143585,0.23524283978614619,0.06471146913371167,0.11006656609902127,0.4779746323829584
-0.7400000000000002,0.07587897198102883,0.23566628721834754,0.06444372365420564,0.10974540416044926,0.4671347869116127
-0.7300000000000004,0.0747703371997579,0.23609807862794452,0.06421034266762798,0.10944660846025017,0.4565108206679833
-0.7199999999999989,0.07371237052275476,0.23653784028141744,0.06400914914360362,0.10916970954570787,0.4460975545568935
-0.7099999999999991,0.0727061624700826,0.23698513938746696,0.06383793088563522,0.10891414444843811,0.4358898629549836
-0.6999999999999993,0.07175263550380784,0.23743949024844596,0.06369445562885628,0.10867926516192289,0.42588267922631223
-0.6899999999999995,0.07085254230337562,0.2379003605276775,0.06357648573903418,0.10846434734447818,0.41607100049527973
-0.6799999999999997,0.07000646455946258,0.23836717758400144,0.06348179241548368,0.10826859917999565,0.40644989174053103
-0.6699999999999999,0.0692148123061157,0.23883933482494202,0.06340816930505883,0.10809117032822663,0.39701448926907507
-0.6600000000000001,0.06847782380890455,0.23931619803036192,0.06335344543984511,0.10793116089643512,0.3877600036256035
-0.6500000000000004,0.0677955660253583,0.2397971115993892,0.06331549741751857,0.10778763036493039,0.37868172198798744
-0.6400000000000006,0.06716793565122148,0.24028140467476256,0.0632922607505258,0.10765960640031375,0.36977501009614305
-0.629999999999999,0.06659466076414666,0.2407683971005261,0.06328174031818751,0.10754609349223204,0.36103531375788245
-0.6199999999999992,0.06607530307417098,0.24125740517121047,0.06328201986446569,0.10744608135199779,0.35245815997203833
-0.6099999999999994,0.06560926078703522,0.2417477471332372,0.06329127049334704,0.10735855301460562,0.3440391577059629
-0.5999999999999996,0.06519577208388605,0.24223874840225468,0.0633077581235037,0.10728249258939637,0.33577399836162375
-0.5899999999999999,0.06483391921765097,0.2427297464634196,0.06332984987395662,0.1072168926088759,0.32765845596171694
-0.5800000000000001,0.06452263322340734,0.2432200954252548,0.0633560193627925,0.107160760929916,0.3196883870846817
-0.5700000000000003,0.06426069923634559,0.2437091702015819,0.06338485091142176,0.10711312714671184,0.3118597305751146
-0.5600000000000005,0.06404676240763552,0.24419637030012098,0.06341504265731257,0.10707304848038102,0.3041685070538551
-0.5499999999999989,0.06387933440523541,0.24468112320060353,0.06344540858843933,0.10703961511588506,0.2966108182499585
-0.5399999999999991,0.06375680048231464,0.24516288730962127,0.06347487952273867,0.10701195496298749,0.2891828461748684
-0.5299999999999994,0.06367742709320401,0.2456411544838737,0.06350250306552652,0.10698923782413589,0.28188085215730335
-0.5199999999999996,0.06363937003211101,0.24611545211792502,0.0635274425869996,0.10697067895841039,0.27470117575578346
-0.5099999999999998,0.06364068306763848,0.24658534479698718,0.06354897527048903,0.10695554203693408,0.26764023356415795
-0.5,0.06367932704024626,0.24705043551955808,0.06356648928996256,0.10694314149131212,0.2606945179241306
-0.4900000000000002,0.06375317938890435,0.24751036649890146,0.06357948018229537,0.10693284426268951,0.2538605955574767
-0.4800000000000004,0.0638600440671977,0.24796481955631927,0.06358754648595077,0.10692407096480577,0.24713510612946044
-0.46999999999999886,0.06399766180865618,0.24841351612288237,0.06359038472288031,0.10691629647992845,0.2405147607538681
-0.4599999999999991,0.06416372069407394,0.24885621686971787,0.06358778380460595,0.10690905001167961,0.23399634044906953
-0.4499999999999993,0.06435586697503093,0.2492927209900524,0.06357961894655101,0.10690191462349052,0.22757669455357618
-0.4399999999999995,0.06457171610112955,0.24972286515895303,0.0635658451767111,0.1068945262956627,0.22125273910875112
-0.4299999999999997,0.06480886389975049,0.25014652219907063,0.06354649052571226,0.10688657253774975,0.21502145521550847
-0.41999999999999993,0.06506489785028796,0.25056359948262974,0.06352164898517892,0.10687779059614688,0.2088798873711482
-0.41000000000000014,0.06533740839809521,0.25097403710143995,0.0634914733201728,0.10686796529937609,0.20282514179180802
-0.40000000000000036,0.06562400024738946,0.2513778058377917,0.06345616781929447,0.10685692658555168,0.196854384725419
-0.39000000000000057,0.06592230357480544,0.2517749049697511,0.06341598106292456,0.10684454675789795,0.19096484075949874
-0.379999999999999,0.06622998510039546,0.2521653599445959,0.06337119878608227,0.10683073751497157,0.1851537911276157
-0.3699999999999992,0.06654475895683581,0.2525492199539282,0.06332213690757887,0.10681544680241217,0.17941857201790803
-0.35999999999999943,0.06686439729408555,0.2529265554433997,0.06326913479163737,0.10679865553263584,0.17375657288659827
-0.34999999999999964,0.06718674055932794,0.2532974555889889,0.06321254880201932,0.10678037421791836,0.16816523477910128
-0.33999999999999986,0.06750970739087048,0.2536620257704246,0.06315274620207106,0.10676063956081033,0.16264204866094015
-0.33000000000000007,0.06783130406804783,0.25402038507067637,0.06309009944707561,0.10673951104384705,0.15718455376038742
-0.3200000000000003,0.0681496334595249,0.254372663828462,0.06302498090797509,0.10671706755808114,0.1517903359244561
-0.3100000000000005,0.06846290341436367,0.2547190012685117,0.0629577580580497,0.10669340410715128,0.1464570259896037
-0.29999999999999893,0.0687694345437675,0.25505954323189256,0.0628887891465939,0.10666862862044296,0.14118229816827196
-0.28999999999999915,0.06906766734352698,0.2553944400261044,0.06281841937614091,0.10664285890546632,0.1359638684521793
-0.27999999999999936,0.06935616861117977,0.25572384441193585,0.06274697759245501,0.10661621976592756,0.13079949303306307
-0.2699999999999996,0.06963363711486459,0.25604790974126723,0.06267477348943062,0.10658884030816645,0.1256869667414283
-0.2599999999999998,0.06989890847606434,0.2563667882571691,0.06260209532431704,0.10656085145473809,0.12062412150366379
-0.25,0.07015095923206838,0.2566806295648169,0.06252920813238011,0.10653238367998691,0.11560882481776182
-0.2400000000000002,0.07038891004911862,0.25698957927895466,0.0624563524243244,0.10650356497855712,0.11063897824773938
-0.23000000000000043,0.07061202806239286,0.2572937778509424,0.06238374334456087,0.10647451907396466,0.10571251593674329
-0.21999999999999886,0.07081972832418154,0.25759335957584417,0.062311570263785254,0.10644536387066578,0.1008274031387108
-0.20999999999999908,0.07101157434722372,0.25788845177758596,0.06223999677536257,0.1064162101495505,0.09598163476837084
-0.1999999999999993,0.0711872777360093,0.25817917416796143,0.06216916106171233,0.10638716050350266,0.0911732339692635
-0.1899999999999995,0.0713466969046942,0.2584656383732239,0.062099176594280936,0.10635830850664407,0.08640025069941028
-0.17999999999999972,0.07148983488612792,0.2587479476201735,0.06203013312876521,0.10632973810814011,0.08166076033416571
-0.16999999999999993,0.07161683624278048,0.2590261965720676,0.06196209795600577,0.10630152323902542,0.07695286228573832
-0.16000000000000014,0.07172798309626827,0.2593004713033341,0.06189511736838538,0.1062737276184113,0.07227467863880614
-0.15000000000000036,0.07182369029801716,0.2595708494009852,0.06182921830160237,0.10624640474369179,0.06762435280160306
-0.14000000000000057,0.0719044997696493,0.259837400179786,0.06176441011232414,0.10621959804796394,0.06300004817180836
-0.129999999999999,0.07197107404749448,0.26010018499764737,0.061700686453389886,0.10619334120682455,0.05839994681653023
-0.11999999999999922,0.07202418907104913,0.26035925765736756,0.061638027209893975,0.10616765857599186,0.05382224816564591
-0.10999999999999943,0.07206472626038607,0.2606146648807306,0.06157640046156648,0.10614256574082387,0.04926516771771201
-0.09999999999999964,0.07209366393294736,0.2608664468410742,0.06151576443933193,0.10611807015873198,0.04472693575765957
-0.08999999999999986,0.07211206811453136,0.2611146377407465,0.061456069446683026,0.1060941718757138,0.04020579608543577
-0.08000000000000007,0.0721210828037755,0.26135926642035534,0.06139725971951887,0.10607086429872326,0.03570000475475028
-0.07000000000000028,0.07212191975330412,0.26160035698736517,0.06133927520127036,0.10604813500632976,0.031207828821058936
-0.0600000000000005,0.07211584783437913,0.26183792945238477,0.06128205321343144,0.10602596658106589,0.026727545097903448
-0.049999999999998934,0.07210418205480401,0.26207200036239736,0.06122553000495684,0.10600433744799342,0.022257438920709537
-0.03999999999999915,0.07208827230237502,0.26230258342117957,0.06116964216732146,0.10598322270529575,0.017795802917140675
-0.02999999999999936,0.0720694918883708,0.26252969008823296,0.061114327905316346,0.10596259493410559,0.013340935783077294
-0.019999999999999574,0.07204922596691399,0.2627533301486665,0.06105952815681548,0.10594242497625617,0.008891141063310555
-0.009999999999999787,0.07202885990709978,0.262973512247614,0.061005187557767904,0.10592268267018956,0.0044447259360055795
0.0,0.07200976769512185,0.2631902443839233,0.06095125525148809,0.10590333753681991,-0.0
0.009999999999999787,0.07199330044355795,0.26340353435898767,0.06089768554391789,0.10588435940871155,-0.0044447259360055795
0.019999999999999574,0.07198077508415379,0.26361339017769786,0.06084443840889037,0.10586571899747238,-0.008891141063310555
0.030000000000001137,0.07197346331923143,0.26381982039955254,0.06079147984950739,0.10584738839574903,-0.01334093578307809
0.040000000000000924,0.07197258090503972,0.26402283443895946,0.06073878212355688,0.10582934151162371,-0.01779580291714147
0.05000000000000071,0.07197927733797427,0.2642224428146925,0.060686323842410184,0.10581155443454454,-0.02225743892071033
0.0600000000000005,0.07199462601168749,0.2644186573493079,0.060634089954078985,0.10579400573314052,-0.026727545097903448
0.07000000000000028,0.07201961490994041,0.26461149132008577,0.0605820716220572,0.10577667668638618,-0.031207828821058936
0.08000000000000007,0.07205513789598245,0.2648009595637223,0.060530266012249645,0.10575955145056437,-0.03570000475475028
0.08999999999999986,0.07210198665524031,0.2649870785375693,0.06047867600069762,0.10574261716533312,-0.04020579608543577
0.09999999999999964,0.07216084334323003,0.2651698663406836,0.06042730981497768,0.10572586400292916,-0.04472693575765957
0.10999999999999943,0.07223227398593762,0.2653493426983251,0.060376180622083,0.10570928516512923,-0.04926516771771201
0.120000000000001,0.07231672267426265,0.2655255289138215,0.06032530607532932,0.10569287683305406,-0.05382224816564673
0.13000000000000078,0.07241450658879067,0.2656984477919031,0.06027470783237232,0.10567663807523409,-0.05839994681653105
0.14000000000000057,0.07252581188531365,0.2658681235377208,0.060224411055810834,0.10566057071956825,-0.06300004817180836
0.15000000000000036,0.07265069046551609,0.26603458163577864,0.060174443907107356,0.10564467919490855,-0.06762435280160306
0.16000000000000014,0.07278905765117599,0.266197848712969,0.06012483704369981,0.10562897034799934,-0.07227467863880614
0.16999999999999993,0.07294069077408327,0.2663579523897833,0.060075623128246436,0.10561345324139904,-0.07695286228573832
0.17999999999999972,0.0731052286876464,0.26651492112360636,0.06002683635794487,0.10559813893783337,-0.08166076033416571
0.1899999999999995,0.07328217219999195,0.2666687840477785,0.05997851202083715,0.10558304027617005,-0.08640025069941028
0.20000000000000107,0.07347088542227914,0.26681957080986257,0.05993068608496255,0.10556817164389048,-0.09117323396926434
0.21000000000000085,0.07367059801991432,0.26696731141225316,0.059883394825179126,0.10555354875056455,-0.0959816347683717
0.22000000000000064,0.07388040834854936,0.2671120360579643,0.059836674491452246,0.10553918840643345,-0.10082740313871168
0.23000000000000043,0.07409928745114142,0.26725377500409425,0.05979056102142766,0.10552510830976541,-0.10571251593674329
0.2400000000000002,0.07432608388689699,0.2673925584251377,0.059745089799173645,0.10551132684620457,-0.11063897824773938
0.25,0.0745595293579136,0.2675284162879706,0.05970029546110922,0.10549786290286778,-0.11560882481776182
0.2599999999999998,0.07479824509450933,0.2676613782400017,0.05965621174933705,0.10548473569949118,-0.12062412150366379
0.2699999999999996,0.07504074895576235,0.26779147351166094,0.059612871411882984,0.10547196463847142,-0.1256869667414283
0.28000000000000114,0.07528546319784979,0.26791873083407913,0.05957030614870534,0.10545956917521676,-0.13079949303306398
0.2900000000000009,0.07553072285900186,0.26804317837252645,0.0595285466017913,0.1054475687098082,-0.13596386845218025
0.3000000000000007,0.07577478470670584,0.26816484367590065,0.05948762238719035,0.10543598250058234,-0.1411822981682729
0.3100000000000005,0.07601583669009604,0.26828375364231305,0.05944756216646502,0.10542482959989474,-0.1464570259896037
0.3200000000000003,0.07625200783802966,0.26839993450059363,0.05940839375473905,0.10541412881199547,-0.1517903359244561
0.33000000000000007,0.07648137854140552,0.26851341180734595,0.059370144262321345,0.10540389867266686,-0.15718455376038742
0.33999999999999986,0.07670199115723314,0.268624210459013,0.05933284026674118,0.10539415745001912,-0.16264204866094015
0.34999999999999964,0.07691186087064761,0.26873235471827683,0.059296508011975224,0.1053849231656313,-0.16816523477910128
0.35999999999999943,0.07710898675049216,0.26883786825400235,0.059261173631643405,0.10537621363504956,-0.17375657288659827
0.370000000000001,0.07729136293488664,0.2689407741938493,0.05922686339301647,0.10536804652651705,-0.17941857201790906
0.3800000000000008,0.07745698988243571,0.2690410951886188,0.059193603958788976,0.10536043943670947,-0.18515379112761673
0.39000000000000057,0.07760388562675857,0.26913885348736044,0.05916142266373453,0.1053534099821819,-0.19096484075949874
0.40000000000000036,0.0777300969718816,0.2692340710222568,0.05913034780355325,0.10534697590519787,-0.196854384725419
0.41000000000000014,0.07783371056983329,0.2693267695023048,0.059100408933454585,0.10534115519260034,-0.20282514179180802
0.41999999999999993,0.07791286382134782,0.26941697051483776,0.05907163717427122,0.10533596620641145,-0.2088798873711482
0.4299999999999997,0.07796575554465868,0.26950469563397617,0.059044065524171574,0.10533142782488508,-0.21502145521550847
0.4399999999999995,0.0779906563593411,0.2695899665351438,0.05901772917432552,0.10532755959280238,-0.22125273910875112
0.45000000000000107,0.07798591873570548,0.2696728051148582,0.0589926658271705,0.10532438187988497,-0.22757669455357726
0.46000000000000085,0.07794998666273512,0.2697532336150765,0.058968916016217954,0.10532191604629454,-0.23399634044907067
0.47000000000000064,0.07788140489105144,0.26983127475146246,0.05894652342663714,0.10532018461429993,-0.24051476075386927
0.4800000000000004,0.07777882771225364,0.2699069518450308,0.05892553521613514,0.10531921144530826,-0.24713510612946044
0.4900000000000002,0.07764102723800692,0.2699802889567179,0.05890600233593113,0.10531902192158671,-0.2538605955574767
0.5,0.07746690114777077,0.2700513110245256,0.05888797985189054,0.10531964313213066,-0.2606945179241306
0.5099999999999998,0.07725547987630105,0.27012004400297773,0.05887152726612915,0.10532110406226575,-0.26764023356415795
0.5199999999999996,0.0770059332186318,0.27018651500473145,0.058856708839636895,0.10532343578670578,-0.27470117575578346
0.5300000000000011,0.07671757633151233,0.27025075244427565,0.0588435939166817,0.10532667166592341,-0.28188085215730463
0.5400000000000009,0.07638987511685125,0.2703127861837443,0.0588322572519569,0.10533084754581662,-0.2891828461748696
0.5500000000000007,0.0760224509745352,0.27037264768095876,0.058822779341607345,0.1053360019607818,-0.29661081824995983
0.5600000000000005,0.07561508491838376,0.2704303701399022,0.05881524675943045,0.10534217634042636,-0.3041685070538551
0.5700000000000003,0.07516772105050895,0.27048598866390433,0.05880975249968806,0.10534941522026392,-0.3118597305751146
0.5800000000000001,0.07468046939510126,0.27053954041189576,0.058806396328080046,0.10535776645684858,-0.3196883870846817
0.5899999999999999,0.07415360809474791,0.270591064758155,0.05880528514253497,0.1053672814479023,-0.32765845596171694
0.5999999999999996,0.07358758497716755,0.270640603456041,0.058806533345549195,0.10537801535808383,-0.33577399836162375
0.6100000000000012,0.07298301850252198,0.27068820080625844,0.05881026322987154,0.10539002735113051,-0.3440391577059642
0.620000000000001,0.07234069810520816,0.27073390383025886,0.05881660537937866,0.10540338082918499,-0.3524581599720398
0.6300000000000008,0.07166158394667665,0.27077776244942403,0.05882569908700769,0.10541814368018526,-0.361035313757884
0.6400000000000006,0.0709468060982471,0.270819829670724,0.05883769279163181,0.10543438853425663,-0.36977501009614305
0.6500000000000004,0.07019766317571347,0.2708601617795737,0.05885274453575712,0.10545219303009773,-0.37868172198798744
0.6600000000000001,0.0694156204493408,0.2708988185406439,0.058871022445897814,0.10547164009239679,-0.3877600036256035
0.6699999999999999,0.06860230745518858,0.2709358634074077,0.058892705237455545,0.10549281822134865,-0.39701448926907507
0.6799999999999997,0.06775951513475886,0.27097136374122105,0.058917982745869735,0.10551582179537267,-0.40644989174053103
0.6899999999999995,0.06688919253126813,0.2710053910407524,0.058947056485744664,0.10554075138814861,-0.41607100049527973
0.7000000000000011,0.06599344307296667,0.2710380211825803,0.05898014023956649,0.10556771410110039,-0.4258826792263141
0.7100000000000009,0.06507452047369555,0.2710693346737879,0.05901746067752406,0.10559682391245856,-0.4358898629549854
0.7200000000000006,0.06413482428183642,0.2710994169173728,0.059059258009820315,0.10562820204402473,-0.4460975545568953
0.7300000000000004,0.06317689510860702,0.2711283584912892,0.0591057866727141,0.10566197734674698,-0.4565108206679833
0.7400000000000002,0.062203409567798906,0.27115625544191735,0.05915731604936675,0.10569828670618386,-0.4671347869116127
0.75,0.06121717495807555,0.2711832095927428,0.05921413122636665,0.1057372754689046,-0.4779746323829584
0.7599999999999998,0.060221123717924374,0.2712093288689881,0.059276533786582264,0.10577909789081441,-0.48903558332233016
0.7699999999999996,0.059218307684001326,0.2712347276389143,0.05934484263873274,0.10582391760833793,-0.5003229059041691
0.7800000000000011,0.05821189218154266,0.27125952707245476,0.05941939488377174,0.10587190813331437,-0.5118418980633598
0.7900000000000009,0.05720514997519777,0.2712838555177931,0.05950054671783883,0.10592325337236408,-0.5235978802752046
0.8000000000000007,0.056201455106163534,0.27130784889643017,0.05958867437115278,0.10597814817137463,-0.5355961852000094
0.8100000000000005,0.05520427664117378,0.2713316511172046,0.059684175081779145,0.10603679888562478,-0.5478421460975861
0.8200000000000003,0.054217172356492704,0.27135541450964,0.059787468102714736,0.10609942397591043,-0.5603410839113839
0.8300000000000001,0.053243782377696114,0.2713793002768833,0.05989899574017077,0.10616625463085505,-0.5730982929162166
0.8399999999999999,0.05228782279491545,0.2714034789683717,0.060019224420303,0.10623753541538278,-0.5861190248178665
0.8499999999999996,0.05135307926978361,0.27142813097222396,0.060148645780931875,0.10631352494509128,-0.5994084711872579
0.8600000000000012,0.05044340064933883,0.2714534470271777,0.060287777783997576,0.10639449658599032,-0.6129717441064533
0.870000000000001,0.049562692597329594,0.27147962875371223,0.06043716584360237,0.10648073917875617,-0.6268138548985704
0.8800000000000008,0.04871491125327554,0.27150688920376775,0.06059738396350378,0.10657255778629948,-0.6409396908090176
0.8900000000000006,0.04790405692447619,0.27153545342823177,0.06076903587681154,0.10667027446303778,-0.6553539895011516
0.9000000000000004,0.04713416781542118,0.2715655590610769,0.06095275617942336,0.10677422904381423,-0.6700613112260436
0.9100000000000001,0.0464093137930332,0.2715974569187194,0.06114921144738078,0.1068847799498871,-0.6850660085233822
0.9199999999999999,0.04573359018670803,0.27163141161281057,0.06135910132684197,0.10700230500884739,-0.7003721933090584
0.9299999999999997,0.04511111161533721,0.2716677021742743,0.061583159583742164,0.10712720228467659,-0.7159837012048291
0.9399999999999995,0.044546005833831726,0.2717066226859589,0.06182215509844147,0.10725989091345178,-0.731904052966952
0.9500000000000011,0.04404240758395589,0.27174848292077836,0.06207689278873746,0.10740081193941436,-0.7481364128741108
0.9600000000000009,0.04360445243581296,0.27179360898167004,0.06234821444254701,0.10755042914525376,-0.7646835439406539
0.9700000000000006,0.04323627059883911,0.27184234393909773,0.06263699943933704,0.10770922986950437,-0.781547759829611
0.9800000000000004,0.042941980680818115,0.27189504846116636,0.06294416533701691,0.10787772580291477,-0.7987308733513309
0.9900000000000002,0.04272568336841459,0.27195210143070137,0.06327066829849598,0.10805645375451933,-0.8162341414486761
1.0,0.04259145499955075,0.27201390054286123,0.0636175033294808,0.1082459763769193,-0.8340582065886989
1.0100000000000016,0.04254334099664969,0.27208086287601796,0.06398570429634864,0.10844688283897114,-0.8522030345043025
1.0199999999999996,0.042585349124167116,0.27215342542773235,0.06437634369012124,0.10865978943267363,-0.8706678482580132
1.0300000000000011,0.042721442533797394,0.2722320456067002,0.06479053209969754,0.10888534009956452,-0.8894510586343919
1.0399999999999991,0.04295553255583673,0.2723172016705253,0.0652294173546481,0.10912420686037294,-0.9085501909078874
1.0500000000000007,0.04329147119478782,0.27240939309811635,0.065694183295053,0.10937709013004071,-0.9279618080805697
1.0599999999999987,0.043733043284661266,0.27250914088440226,0.06618604812317097,0.10964471889854727,-0.9476814307383806
1.0700000000000003,0.04428395825823628,0.2726169877439236,0.06670626228921644,0.10992785075625416,-0.9677034537374282
1.0800000000000018,0.04494784148380648,0.27273349820871184,0.06725610586129122,0.11022727174075775,-0.9880210600021498
1.0899999999999999,0.04572822512184438,0.27285925860471616,0.06783688532767496,0.11054379598053082,-1.0086261317969467
1.1000000000000014,0.04662853845753967,0.2729948768899141,0.06844992977833114,0.11087826510897786,-1.0295091599208945
1.1099999999999994,0.04765209766150191,0.2731409823361563,0.0690965864117778,0.11123154742096991,-1.0506591513723522
1.120000000000001,0.04880209493827725,0.2732982250358009,0.06977821531354761,0.11160453674251203,-1.0720635361365716
1.129999999999999,0.050081587023189766,0.27346727521329023,0.0704961834534748,0.11199815098297833,-1.0937080738634892
1.1400000000000006,0.051493482990502215,0.27364882232109383,0.07125185785118276,0.11241333033840784,-1.115576761325606
1.1499999999999986,0.0530405313479449,0.2738435738988835,0.07204659786257722,0.11285103511373745,-1.137651741674374
1.1600000000000001,0.05472530639440604,0.27405225417451584,0.07288174654506707,0.11331224313165933,-1.1599132166483328
1.1700000000000017,0.05655019382636245,0.2742756023853865,0.07375862106583014,0.11379794669609494,-1.1823393630234822
1.1799999999999997,0.05851737559465131,0.27451437079907903,0.07467850212589056,0.11430914907918421,-1.2049062547356095
1.1900000000000013,0.06062881401848064,0.2747693224130018,0.07564262238325781,0.11484686050227777,-1.2275877922408682
1.1999999999999993,0.06288623518052183,0.27504122831395206,0.07665215387103214,0.11541209358380611,-1.2503556408123557
1.2100000000000009,0.0652911116484447,0.2753308646803499,0.07770819442133586,0.1160058582301619,-1.273179179592594
1.2199999999999989,0.06784464457236639,0.27563900941227126,0.07881175312324173,0.11662915594998269,-1.296025463329011
1.2300000000000004,0.07054774524111834,0.27596643837748336,0.0799637348625733,0.11728297357752993,-1.3188591988081495
1.240000000000002,0.07340101619304468,0.276313921265444,0.08116492401346748,0.1179682763973085,-1.3416427380666813
1.25,0.07640473199983183,0.2766822170457623,0.08241596737580342,0.11868600066971835,-1.3643360904892035
1.2600000000000016,0.07955881987192437,0.277072069032918,0.0837173564787525,0.1194370455663894,-1.3868969558961208
1.2699999999999996,0.0828628402486436,0.2774841995651206,0.08506940939846908,0.12022226453395235,-1.409280780674299
1.2800000000000011,0.08631596756913362,0.2779193043120677,0.08647225226682803,0.12104245611628073,-1.4314408389021922
1.2899999999999991,0.08991697144113442,0.2783780462339444,0.08792580067755745,0.12189835427764079,-1.4533283402630721
1.3000000000000007,0.09366419844813556,0.2788610492222896,0.08942974122537245,0.12279061828258253,-1.4748925663213088
1.3099999999999987,0.09755555486206613,0.2793688914621719,0.09098351344195743,0.1237198222026098,-1.4960810364515555
1.3200000000000003,0.10158849054296859,0.27990209856439524,0.09258629241890443,0.12468644413445557,-1.5168397043586634
1.3300000000000018,0.10575998433012324,0.2804611365259604,0.0942369724309457,0.125690855229862,-1.537113185704718
1.3399999999999999,0.11006653123900656,0.28104640458659197,0.09593415189189641,0.1267333086517765,-1.5568450168723431
1.3500000000000014,0.11450413178905883,0.2816582280584974,0.09767611998949227,0.12781392858641832,-1.5759779443430688
1.3599999999999994,0.11906828379022416,0.2822968512154345,0.09946084535262739,0.12893269945429697,-1.5944542435643407
1.370000000000001,0.1237539769118694,0.2829624303352858,0.10128596710428966,0.1300894554754795,-1.6122160655287996
1.379999999999999,0.12855569034895742,0.2836550269973627,0.10314878864478272,0.13128387075469378,-1.6292058086073844
1.3900000000000006,0.13346739388066142,0.2843746017412884,0.10504627449185683,0.1325154500597056,-1.6453665124813537
1.3999999999999986,0.13848255259213493,0.285121008198152,0.10697505047658262,0.13378352047129932,-1.660642270324994
1.4100000000000001,0.14359413549359995,0.2858939878064691,0.10893140755596864,0.135087224084656,-1.6749786547236372
1.4200000000000017,0.14879462822987888,0.28669316522496213,0.11091130945555577,0.13642551193955216,-1.6883231521920778
1.4299999999999997,0.15407605002173586,0.2875180445511464,0.11291040429800608,0.13779713935025178,-1.7006256006118643
1.4400000000000013,0.1594299749220361,0.28836800644896293,0.1149240403079625,0.13920066279503568,-1.711838623454712
1.4499999999999993,0.16484755740764367,0.28924230628017633,0.11694728561050027,0.1406344385098937,-1.721918054326543
1.4600000000000009,0.17031956225546646,0.2901400733229842,0.11897495206204683,0.14209662291107084,-1.730823345172262
1.4699999999999989,0.17583639858060424,0.29106031114732045,0.12100162297076017,0.14358517494711615,-1.7385179514411975
1.4800000000000004,0.18138815783961937,0.292001899199961,0.12302168448040263,0.1450978604532272,-1.744969687639707
1.490000000000002,0.18696465552668834,0.29296359563398733,0.12502936031025097,0.1466322585495391,-1.7501510469959696
1.5,0.19255547621948205,0.2939440413969209,0.12701874946618985,0.14818577009129796,-1.7540394794331111
1.5100000000000016,0.198150021564784,0.29494176557033286,0.1289838664674614,0.14975562814339322,-1.7566176226830712
1.5199999999999996,0.2037375607305052,0.29595519193156117,0.13091868357203773,0.15133891041544129,-1.7578734821618232
1.5300000000000011,0.20930728280177424,0.29698264668593805,0.13281717443345048,0.15293255355752045,-1.7578005561466294
1.5399999999999991,0.21484835055345347,0.2980223672962472,0.13467335858496088,0.1545333691817834,-1.7563979038220598
1.5500000000000007,0.22034995500147092,0.2990725123156778,0.13648134612451335,0.15613806144253412,-1.7536701548632734
1.5599999999999987,0.22580137011896578,0.30013117211185375,0.13823538196680868,0.15774324597792516,-1.7496274603685142
1.5700000000000003,0.2311920070982258,0.3011963803532201,0.13992988903724257,0.1593454699910577,-1.7442853861021022
1.5800000000000018,0.23651146754609836,0.30226612611554343,0.1415595098060306,0.16094123322769555,-1.7376647501284537
1.5899999999999999,0.2417495950141073,0.3033383664559892,0.14311914559862543,0.16252700959258398,-1.7297914079719334
1.6000000000000014,0.2468965243192841,0.30441103929535335,0.1446039931690692,0.16409926913687178,-1.7206959893950884
1.6099999999999994,0.25194272813781315,0.30548207644572944,0.1460095780843259,0.1656545001455531,-1.710413591721547
1.620000000000001,0.2568790604115969,0.30654941662119517,0.14733178453767126,0.16718923105611655,-1.698983435317466
1.629999999999999,0.2616967961710226,0.3076110182728432,0.14856688128544415,0.1687000519475088,-1.6864484873715817
1.6400000000000006,0.2663876674510668,0.3086648720965083,0.14971154348131754,0.17018363535166497,-1.6728550604689851
1.6499999999999986,0.2709438950472627,0.30970901307145327,0.15076287026321877,0.17163675615766394,-1.658252392636175
1.6600000000000001,0.2753582159270471,0.3107415319007437,0.15171839802768555,0.17305631040034491,-1.6426922155479469
1.6700000000000017,0.2796239061714065,0.3117605857385227,0.15257610940261557,0.17443933275019757,-1.6262283174412822
1.6799999999999997,0.2837347994402856,0.31276440810547756,0.15333443800014457,0.17578301254866968,-1.6089161069914146
1.6900000000000013,0.28768530097595724,0.31375131791087485,0.15399226909523056,0.17708470826188033,-1.590812183990616
1.6999999999999993,0.2914703972356816,0.3147197275171765,0.15454893643125384,0.1783419602552455,-1.5719739221520597
1.7100000000000009,0.2950856613054024,0.3156681498009405,0.15500421540079246,0.17955250182093818,-1.5524590687626765
1.7199999999999989,0.2985272542973762,0.31659520418098225,0.15535831288728597,0.18071426841869093,-1.5323253652549238
1.7300000000000004,0.30179192297142277,0.3174996216013012,0.15561185408151768,0.18182540511759698,-1.5116301920798891
1.740000000000002,0.3048769938390898,0.3183802484716585,0.15576586660598019,0.18288427225174841,-1.4904302405667849
1.75,0.3077803640592397,0.3192360495827419,0.15582176229075972,0.18388944932537005,-1.4687812137648886
1.7600000000000016,0.310500489444118,0.3200661100253148,0.15578131694732456,0.18483973722326708,-1.446737557602168
1.7699999999999996,0.313036369889536,0.32086963615354647,0.15564664848239407,0.18573415879972627,-1.4243522230736414
1.7800000000000011,0.3153875325592729,0.32164595564177034,0.15542019368389293,0.18657195793341752,-1.4016764596032465
1.7899999999999991,0.31755401315318577,0.32239451669121255,0.1551046839958779,0.1873525971473406,-1.3787596392147863
1.8000000000000007,0.31953633557653593,0.3231148864488414,0.15470312058028657,0.18807575390155068,-1.3556491107039756
1.8099999999999987,0.3213354903026727,0.3238067487044616,0.15421874894140347,0.18874131567243013,-1.3323900826292652
1.8200000000000003,0.32295291172309937,0.3244699009346702,0.15365503336498987,0.18934937393585893,-1.3090255336319847
1.8300000000000018,0.3243904547598898,0.3251042507634108,0.1530156313989271,0.18990021717301775,-1.2855961483567513
1.8399999999999999,0.3256503709746659,0.3257098119087927,0.15230436857672297,0.19039432301700315,-1.2621402770654002
1.8500000000000014,0.3267352844044595,0.3262866996847316,0.15152521355996412,0.19083234965621781,-1.238693916918957
1.8599999999999994,0.32764816732476665,0.3268351261239911,0.15068225385128337,0.1912151266069051,-1.2152907128357047
1.870000000000001,0.32839231611305764,0.32735539478652087,0.14977967220607302,0.19154364496248827,-1.1919619758129882
1.879999999999999,0.3289713273706394,0.32784789531375347,0.14882172384932335,0.19181904722181614,-1.168736716620685
1.8900000000000006,0.3293890744316739,0.32831309778588347,0.147812714583822,0.19204261679223378,-1.1456416928270399
1.8999999999999986,0.3296496843693253,0.3287515469352319,0.14675697985764358,0.1922157672568116,-1.1227014671986435
1.9100000000000001,0.32975751559041244,0.3291638562647289,0.14565886484247248,0.19234003148825596,-1.0999384756176607
1.9200000000000017,0.32971713608794007,0.3295507021164003,0.1445227055598124,0.19241705068515808,-1.0773731027777276
1.9299999999999997,0.3295333024064693,0.32991281773063613,0.14335281107952436,0.19244856339944466,-1.055023764048286
1.9400000000000013,0.3292109393604095,0.3302509873329925,0.14215344680429487,0.19243639461727885,-1.0329069920329095
1.9499999999999993,0.32875512052932176,0.33056604028140263,0.14092881884446473,0.19238244494932033,-1.0110375264856901
1.9600000000000009,0.32817104954483317,0.3308588453029833,0.13968305948001475,0.19228867998023724,-0.9894284063878535
1.9699999999999989,0.3274640421720325,0.33113030484615646,0.13842021370024488,0.19215711982172579,-0.9680910631228653
1.9800000000000004,0.3266395091798372,0.3313813495705696,0.13714422680666666,0.19198982890805422,-0.9470354138187457
1.990000000000002,0.325702939988207,0.3316129329943133,0.13585893306068259,0.19178890606832522,-0.9262699540513568
2.0,0.32465988707319215,0.3318260263152009,0.13456804535460842,0.19155647490523964,-0.9058018492191304
2.0100000000000016,0.3235159511067665,0.33202161342038505,0.13327514588236178,0.19129467450613713,-0.8856370240088087
2.0199999999999996,0.3222767668043489,0.3322006860963352,0.1319836777845469,0.19100565050846718,-0.8657802494718814
2.030000000000001,0.3209479894510737,0.33236423944917776,0.1306969377416035,0.19069154653858572,-0.8462352273223336
2.039999999999999,0.319535282075458,0.33251326754358174,0.1294180694880258,0.19035449603984722,-0.8270046711489794
2.0500000000000007,0.31804430323864363,0.3326487592667596,0.12815005822031078,0.18999661450334038,-0.8080903843087277
2.0599999999999987,0.3164806954075917,0.3327716944227046,0.12689572587115966,0.18961999211226854,-0.7894933343326946
2.0700000000000003,0.3148500738791902,0.3328830400605015,0.12565772722247248,0.1892266868088659,-0.7712137237337482
2.080000000000002,0.3131580162260571,0.3329837470394009,0.12443854682976924,0.18881871779084075,-0.7532510571541213
2.09,0.3114100522336978,0.33307474683232474,0.12324049673078341,0.18839805944261712,-0.7356042048340132
2.1000000000000014,0.3096116543006384,0.3331569485685469,0.12206571491108248,0.187966635705071,-0.7182714624185892
2.1099999999999994,0.30776822827616607,0.3332312363154664,0.12091616449962123,0.1875263148860129,-0.7012506071512215
2.120000000000001,0.3058851047107072,0.33329846659863216,0.11979363366711093,0.1870789049123166,-0.6845389505257543
2.129999999999999,0.3039675304979663,0.33335946615848755,0.11869973619998642,0.1866261490233283,-0.6681333874913884
2.1400000000000006,0.3020206608880155,0.3334150299416569,0.11763591272253915,0.18616972190397713,-0.652030442319657
2.150000000000002,0.30004955185496385,0.3334659193239988,0.11660343253948086,0.18571122625484998,-0.6362263112559152
2.16,0.29805915280304973,0.3335128605620772,0.11560339607079795,0.18525218979536084,-0.6207169020867906
2.1700000000000017,0.2960542995996608,0.3335565434691597,0.11463673785025352,0.1847940626950359,-0.605497870761785
2.1799999999999997,0.2940397079236915,0.3335976203113329,0.11370423005832181,0.18433821542684914,-0.5905646552113604
2.1900000000000013,0.2920199669215815,0.3336367049188117,0.11280648655968933,0.18388593703545886,-0.5759125065057358
2.1999999999999993,0.28999953316432847,0.33367437200703304,0.11194396741476348,0.18343843381212588,-0.5615365174992873
2.210000000000001,0.2879827249010294,0.3337111567016391,0.11111698383389573,0.18299682836702957,-0.5474316491040249
2.219999999999999,0.2859737166076144,0.3337475542609919,0.11032570354228721,0.1825621590886436,-0.5335927543336829
2.2300000000000004,0.28397653382812776,0.3337840199893952,0.10957015652280455,0.18213537997879026,-0.5200146002564061
2.240000000000002,0.28199504831168015,0.33382096933376626,0.10885024110322222,0.18171736085096485,-0.5066918879903333
2.25,0.28003297344504197,0.33385877815606113,0.10816573035374677,0.1813088878785199,-0.4936192708715158
2.2600000000000016,0.27809385998483277,0.3338977831733481,0.10751627876007636,0.18091066447831716,-0.4807913709187585
2.2699999999999996,0.27618109209698816,0.3339382825570338,0.10690142913673889,0.18052331251451798,-0.4682027937146106
2.280000000000001,0.274297883703875,0.33398053668236866,0.10632061974504087,0.18014737380628076,-0.45584814181603417
2.289999999999999,0.2724472751499069,0.3340247690190238,0.10577319157966747,0.17978331192228608,-0.4437220268028591
2.3000000000000007,0.2706321301904925,0.33407116715320584,0.10525839578781743,0.17943151424421844,-0.43181908006614694
2.3099999999999987,0.26885513331073313,0.3341198839315023,0.10477540118474293,0.17909229428061063,-0.4201339624331909
2.3200000000000003,0.26711878738636347,0.3341710387163995,0.1043233018297115,0.1787658942118041,-0.4086613727199974
2.330000000000002,0.2654254116891228,0.33422471874320603,0.10390112462671686,0.17845248764621136,-0.39739605529687744
2.34,0.2637771402485671,0.3342809805679533,0.10350783691474785,0.17815218256758159,-0.3863328067472122
2.3500000000000014,0.2621759205764995,0.33433985159572,0.10314235401308569,0.17786502445258512,-0.37546648169444774
2.3599999999999994,0.26062351276251705,0.3344013316787553,0.10280354668793318,0.17759099953774332,-0.3647919978674112
2.370000000000001,0.2591214889476683,0.3344653947737477,0.10249024850769789,0.17733003821454196,-0.3543043404691544
2.379999999999999,0.25767123318297,0.3345319906476139,0.10220126305544092,0.17708201853149264,-0.3439985659102269
2.3900000000000006,0.25627394167909257,0.33460104662125395,0.10193537096836008,0.1768467697819332,-0.3338698049627233
2.400000000000002,0.25493062345243733,0.3346724693408493,0.10169133677570674,0.1766240761565031,-0.32391326538761483
2.41,0.2536421013727867,0.3347461465664578,0.10146791550820894,0.17641368043948236,-0.31412423408381235
2.4200000000000017,0.2524090136153707,0.3348219489678863,0.10126385905390128,0.17621528772854456,-0.3044980788039002
2.4299999999999997,0.2512318155205854,0.3348997319181085,0.10107792223721451,0.17602856915795073,-0.2950302494780676
2.4400000000000013,0.25011078186230323,0.33497933727481366,0.10090886860025472,0.17585316560578684,-0.2857162791844369
2.4499999999999993,0.24904600952580824,0.33506059514105435,0.10075547586737521,0.17568869136652815,-0.27655178480118375
2.460000000000001,0.24803742059355727,0.33514332559637616,0.10061654107641055,0.17553473777099415,-0.26753246737282044
2.469999999999999,0.24708476583703864,0.3352273403902712,0.10049088536227346,0.17539087673662385,-0.25865411222062584
2.4800000000000004,0.24618762861070242,0.3353124445902956,0.10037735838100009,0.17525666423195718,-0.2499125888245437
2.490000000000002,0.24534542914306945,0.33539843817772114,0.1002748423647466,0.17513164364023903,-0.2413038505018225
2.5,0.2445574292185898,0.33548511758415456,0.10018225580067258,0.17501534900816235,-0.23282393390538175
2.5100000000000016,0.24382273724190506,0.3355722771631407,0.10009855672907358,0.174907308166928,-0.22446895836305047
2.5199999999999996,0.24314031367529226,0.3356597105913801,0.1000227456585302,0.17480704571401073,-0.21623512507701748
2.530000000000001,0.24250897683829614,0.33574721219481174,0.09995386809820506,0.1747140858452748,-0.20811871620105313
2.539999999999999,0.2419274090571757,0.335834578195452,0.09989101670972295,0.1746279550283672,-0.20011609381168607
2.5500000000000007,0.2413941631501621,0.3359216078755242,0.09983333308329934,0.17454818450962467,-0.19222369878790851
2.5599999999999987,0.24090766923325418,0.33600810465606135,0.09978000914492013,0.1744743126480483,-0.18443804961285148
2.5700000000000003,0.24046624182992687,0.33609387708780736,0.0997302882034064,0.17440588707121907,-0.17675574110948164
2.580000000000002,0.2400680872666175,0.3361787397528825,0.09968346564810737,0.17434246664934067,-0.16917344312142946
2.59,0.2397113113346161,0.3362625140763021,0.09963888930974735,0.17428362328488878,-0.16168789914888415
2.6000000000000014,0.2393939271977601,0.33634502904705066,0.0995959594985833,0.17422894351661095,-0.154295924948643
2.6099999999999994,0.23911386352417036,0.33642612184900056,0.09955412873551556,0.1741780299378528,-0.14699440710653947
2.620000000000001,0.2388689728191234,0.336505638402534,0.09951290119311818,0.17413050243036976,-0.13978030158959345
2.629999999999999,0.23865703993511567,0.33658343381826344,0.09947183186470909,0.17408599921591694,-0.13265063228464644
2.6400000000000006,0.23847579073430375,0.33665937276475466,0.09943052548056996,0.17404417772898406,-0.1256024895294221
2.650000000000002,0.23832290087762992,0.33673332975263115,0.09938863519123775,0.17400471531504652,-0.11863302864150761
2.66,0.23819600471428792,0.3368051893378773,0.09934586103843196,0.17396730975964297,-0.11173946845005606
2.6700000000000017,0.23809270424426365,0.3368748462475553,0.09930194823464528,0.1739316796544489,-0.10491908983459736
2.6799999999999997,0.2380105781266456,0.3369422054315173,0.0992566852727238,0.17389756460729233,-0.09816923427488408
2.6900000000000013,0.23794719070538678,0.33700718204400426,0.09920990188688944,0.17386472530375774,-0.09148730241519577
2.6999999999999993,0.23790010102472026,0.33706970135930814,0.09916146688662492,0.17383294342863193,-0.0848707526462857
2.710000000000001,0.23786687180511712,0.33712969862590314,0.09911128588465129,0.17380202145597023,-0.07831709970765403
2.719999999999999,0.23784507835180213,0.3371871188636437,0.09905929893989035,0.17377178231699675,-0.07182391331267679
2.7300000000000004,0.237832317367084,0.33724191660877956,0.09900547813582916,0.1737420689553999,-0.06538881679868533
2.740000000000002,0.23782621563824147,0.3372940556116376,0.09894982511409456,0.17371274377984736,-0.05900948580398433
2.75,0.23782443857332758,0.33734350849189587,0.09889236858232314,0.1736836880237197,-0.05268364697343779
2.7600000000000016,0.23782469855659083,0.33739025635639264,0.09883316181457602,0.17365480102215664,-0.046409076694127215
2.7699999999999996,0.23782476309733858,0.33743428838440837,0.09877228016161843,0.1736259994165248,-0.0401835998624
2.780000000000001,0.23782246274537278,0.3374756013853075,0.09870981858737055,0.17359721629635477,-0.03400508868338251
2.789999999999999,0.23781569874759156,0.3375141993333473,0.09864588924674816,0.17356840028866094,-0.027871461504009203
2.8000000000000007,0.23780245042122944,0.3375500928843451,0.09858061911896754,0.17353951460435957,-0.021780681680348097
2.8099999999999987,0.23778078221949023,0.33758329887875804,0.09851414770919348,0.17351053605123556,-0.01573075648002579
2.8200000000000003,0.23774885046761374,0.33761383983555393,0.09844662483018435,0.17348145402259146,-0.009719736020313967
2.830000000000002,0.2377049097475349,0.33764174344106523,0.09837820847433343,0.17345226947034048,-0.0037457122424831586
2.84,0.23764731891112179,0.33766704203680065,0.09830906278524698,0.17342299387088733,0.0021931820771699155
2.8500000000000014,0.2375745467031643,0.33768977210995776,0.0982393561367339,0.17339364819168807,0.008098774279209504
2.8599999999999994,0.23748517697657034,0.3377099737901361,0.09816925932583148,0.17336426186588605,0.013972852735510714
2.870000000000001,0.23737791348417914,0.3377276903554859,0.09809894388525897,0.1733348717819057,0.019817167726046598
2.879999999999999,0.2372515842327375,0.337742967751262,0.09802858051948665,0.17330552129434468,0.025633432277711917
2.8900000000000006,0.23710514538629146,0.3377558541234794,0.09795833766744749,0.17327625926194662,0.03142332296505239
2.900000000000002,0.23693768470805626,0.337766399370079,0.09788838019379326,0.1732471391178727,0.03718848067266781
2.91,0.2367484245313417,0.33777465471174073,0.09781886820953672,0.17321821797691223,0.042930511319197985
2.9200000000000017,0.23653672425205435,0.33778067228419306,0.09774995602190656,0.17318955578370276,0.04865098654274769
2.9299999999999997,0.23630208233682926,0.3377845047535961,0.0976817912123003,0.17316121450545857,0.05435144434762337
2.9400000000000013,0.23604413784274597,0.33778620495629946,0.09761451384034198,0.17313325737214602,0.060033389712335336
2.9499999999999993,0.23576267144631607,0.33778582556401315,0.0975482557712406,0.17310574816649743,0.06569829515871418
2.960000000000001,0.23545760598123572,0.3377834187751758,0.09748314012291681,0.1730787505657217,0.07134760128212142
2.969999999999999,0.23512900648607865,0.33777903603305326,0.09741928082870044,0.17305232753626199,0.0769827172426069
2.9800000000000004,0.23477707976488343,0.33777272777087464,0.09735678231081946,0.17302654078245883,0.0826050212169936
2.990000000000002,0.23440217346532982,0.33776454318408466,0.09729573925939405,0.17300145024951769,0.08821586081174145
3.0,0.23400477468084352,0.3377545300295925,0.09723623651121482,0.17297711368074287,0.09381655343654877
3.0100000000000016,0.23358550808459122,0.3377427344516971,0.09717834902222411,0.17295358622859497,0.09940838663857492
3.0199999999999996,0.23314513360487837,0.3377292008342009,0.09712214192733243,0.17293092011875533,0.10499261839716012
3.030000000000001,0.23268454365312657,0.3377139716780569,0.09706767068098587,0.17290916436603715,0.11057047737898137
3.039999999999999,0.23220475991693057,0.3376970875037536,0.09701498127174424,0.17288836454067408,0.1161431631534622
3.0500000000000007,0.23170692973220575,0.33767858677751234,0.0969641105040463,0.17286856258323974,0.12171184636837332
3.0599999999999987,0.23119232204956358,0.3376585058602597,0.0969150863403086,0.17284979666620803,0.1272776688854235
3.0700000000000003,0.23066232301165224,0.3376368789782425,0.09686792829652902,0.17283210109995256,0.1328417438757602
3.080000000000002,0.23011843115901398,0.33761373821407015,0.09682264788464923,0.17281550628080533,0.1384051558751677
3.09,0.22956225228340232,0.3375891135169063,0.09677924909505392,0.1728000386786459,0.1439689607988536
3.1000000000000014,0.22899549394808077,0.3375630327304796,0.09673772891275273,0.1727857208613756,0.1495341859156413
3.1099999999999994,0.22841995969610646,0.33753552163754463,0.09669807786100104,0.17277257155354359,0.15510182978138143
3.120000000000001,0.22783754296783526,0.3375066040194057,0.09666028056635328,0.1727606057263288,0.16067286213146167
3.129999999999999,0.22725022075016216,0.33747630172909787,0.09662431633941254,0.17274983471605054,0.1662482237321843
3.1400000000000006,0.2266600469798828,0.3374446347768263,0.09659015976583862,0.1727402663683666,0.1718288261909062
3.150000000000002,0.2260691457250239,0.3374116214262724,0.09655778130248477,0.1727319052053331,0.17741555172471538
3.16,0.22547970416752144,0.3373772783003967,0.09652714787387046,0.17272475261253362,0.18300925288753778
3.1700000000000017,0.2248939654117707,0.3373416204953997,0.09649822346453674,0.17271880704353454,0.18861075225550405
3.1799999999999997,0.22431422114285243,0.33730466170153783,0.09647096970318358,0.172714064238997,0.19422084207042506
3.1900000000000013,0.22374280415945424,0.33726641432953725,0.09644534643484376,0.17271051745785793,0.19984028384130537
3.1999999999999993,0.22318208080557578,0.3372268896413988,0.09642131227770567,0.17270815771809117,0.20546980790373656
3.210000000000001,0.2226344433259551,0.337186097884444,0.09639882516155113,0.17270697404466845,0.21111011293716012
3.219999999999999,0.22210230216900023,0.33714404842751117,0.09637784284512718,0.1727069537224603,0.21676186543989256
3.2300000000000004,0.22158807826188526,0.337100749898275,0.09635832341011252,0.17270808255194164,0.22242569916196558
3.240000000000002,0.22109419528120572,0.33705621032073046,0.09634022572967332,0.17271034510570105,0.22810221449574672
3.25,0.22062307194283126,0.3370104372519465,0.096323509909925,0.17271372498389065,0.23379197782446393
3.2600000000000016,0.22017711433452503,0.3369634379172702,0.09630813770292795,0.17271820506689067,0.23949552082873454
3.2699999999999996,0.2197587083121258,0.33691521934322544,0.09629407289013292,0.17272376776360904,0.24521333975125684
3.280000000000001,0.2193702119833441,0.3368657884874252,0.09628128163547667,0.1727303952539761,0.25094589461995503
3.289999999999999,0.21901394829855464,0.3368151523648822,0.0962697328075851,0.1727380697243367,0.2566936084298211
3.3000000000000007,0.21869219777003718,0.3367633181701708,0.09625939827078378,0.17274677359457996,0.26245686628390696
3.3099999999999987,0.21840719134022618,0.3367102933949616,0.09625025314484209,0.17275648973598634,0.26823601449386525
3.3200000000000003,0.21816110341509437,0.33665608594051033,0.09624227603358126,0.17276720167890158,0.27403135964066627
3.330000000000002,0.21795604508423788,0.33660070422474686,0.09623544922266353,0.17277889380947598,0.27984316759608324
3.34,0.21779405754253145,0.3365441572836679,0.09622975884704776,0.17279155155483017,0.2856716625057623
3.3500000000000014,0.21767710573012145,0.3364864548667912,0.09622519502874771,0.17280516155612485,0.29151702573473864
3.3599999999999994,0.2176070722076845,0.3364276075264855,0.09622175198565613,0.1728197118291236,0.2973793947763825
3.370000000000001,0.21758575127833224,0.3363676267010335,0.09621942811231671,0.17283519191193975,0.303258862125967
3.379999999999999,0.21761484337218673,0.3363065247913371,0.0962182260336154,0.17285159299975716,0.3091554741200764
3.3900000000000006,0.21769594970509748,0.3362443152312097,0.09621815263245076,0.17286890806640276,0.3150692297433584
3.400000000000002,0.21783056722213334,0.33618101255124455,0.09621921905249747,0.17288713197273192,0.3210000794041534
3.41,0.21802008383809995,0.33611663243627843,0.09622144067723493,0.17290626156186378,0.32694792368082704
3.4200000000000017,0.2182657739823587,0.33605119177650267,0.09622483708644253,0.17292629574136892,0.332912612040739
3.4299999999999997,0.2185687944573369,0.3359847087123014,0.09622943199138856,0.17294723555257563,0.33889394153397673
3.4400000000000013,0.2189301806184744,0.3359172026729198,0.09623525314994952,0.1729690842272119,0.3448916554642589
3.4499999999999993,0.21935084288072787,0.3358486944090866,0.09624233226289663,0.1729918472316499,0.3509054420395084
3.460000000000001,0.21983156355846267,0.33577920601973316,0.09625070485257581,0.17301553229905686,0.35693493300495394
3.469999999999999,0.22037299404206923,0.33570876097296304,0.09626041012518949,0.1730401494497938,0.36297970226171444
3.4800000000000004,0.22097565231499555,0.3356373841214413,0.09627149081786102,0.17306571100042745,0.36903926447420365
3.490000000000002,0.22163992081434314,0.3355651017123781,0.09628399303162927,0.17309223156174824,0.37511307366980645
3.5,0.2223660446358755,0.33549194139228905,0.09629796605148438,0.1731197280261973,0.38120052183466374
3.5100000000000016,0.22315413008500162,0.3354179322067181,0.09631346215450609,0.173148219545126,0.387300937509596
3.5199999999999996,0.22400414357319814,0.3353431045951099,0.0963305364071258,0.17317772749631088,0.3934135843904724
3.530000000000001,0.22491591085924129,0.3352674903810184,0.09634924645247589,0.17320827544215633,0.3995376599376961
3.539999999999999,0.22588911663370925,0.3351911227578366,0.09636965228874339,0.17323988907901328,0.4056722939996408
3.5500000000000007,0.22692330444425318,0.33511403627022746,0.09639181603938501,0.1732725961780412,0.4118165474553115
3.5599999999999987,0.2280178769587674,0.33503626679143117,0.09641580171601133,0.17330642651803208,0.4179694108816606
3.5700000000000003,0.22917209656251186,0.33495785149661944,0.09644167497469014,0.1733414118106072,0.42412980325143057
3.580000000000002,0.23038508628512716,0.3348788288324551,0.09646950286636857,0.17337758561818511,0.43029657066756494
3.59,0.23165583105221843,0.3347992384830142,0.09649935358205697,0.17341498326510885,0.4364684851406506
3.6000000000000014,0.23298317925623335,0.3347191213322121,0.09653129619337497,0.17345364174230132,0.4426442434160814
3.6099999999999994,0.2343658446402585,0.3346385194228708,0.09656540038900474,0.17349359960580785,0.4488224658579288
3.620000000000001,0.23580240848842104,0.3345574759125524,0.0966017362075604,0.17353489686956425,0.45500169539687113
3.629999999999999,0.23729132211557358,0.3344760350262744,0.09664037376733481,0.1735775748927152,0.4611803965496957
3.6400000000000006,0.23883090964876674,0.33439424200621537,0.0966813829933541,0.17362167626178943,0.46735695451829157
3.650000000000002,0.24041937109250877,0.3343121430585063,0.09672483334213444,0.17366724466802308,0.4735296743761742
3.66,0.2420547856694133,0.334229785297198,0.09677079352450824,0.17371432478010596,0.4796967803509445
3.6700000000000017,0.2437351154276005,0.33414721668548286,0.09681933122686404,0.1737629621126111,0.4858564152112276
3.6799999999999997,0.2454582091055003,0.3340644859742443,0.09687051283112669,0.17381320289035446,0.4920066397668387
3.6900000000000013,0.24722180624493517,0.33398164263800034,0.09692440313378908,0.1738650939089164,0.4981454324911694
3.6999999999999993,0.24902354154213663,0.33389873680829674,0.0969810650642996,0.1739186823915495,0.5042706892748081
3.710000000000001,0.25086094942754644,0.3338158192046081,0.09704055940310746,0.17397401584268246,0.5103802233196614
3.719999999999999,0.2527314688631861,0.33373294106279255,0.09710294449966617,0.17403114189822777,0.5164717651827699
3.7300000000000004,0.2546324483475766,0.33365015406114884,0.09716827599070771,0.1740901081728886,0.5225429629791944
3.740000000000002,0.2565611511172713,0.3335675102441205,0.09723660651910732,0.17415096210466158,0.5285913827531941
3.75,0.258514760533285,0.33348506194368843,0.09730798545367764,0.17421375079672657,0.5346145090269879
3.7600000000000016,0.2604903856426033,0.33340286169850003,0.09738245861025324,0.17427852085691764,0.540609745536207
3.7699999999999996,0.2624850669015935,0.3333209621707791,0.09746006797445012,0.17434531823496835,0.5465744161609781
3.780000000000001,0.2644957820507412,0.3332394160610661,0.09754085142651642,0.17441418805773373,0.5525057660614406
3.789999999999999,0.2665194521283285,0.33315827602084463,0.09762484246872405,0.17448517446259382,0.5584009630260894
3.8000000000000007,0.2685529476106857,0.33307759456311337,0.09771206995578796,0.174558320429256,0.5642570990411301
3.8099999999999987,0.27059309466770765,0.33299742397097076,0.09780255782883945,0.1746336676101825,0.5700711920884773
3.8200000000000003,0.2726366815197988,0.3329178162042914,0.0978963248535249,0.1747112561598847,0.5758401881796805
3.830000000000002,0.2746804648846989,0.33283882280457666,0.09799338436284283,0.17479112456333884,0.5815609636323689
3.84,0.27672117650078987,0.3327604947980811,0.09809374400538318,0.17487330946379903,0.5872303275952958
3.8500000000000014,0.27875552971330575,0.3326828825973217,0.09819740549967593,0.17495784549029686,0.5928450248272753
3.8599999999999994,0.2807802261120304,0.33260603590109505,0.09830436439540807,0.17504476508514422,0.5984017387345291
3.870000000000001,0.2827919622050259,0.3325300035931408,0.0984146098423126,0.1751340983317718,0.6038970946701592
3.879999999999999,0.2847874361159918,0.3324548336396033,0.09852812436758474,0.17522587278326335,0.6093276634984198
3.8900000000000006,0.2867633542920339,0.33238057298546453,0.0986448836627205,0.17532011329196845,0.614689965425569
3.900000000000002,0.28871643820642867,0.33230726745013195,0.09876485638072119,0.17541684184060102,0.6199804740978635
3.91,0.2906434310432273,0.3322349616223874,0.09888800394464631,0.17551607737525793,0.6251956209662178
3.9200000000000017,0.29254110435151226,0.3321636987549211,0.09901428036853294,0.1756178356408159,0.630331799915742
3.9299999999999997,0.29440626465141917,0.3320935206586883,0.09914363209173566,0.1757221290191917,0.6353853721570881
3.9400000000000013,0.2962357599805856,0.33202446759735105,0.0992759978277647,0.17582896637097606,0.6403526713752449
3.9499999999999993,0.2980264863658587,0.3319565781820803,0.09941130842872614,0.17593835288097398,0.6452300091299115
3.960000000000001,0.29977539420497445,0.33188988926701546,0.09954948676648029,0.1760502899082103,0.6500136805002451
3.969999999999999,0.3014794945452143,0.33182443584569266,0.09969044763164353,0.17616477484097925,0.6546999699651762
3.9800000000000004,0.303135865244148,0.331760250948774,0.09983409765156165,0.17628180095753682,0.6592851575090724
3.990000000000002,0.30474165699729006,0.33169736554341955,0.09998033522837158,0.17640135729305423,0.6637655249408874
4.0,0.30629409921962647,0.33163580843466844,0.10012905049825493,0.17652342851346348,0.6681373624134807
4.010000000000002,0.3077905057660316,0.3315756061691972,0.10028012531295782,0.17664799479684146,0.6723969751281773
4.02,0.3092282804763008,0.3315167829418456,0.1004334332446204,0.17677503172298592,0.6765406902081122
4.030000000000001,0.3106049225322195,0.3314593605053054,0.10058883961490689,0.17690451017184372,0.6805648637224437
4.039999999999999,0.3119180316115991,0.33140335808337706,0.10074620154937847,0.1770363962314535,0.6844658878419664
4.050000000000001,0.31316531282658466,0.331348792288205,0.10090536805797834,0.17717065111606195,0.6882401981053263
4.059999999999999,0.3143445814335667,0.3312956770419081,0.10106618014242419,0.17730723109506724,0.6918842807735931
4.07,0.31545376730141955,0.3312440235030211,0.10122847093121501,0.17744608743343182,0.6953946802497628
4.080000000000002,0.31649091912585364,0.33119383999816393,0.10139206584286059,0.17758716634418903,0.6987680065384941
4.09,0.31745420837937477,0.33114513195934925,0.10155678277783331,0.17773040895365033,0.7020009427203732
4.100000000000001,0.3183419329842952,0.331097901867336,0.10172243233962491,0.17787575127988992,0.7050902524140104
4.109999999999999,0.31915252069884886,0.3310521492014222,0.1018888180851632,0.17802312422505384,0.7080327871984387
4.120000000000001,0.3198845322068749,0.33100787039606133,0.10205573680470625,0.17817245358200517,0.7108254939676442
4.129999999999999,0.3205366639015621,0.3309650588046691,0.10222297883119058,0.17832366005577288,0.7134654221884732
4.140000000000001,0.3211077503546617,0.33092370467096965,0.10239032837885775,0.178476659300225,0.7159497310328643
4.150000000000002,0.3215967664643097,0.3308837951082054,0.10255756391082593,0.1786313619703377,0.7182756963550998
4.16,0.32200282927464896,0.33084531408651474,0.10272445853511425,0.17878767379036975,0.7204407174848231
4.170000000000002,0.3223251994609837,0.3308082424287486,0.10289078042846006,0.17894549563819528,0.7224423238067147
4.18,0.32256328247640065,0.3307725578149687,0.10305629328710186,0.1791047236459788,0.7242781810980952
4.190000000000001,0.3227166293559726,0.33073823479583686,0.10322075680353315,0.17926524931730753,0.7259460975963185
4.199999999999999,0.3227849371757616,0.3307052448150679,0.1033839271680621,0.17942695966082262,0.7274440297685396
4.210000000000001,0.3227680491651442,0.33067355624107975,0.1035455575938451,0.17958973734031386,0.728770087757445
4.219999999999999,0.32266595447226365,0.3306431344079327,0.10370539886390001,0.1797534608411639,0.7299225404776398
4.23,0.3224787875829974,0.33061394166561253,0.10386319989844389,0.17991800465294544,0.7308998203387611
4.240000000000002,0.3222068273954763,0.33058593743965914,0.10401870834074872,0.18008323946789345,0.731700527572865
4.25,0.32185049595319704,0.33055907830010517,0.10417167115956089,0.1802490323948891,0.7323234341453536
4.260000000000002,0.32141035684088437,0.33053331803963837,0.10432183526599642,0.1804152471885085,0.7327674872305334
4.27,0.320887113248568,0.33050860776085383,0.10446894814269686,0.1805817444926059,0.7330318122348911
4.280000000000001,0.3202816057103073,0.3304848959724189,0.10461275848291507,0.1807483820978174,0.733115715353311
4.289999999999999,0.3195948095252116,0.3304621286939208,0.10475301683710125,0.18091501521229048,0.7330186856456893
4.300000000000001,0.31882783186964236,0.3304402495691254,0.10488947626447032,0.18108149674486612,0.7327403966237501
4.309999999999999,0.3179819086102954,0.33041919998732594,0.1050218929869593,0.18124767759986293,0.7322807073402936
4.32,0.3170584008290743,0.33039891921241815,0.10515002704292786,0.18141340698254366,0.7316396629755938
4.330000000000002,0.31605879107173374,0.3303793445192933,0.10527364293791314,0.1815785327142726,0.7308174949181964
4.34,0.31498467933288943,0.3303604113370998,0.10539251028972724,0.18174290155631284,0.729814620339925
4.350000000000001,0.31383777879112595,0.33034205339888795,0.10550640446518117,0.18190635954115242,0.7286316412674453
4.359999999999999,0.3126199113088063,0.3303242028971104,0.10561510720572864,0.1820687523101988,0.7272693431553037
4.370000000000001,0.3113330027116086,0.3303067906444237,0.10571840723935272,0.18222992545663275,0.7257286929678087
4.379999999999999,0.30997907786372864,0.3302897462392008,0.10581610087606624,0.18238972487217836,0.7240108367796138
4.390000000000001,0.3085602555553537,0.3302729982351418,0.10590799258445938,0.1825479970965107,0.7221170969071703
4.400000000000002,0.3070787432192398,0.3302564743143436,0.10599389554680799,0.18270458966800107,0.720048968585517
4.41,0.30553683149369526,0.33024010146317295,0.10607363219035532,0.18285935147448212,0.7178081162069984
4.420000000000002,0.3039368886499791,0.33022380615026825,0.10614703469248582,0.1830121331027073,0.7153963691405186
4.43,0.3022813549019723,0.3302075145059885,0.10621394545764418,0.18316278718517826,0.7128157171518371
4.440000000000001,0.30057273661612877,0.33019115250261677,0.10627421756398325,0.18331116874302056,0.7100683054470736
4.449999999999999,0.2988136004401175,0.33017464613462455,0.10632771517788286,0.1834571355236026,0.7071564293631938
4.460000000000001,0.2970065673684511,0.33015792159830537,0.10637431393463942,0.1836005483316161,0.7040825287305549
4.469999999999999,0.2951543067630569,0.330140905470088,0.10641390128380018,0.18374127135236523,0.7008491819338262
4.48,0.29325953034663005,0.33012352488285324,0.10644637679779567,0.18387917246604968,0.6974590996985296
4.490000000000002,0.2913249861868267,0.3301057076995882,0.10647165244271051,0.18401412355186958,0.6939151186313064
4.5,0.28935345268847157,0.33008738268373083,0.1064896528102226,0.18414600078083104,0.6902201945425539
4.510000000000002,0.287347732610704,0.3300684796655785,0.10650031530994003,0.18427468489618803,0.6863773955805174
4.52,0.2853106471255936,0.33004892970415556,0.1065035903215587,0.18440006148051702,0.6823898952061475
4.530000000000001,0.2832450299342865,0.3300286652439678,0.10649944130646372,0.18452202120848837,0.6782609650379945
4.539999999999999,0.28115372145603723,0.33000762026609504,0.10648784487859503,0.18464046008447083,0.6739939675963474
4.550000000000001,0.2790395631047317,0.32998573043311363,0.10646879083459376,0.18475527966417776,0.669592348975386
4.559999999999999,0.2769053916671917,0.32996293322736714,0.10644228214343437,0.18486638725964705,0.6650596314717224
4.57,0.2747540337963157,0.3299391680821506,0.10640833489593954,0.18497369612692405,0.6603994061969417
4.580000000000002,0.27258830063184697,0.32991437650540434,0.10636697821475105,0.18507712563590256,0.6556153257010611
4.59,0.27041098256043594,0.3298885021955588,0.10631825412550744,0.18517660142186354,0.6507110966327845
4.600000000000001,0.26822484412596187,0.3298614911492143,0.10626221739014297,0.18527205551833775,0.6456904724614433
4.609999999999999,0.2660326191002217,0.32983329176037623,0.10619893530337998,0.18536342647100462,0.6405572462843426
4.620000000000001,0.2638370057231761,0.32980385491101766,0.10612848745363462,0.18545065943242545,0.6353152437419051
4.629999999999999,0.26164066212112974,0.32977313405277847,0.10605096544969245,0.1855337062374957,0.6299683160617741
4.640000000000001,0.25944620191107054,0.32974108527965584,0.10596647261463527,0.185612525459585,0.6245203332515014
4.650000000000002,0.2572561899968474,0.3297076673915825,0.10587512364861756,0.18568708244741505,0.6189751774581062
4.66,0.2550731385635193,0.3296728419488353,0.10577704426219214,0.1857573493428074,0.6133367365111807
4.670000000000002,0.25289950327503746,0.3296365733172515,0.10567237078197422,0.1858233050795095,0.6076088976647493
4.68,0.2507376796794103,0.3295988287042786,0.10556124973051595,0.18588493536338235,0.6017955415515496
4.690000000000001,0.24858999982466984,0.3295595781859145,0.10544383738232677,0.18594223263430504,0.5959005363617764
4.699999999999999,0.246458729088204,0.3295187947246392,0.10532029929803166,0.18599519601021697,0.5899277322569076
4.710000000000001,0.24434606322124752,0.32947645417847055,0.10519080983870044,0.1860438312137846,0.5838809560275758
4.719999999999999,0.24225412560993848,0.329432535301313,0.10505555166241587,0.1860881504822368,0.577764006003088
4.73,0.24018496475444118,0.3293870197348009,0.10491471520516571,0.18612817246096902,0.5715806472186034
4.740000000000002,0.23814055196342887,0.32933989199186275,0.10476849814815342,0.18616392208156635,0.5653346068447038
4.75,0.23612277926523456,0.32929113943227134,0.10461710487362302,0.18619543042494224,0.5590295698826059
4.760000000000002,0.23413345753366283,0.32924075223045746,0.10446074591127896,0.18622273457032856,0.552669175127039
4.77,0.23217431482657414,0.32918872333589755,0.10429963737736403,0.18624587743089233,0.5462570113975755
4.780000000000001,0.23024699493466838,0.32913504842640395,0.10413400040842835,0.18626490757678266,0.5397966140379522
4.789999999999999,0.22835305613746776,0.32907972585466405,0.10396406059178231,0.18627987904644133,0.5332914616819387
4.800000000000001,0.22649397016304318,0.329022756588391,0.10379004739458297,0.18629085114702965,0.5267449732831524
4.809999999999999,0.22467112134821526,0.32896414414446595,0.10361219359344975,0.18629788824484506,0.5201605054054037
4.82,0.22288580599549518,0.3289038945174592,0.10343073470644676,0.18630105954661164,0.5135413497691398
4.830000000000002,0.22113923192003704,0.32884201610292896,0.1032459084292009,0.18630043887253855,0.5068907310489036
4.84,0.21943251818423049,0.32877851961590554,0.10305795407686102,0.18629610442204564,0.5002118049158744
4.850000000000001,0.2177666950138098,0.3287134180049712,0.1028671120335205,0.1862881385330547,0.4935076563189915
4.859999999999999,0.21614270389033685,0.32864672636235104,0.10267362321065354,0.1862766274357433,0.48678129799759984
4.870000000000001,0.21456139781448413,0.32857846183042927,0.10247772851602949,0.18626166100165026,0.48003566921797364
4.879999999999999,0.21302354173440308,0.32850864350510867,0.10227966833448549,0.1862433324890116,0.4732736347257806
4.890000000000001,0.21152981313326524,0.3284372923364237,0.10207968202185036,0.18622173828519312,0.4664979839060488
4.900000000000002,0.2100808027704647,0.32836443102681745,0.10187800741322472,0.1861969776470685,0.4597114301420497
4.91,0.20867701557050794,0.32829008392748465,0.10167488034672972,0.18616915244017307,0.4529166103641525
4.920000000000002,0.20731887165192497,0.3282142769331773,0.10147053420374802,0.18613836687744112,0.44611608477961795
4.93,0.20600670749196764,0.3281370373758602,0.10126519946658824,0.1861047272583108,0.43931233677418097
4.940000000000001,0.2047407772197865,0.32805839391759417,0.1010591032944137,0.1860683417089536,0.4325077729761277
4.949999999999999,0.20352125403201032,0.3279783764430141,0.10085246911818585,0.18602931992436023,0.42570472347369104
4.960000000000001,0.20234823172452887,0.3278970159517569,0.10064551625528001,0.1859877729129787,0.41890544217646425
4.969999999999999,0.20122172633425983,0.3278143444511817,0.10043845954434849,0.18594381274457572,0.412112107311758
4.98,0.20014167788460724,0.32773039484971034,0.10023150900091332,0.1858975523019561,0.40532682204677745
4.990000000000002,0.1991079522285294,0.32764520085110416,0.10002486949408973,0.18584910503714147,0.3985516152277869
5.0,0.1981203429831534,0.3275587968499748,0.09981874044475597,0.18579858473257654,0.39178844222746884
5.010000000000002,0.19717857354938967,0.3274712178288145,0.09961331554540559,0.1857461052678937,0.3850391858919558
5.02,0.1962822992113561,0.3273824992568133,0.09940878250183988,0.18569178039273337,0.37830565757924633
5.030000000000001,0.19543110930904817,0.3272926769907152,0.0992053227967819,0.18563572350607888,0.37158959828085747
5.039999999999999,0.19462452947859715,0.32720178717794907,0.09900311147542262,0.18557804744253054,0.3648926798189689
5.050000000000001,0.19386202395453161,0.32710986616225357,0.09880231695283553,0.18551886426590497,0.3582165061114262
5.059999999999999,0.19314299792845435,0.3270169503919974,0.09860310084313711,0.1854582850705121,0.35156261449741266
5.07,0.19246679995846266,0.3269230763313811,0.0984056178101968,0.18539641979042276,0.34493247711673175
5.080000000000002,0.191832724423516,0.32682828037468914,0.09821001543964919,0.18533337701700875,0.3383275023360973
5.09,0.19124001401808982,0.32673259876374483,0.09801643413189826,0.18526926382499542,0.33174903621599205
5.100000000000001,0.19068786228164486,0.3266360675087023,0.09782500701575214,0.18520418560724017,0.3251983640120519
5.109999999999999,0.190175416157775,0.3265387223122981,0.09763585988227502,0.18513824591840838,0.31867671170523143
5.120000000000001,0.18970177857787496,0.32644059849766327,0.09744911113839905,0.18507154632769207,0.3121852475552369
5.129999999999999,0.18926601106467988,0.3263417309397857,0.09726487177979021,0.18500418628067772,0.30572508367214674
5.140000000000001,0.18886713635106245,0.3262421540006954,0.09708324538242724,0.1849362629704443,0.29929727760128605
5.150000000000002,0.18850414100944762,0.3261419014684305,0.09690432811231287,0.1848678712179369,0.292902833916877
5.16,0.18817597808674275,0.3260410064998278,0.09672820875270266,0.1847991033616359,0.28654270582013225
5.170000000000002,0.18788156974067538,0.325939501567168,0.09655496874820912,0.18473004915651098,0.2802177967378342
5.18,0.18761980987396376,0.32583741840869124,0.09638468226510788,0.18466079568222238,0.273928961917712
5.190000000000001,0.1873895667612755,0.32573478798298705,0.0962174162671523,0.18459142726050676,0.2676770100171183
5.199999999999999,0.18718968566513416,0.325631640427249,0.09605323060618026,0.18452202538166057,0.2614627046818936
5.210000000000001,0.1870189914368927,0.3255280050193741,0.0958921781267778,0.18445266864000687,0.25528676611241474
5.219999999999999,0.1868762910991299,0.325423910143874,0.09573430478425393,0.18438343267821522,0.2491498726142057
5.23,0.1867603764058381,0.32531938326155574,0.09557964977516087,0.1843143901403178,0.24305266213058002
5.240000000000002,0.18667002637635394,0.32521445088291867,0.09542824567959579,0.18424561063324768,0.2369957337551431
5.25,0.18660400979927771,0.3251091385452068,0.09528011861450209,0.1841771606967081,0.23097964922206976
5.260000000000002,0.18656108770452473,0.3250034707930414,0.09513528839719199,0.1841091037811608,0.22500493437235372
5.27,0.1865400157987837,0.3248974711625595,0.09499376871830839,0.18404150023371002,0.2190720805944102
5.280000000000001,0.1865395468617781,0.3247911621689664,0.09485556732344402,0.18397440729164133,0.2131815462375259
5.289999999999999,0.18655843310026066,0.32468456529741097,0.09472068620264024,0.1839078790833621,0.20733375799693618
5.300000000000001,0.18659542845698113,0.32457770099708017,0.09458912178699325,0.1838419666364795,0.20152911226934025
5.309999999999999,0.18664929087195514,0.3244705886784087,0.09446086515160151,0.18377671789273986,0.1957679764779505
5.32,0.1867187844929411,0.324363246713289,0.09433590222410043,0.18371217772954485,0.19005069036618336
5.330000000000002,0.1868026818322273,0.32425569243816715,0.09421421399803831,0.1836483879877509,0.18437756725936136
5.34,0.18689976586881313,0.3241479421599011,0.09409577675036407,0.1835853875054534,0.17874889529380764
5.350000000000001,0.1870088320921019,0.324040011164258,0.09398056226230839,0.18352321215744766,0.17316493861290308
5.359999999999999,0.1871286904855441,0.32393191372692337,0.09386853804296091,0.18346189490005788,0.1676259385297827
5.370000000000001,0.1872581674480177,0.32382366312688937,0.09375966755485898,0.18340146582101935,0.16213211465638103
5.379999999999999,0.1873961076510346,0.3237152716620919,0.09365391044092464,0.18334195219409788,0.15668366599873967
5.390000000000001,0.18754137583006725,0.32360675066716105,0.09355122275211009,0.18328337853812776,0.15128077201845286
5.400000000000002,0.18769285850799766,0.3234981105331508,0.09345155717512599,0.18322576668015078,0.14592359366032895
5.41,0.18784946564831995,0.32338936072911106,0.0933548632596563,0.18316913582233674,0.14061227434631046
5.420000000000002,0.1880101322385509,0.32328050982536727,0.09326108764448432,0.18311350261237147,0.1353469409358297
5.43,0.18817381980056086,0.32317156551837034,0.09317017428197594,0.18305888121699526,0.13012770465283663
5.440000000000001,0.18833951782741182,0.32306253465698326,0.09308206466039676,0.18300528339838285,0.12495466197972627
5.449999999999999,0.18850624514536318,0.3229534232700703,0.09299669802355892,0.18295271859305623,0.11982789551854599
5.460000000000001,0.188673051200001,0.32284423659525424,0.09291401158732543,0.18290119399302884,0.11474747481979422
5.469999999999999,0.18883901726575691,0.3227349791087134,0.09283394075251983,0.18285071462888297,0.1097134571792761
5.48,0.18900325757784142,0.3226256545558877,0.09275641931382284,0.18280128345449032,0.10472588840340581
5.490000000000002,0.18916492038528682,0.3225162659829686,0.09268137966425682,0.1827529014330898,0.09978480354348684
5.5,0.1893231889261215,0.3224068157690477,0.09260875299489368,0.18270556762444673,0.09489022759943237
5.510000000000002,0.1894772823226722,0.3222973056588059,0.09253846948944272,0.18265927927282277,0.09004217619347422
5.52,0.18962645639747627,0.3221877367956215,0.09247045851340507,0.18261403189549635,0.0852406562144288
5.530000000000001,0.18977000440937825,0.3220781097549882,0.0924046487975076,0.1825698193715793,0.0804856664330476
5.539999999999999,0.18990725770971506,0.3219684245781269,0.09234096861515745,0.1825266340308882,0.07577719808909193
5.550000000000001,0.1900375863188662,0.3218586808056902,0.09227934595368115,0.18248446674263474,0.07111523545067504
5.559999999999999,0.19016039942284158,0.32174887751145165,0.09221970867914264,0.1824433070037106,0.06649975634653632
5.57,0.190275145790539,0.32163901333588546,0.09216198469455811,0.1824031430263542,0.061930732671811255
5.580000000000002,0.1903813141121657,0.32152908651954004,0.0921061020913509,0.18236396182499304,0.05740813086797316
5.59,0.19047843325895458,0.321419094936116,0.09205198929391545,0.18232574930206863,0.052931912377533835
5.600000000000001,0.1905660724651177,0.32130903612516304,0.0919995751971836,0.1822884903326616,0.0485020340741517
5.609999999999999,0.1906438414325597,0.3211989073243162,0.09194878929710854,0.1822521688477436,0.04411844866879664
5.620000000000001,0.19071139035929774,0.32108870550099244,0.09189956181400682,0.18221676791589425,0.03978110509256356
5.629999999999999,0.19076840989269567,0.3209784273834795,0.09185182380872131,0.1821822698233333,0.035489948856817125
5.640000000000001,0.19081463100796514,0.3208680694913468,0.09180550729158626,0.18214865615212633,0.031244922391245333
5.650000000000002,0.19084982481405266,0.3207576281651181,0.0917605453242002,0.18211590785643567,0.02704596536049778
5.66,0.19087380228735545,0.3206470995951489,0.09171687211403079,0.18208400533669877,0.022893014959990285
5.670000000000002,0.1908864139351077,0.32053647984965383,0.09167442310189539,0.1820529285116244,0.018786006191510333
5.68,0.19088754938975594,0.3204257649018367,0.09163313504237747,0.18202265688791053,0.014724872119247485
5.690000000000001,0.1908771369358408,0.32031495065608107,0.09159294607726048,0.18199316962759604,0.010709544106818562
5.699999999999999,0.19085514297127698,0.32020403297316014,0.09155379580207124,0.18196444561297187,0.006739952035930407
5.710000000000001,0.1908215714044761,0.32009300769443216,0.09151562532584773,0.18193646350898157,0.002816024507225803
5.719999999999999,0.190776462989381,0.31998187066499256,0.09147837732425473,0.1819092018230568,-0.001062310976058039
5.73,0.190719894600353,0.3198706177557544,0.0914419960861868,0.18188263896233986,-0.004895127841087411
5.740000000000002,0.19065197844877657,0.3197592448844385,0.09140642755401246,0.1818567532882564,-0.008682500294475383
5.75,0.1905728612436407,0.31964774803545304,0.0913716193576215,0.18183152316840717,-0.012424503186844939
5.760000000000002,0.19048272329810462,0.319536123278651,0.09133752084245261,0.1818069270257615,-0.01612121189234655
5.77,0.19038177758438934,0.319424366786955,0.0913040830916842,0.18178294338513945,-0.019772702202574207
5.780000000000001,0.19027026873937658,0.3193124748528445,0.09127125894278398,0.18175955091697948,-0.023379050234378043
5.789999999999999,0.19014847202288288,0.3192004439037012,0.0912390029986182,0.1817367284783974,-0.02694033235100747
5.800000000000001,0.19001669223167406,0.31908827051601696,0.0912072716333302,0.18171445515154655,-0.030456625096108154
5.809999999999999,0.18987526257112025,0.3189759514284654,0.09117602299320432,0.181692710279301,-0.03392800514002319
5.82,0.18972454348735124,0.31886348355384775,0.09114521699273498,0.18167147349828533,-0.03735454923793872
5.830000000000002,0.18956492146235632,0.31875086398992214,0.09111481530612697,0.1816507247692855,-0.040736334199342555
5.84,0.18939680777463785,0.31863809002913,0.09108478135445713,0.18163044440507864,-0.044073436868343654
5.850000000000001,0.18922063722822097,0.3185251591672372,0.09105508028872716,0.18161061309572607,-0.04736593411436368
5.859999999999999,0.1890368668524131,0.3184120691109076,0.09102567896904434,0.18159121193137967,-0.050613902832722296
5.870000000000001,0.1888459745752487,0.31829881778423025,0.09099654594016443,0.18157222242265575,-0.05381741995468578
5.879999999999999,0.18864845787336093,0.31818540333422546,0.09096765140363283,0.181553626518637,-0.05697656246649127
5.890000000000001,0.18844483240087184,0.3180718241353531,0.09093896718676042,0.18153540662256423,-0.060091407436940414
5.900000000000002,0.18823563060016246,0.31795807879305316,0.09091046670866904,0.18151754560528827,-0.06316203205308994
5.91,0.18802140029724812,0.3178441661463451,0.09088212494364117,0.18150002681654992,-0.06618851366364031
5.920000000000002,0.1878027032845902,0.3177300852695195,0.09085391838200407,0.18148283409416477,-0.06917092982958904
5.93,0.1875801138940983,0.3176158354729538,0.09082582498877906,0.18146595177118907,-0.07210935838172476
5.940000000000001,0.18735421756279513,0.31750141630308376,0.0907978241603205,0.18144936468114603,-0.07500387748458227
5.949999999999999,0.18712560939443645,0.31738682754156844,0.09076989667916757,0.1814330581613945,-0.07785456570642624
5.960000000000001,0.1868948927193702,0.3172720692036828,0.09074202466732495,0.18141701805472388,-0.08066150209490483
5.969999999999999,0.18666267765547312,0.31715714153597446,0.09071419153818788,0.18140123070926018,-0.08342476625795522
5.98,0.1864295796728362,0.3170420450132229,0.09068638194731737,0.18138568297676982,-0.08614443844961356
5.990000000000002,0.18619621816490595,0.31692678033473876,0.09065858174226887,0.1813703622094469,-0.08882059966032864
6.0,0.1859632150287096,0.3168113484200409,0.09063077791167118,0.1813552562552742,-0.0914533317114376
6.010000000000002,0.185731193256445,0.31669575040395037,0.09060295853374412,0.18134035345204325,-0.09404271735343507
6.02,0.18550077554130256,0.3165799876311408,0.09057511272444124,0.1813256426201239,-0.09658884036767598
6.030000000000001,0.18527258289992188,0.31646406165018315,0.09054723058539155,0.1813111130540696,-0.09909178567118908
6.039999999999999,0.1850472333137731,0.31634797420712346,0.090519303151812,0.18129675451314603,-0.10155163942423456
6.050000000000001,0.1848253403918459,0.316231727238634,0.09049132234055218,0.1812825572108714,-0.10396848914030245
6.059999999999999,0.184607512057052,0.3161153228647735,0.09046328089842581,0.18126851180365094,-0.10634242379819772
6.07,0.1843943492586107,0.3159987633813979,0.09043517235097892,0.18125460937859372,-0.10867353395592136
6.080000000000002,0.18418644471239337,0.3158820512522547,0.09040699095183002,0.18124084144059233,-0.1109619118660084
6.09,0.18398438167125541,0.3157651891008034,0.09037873163271859,0.18122719989874858,-0.11320765159203766
6.100000000000001,0.1837887327277894,0.31564817970179265,0.09035038995438188,0.18121367705222413,-0.11541084912600622
6.109999999999999,0.18360005865108597,0.3155310259726347,0.09032196205837983,0.18120026557559515,-0.1175716025062676
6.120000000000001,0.18341890725934407,0.31541373096460806,0.09029344461997313,0.1811869585037868,-0.11969001193576823
6.129999999999999,0.18324581233019954,0.31529629785392427,0.09026483480215552,0.18117374921666074,-0.12176617990027831
6.140000000000001,0.18308129255055555,0.3151787299326926,0.0902361302109333,0.18116063142332756,-0.12380021128636957
6.150000000000002,0.1829258505074125,0.31506103059981183,0.09020732885193572,0.18114759914625372,-0.12579221349885097
6.16,0.18277997172087052,0.3149432033518229,0.09017842908843288,0.18113464670522916,-0.1277422965774238
6.170000000000002,0.18264412372120353,0.3148252517737504,0.09014942960083006,0.18112176870126012,-0.12965057331229463
6.18,0.1825187551711246,0.3147071795299624,0.09012032934769953,0.18110896000044774,-0.13151715935849825
6.190000000000001,0.18240429503432598,0.3145889903550767,0.09009112752840487,0.1810962157179109,-0.13334217334870863
6.199999999999999,0.1823011517913874,0.3144706880449377,0.0900618235473633,0.18108353120181114,-0.13512573700428746
6.210000000000001,0.1822097127042432,0.31435227644769215,0.09003241697998587,0.18107090201752923,-0.13686797524437047
6.219999999999999,0.1821303431301095,0.31423375945498405,0.09000290754032747,0.1810583239320464,-0.1385690162927542
6.23,0.18206338588536486,0.31411514099329496,0.08997329505047391,0.1810457928985753,-0.1402289917823976
6.240000000000002,0.1820091606601728,0.3139964250154469,0.08994357941168324,0.1810333050414858,-0.1418480368573187
6.25,0.18196796348471506,0.3138776154922914,0.08991376057729655,0.1810208566415667,-0.1434262902717112
6.260000000000002,0.18194006624729586,0.3137587164046016,0.08988383852742227,0.18100844412166112,-0.14496389448608854
6.27,0.18192571626453324,0.3136397317351841,0.08985381324539676,0.1809960640327113,-0.14646099576027646
6.280000000000001,0.18192513590405263,0.3135206654612277,0.08982368469601604,0.18098371304024474,-0.14791774424309834
6.289999999999999,0.18193852226002133,0.31340152154690376,0.08979345280552764,0.18097138791133205,-0.1493342940585771
6.300000000000001,0.1819660468815003,0.31328230393623,0.0897631174433684,0.18095908550204132,-0.15071080338851867
6.309999999999999,0.18200785555315757,0.3131630165462123,0.08973267840562582,0.18094680274541503,-0.15204743455131736
6.32,0.18206406812859188,0.31304366326027255,0.08970213540020133,0.18093453663998849,-0.15334435407686403
6.330000000000002,0.18213477841611764,0.3129242479219744,0.08967148803364255,0.18092228423886947,-0.15460173277741437
6.34,0.18222005411647724,0.3128047743290534,0.08964073579961435,0.18091004263939342,-0.15581974581431196
6.350000000000001,0.1823199368118666,0.31268524622776067,0.08960987806896875,0.18089780897336855,-0.15699857276045096
6.359999999999999,0.1824344420059198,0.31256566730752344,0.08957891408137492,0.1808855803979199,-0.15813839765837168
6.370000000000001,0.1825635592141862,0.3124460411959294,0.08954784293846418,0.18087335408694133,-0.1592394090739084
6.379999999999999,0.1827072521042863,0.31232637145403797,0.08951666359844301,0.18086112722316078,-0.16030180014529155
6.390000000000001,0.18286545868453513,0.3122066615720198,0.08948537487212449,0.18084889699082168,-0.1613257686276398
6.400000000000002,0.18303809154044992,0.3120869149651282,0.08945397542032485,0.18083666056898234,-0.16231151693276466
6.41,0.18322503811840601,0.31196713496999995,0.08942246375257235,0.1808244151254318,-0.16325925216423762
6.420000000000002,0.18342616105504728,0.31184732484128874,0.08939083822706939,0.18081215781121862,-0.1641691861476635
6.43,0.18364129855124212,0.31172748774862546,0.08935909705185163,0.18079988575578848,-0.165041535456118
6.440000000000001,0.18387026478948837,0.3116076267739074,0.08932723828708372,0.18078759606272338,-0.1658765214307208
6.449999999999999,0.18411285039363934,0.3114877449089093,0.08929525984842868,0.18077528580607338,-0.166674370196312
6.460000000000001,0.18436882292953027,0.3113678450532142,0.08926315951143243,0.1807629520272711,-0.1674353126722212
6.469999999999999,0.18463792744475266,0.31124793001245954,0.0892309349168579,0.18075059173261665,-0.16815958457811406
6.48,0.1849198870462896,0.311128002496891,0.08919858357690535,0.18073820189132006,-0.16884742643492143
6.490000000000002,0.18521440351478102,0.31100806512021956,0.08916610288225663,0.1807257794340869,-0.16949908356085225
6.5,0.18552115795348417,0.3108881203987743,0.08913349010987803,0.18071332125222955,-0.17011480606250912
6.510000000000002,0.18583981147026984,0.31076817075094326,0.08910074243151911,0.18070082419728917,-0.17069484882112795
6.52,0.18617000589103294,0.31064821849689395,0.08906785692284303,0.18068828508114854,-0.17123947147396862
6.530000000000001,0.18651136450293376,0.31052826585856574,0.08903483057312517,0.1806757006766176,-0.17174893839089983
6.539999999999999,0.18686349282565545,0.3104083149599244,0.08900166029545908,0.1806630677184709,-0.17222351864621513
6.550000000000001,0.18722597940863112,0.3102883678274687,0.08896834293740558,0.18065038290491747,-0.17266348598573983
6.559999999999999,0.18759839665249395,0.31016842639098074,0.08893487529202665,0.18063764289947998,-0.17306911878927853
6.57,0.18798030165322405,0.31004849248450805,0.08890125410924266,0.18062484433326237,-0.17344070002847636
6.580000000000002,0.1883712370667855,0.3099285678475685,0.08886747610745521,0.18061198380758337,-0.17377851722015775
6.59,0.1887707319923892,0.309808654126565,0.08883353798537957,0.1805990578969524,-0.17408286237522677
6.600000000000001,0.18917830287249487,0.3096887528764014,0.08879943643402838,0.18058606315236497,-0.17435403194320756
6.609999999999999,0.1895934544077439,0.30956886556228635,0.0887651681487962,0.18057299610489436,-0.17459232675251632
6.620000000000001,0.19001568048488476,0.30944899356171524,0.0887307298415892,0.1805598532695547,-0.17479805194656006
6.629999999999999,0.19044446511559843,0.309329138166617,0.08869611825295193,0.1805466311494145,-0.17497151691575985
6.640000000000001,0.19087928338431398,0.3092093005856566,0.0886613301641423,0.18053332623993307,-0.17511303522560565
6.650000000000002,0.19131960240338908,0.3090894819466784,0.08862636240910637,0.18051993503349978,-0.17522292454085056
6.66,0.19176488227348598,0.30896968329928254,0.08859121188631086,0.1805064540241505,-0.17530150654595972
6.670000000000002,0.19221457704730543,0.308849905617519,0.08855587557038852,0.18049287971243866,-0.17534910686193222
6.68,0.1926681356947978,0.3087301498026912,0.08852035052355878,0.18047920861043798,-0.17536605495961632
6.690000000000001,0.19312500306807706,0.30861041668625466,0.08848463390678263,0.18046543724685432,-0.1753526840696455
6.699999999999999,0.1935846208642007,0.30849070703280207,0.08844872299061746,0.1804515621722233,-0.17530933108912447
6.710000000000001,0.19404642858393562,0.308371021543122,0.088412615165738,0.1804375799641743,-0.17523633648519538
6.719999999999999,0.1945098644847234,0.3082513608573207,0.08837630795309193,0.18042348723273638,-0.1751340441956215
6.73,0.19497436652630573,0.30813172555799584,0.08833979901366107,0.1804092806256677,-0.17500280152652373
6.740000000000002,0.195439373307143,0.3080121161734529,0.08830308615780003,0.18039495683378765,-0.17484295904741096
6.75,0.19590432499002602,0.30789253318095233,0.08826616735413056,0.18038051259629134,-0.1746548704836451
6.760000000000002,0.196368664215267,0.3077729770099782,0.08822904073796628,0.1803659447060289,-0.17443889260648332
6.77,0.1968318369999288,0.30765344804551886,0.08819170461925013,0.18035125001472968,-0.17419538512084382
6.780000000000001,0.19729329362157488,0.3075339466313493,0.08815415748998479,0.18033642543815592,-0.17392471055093833
6.789999999999999,0.1977524894850342,0.30741447307330705,0.0881163980311428,0.1803214679611676,-0.17362723412391934
6.800000000000001,0.19820888597080116,0.30729502764255223,0.08807842511904024,0.1803063746426828,-0.17330332365168888
6.809999999999999,0.19866195126376257,0.30717561057880266,0.08804023783116488,0.1802911426205196,-0.17295334941101473
6.82,0.19911116116087807,0.3070562220935377,0.08800183545144968,0.18027576911610332,-0.17257768402210236
6.830000000000002,0.1995559998565895,0.3069368623731613,0.0879632174749822,0.18026025143902707,-0.17217670232576948
6.84,0.19999596070483283,0.3068175315821177,0.08792438361214755,0.18024458699145318,-0.17175078125936902
6.850000000000001,0.20043054695651347,0.3066982298659531,0.08788533379220048,0.1802287732723421,-0.17130029973160538
6.859999999999999,0.20085927247136198,0.3065789573543154,0.08784606816626517,0.18021280788149957,-0.17082563849639257
6.870000000000001,0.2012816624031662,0.30645971416388773,0.08780658710976408,0.18019668852343096,-0.17032718002589062
6.879999999999999,0.2016972538574805,0.3063405004012477,0.08776689122427683,0.18018041301099474,-0.16980530838287036
6.890000000000001,0.2021055965211213,0.3062213161656493,0.08772698133883511,0.18016397926884492,-0.16926040909254
6.900000000000002,0.2025062532623535,0.30610216155172054,0.08768685851065672,0.18014738533665708,-0.1686928690139774
6.91,0.20289880070121552,0.3059830366520734,0.08764652402532896,0.1801306293721302,-0.1681030762113002
6.920000000000002,0.20328282974933276,0.30586394155982066,0.08760597939644649,0.18011370965375811,-0.16749141982471086
6.93,0.20365794611865773,0.30574487637099723,0.08756522636471736,0.18009662458336745,-0.1668582899415481
6.940000000000001,0.20402377079854989,0.3056258411868819,0.08752426689654541,0.18007937268841623,-0.16620407746747198
6.949999999999999,0.2043799405007053,0.3055068361162156,0.08748310318210356,0.18006195262405028,-0.16552917399791267
6.960000000000001,0.2047261080715767,0.3053878612773149,0.08744173763291108,0.1800443631749154,-0.16483397168990194
6.969999999999999,0.20506194287220741,0.30526891680007817,0.08740017287892976,0.18002660325672343,-0.16411886313441376
6.98,0.20538713112493545,0.30515000282788135,0.08735841176519465,0.18000867191757053,-0.1633842412293242
6.990000000000002,0.2057013762268151,0.3050311195193629,0.08731645734799648,0.17999056833900862,-0.16263049905311341
7.0,0.20600439902974327,0.3049122670500967,0.08727431289063281,0.17997229183686897,-0.16185802973941252
7.010000000000002,0.20629593808728391,0.3047934456141512,0.08723198185874692,0.17995384186184077,-0.16106722635250645
7.02,0.2065757498681281,0.3046746554255355,0.08718946791527343,0.17993521799980483,-0.1602584817638992
7.030000000000001,0.2068436089361964,0.30455589671953054,0.08714677491500877,0.17991641997192592,-0.15943218853003374
7.039999999999999,0.20709930809752325,0.30443716975390755,0.0871039068988293,0.1798974476345065,-0.15858873877127322
7.050000000000001,0.20734265851432504,0.30431847481003194,0.08706086808757557,0.17987830097860474,-0.1577285240522248
7.059999999999999,0.20757348978652412,0.3041998121938554,0.08701766287562435,0.17985898012942247,-0.15685193526350655
7.07,0.20779165000060118,0.30408118223679576,0.08697429582417043,0.17983948534546612,-0.15595936250503087
7.080000000000002,0.20799700574656205,0.30396258529650605,0.08693077165423829,0.17981981701748706,-0.15505119497089584
7.09,0.2081894421033812,0.30384402175753533,0.08688709523944699,0.17979997566720596,-0.15412782083595317
7.100000000000001,0.20836886259338971,0.30372549203188137,0.08684327159854832,0.17977996194582802,-0.1531896271441293
7.109999999999999,0.20853518910603308,0.3036069965594389,0.08679930588776241,0.1797597766323552,-0.15223699969857252
7.120000000000001,0.20868836179155204,0.3034885358083435,0.08675520339292941,0.17973942063170179,-0.1512703229536817
7.129999999999999,0.20882833892532482,0.3033701102752159,0.08671096952150231,0.17971889497262145,-0.15028997990908963
7.140000000000001,0.20895509674386242,0.30325172048530735,0.08666660979439977,0.17969820080545273,-0.14929635200564606
7.150000000000002,0.2090686292524388,0.3031333669925501,0.08662212983774253,0.17967733939969005,-0.14828981902346575
7.16,0.20916894800559865,0.30301505037951415,0.08657753537449253,0.1796563121413895,-0.1472707589820815
7.170000000000002,0.2092560818612758,0.302896771257276,0.08653283221601732,0.17963512053041697,-0.14623954804275155
7.18,0.20933007670938375,0.3027785302651995,0.0864880262535988,0.17961376617754676,-0.14519656041296655
7.190000000000001,0.20939099517563314,0.3026603280706349,0.08644312344990734,0.17959225080141972,-0.1441421682531856
7.199999999999999,0.20943891630141315,0.3025421653685375,0.0863981298304603,0.17957057622536932,-0.14307674158584655
7.210000000000001,0.20947393520070212,0.3024240428810101,0.08635305147508521,0.17954874437412488,-0.1420006482066704
7.219999999999999,0.20949616269535892,0.30230596135677357,0.08630789450940407,0.1795267572704004,-0.1409142535982976
7.23,0.20950572492923997,0.3021879215705669,0.0862626650963596,0.17950461703137804,-0.13981792084626912
7.240000000000002,0.20950276296222997,0.3020699243224839,0.086217369427799,0.1794823258650955,-0.13871201055738366
7.25,0.2094874323454049,0.3019519704372472,0.08617201371613237,0.17945988606674596,-0.13759688078043883
7.260000000000002,0.2094599026783463,0.30183406076342495,0.08612660418608337,0.17943730001489955,-0.13647288692937318
7.27,0.20942035714958884,0.3017161961725927,0.08608114706654585,0.17941457016765622,-0.13534038170882423
7.280000000000001,0.20936899206119175,0.3015983775584468,0.08603564858256346,0.17939169905873686,-0.1341997150420996
7.289999999999999,0.20930601633850837,0.30148060583587033,0.08599011494744441,0.17936868929352356,-0.1330512340015778
7.300000000000001,0.2092316510264921,0.30136288193995625,0.08594455235502702,0.17934554354505683,-0.13189528274152834
7.309999999999999,0.20914612877369643,0.301245206824993,0.0858989669721063,0.17932226454999767,-0.13073220243336142
7.32,0.2090496933044042,0.30112758146341445,0.08585336493103712,0.17929885510456417,-0.12956233120329091
7.330000000000002,0.20894259888066113,0.3010100068447181,0.08580775232252147,0.1792753180604505,-0.12838600407241726
7.34,0.20882510975511376,0.30089248397435664,0.08576213518859371,0.17925165632073564,-0.12720355289920957
7.350000000000001,0.20869749961577994,0.3007750138726055,0.08571651951581205,0.17922787283579006,-0.12601530632438085
7.359999999999999,0.20856005102375813,0.30065759757340915,0.08567091122866483,0.17920397059918958,-0.12482158971814517
7.370000000000001,0.20841305484493433,0.30054023612321135,0.08562531618320163,0.1791799526436415,-0.12362272512983231
7.379999999999999,0.20825680967683297,0.30042293057977176,0.08557974016089548,0.17915582203693142,-0.12241903123985289
7.390000000000001,0.20809162127214104,0.30030568201097174,0.08553418886274367,0.17913158187789896,-0.1212108233139808
7.400000000000002,0.20791780195914217,0.3001884914936145,0.08548866790361309,0.17910723529244588,-0.11999841315994521
7.41,0.20773567006058952,0.3000713601122206,0.08544318280683527,0.17908278542958744,-0.11878210908629623
7.420000000000002,0.20754554931205166,0.2999542889578224,0.08539773899905645,0.1790582354575495,-0.11756221586352339
7.43,0.2073477682807397,0.29983727912676206,0.08535234180534568,0.1790335885599193,-0.11633903468740436
7.440000000000001,0.20714265978576113,0.29972033171949397,0.08530699644456557,0.1790088479318554,-0.11511286314454489
7.449999999999999,0.2069305603207353,0.2996034478393942,0.08526170802500693,0.17898401677636133,-0.11388399518009186
7.460000000000001,0.20671180947971252,0.29948662859158226,0.08521648154028999,0.17895909830063,-0.11265272106757636
7.469999999999999,0.20648674938757178,0.2993698750817545,0.08517132186553333,0.17893409571246094,-0.11141932738086635
7.48,0.20625572413589727,0.29925318841503284,0.08512623375379086,0.17890901221675815,-0.11018409696818236
7.490000000000002,0.2060190792245063,0.2991365696948327,0.08508122183275801,0.17888385101210924,-0.10894730892815488
7.5,0.205777161010271,0.29902002002174866,0.085036290601745,0.17885861528745345,-0.1077092385878767
7.510000000000002,0.20553031616376183,0.2989035404924637,0.08499144442891671,0.17883330821883953,-0.10647015748291838
7.52,0.20527889113457148,0.29878713219868125,0.0849466875487987,0.178807932966278,-0.10523033333927424
7.530000000000001,0.2050232316260494,0.2986707962260834,0.08490202406004471,0.17878249267069118,-0.10399003005718938
7.539999999999999,0.20476368208016993,0.2985545336533161,0.08485745792346505,0.17875699045096255,-0.10274950769684355
7.550000000000001,0.20450058517328334,0.29843834555100235,0.08481299296031208,0.1787314294010896,-0.10150902246583857
7.559999999999999,0.2042342813238005,0.2983222329807874,0.08476863285081881,0.17870581258744067,-0.10026882670846371
7.57,0.20396510821176966,0.29820619699441414,0.08472438113298619,0.17868014304611946,-0.0990291688966857
7.580000000000002,0.20369340031144706,0.2980902386328307,0.0846802412016166,0.17865442378043705,-0.09779029362283641
7.59,0.2034194884373688,0.2979743589253338,0.08463621630758539,0.1786286577584949,-0.0965524415939471
7.600000000000001,0.2031436993044523,0.2978585588887441,0.08459230955734848,0.17860284791087777,-0.09531584962769322
7.609999999999999,0.20286635510263695,0.29774283952661923,0.08454852391267825,0.17857699712845937,-0.09408075064991334
7.620000000000001,0.2025877730865182,0.29762720182850244,0.08450486219062336,0.17855110826031995,-0.09284737369365074
7.629999999999999,0.20230826518040712,0.29751164676920694,0.08446132706368414,0.17852518411177704,-0.09161594389969094
7.640000000000001,0.20202813759947214,0.2973961753081393,0.08441792106020057,0.17849922744252938,-0.09038668251853982
7.650000000000002,0.20174769048707192,0.2972807883886594,0.08437464656494215,0.17847324096491385,-0.08915980691381603
7.66,0.20146721756860297,0.29716548693747835,0.08433150581989612,0.17844722734227408,-0.08793553056700691
7.670000000000002,0.20118700582238097,0.2970502718640952,0.08428850092524481,0.17842118918744276,-0.08671406308355104
7.68,0.20090733516770187,0.2969351440602711,0.08424563384052558,0.17839512906133403,-0.08549561020021347
7.690000000000001,0.20062847817033858,0.29682010439954293,0.08420290638596684,0.17836904947164733,-0.08428037379370176
7.699999999999999,0.2003506997656644,0.2967051537367734,0.08416032024399062,0.1783429528716795,-0.08306855189049865
7.710000000000001,0.20007425699953924,0.2965902929077405,0.08411787696087569,0.178316841659246,-0.08186033867785789
7.719999999999999,0.19979939878718384,0.296475522728764,0.08407557794857279,0.1782907181757083,-0.08065592451593845
7.73,0.1995263656901904,0.2963608439963691,0.08403342448666501,0.17826458470510598,-0.07945549595102681
7.740000000000002,0.1992553897114197,0.29624625748698796,0.08399141772446361,0.17823844347339263,-0.07825923572982166
7.75,0.19898669410817388,0.2961317639566968,0.08394955868323373,0.17821229664777238,-0.07706732281473443
7.760000000000002,0.1987204932234637,0.29601736414098934,0.0839078482585407,0.178186146336136,-0.07587993240017331
7.77,0.19845699233537323,0.29590305875458434,0.08386628722270928,0.17815999458659415,-0.07469723592977941
7.780000000000001,0.19819638752445734,0.29578884849127046,0.08382487622738849,0.17813384338710508,-0.07351940111456845
7.789999999999999,0.1979388655590566,0.29567473402378197,0.08378361580621374,0.17810769466519488,-0.0723465919519578
7.800000000000001,0.1976846037984042,0.2955607160037092,0.08374250637755892,0.17808155028776734,-0.07117896874563032
7.809999999999999,0.19743377011351265,0.29544679506144117,0.08370154824737097,0.1780554120610014,-0.07001668812621543
7.82,0.19718652282535826,0.2953329718061387,0.08366074161207832,0.17802928173033294,-0.06885990307274135
7.830000000000002,0.1969430106604203,0.295219246825739,0.08362008656156739,0.1780031609805186,-0.06770876293483953
7.84,0.1967033727232198,0.29510562068698937,0.08357958308221908,0.1779770514357783,-0.06656341345565885
7.850000000000001,0.1964677384856015,0.29499209393550907,0.08353923105999689,0.17795095466001443,-0.06542399679546383
7.859999999999999,0.19623622779248834,0.2948786670958791,0.08349903028358235,0.1779248721571039,-0.0642906515558905
7.870000000000001,0.19600895088378556,0.2947653406717587,0.08345898044754807,0.17789880537126102,-0.06316351280482026
7.879999999999999,0.1957860084320726,0.29465211514602624,0.0834190811555639,0.17787275568746758,-0.06204271210185565
7.890000000000001,0.19556749159581,0.2945389909809456,0.08337933192362762,0.17784672443196659,-0.06092837752435786
7.900000000000002,0.1953534820875611,0.2944259686183549,0.08333973218331597,0.17782071287281864,-0.05982063369402998
7.91,0.195144052256902,0.2943130484798777,0.0833002812850479,0.1777947222205158,-0.058719601804010306
7.920000000000002,0.19493926518760585,0.2942002309671554,0.08326097850135528,0.1777687536286514,-0.05762539964645353
7.93,0.19473917480861946,0.29408751646209913,0.08322182303015474,0.17774280819464156,-0.05653814164057858
7.940000000000001,0.19454382601840925,0.2939749053271603,0.08318281399801569,0.17771688696049637,-0.05545793886114856
7.949999999999999,0.19435325482221588,0.29386239790561997,0.08314395046341799,0.17769099091363771,-0.054384899067371636
7.960000000000001,0.19416748848171927,0.29374999452189215,0.0831052314199951,0.17766512098775983,-0.05331912673218647
7.969999999999999,0.1939865456766019,0.2936376954818457,0.0830666557997578,0.17763927806373053,-0.05226072307192324
7.98,0.19381043667754844,0.2935255010731377,0.0830282224762931,0.17761346297053066,-0.05120978607630467
7.990000000000002,0.19363916353009308,0.293413411565562,0.08298993026793411,0.17758767648622742,-0.05016641053877922
8.0,0.19347272024885914,0.29330142721140856,0.08295177794089648,0.17756191933897958,-0.04913068808715551
8.010000000000002,0.1933110930215995,0.2931895482458346,0.08291376421237928,0.17753619220807232,-0.048102707214522075
8.02,0.1931542604224994,0.2930777748872452,0.08287588775362215,0.1775104957249779,-0.047082553310437425
8.030000000000001,0.1930021936342064,0.2929661073376829,0.08283814719291943,0.1774848304744407,-0.046070308692361665
8.04,0.19285485667803492,0.2928545457832254,0.08280054111858587,0.17745919699558232,-0.045066052637324064
8.05,0.1927122066517628,0.29274309039439045,0.08276306808187095,0.17743359578302653,-0.044069861413796464
8.059999999999999,0.19257419397442976,0.2926317413265455,0.08272572659981953,0.17740802728803923,-0.0430818083137684
8.07,0.19244076263762533,0.2925204987203238,0.08268851515807485,0.17738249191968225,-0.04210196368499519
8.080000000000002,0.19231185046267102,0.2924093627020436,0.08265143221362259,0.1773569900459787,-0.041130394963414904
8.09,0.19218738936312313,0.29229833338413047,0.08261447619747331,0.17733152199508811,-0.040167166705710106
8.100000000000001,0.19206730561202184,0.29218741086554295,0.08257764551728097,0.17730608805648618,-0.039212340622003385
8.11,0.1919515201133309,0.2920765952321981,0.08254093855989597,0.1772806884821519,-0.03826597560867593
8.120000000000001,0.1918399486770166,0.2919658865573991,0.08250435369385067,0.17725532348775525,-0.037328127781286864
8.129999999999999,0.1917325022972069,0.2918552849022615,0.08246788927177628,0.17722999325384675,-0.036398850507591146
8.14,0.19162908743282492,0.2917447903161402,0.08243154363274968,0.17720469792704568,-0.03547819444063259
8.150000000000002,0.1915296062901889,0.29163440283705266,0.08239531510456899,0.17717943762122446,-0.03456620755190975
8.16,0.1914339571070678,0.2915241224921018,0.0823592020059567,0.17715421241868945,-0.03366293516459561
8.170000000000002,0.19134203443760223,0.29141394929789455,0.08232320264869075,0.17712902237135475,-0.03276841998680223
8.18,0.19125372943758323,0.2913038832609579,0.08228731533966138,0.17710386750190787,-0.03188270214488364
8.190000000000001,0.19116893014957287,0.2911939243781501,0.08225153838285448,0.17707874780496624,-0.031005819216757522
8.2,0.19108752178736738,0.29108407263706726,0.08221587008126091,0.17705366324822291,-0.030137806265247032
8.21,0.19100938701931647,0.29097432801644507,0.08218030873871135,0.17702861377358003,-0.02927869587142144
8.219999999999999,0.1909344062499898,0.29086469048655417,0.08214485266163751,0.17700359929826825,-0.028428518167937563
8.23,0.19086245789966733,0.29075516000959045,0.08210950016075846,0.17697861971595252,-0.027587300872363
8.240000000000002,0.19079341868134292,0.2906457365400572,0.08207424955269421,0.17695367489782188,-0.026755069320481505
8.25,0.19072716387465039,0.29053642002514135,0.08203909916150559,0.17692876469366148,-0.025931846499565796
8.260000000000002,0.19066356759634212,0.2904272104050823,0.0820040473201617,0.17690388893290865,-0.025117653081611978
8.27,0.19060250306688836,0.2903181076135325,0.08196909237193489,0.17687904742568905,-0.024312507456531712
8.280000000000001,0.1905438428727954,0.2902091115779105,0.0819342326717255,0.1768542399638341,-0.023516425765287233
8.29,0.19048745922426796,0.2901002222197455,0.0818994665873154,0.17682946632187824,-0.022729421932971203
8.3,0.19043322420784542,0.2899914394550133,0.0818647925005524,0.17680472625803506,-0.02195150770181589
8.309999999999999,0.19038101003356173,0.28988276319446393,0.08183020880846703,0.17678001951515288,-0.021182692664133973
8.32,0.1903306892764588,0.28977419334393983,0.08179571392432139,0.1767553458216478,-0.02042298429517595
8.330000000000002,0.1902821351119996,0.2896657298046851,0.08176130627859263,0.17673070489241494,-0.01967238798590714
8.34,0.19023522154511757,0.2895573724736461,0.081726984319892,0.17670609642971624,-0.01893090707569117
8.350000000000001,0.1901898236326171,0.2894491212437609,0.08169274651582031,0.1766815201240462,-0.01819854288487776
8.36,0.19014581769864358,0.28934097600424225,0.08165859135376169,0.1766569756549733,-0.017475294747291877
8.370000000000001,0.19010308154297972,0.28923293664084815,0.08162451734161746,0.17663246269195854,-0.016761160042612737
8.379999999999999,0.1900614946419571,0.28912500303614486,0.08159052300848119,0.17660798089515034,-0.016056134228645925
8.39,0.19002093834167272,0.2890171750697589,0.0815566069052559,0.17658352991615472,-0.015360210873475656
8.400000000000002,0.189981296043425,0.28890945261862094,0.08152276760521648,0.1765591093987826,-0.01467338168750051
8.41,0.18994245338114213,0.2888018355571989,0.08148900370451756,0.17653471897977235,-0.013995636555342219
8.420000000000002,0.1899042983906158,0.28869432375772236,0.08145531382265009,0.1765103582894892,-0.01332696356762564
8.43,0.18986672167043656,0.28858691709039697,0.0814216966028461,0.17648602695259974,-0.012667349052628426
8.440000000000001,0.1898296165344785,0.28847961542361034,0.08138815071243516,0.17646172458872383,-0.012016777607790425
8.45,0.18979287915582632,0.28837241862412744,0.08135467484315423,0.17643745081306178,-0.011375232131086502
8.46,0.18975640870207527,0.2882653265572778,0.08132126771141052,0.1764132052369995,-0.010742693852251597
8.469999999999999,0.18972010746193152,0.2881583390871334,0.08128792805850232,0.17638898746868847,-0.010119142363861989
8.48,0.18968388096294847,0.2880514560766775,0.08125465465079695,0.17636479711360498,-0.009504555652262015
8.490000000000002,0.18964763808057528,0.28794467738796486,0.08122144627986838,0.1763406337750848,-0.008898910128340012
8.5,0.1896112911382961,0.28783800288227346,0.08118830176259706,0.1763164970548366,-0.008302180658144654
8.510000000000002,0.1895747559989538,0.2877314324202469,0.08115521994123154,0.17629238655343282,-0.007714340593340991
8.52,0.18953795214725339,0.28762496586203046,0.08112219968341672,0.1762683018707788,-0.007135361801505135
8.530000000000001,0.189500802763455,0.2875186030673965,0.08108923988218669,0.17624424260656096,-0.006565214696249563
8.54,0.18946323478831079,0.2874123438958645,0.08105633945592766,0.17622020836067376,-0.0060038682671826275
8.55,0.18942517897933447,0.28730618820681136,0.08102349734830933,0.17619619873362607,-0.005451290109692932
8.559999999999999,0.1893865699583917,0.2872001358595758,0.08099071252818779,0.17617221332692762,-0.004907446454562456
8.57,0.18934734625079475,0.28709418671355447,0.08095798398948251,0.17614825174345583,-0.004372302197399405
8.580000000000002,0.1893074503159587,0.28698834062829115,0.08092531075102649,0.17612431358780323,-0.003845820927894396
8.59,0.1892668285697246,0.28688259746355993,0.08089269185639353,0.17610039846660636,-0.0033279649588925553
8.600000000000001,0.1892254313985096,0.2867769570794402,0.08086012637370249,0.17607650598885638,-0.0028186953552812133
8.61,0.18918321316539938,0.2866714193363872,0.08082761339540101,0.176052635766192,-0.002317971962692549
8.620000000000001,0.18914013220833853,0.28656598409529493,0.08079515203802923,0.17602878741317457,-0.0018257534360144167
8.629999999999999,0.1890961508306102,0.28646065121755393,0.08076274144196538,0.17600496054754766,-0.0013419972677125467
8.64,0.1890512352837504,0.2863554205651027,0.08073038077115491,0.17598115479047904,-0.000866659815956461
8.650000000000002,0.1890053557430788,0.28625029200047464,0.08069806921282358,0.1759573697667875,-0.00039969633255214614
8.66,0.18895848627609846,0.2861452653868387,0.08066580597717732,0.17593360510515454,5.893900932479015e-05
8.670000000000002,0.1889106048038982,0.2860403405880356,0.08063359029708728,0.17590986043832113,0.0005092930875958807
8.68,0.18886169305582767,0.2859355174686097,0.08060142142776455,0.1758861354032702,0.0009514138039468545
8.690000000000001,0.18881173651764505,0.2858307958938352,0.08056929864642359,0.1758624296413951,0.001385350056701065
8.7,0.1887607243733624,0.28572617572973896,0.08053722125193585,0.17583874279865574,0.0018111517138962607
8.71,0.18870864944104676,0.28562165684311913,0.08050518856447514,0.1758150745257211,0.0022288695865716277
8.719999999999999,0.1886555081028239,0.2855172391015594,0.0804731999251555,0.17579142447809948,0.002638555402262062
8.73,0.18860130022928695,0.28541292237344007,0.0804412546956621,0.17576779231625778,0.0030402617787063614
8.740000000000002,0.1885460290986547,0.2853087065279455,0.08040935225787604,0.17574417770572864,0.0034340421977665093
8.75,0.18848970131085602,0.28520459143506766,0.08037749201349603,0.17572058031720694,0.0038199509795635196
8.760000000000002,0.18843232669686,0.2851005769656088,0.08034567338365473,0.17569699982663634,0.00419804325683011
8.77,0.18837391822350202,0.2849966629911781,0.08031389580853171,0.17567343591528572,0.004568374949480474
8.780000000000001,0.18831449189407462,0.2848928493841883,0.08028215874696515,0.17564988826981576,0.0049310027394023955
8.79,0.18825406664496708,0.2847891360178488,0.08025046167606148,0.175626356582337,0.00528598404546899
8.8,0.18819266423864262,0.2846855227661562,0.0802188040908034,0.17560284055045916,0.005633376998776104
8.809999999999999,0.18813030915318701,0.28458200950388324,0.08018718550365822,0.1755793398773321,0.0059732404181026206
8.82,0.18806702846877432,0.284478596106566,0.08015560544418626,0.1755558542716792,0.006305633785599374
8.830000000000002,0.188002851751275,0.28437528245048876,0.08012406345865053,0.1755323834478234,0.006630617222704349
8.84,0.18793781093331458,0.28427206841266706,0.08009255910962654,0.17550892712570604,0.006948251466288683
8.850000000000001,0.18787194019305453,0.2841689538708303,0.08006109197561584,0.17548548503089922,0.007258597845033574
8.86,0.18780527583097167,0.28406593870340247,0.08002966165066017,0.1754620568946118,0.007561718256038553
8.870000000000001,0.18773785614491328,0.2839630227894811,0.07999826774395902,0.17543864245368934,0.007857675141665268
8.879999999999999,0.18766972130371584,0.28386020600881645,0.07996690987949046,0.17541524145060888,0.008146531466614593
8.89,0.18760091321962286,0.2837574882417885,0.07993558769563547,0.17539185363346882,0.008428350695241893
8.900000000000002,0.18753147541981552,0.28365486936938444,0.07990430084480576,0.175368478755972,0.00870319676910855
8.91,0.18746145291729172,0.2835523492731745,0.07987304899307629,0.17534511657740637,0.008971134084773314
8.920000000000002,0.18739089208136156,0.283449927835287,0.07984183181982157,0.17532176686262035,0.009232227471823947
8.93,0.1873198405080183,0.2833476049383845,0.07981064901735696,0.1752984293819937,0.009486542171149038
8.940000000000001,0.18724834689043213,0.28324538046563813,0.07977950029058495,0.17527510391140555,0.009734143813453845
8.95,0.18717646088981832,0.28314325430070186,0.07974838535664608,0.17525179023219806,0.009975098398017987
8.96,0.18710423300692408,0.2830412263276876,0.07971730394457605,0.17522848813113717,0.010209472271699294
8.969999999999999,0.18703171445434952,0.2829392964311388,0.07968625579496702,0.17520519740037044,0.010437332108181601
8.98,0.1869589570299509,0.28283746449600555,0.0796552406596353,0.1751819178373819,0.010658744887470583
8.990000000000002,0.18688601299154994,0.2827357304076182,0.07962425830129433,0.175158649244944,0.010873777875635647
9.0,0.18681293493315232,0.2826340940516622,0.0795933084932336,0.17513539143106743,0.011082498604800995
9.010000000000002,0.18673977566288713,0.2825325553141533,0.07956239101900336,0.17511214420894883,0.011284974853385688
9.02,0.18666658808286957,0.2824311140814115,0.07953150567210499,0.17508890739691607,0.011481274626592946
9.030000000000001,0.1865934250711851,0.28232977024003747,0.07950065225568748,0.17506568081837237,0.011671466137151199
9.04,0.186520339366182,0.2822285236768874,0.07946983058224966,0.17504246430173787,0.011855617786305209
9.05,0.1864473834532373,0.2821273742790497,0.0794390404733486,0.17501925768038967,0.012033798145060398
9.060000000000002,0.1863746094541598,0.28202632193382093,0.0794082817593138,0.17499606079260188,0.012206075935678707
9.07,0.18630206901942742,0.2819253665286829,0.07937755427896692,0.17497287348148244,0.012372520013428189
9.080000000000002,0.18622981322338072,0.28182450795128067,0.07934685787934881,0.17494969559490958,0.012533199348586302
9.09,0.18615789246251924,0.28172374608939993,0.07931619241545046,0.17492652698546823,0.01268818300869664
9.100000000000001,0.18608635635703835,0.281623080830946,0.07928555774995094,0.17490336751038416,0.012837540141081074
9.11,0.18601525365574145,0.2815225120639233,0.07925495375296115,0.17488021703145779,0.012981339955605777
9.120000000000001,0.1859446321444458,0.281422039676414,0.07922438030177276,0.17485707541499762,0.013119651707703406
9.129999999999999,0.18587453855798092,0.28132166355655963,0.07919383728061297,0.1748339425317526,0.01325254468164969
9.14,0.18580501849586034,0.28122138359254145,0.0791633245804052,0.1748108182568443,0.013380088174096623
9.150000000000002,0.1857361163417664,0.28112119967256227,0.07913284209853472,0.1747877024696987,0.013502351477860565
9.16,0.1856678751868977,0.2810211116848291,0.0791023897386195,0.174764595053977,0.01361940386596676
9.170000000000002,0.18560033675725374,0.2809211195175353,0.07907196741028732,0.1747414958975071,0.013731314575949826
9.18,0.18553354134491762,0.28082122305884477,0.07904157502895748,0.17471840489221396,0.013838152794409617
9.190000000000001,0.18546752774340453,0.28072142219687607,0.07901121251562743,0.17469532193405035,0.013939987641823635
9.2,0.18540233318712668,0.2806217168196873,0.07898087979666468,0.17467224692292738,0.01403688815761473
9.21,0.1853379932950016,0.2805221068152614,0.07895057680360401,0.17464917976264488,0.014128923285474737
9.219999999999999,0.18527454201820598,0.28042259207149267,0.07892030347294865,0.17462612036082187,0.014216161858943107
9.23,0.18521201159214906,0.2803231724761732,0.07889005974597685,0.17460306862882663,0.014298672587241254
9.240000000000002,0.1851504324926505,0.28022384791698035,0.07885984556855274,0.17458002448170762,0.014376524041361126
9.25,0.1850898333963259,0.28012461828146484,0.07882966089094212,0.17455698783812396,0.014449784640408584
9.260000000000002,0.18503024114516808,0.2800254834570394,0.07879950566763211,0.1745339586202761,0.01451852263820076
9.27,0.18497168071532638,0.2799264433309676,0.07876937985715554,0.1745109367538369,0.014582806110116822
9.280000000000001,0.18491417519007297,0.27982749779035393,0.07873928342191933,0.17448792216788245,0.014642702940201908
9.29,0.18485774573691816,0.27972864672213377,0.07870921632803701,0.1744649147948238,0.014698280808523442
9.3,0.18480241158881028,0.27962989001306454,0.07867917854516582,0.1744419145703383,0.014749607178779297
9.310000000000002,0.18474819002942422,0.27953122754971693,0.07864917004634658,0.17441892143330157,0.014796749286156981
9.32,0.1846950963824796,0.2794326592184667,0.07861919080784852,0.17439593532571934,0.014839774125443394
9.330000000000002,0.18464314400502302,0.2793341849054868,0.07858924080901741,0.17437295619266047,0.014878748439384009
9.34,0.1845923442846042,0.2792358044967407,0.07855932003212696,0.17434998398218932,0.014913738707290963
9.350000000000001,0.1845427066402932,0.27913751787797536,0.07852942846223449,0.17432701864529904,0.01494481113389893
9.36,0.18449423852747354,0.27903932493471467,0.07849956608704006,0.17430406013584493,0.01497203163846802
9.370000000000001,0.18444694544632578,0.2789412255522543,0.0784697328967483,0.17428110841047845,0.014995465844132624
9.379999999999999,0.18440083095388543,0.2788432196156555,0.07843992888393381,0.1742581634285812,0.015015179067495103
9.39,0.18435589667961555,0.2787453070097407,0.07841015404341084,0.1742352251521999,0.015031236308463421
9.400000000000002,0.18431214234441312,0.2786474876190881,0.0783804083721048,0.17421229354598128,0.015043702240331405
9.41,0.18426956578292375,0.2785497613280282,0.07835069186892729,0.17418936857710726,0.015052641200100664
9.420000000000002,0.1842281629690578,0.2784521280206391,0.07832100453465485,0.17416645021523125,0.01505811717904264
9.43,0.18418792804461087,0.27835458758074305,0.07829134637180968,0.1741435384324143,0.015060193813499802
9.440000000000001,0.18414885335088615,0.27825713989190326,0.07826171738454413,0.17412063320306181,0.015058934375924577
9.45,0.18411092946320307,0.2781597848374205,0.07823211757852772,0.1740977345038609,0.015054401766154508
9.46,0.18407414522814597,0.2780625223003311,0.07820254696083656,0.174074842313718,0.015046658502922559
9.469999999999999,0.1840384878034374,0.27796535216340323,0.07817300553984641,0.17405195661369688,0.015035766715600796
9.48,0.1840039427003578,0.27786827430913574,0.07814349332512777,0.17402907738695766,0.015021788136176011
9.490000000000002,0.1839704938285407,0.2777712886197554,0.07811401032734411,0.1740062046186957,0.015004784091456015
9.5,0.1839381235430218,0.27767439497721563,0.07808455655815238,0.17398333829608165,0.014984815495504743
9.510000000000002,0.1839068126934112,0.2775775932631948,0.07805513203010572,0.1739604784082009,0.014961942842304643
9.52,0.1838765406750718,0.27748088335909465,0.07802573675656005,0.17393762494599507,0.014936226198644731
9.530000000000001,0.18384728548217483,0.2773842651460393,0.07799637075158156,0.17391477790220283,0.014907725197232569
9.54,0.1838190237624867,0.27728773850487426,0.077967034029858,0.1738919372713017,0.01487649903002863
9.55,0.1837917308737122,0.27719130331616554,0.07793772660661147,0.17386910304945058,0.014842606441800852
9.560000000000002,0.1837653809413396,0.27709495946019924,0.07790844849751416,0.17384627523443286,0.01480610572389815
9.57,0.18373994691781076,0.2769987068169807,0.07787919971860624,0.17382345382559916,0.014767054708240595
9.580000000000002,0.18371540064287867,0.27690254526623415,0.07784998028621576,0.17380063882381241,0.01472551076152455
9.59,0.1836917129050169,0.276806474687403,0.07782079021688182,0.17377783023139193,0.014681530779641072
9.600000000000001,0.18366885350375667,0.27671049495964917,0.07779162952727925,0.17375502805205878,0.014635171182305211
9.61,0.18364679131282674,0.2766146059618537,0.07776249823414577,0.17373223229088197,0.014586487907894645
9.620000000000001,0.18362549434395964,0.27651880757261627,0.07773339635421112,0.17370944295422464,0.014535536408495467
9.629999999999999,0.18360492981120757,0.27642309967025636,0.07770432390412901,0.17368666004969174,0.014482371645153197
9.64,0.18358506419565673,0.2763274821328125,0.07767528090041081,0.17366388358607765,0.014427048083326748
9.650000000000002,0.1835658633104449,0.2762319548380441,0.07764626735936159,0.17364111357331463,0.014369619688543687
9.66,0.18354729236591205,0.27613651766343117,0.07761728329701822,0.17361835002242232,0.014310139922254323
9.670000000000002,0.18352931603477574,0.27604117048617516,0.07758832872908972,0.1735955929454574,0.014248661737882522
9.68,0.1835118985172124,0.27594591318319983,0.0775594036708998,0.17357284235546439,0.014185237577071463
9.690000000000001,0.18349500360573112,0.27585074563115236,0.07753050813733137,0.17355009826642687,0.01411991936612165
9.7,0.18347859474972794,0.27575566770640436,0.07750164214277283,0.17352736069321956,0.01405275851261943
9.71,0.183462635119593,0.27566067928505233,0.07747280570106718,0.17350462965156138,0.013983805902253475
9.719999999999999,0.18344708767024748,0.27556578024291956,0.07744399882546277,0.17348190515796874,0.013913111895817315
9.73,0.18343191520405977,0.2754709704555573,0.07741522152856545,0.17345918722970988,0.013840726326395275
9.740000000000002,0.1834170804329861,0.2753762497982454,0.07738647382229441,0.17343647588475997,0.013766698496729955
9.75,0.1834025460398535,0.2752816181459945,0.07735775571783798,0.173413771141757,0.013691077176768757
9.760000000000002,0.18338827473868663,0.2751870753735477,0.07732906722561295,0.1733910730199587,0.013613910601386985
9.77,0.1833742293339906,0.2750926213553811,0.07730040835522523,0.17336838153919953,0.013535246468285758
9.780000000000001,0.183360372778903,0.2749982559657065,0.07727177911543232,0.17334569671984934,0.013455131936061638
9.79,0.1833466682321257,0.27490397907847297,0.07724317951410792,0.17332301858277205,0.013373613622446497
9.8,0.18333307911353675,0.2748097905673681,0.07721460955820869,0.1733003471492861,0.013290737602714283
9.810000000000002,0.1833195691584456,0.27471569030582077,0.07718606925374238,0.17327768244112485,0.01320654940825339
9.82,0.18330610247039186,0.27462167816700245,0.07715755860573814,0.17325502448039815,0.013121094025301344
9.830000000000002,0.18329264357242125,0.2745277540238301,0.0771290776182183,0.17323237328955504,0.013034415893839829
9.84,0.18327915745677775,0.27443391774896786,0.07710062629417297,0.17320972889134678,0.01294655890664796
9.850000000000001,0.18326560963295246,0.2743401692148292,0.07707220463553471,0.17318709130879106,0.012857566408510544
9.86,0.1832519661740326,0.2742465082935795,0.07704381264315674,0.1731644605651373,0.012767481195579964
9.870000000000001,0.1832381937613018,0.27415293485713876,0.07701545031679169,0.1731418366838321,0.012676345514888339
9.879999999999999,0.18322425972702733,0.2740594487771842,0.07698711765507288,0.17311921968848643,0.012584201064008376
9.89,0.18321013209541404,0.27396604992515206,0.0769588146554962,0.17309660960284318,0.012491088990859565
9.900000000000002,0.18319577962167605,0.27387273817224134,0.07693054131440513,0.1730740064507454,0.01239704989365844
9.91,0.18318117182918647,0.27377951338941636,0.0769022976269762,0.17305141025610615,0.012302123821009424
9.920000000000002,0.18316627904468108,0.2736863754474094,0.07687408358720649,0.17302882104287853,0.012206350272134202
9.93,0.18315107243148698,0.2735933242167242,0.0768458991879028,0.17300623883502708,0.01210976819723779
9.940000000000001,0.18313552402075506,0.27350035956763874,0.07681774442067191,0.17298366365649975,0.012012415998007696
9.95,0.18311960674067723,0.27340748137020865,0.07678961927591338,0.17296109553120081,0.011914331528244978
9.96,0.18310329444367318,0.2733146894942704,0.07676152374281231,0.17293853448296476,0.011815552094623682
9.969999999999999,0.18308656193153638,0.27322198380944485,0.07673345780933516,0.17291598053553148,0.01171611445757732
9.98,0.1830693849785408,0.2731293641851411,0.07670542146222559,0.17289343371252108,0.011616054832308844
9.990000000000002,0.18305174035249222,0.2730368304905594,0.0766774146870029,0.17287089403741118,0.011515408889922737
10.0,0.1830336058337384,0.27294438259469533,0.07664943746796093,0.17284836153351374,0.0114142117586762
10.010000000000002,0.18301496023213776,0.2728520203663437,0.07662148978816846,0.17282583622395375,0.01131249802534696
10.02,0.18299578340199485,0.2727597436741023,0.07659357162947134,0.172803318131648,0.011210301736716074
10.030000000000001,0.1829760562549746,0.2726675523863759,0.07656568297249539,0.1727808072792854,0.011107656401162182
10.04,0.18295576077101366,0.2725754463713806,0.07653782379665053,0.1727583036893076,0.011004594990366073
10.05,0.18293488000724956,0.2724834254971482,0.07650999408013642,0.17273580738389072,0.010901149941121959
10.060000000000002,0.18291339810498564,0.2723914896315296,0.07648219379994947,0.17271331838492793,0.010797353157254384
10.07,0.18289130029471878,0.2722996386422002,0.07645442293188937,0.1726908367140132,0.010693236011637198
10.080000000000002,0.18286857289925845,0.27220787239666416,0.07642668145056897,0.17266836239242467,0.01058882934831301
10.09,0.18284520333497356,0.2721161907622589,0.07639896932942347,0.17264589544111053,0.010484163484710792
10.100000000000001,0.18282118011119491,0.27202459360615955,0.07637128654072173,0.17262343588067414,0.010379268213958699
10.11,0.18279649282781008,0.27193308079538403,0.07634363305557701,0.17260098373136123,0.010274172807290734
10.120000000000001,0.18277113217109092,0.2718416521967987,0.07631600884396034,0.17257853901304682,0.01016890601654386
10.129999999999999,0.1827450899078043,0.2717503076771213,0.07628841387471397,0.17255610174522384,0.01006349607674447
10.14,0.18271835887764182,0.27165904710292804,0.07626084811556572,0.17253367194699198,0.009957970708780826
10.150000000000002,0.1826909329840115,0.27156787034065766,0.07623331153314356,0.17251124963704695,0.009852357122160108
10.16,0.18266280718324596,0.2714767772566171,0.07620580409299221,0.17248883483367144,0.009746682017847317
10.170000000000002,0.18263397747227944,0.27138576771698636,0.07617832575958933,0.17246642755472608,0.009640971591183798
10.18,0.18260444087484307,0.27129484158782396,0.0761508764963626,0.172444027817641,0.009535251534883799
10.190000000000001,0.18257419542622727,0.27120399873507295,0.07612345626570827,0.172421635639409,0.00942954704210573
10.2,0.18254324015666806,0.2711132390245654,0.07609606502900901,0.17239925103657844,0.009323882809597422
10.21,0.18251157507342003,0.2710225623220289,0.07606870274665362,0.17237687402524698,0.00921828304091162
10.219999999999999,0.18247920114157962,0.27093196849309203,0.076041369378056,0.17235450462105661,0.009112771449691161
10.23,0.18244612026369178,0.27084145740328947,0.07601406488167578,0.1723321428391884,0.009007371263020219
10.240000000000002,0.1824123352582231,0.27075102891806807,0.07598678921503882,0.17230978869435853,0.008902105224840848
10.25,0.18237784983695549,0.27066068290279305,0.0759595423347581,0.17228744220081493,0.00879699559943179
10.260000000000002,0.1823426685813634,0.2705704192227532,0.07593232419655438,0.1722651033723337,0.008692064174947669
10.27,0.18230679691803225,0.2704802377431673,0.07590513475527971,0.1722427722222173,0.008587332267017186
10.280000000000001,0.18227024109317747,0.27039013832919,0.07587797396493745,0.17222044876329246,0.008482820722397142
10.29,0.18223300814633298,0.27030012084591726,0.07585084177870605,0.17219813300790887,0.008378549922681456
10.3,0.18219510588328647,0.27021018515839307,0.07582373814896093,0.17217582496793854,0.008274539788062137
10.310000000000002,0.18215654284829091,0.2701203311316151,0.07579666302729743,0.17215352465477524,0.008170809781141174
10.32,0.18211732829563754,0.2700305586305408,0.07576961636455348,0.172131232079335,0.008067378910790691
10.330000000000002,0.1820774721606518,0.2699408675200936,0.07574259811083328,0.17210894725205667,0.007964265736059618
10.34,0.18203698503017285,0.26985125766516915,0.07571560821553036,0.1720866701829032,0.007861488370125501
10.350000000000001,0.18199587811257584,0.2697617289306409,0.0756886466273507,0.17206440088136293,0.007759064484288488
10.36,0.1819541632073975,0.2696722811813671,0.07566171329433613,0.17204213935645202,0.007657011312006916
10.370000000000001,0.18191185267462495,0.26958291428219605,0.07563480816388823,0.17201988561671655,0.00755534565297136
10.379999999999999,0.18186895940372994,0.2694936280979732,0.07560793118279102,0.1719976396702358,0.0074540838772165306
10.39,0.18182549678247584,0.2694044224935464,0.07558108229723487,0.17197540152462487,0.007353241929268157
10.400000000000002,0.18178147866557043,0.26931529733377263,0.07555426145283989,0.17195317118703846,0.0072528353323239765
10.41,0.18173691934322556,0.26922625248352394,0.07552746859467901,0.17193094866417485,0.007152879192466388
10.420000000000002,0.1816918335096787,0.26913728780769375,0.07550070366730155,0.1719087339622804,0.0070533882029053235
10.43,0.18164623623172987,0.2690484031712027,0.0754739666147558,0.17188652708715346,0.006954376648249904
10.440000000000001,0.1816001429173444,0.2689595984390049,0.07544725738061242,0.17186432804414953,0.006855858408806417
10.45,0.1815535692843756,0.2688708734760942,0.07542057590798695,0.1718421368381865,0.006757846964902036
10.46,0.1815065313294743,0.26878222814750974,0.07539392213956275,0.17181995347374962,0.0066603554012313665
10.469999999999999,0.1814590452972195,0.2686936623183428,0.07536729601761305,0.1717977779548978,0.006563396411225548
10.48,0.1814111276495135,0.2686051758537417,0.07534069748402317,0.17177561028526894,0.006466982301441002
10.490000000000002,0.1813627950353054,0.2685167686189187,0.07531412648031272,0.17175345046808588,0.006371124995967468
10.5,0.18131406426068042,0.26842844047915543,0.07528758294765714,0.17173129850616303,0.006275836040852779
10.510000000000002,0.18126495225936012,0.268340191299809,0.07526106682690925,0.17170915440191276,0.00618112660854335
10.52,0.18121547606365324,0.2682520209463174,0.07523457805862016,0.17168701815735204,0.006087007502339081
10.530000000000001,0.18116565277589503,0.26816392928420596,0.07520811658306026,0.1716648897741091,0.005993489160860382
10.54,0.1811154995404216,0.26807591617909254,0.0751816823402397,0.17164276925343064,0.005900581662527013
10.55,0.18106503351612796,0.26798798149669334,0.07515527526992838,0.17162065659618853,0.00580829473004601
10.560000000000002,0.18101427184960472,0.26790012510282823,0.07512889531167627,0.1715985518028874,0.005716637734908576
10.57,0.18096323164892558,0.2678123468634272,0.07510254240483266,0.17157645487367185,0.005625619701893546
10.580000000000002,0.18091192995810135,0.26772464664453466,0.07507621648856527,0.17155436580833366,0.005535249313576389
10.59,0.1808603837322325,0.26763702431231573,0.0750499175018789,0.17153228460631947,0.005445534914842898
10.600000000000001,0.1808086098133862,0.2675494797330613,0.07502364538363404,0.17151021126673832,0.005356484517405265
10.61,0.18075662490722177,0.2674620127731929,0.07499740007256483,0.17148814578836935,0.005268105804320269
10.620000000000001,0.18070444556038623,0.26737462329926864,0.07497118150729654,0.1714660881696694,0.005180406134507415
10.629999999999999,0.1806520881387249,0.267287311177988,0.07494498962636298,0.17144403840878064,0.005093392547266636
10.64,0.1805995688062919,0.26720007627619635,0.07491882436822322,0.17142199650353862,0.005007071766793404
10.650000000000002,0.18054690350519664,0.267112918460891,0.07489268567127771,0.1713999624514796,0.0049214502066909985
10.66,0.18049410793630405,0.2670258375992254,0.07486657347388481,0.17137793624984887,0.004836533974478004
10.670000000000002,0.18044119754079901,0.2669388335585138,0.07484048771437574,0.171355917895608,0.00475232887609013
10.68,0.18038818748262703,0.26685190620623633,0.07481442833107016,0.17133390738544307,0.004668840420375626
10.690000000000001,0.18033509263182107,0.2667650554100436,0.07478839526229075,0.1713119047157723,0.004586073823582294
10.7,0.1802819275487209,0.26667828103776103,0.0747623884463775,0.17128990988275333,0.0045040340138360405
10.71,0.18022870646910039,0.2665915829573934,0.07473640782170166,0.17126792288229192,0.00442272563560894
10.719999999999999,0.1801754432902059,0.2665049610371295,0.0747104533266787,0.1712459437100486,0.004342153054176701
10.73,0.1801221515576935,0.2664184151453459,0.07468452489978222,0.17122397236144687,0.0042623203600635155
10.740000000000002,0.18006884445348603,0.2663319451506117,0.07465862247955585,0.17120200883168069,0.004183231373474312
10.75,0.1800155347845414,0.2662455509216918,0.07463274600462533,0.17118005311572204,0.004104889648712645
10.760000000000002,0.17996223497253044,0.26615923232755173,0.0746068954137108,0.17115810520832786,0.004027298478583562
10.77,0.17990895704442228,0.26607298923736145,0.07458107064563763,0.17113616510404817,0.0039504608987808
10.780000000000001,0.17985571262396827,0.2659868215204985,0.07455527163934772,0.17111423279723303,0.003874379692256731
10.79,0.1798025129240829,0.2659007290465524,0.0745294983339096,0.17109230828203975,0.003799057393574989
10.8,0.1797493687401202,0.26581471168532794,0.07450375066852866,0.17107039155243975,0.0037244962932440613
10.810000000000002,0.17969629044401497,0.26572876930684863,0.07447802858255703,0.17104848260222627,0.0036506984420318403
10.82,0.17964328797929924,0.2656429017813607,0.07445233201550272,0.17102658142502059,0.003577665655259641
10.830000000000002,0.17959037085697271,0.26555710897933554,0.07442666090703837,0.17100468801427937,0.003505399517075107
10.84,0.1795375481522143,0.26547139077147375,0.07440101519700959,0.17098280236330127,0.0034339013847035954
10.850000000000001,0.17948482850192232,0.26538574702870765,0.07437539482544353,0.17096092446523342,0.0033631723926764974
10.86,0.17943222010306503,0.2653001776222048,0.07434979973255645,0.17093905431307804,0.0032932134570366443
10.870000000000001,0.1793797307118239,0.26521468242337076,0.0743242298587607,0.170917191899699,0.0032240252795192508
10.879999999999999,0.17932736764352308,0.26512926130385184,0.07429868514467197,0.1708953372178279,0.0031556083517084734
10.89,0.1792751377733069,0.2650439141355382,0.07427316553111601,0.17087349026007037,0.0030879629591681417
10.900000000000002,0.17922304753756063,0.26495864079056586,0.07424767095913454,0.17085165101891198,0.003021089185546746
10.91,0.17917110293604854,0.2648734411413202,0.07422220136999147,0.1708298194867245,0.0029549869166554535
10.920000000000002,0.17911930953474858,0.2647883150604377,0.07419675670517828,0.17080799565577132,0.0028896558445187796
10.93,0.17906767246936112,0.2647032624208087,0.07417133690641942,0.17078617951821345,0.0028250954713975123
10.940000000000001,0.1790161964494687,0.2646182830955796,0.07414594191567692,0.17076437106611492,0.0027613051137827817
10.95,0.17896488576332276,0.26453337695815493,0.07412057167515496,0.17074257029144807,0.002698283906361391
10.96,0.17891374428323736,0.26444854388219974,0.07409522612730474,0.17072077718609957,0.0026360308059511575
10.969999999999999,0.1788627754715592,0.2643637837416414,0.07406990521482754,0.17069899174187442,0.0025745445954064544
10.98,0.17881198238719165,0.2642790964106718,0.0740446088806791,0.17067721395050212,0.0025138238874927365
10.990000000000002,0.1787613676926484,0.26419448176374927,0.07401933706807245,0.1706554438036409,0.0024538671287302597
11.0,0.17871093366160884,0.2641099396755998,0.0739940897204816,0.17063368129288287,0.0023946726032059553
11.010000000000002,0.1786606821869503,0.26402547002121945,0.0739688667816435,0.17061192640975847,0.002336238436353274
11.02,0.17861061478923052,0.26394107267587535,0.07394366819556142,0.17059017914574126,0.002278562598699709
11.030000000000001,0.17856073262559274,0.2638567475151078,0.07391849390650673,0.17056843949225214,0.0022216429095811515
11.04,0.17851103649906874,0.2637724944147313,0.0738933438590213,0.17054670744066358,0.002165477040823223
11.05,0.17846152686825206,0.26368831325083614,0.07386821799791898,0.17052498298230406,0.002110062520388636
11.060000000000002,0.17841220385731293,0.2636042038997899,0.07384311626828705,0.17050326610846167,0.002055396735990815
11.07,0.17836306726633128,0.26352016623823815,0.07381803861548797,0.1704815568103884,0.002001476938672895
11.080000000000002,0.17831411658191826,0.263436200143106,0.0737929849851604,0.17045985507930383,0.0019483002463520488
11.09,0.1782653509881021,0.2633523054915991,0.07376795532321967,0.17043816090639874,0.0018958636473289483
11.100000000000001,0.17821676937744957,0.2632684821612047,0.07374294957585886,0.17041647428283857,0.0018441640037616216
11.11,0.1781683703623993,0.2631847300296922,0.07371796768954936,0.1703947951997672,0.0017931980551040094
11.120000000000001,0.17812015228677874,0.263101048975115,0.07369300961104097,0.17037312364830953,0.0017429624215083352
11.129999999999999,0.178072113237481,0.2630174388758102,0.07366807528736197,0.17035145961957554,0.0016934536071916773
11.14,0.17802425105627462,0.2629338996103997,0.07364316466581938,0.17032980310466272,0.001644668003765862
11.150000000000002,0.1779765633517228,0.2628504310577915,0.07361827769399809,0.17030815409465938,0.001596601893531072
11.16,0.1779290475111865,0.2627670330971795,0.07359341431976174,0.1702865125806473,0.0015492514527324927
11.170000000000002,0.17788170071288834,0.26268370560804444,0.0735685744912507,0.17026487855370442,0.0015026127547799843
11.18,0.1778345199380127,0.2626004484701542,0.07354375815688247,0.17024325200490786,0.0014566817734307908
11.190000000000001,0.17778750198281962,0.26251726156356475,0.07351896526535023,0.17022163292533593,0.001411454385934673
11.2,0.17774064347075097,0.2624341447686199,0.0734941957656225,0.17020002130607076,0.0013669263761418734
11.21,0.17769394086450407,0.26235109796595196,0.07346944960694146,0.1701784171382008,0.0013230934375732175
11.219999999999999,0.1776473904780546,0.262268121036482,0.07344472673882213,0.17015682041282282,0.0012799511764527692
11.23,0.17760098848860656,0.26218521386142,0.07342002711105095,0.17013523112104406,0.0012374951147024198
11.240000000000002,0.1775547309484496,0.2621023763222651,0.07339535067368425,0.1701136492539841,0.0011957206928987988
11.25,0.17750861379670374,0.26201960830080573,0.07337069737704716,0.17009207480277733,0.001154623273192046
11.260000000000002,0.17746263287093467,0.2619369096791198,0.07334606717173137,0.17007050775857413,0.0011141981421865176
11.27,0.1774167839186186,0.2618542803395745,0.0733214600085943,0.1700489481125429,0.0010744405137835394
11.280000000000001,0.1773710626084432,0.2617717201648262,0.07329687583875638,0.1700273958558719,0.0010353455319857703
11.29,0.17732546454142545,0.26168922903782094,0.07327231461359962,0.17000585097977028,0.000996908273663612
11.3,0.17727998526183003,0.2616068068417938,0.07324777628476586,0.16998431347547055,0.0009591237512831845
11.310000000000002,0.17723462026787773,0.26152445346026926,0.07322326080415437,0.16996278333422882,0.0009219869155962822
11.32,0.177189365022224,0.26144216877706034,0.07319876812392029,0.16994126054732683,0.0008854926582919902
11.330000000000002,0.17714421496219868,0.261359952676269,0.07317429819647203,0.1699197451060731,0.0008496358146100869
11.34,0.17709916550979188,0.2612778050422859,0.07314985097446924,0.16989823700180412,0.0008144111659164085
11.350000000000001,0.17705421208137523,0.2611957257597898,0.07312542641082065,0.16987673622588534,0.000779813442239872
11.36,0.17700935009714713,0.2611137147137472,0.07310102445868177,0.16985524276971237,0.0007458373247716067
11.370000000000001,0.17696457499029278,0.2610317717894125,0.07307664507145284,0.16983375662471173,0.0007124774483258538
11.379999999999999,0.17691988221584637,0.260949896872327,0.0730522882027756,0.16981227778234204,0.0006797284037630658
11.39,0.17687526725925173,0.2608680898483191,0.07302795380653204,0.16979080623409437,0.0006475847403749424
11.400000000000002,0.1768307256446096,0.2607863506035034,0.07300364183684133,0.1697693419714938,0.0006160409682318079
11.41,0.17678625294260664,0.2607046790242805,0.07297935224805763,0.16974788498609933,0.0005850915604921668
11.420000000000002,0.17674184477811833,0.26062307499733656,0.07295508499476738,0.16972643526950504,0.0005547309556746399
11.43,0.17669749683748232,0.26054153840964234,0.07293084003178696,0.16970499281334067,0.000524953559892512
11.440000000000001,0.1766532048754349,0.2604600691484532,0.07290661731416037,0.169683557609272,0.0004957537490507385
11.45,0.17660896472171028,0.2603786671013085,0.07288241679715635,0.16966212964900124,0.0004671258710058641
11.46,0.17656477228729384,0.2602973321560308,0.07285823843626632,0.1696407089242677,0.0004390642476886776
11.469999999999999,0.17652062357033388,0.2602160642007251,0.07283408218720122,0.16961929542684823,0.0004115631771900543
11.48,0.17647651466170378,0.26013486312377865,0.07280994800588997,0.1695978891485576,0.00038461693580983664
11.490000000000002,0.17643244175021727,0.26005372881386035,0.07278583584847592,0.16957649008124842,0.0003582197800692116
11.5,0.1763884011274957,0.2599726611599195,0.07276174567131471,0.1695550982168118,0.00033236594868651367
11.510000000000002,0.1763443891924863,0.2598916600511858,0.07273767743097209,0.16953371354717756,0.00030704966451673487
11.52,0.17630040245563333,0.2598107253771682,0.07271363108422108,0.16951233606431404,0.00028226513645500644
11.530000000000001,0.1762564375427048,0.25972985702765433,0.07268960658803936,0.16949096576022882,0.0002580065613040252
11.54,0.17621249119827387,0.25964905489270995,0.07266560389960686,0.16946960262696836,0.00023426812560589392
11.55,0.17616856028886047,0.25956831886267795,0.07264162297630333,0.1694482466566184,0.0002110440074383075
11.560000000000002,0.17612464180573612,0.259487648828178,0.07261766377570583,0.16942689784130355,0.00018832837817555256
11.57,0.17608073286739412,0.2594070446801053,0.07259372625558663,0.16940555617318787,0.0001661154042143378
11.580000000000002,0.17603683072169146,0.2593265063096301,0.07256981037390986,0.1693842216444747,0.00014439924866475198
11.59,0.17599293274766692,0.25924603360819726,0.07254591608883021,0.16936289424740608,0.0001231740730066673
11.600000000000001,0.17594903645703946,0.2591656264675245,0.07252204335868956,0.16934157397426353,0.00010243403871162065
11.61,0.17590513949539416,0.25908528477960263,0.07249819214201508,0.16932026081736745,8.21733088306535e-05
11.620000000000001,0.17586123964306322,0.2590050084366944,0.07247436239751687,0.1692989547690768,6.238604954811689e-05
11.629999999999999,0.17581733481570422,0.2589247973313331,0.07245055408408557,0.16927765582178966,4.306643170192474e-05
11.64,0.17577342306458849,0.25884465135632273,0.07242676716079,0.16925636396794214,2.42086322702842e-05
11.650000000000002,0.17572950257660347,0.25876457040473655,0.0724030015868748,0.16923507920000902,5.80683582537941e-06
11.66,0.17568557167397758,0.2586845543699164,0.07237925732175832,0.16921380151050297,-1.214476404589778e-05
11.670000000000002,0.1756416288137368,0.25860460314547173,0.07235553432503022,0.16919253089197478,-2.965196335383276e-05
11.68,0.1755976725869003,0.25852471662527915,0.07233183255644965,0.16917126733701265,-4.672054635004856e-05
11.690000000000001,0.17555370171742396,0.2584448947034812,0.07230815197594226,0.16915001083824238,-6.335628420382743e-05
11.7,0.1755097150609024,0.2583651372744854,0.07228449254359909,0.16912876138832678,-7.956493371011418e-05
11.71,0.17546571160303603,0.2582854442329642,0.07226085421967332,0.16910751897996534,-9.535223602911371e-05
11.719999999999999,0.17542169045787476,0.258205815473853,0.07223723696457957,0.16908628360589428,-0.00011072391545700205
11.73,0.17537765086584772,0.2581262508923502,0.0722136407388903,0.16906505525888593,-0.00012568567822764253
11.740000000000002,0.17533359219158767,0.25804675038391567,0.0721900655033349,0.16904383393174827,-0.0001402432113448416
11.75,0.17528951392156078,0.25796731384427063,0.0721665112187973,0.16902261961732512,-0.0001544021814449764
11.760000000000002,0.17524541566151258,0.2578879411693959,0.07214297784631374,0.16900141230849514,-0.00016816823368964216
11.77,0.175201297133738,0.25780863225553163,0.07211946534707137,0.1689802119981721,-0.00018154699068796177
11.780000000000001,0.17515715817418798,0.2577293869991764,0.07209597368240617,0.16895901867930407,-0.00019454405144837843
11.79,0.17511299872942226,0.2576502052970865,0.07207250281380073,0.16893783234487314,-0.00020716499035946566
11.8,0.17506881885341719,0.2575710870462742,0.07204905270288275,0.16891665298789527,-0.00021941535619960146
11.810000000000002,0.1750246187042408,0.2574920321440079,0.07202562331142304,0.16889548060141935,-0.00023130067117503825
11.82,0.1749803985406046,0.25741304048781083,0.07200221460133399,0.16887431517852747,-0.00024282642998617858
11.830000000000002,0.17493615871830187,0.2573341119754602,0.07197882653466753,0.1688531567123342,-0.00025399809892167913
11.84,0.17489189968654384,0.2572552465049863,0.07195545907361373,0.16883200519598618,-0.0002648211149800343
11.850000000000001,0.17484762198420134,0.25717644397467154,0.07193211218049872,0.1688108606226617,-0.00027530088501840906
11.86,0.17480332623596617,0.2570977042830502,0.07190878581778354,0.16878972298557027,-0.00028544278492828346
11.870000000000001,0.17475901314843728,0.2570190273289066,0.0718854799480621,0.16876859227795238,-0.000295252158837699
11.879999999999999,0.17471468350614544,0.256940413011275,0.07186219453405979,0.16874746849307898,-0.00030473431833966705
11.89,0.1746703381675231,0.25686186122943866,0.07183892953863186,0.16872635162425104,-0.00031389454174652714
11.900000000000002,0.1746259780608322,0.25678337188292844,0.07181568492476176,0.168705241664799,-0.00032273807336981363
11.91,0.1745816041800552,0.2567049448715224,0.07179246065556016,0.1686841386080828,-0.00033127012282539275
11.920000000000002,0.17453721758076235,0.2566265800952452,0.07176925669426282,0.1686630424474908,-0.0003394958643635027
11.93,0.17449281937596173,0.2565482774543666,0.07174607300422953,0.16864195317644015,-0.00034742043622333467
11.940000000000001,0.17444841073194134,0.2564700368494011,0.0717229095489425,0.1686208707883758,-0.0003550489400119001
11.95,0.17440399286411284,0.25639185818110694,0.07169976629200542,0.16859979527677,-0.00036238644010676947
11.96,0.17435956703286315,0.2563137413504851,0.07167664319714173,0.16857872663512252,-0.0003694379630824224
11.969999999999999,0.17431513453942477,0.25623568625877885,0.07165354022819354,0.16855766485695955,-0.00037620849715980996
11.98,0.1742706967217693,0.25615769280747264,0.07163045734911988,0.1685366099358337,-0.00038270299167886837
11.990000000000002,0.17422625495053523,0.2560797608982912,0.0716073945239959,0.16851556186532357,-0.0003889263565935762
12.0,0.17418181062499455,0.2560018904331993,0.0715843517170115,0.16849452063903309,-0.00039488346198928657
12.010000000000002,0.17413736516906614,0.2559240813143999,0.07156132889247024,0.16847348625059133,-0.000400579137621974
12.02,0.17409292002738336,0.25584633344433433,0.07153832601478827,0.16845245869365216,-0.00040601817247904576
12.030000000000001,0.17404847666142215,0.25576864672568084,0.07151534304849244,0.1684314379618937,-0.00041120531436144155
12.04,0.17400403654569357,0.2556910210613541,0.07149237995822011,0.16841042404901785,-0.0004161452694866122
12.05,0.1739596011640106,0.2556134563545043,0.07146943670871769,0.1683894169487501,-0.00042084270211213947
12.060000000000002,0.1739151720058314,0.25553595250851635,0.0714465132648393,0.16836841665483915,-0.00042530223417957446
12.07,0.17387075056268608,0.25545850942700904,0.07142360959154609,0.1683474231610564,-0.00042952844497823995
12.080000000000002,0.17382633832469124,0.2553811270138345,0.0714007256539052,0.1683264364611955,-0.0004335258708286276
12.09,0.1737819367771571,0.25530380517307694,0.07137786141708874,0.16830545654907236,-0.00043729900478506925
12.100000000000001,0.1737375473972922,0.2552265438090523,0.0713550168463723,0.16828448341852442,-0.0004408522963573729
12.11,0.17369317165100895,0.2551493428263073,0.07133219190713502,0.16826351706341036,-0.00044419015125106946
12.120000000000001,0.17364881098983354,0.25507220212961873,0.07130938656485791,0.1682425574776098,-0.0004473169311259877
12.129999999999999,0.1736044668479249,0.2549951216239923,0.07128660078512311,0.1682216046550229,-0.0004502369533727801
12.14,0.17356014063920455,0.25491810121466246,0.07126383453361307,0.16820065858956995,-0.00045295449090713687
12.150000000000002,0.17351583375460156,0.2548411408070913,0.07124108777610955,0.16817971927519137,-0.0004554737719813186
12.16,0.1734715475594134,0.2547642403069678,0.071218360478493,0.16815878670584694,-0.0004577989800127254
12.170000000000002,0.17342728339078634,0.25468739962020726,0.07119565260674177,0.1681378608755157,-0.0004599342534291632
12.18,0.1733830425553171,0.2546106186529502,0.07117296412693092,0.16811694177819558,-0.00046188368553049734
12.190000000000001,0.17333882632677688,0.254533897311562,0.07115029500523207,0.16809602940790314,-0.00046365132436639435
12.2,0.17329463594396016,0.2544572355026321,0.07112764520791204,0.168075123758673,-0.000465241172629812
12.21,0.17325047260865728,0.2543806331329728,0.07110501470133251,0.16805422482455795,-0.00046665718756595413
12.219999999999999,0.17320633748375475,0.2543040901096191,0.071082403451949,0.16803333259962833,-0.0004679032808963689
12.23,0.17316223169146072,0.25422760633982755,0.0710598114263104,0.16801244707797164,-0.0004689833187578832
12.240000000000002,0.17311815631165894,0.254151181731076,0.07103723859105837,0.16799156825369266,-0.0004699011216560801
12.25,0.17307411238038722,0.2540748161910623,0.0710146849129265,0.16797069612091287,-0.0004706604644330009
12.260000000000002,0.17303010088844473,0.2539985096277039,0.0709921503587394,0.16794983067377028,-0.0004712650762487843
12.27,0.1729861227801251,0.2539222619491374,0.0709696348954128,0.1679289719064191,-0.00047171864057694255
12.280000000000001,0.17294217895207398,0.25384607306371737,0.07094713848995232,0.16790811981302933,-0.00047202479521297043
12.29,0.17289827025227256,0.25376994288001564,0.070924661109453,0.16788727438778672,-0.00047218713229600645
12.3,0.17285439747914283,0.2536938713068212,0.07090220272109887,0.1678664356248925,-0.00047220919834324473
12.310000000000002,0.17281056138077722,0.25361785825313854,0.07087976329216222,0.16784560351856304,-0.0004720944942968076
12.32,0.17276676265428648,0.25354190362818785,0.07085734279000311,0.16782477806302948,-0.0004718464755828077
12.330000000000002,0.1727230019452679,0.253466007341404,0.07083494118206907,0.16780395925253788,-0.00047146855218228943
12.34,0.17267927984738912,0.25339016930243574,0.07081255843589401,0.1677831470813485,-0.0004709640887138003
12.350000000000001,0.17263559690208768,0.25331438942114515,0.07079019451909818,0.16776234154373604,-0.0004703364045272728
12.36,0.17259195359838247,0.25323866760760666,0.07076784939938757,0.16774154263398894,-0.0004695887738089851
12.370000000000001,0.17254835037279476,0.253163003772107,0.07074552304455334,0.1677207503464096,-0.0004687244256972878
12.379999999999999,0.17250478760937704,0.2530873978251439,0.0707232154224714,0.16769996467531384,-0.0004677465444088433
12.39,0.17246126563984598,0.25301184967742596,0.0707009265011021,0.16767918561503098,-0.00046665826937511467
12.400000000000002,0.1724177847438173,0.2529363592398717,0.0706786562484894,0.16765841315990304,-0.0004654626953888143
12.41,0.17237434514913957,0.2528609264236085,0.07065640463276085,0.16763764730428554,-0.0004641628727600801
12.420000000000002,0.1723309470323221,0.2527855511399729,0.07063417162212682,0.16761688804254649,-0.00046276180748208305
12.43,0.17228759051905712,0.25271023330050896,0.07061195718488039,0.16759613536906642,-0.0004612624614058421
12.440000000000001,0.17224427568482964,0.2526349728169684,0.07058976128939681,0.16757538927823834,-0.00045966775242396225
12.45,0.17220100255561288,0.25255976960130944,0.07056758390413276,0.16755464976446738,-0.0004579805546630656
12.46,0.17215777110864583,0.25248462356569634,0.07054542499762667,0.16753391682217061,-0.0004562036986846435
12.469999999999999,0.1721145812732895,0.25240953462249893,0.07052328453849804,0.16751319044577717,-0.000454339971694107
12.48,0.1720714329319576,0.25233450268429153,0.07050116249544658,0.16749247062972766,-0.00045239211775776765
12.490000000000002,0.17202832592111866,0.2522595276638528,0.0704790588372523,0.16747175736847436,-0.000450362838027524
12.5,0.17198526003236503,0.25218460947416477,0.07045697353277569,0.16745105065648092,-0.00044825479097300555
12.510000000000002,0.17194223501354622,0.2521097480284127,0.07043490655095624,0.1674303504882222,-0.0004460705926209423
12.52,0.17189925056996153,0.25203494323998354,0.07041285786081286,0.16740965685818415,-0.0004438128168015294
12.530000000000001,0.17185630636560928,0.25196019502246614,0.07039082743144348,0.1673889697608636,-0.0004414839954015487
12.54,0.1718134020244872,0.2518855032896506,0.0703688152320246,0.16736828919076824,-0.00043908661862403144
12.55,0.17177053713194185,0.25181086795552715,0.07034682123181085,0.16734761514241647,-0.0004366231352542239
12.560000000000002,0.17172771123606329,0.251736288934286,0.070324845400135,0.16732694761033712,-0.0004340959529316541
12.57,0.1716849238491192,0.2516617661403164,0.07030288770640747,0.16730628658906954,-0.00043150743842805685
12.580000000000002,0.17164217444902652,0.25158729948820635,0.07028094812011598,0.16728563207316338,-0.0004288599179309624
12.59,0.1715994624808565,0.2515128888927419,0.07025902661082517,0.16726498405717838,-0.00042615567733273206
12.600000000000001,0.17155678735836877,0.25143853426890617,0.0702371231481771,0.16724434253568454,-0.0004233969625248174
12.61,0.17151414846557222,0.2513642355318795,0.07021523770188981,0.1672237075032616,-0.0004205859796970624
12.620000000000001,0.17147154515830604,0.25128999259703805,0.07019337024175798,0.16720307895449932,-0.00041772489564181165
12.629999999999999,0.17142897676584096,0.25121580537995397,0.07017152073765198,0.1671824568839972,-0.00041481583806266166
12.64,0.17138644259249497,0.2511416737963945,0.07014968915951808,0.1671618412863643,-0.0004118608958876215
12.650000000000002,0.17134394191926072,0.25106759776232107,0.07012787547737814,0.1671412321562194,-0.0004088621195865226
12.66,0.17130147400544,0.25099357719388904,0.07010607966132915,0.16712062948819062,-0.0004058215214924525
12.670000000000002,0.1712590380902846,0.25091961200744717,0.07008430168154317,0.16710003327691553,-0.00040274107612704783
12.68,0.17121663339463683,0.25084570211953683,0.0700625415082669,0.16707944351704102,-0.00039962272052946186
12.690000000000001,0.17117425912257084,0.2507718474468918,0.0700407991118216,0.1670588602032232,-0.00039646835458879417
12.7,0.1711319144630261,0.25069804790643746,0.07001907446260308,0.16703828333012732,-0.0003932798413798504
12.71,0.17108959859143513,0.25062430341528985,0.06999736753108071,0.16701771289242762,-0.00039005900750200303
12.719999999999999,0.1710473106713401,0.25055061389075595,0.0699756782877981,0.1669971488848076,-0.000386807643421027
12.73,0.17100504985599563,0.2504769792503321,0.06995400670337226,0.16697659130195935,-0.0003835275038136998
12.740000000000002,0.17096281528995505,0.2504033994117043,0.06993235274849391,0.16695604013858412,-0.00038022030791503273
12.75,0.17092060611063897,0.25032987429274756,0.06991071639392621,0.16693549538939179,-0.0003768877398679358
12.760000000000002,0.17087842144988075,0.2502564038115249,0.06988909761050605,0.16691495704910086,-0.00037353144907517383
12.77,0.17083626043544953,0.2501829878862871,0.0698674963691428,0.16689442511243868,-0.0003701530505534587
12.780000000000001,0.17079412219254703,0.25010962643547185,0.06984591264081819,0.16687389957414128,-0.00036675412528950046
12.79,0.1707520058452749,0.25003631937770376,0.06982434639658636,0.1668533804289532,-0.0003633362205978842
12.8,0.17070991051807272,0.24996306663179324,0.06980279760757363,0.1668328676716273,-0.0003599008504806072
12.810000000000002,0.17066783533712349,0.24988986811673658,0.06978126624497832,0.16681236129692517,-0.00035644949598814325
12.82,0.1706257794317248,0.24981672375171443,0.06975975228007009,0.16679186129961682,-0.00035298360558187216
12.830000000000002,0.17058374193562398,0.24974363345609235,0.06973825568419056,0.1667713676744803,-0.0003495045954977438
12.84,0.17054172198831535,0.24967059714941964,0.0697167764287524,0.16675088041630237,-0.0003460138501110385
12.850000000000001,0.17049971873629932,0.24959761475142883,0.06969531448523952,0.16673039951987795,-0.000342512722302076
12.86,0.17045773133430014,0.24952468618203566,0.06967386982520668,0.16670992498000997,-0.0003390025338227525
12.870000000000001,0.17041575894644195,0.2494518113613377,0.0696524424202794,0.16668945679150998,-0.00033548457566376095
12.879999999999999,0.170373800747382,0.24937899020961463,0.06963103224215361,0.16666899494919735,-0.0003319601084223832
12.89,0.17033185592340006,0.24930622264732738,0.06960963926259595,0.1666485394478996,-0.0003284303626707032
12.900000000000002,0.17028992367344237,0.24923350859511734,0.06958826345344288,0.16662809028245262,-0.0003248965393241526
12.91,0.17024800321012,0.24916084797380633,0.06956690478660121,0.16660764744770012,-0.0003213598100102334
12.920000000000002,0.17020609376066104,0.24908824070439578,0.06954556323404698,0.16658721093849405,-0.0003178213174373192
12.93,0.17016419456781468,0.24901568670806618,0.06952423876782626,0.16656678074969422,-0.0003142821757634259
12.940000000000001,0.17012230489070873,0.24894318590617698,0.06950293136005442,0.16654635687616848,-0.0003107434709648137
12.95,0.1700804240056582,0.24887073822026562,0.06948164098291587,0.16652593931279253,-0.0003072062612043452
12.96,0.1700385512069254,0.24879834357204678,0.06946036760866459,0.16650552805445012,-0.00030367157719945163
12.969999999999999,0.1699966858074322,0.24872600188341287,0.06943911120962293,0.16648512309603292,-0.0003001404225896529
12.98,0.16995482713942273,0.24865371307643241,0.06941787175818204,0.16646472443244037,-0.00029661377430346806
12.990000000000002,0.16991297455507787,0.2485814770733505,0.06939664922680178,0.16644433205857984,-0.0002930925829246777
13.0,0.16987112742708066,0.24850929379658737,0.06937544358801007,0.16642394596936644,-0.00028957777305779953
13.010000000000002,0.16982928514913342,0.2484371631687386,0.069354254814403,0.16640356615972324,-0.0002860702436926888
13.02,0.1697874471364269,0.24836508511257444,0.06933308287864476,0.16638319262458112,-0.00028257086856819567
13.030000000000001,0.16974561282606043,0.24829305955103897,0.06931192775346728,0.16636282535887864,-0.000279080496534752
13.04,0.1697037816774159,0.24822108640725005,0.06929078941167,0.16634246435756206,-0.00027559995191583697
13.05,0.16966195317248384,0.24814916560449862,0.06926966782611982,0.16632210961558563,-0.0002721300348682017
13.060000000000002,0.16962012681614347,0.24807729706624815,0.06924856296975096,0.16630176112791112,-0.0002686715217408017
13.07,0.1695783021363968,0.24800548071613426,0.06922747481556452,0.16628141888950804,-0.0002652251654323349
13.080000000000002,0.16953647868455768,0.24793371647796425,0.0692064033366287,0.16626108289535374,-0.0002617916957473093
13.09,0.1694946560353967,0.24786200427571653,0.0691853485060781,0.16624075314043318,-0.00025837181975058016
13.100000000000001,0.16945283378724235,0.2477903440335401,0.06916431029711423,0.1662204296197387,-0.0002549662221202578
13.11,0.16941101156204041,0.2477187356757542,0.06914328868300457,0.16620011232827098,-0.0002515755654989421
13.120000000000001,0.1693691890053705,0.24764717912684753,0.069122283637083,0.1661798012610377,-0.0002482004908431843
13.129999999999999,0.16932736578642343,0.24757567431147848,0.06910129513274926,0.16615949641305444,-0.0002448416177711406
13.14,0.16928554159793807,0.24750422115447357,0.06908032314346901,0.16613919777934433,-0.0002414995449083218
13.150000000000002,0.1692437161561004,0.2474328195808277,0.06905936764277337,0.1661189053549384,-0.00023817485023139905
13.16,0.1692018892004053,0.2473614695157038,0.06903842860425913,0.16609861913487495,-0.0002348680914099956
13.170000000000002,0.1691600604934823,0.2472901708844319,0.06901750600158807,0.1660783391141999,-0.0002315798061463959
13.18,0.1691182298208861,0.24721892361250875,0.06899659980848727,0.16605806528796696,-0.00022831051251314338
13.190000000000001,0.1690763969908542,0.2471477276255975,0.06897570999874858,0.16603779765123738,-0.00022506070928843126
13.2,0.1690345618340321,0.24707658284952722,0.06895483654622858,0.16601753619907977,-0.00022183087628927634
13.21,0.16899272420316752,0.24700548921029214,0.06893397942484852,0.16599728092657046,-0.00021862147470238814
13.219999999999999,0.16895088397277475,0.24693444663405179,0.068913138608594,0.1659770318287933,-0.00021543294741271173
13.23,0.16890904103877175,0.24686345504712964,0.06889231407151453,0.1659567889008398,-0.00021226571932957388
13.240000000000002,0.16886719531808936,0.24679251437601352,0.06887150578772411,0.16593655213780878,-0.00020912019771041098
13.25,0.16882534674825556,0.24672162454735458,0.06885071373139995,0.16591632153480662,-0.00020599677248201432
13.260000000000002,0.16878349528695596,0.24665078548796715,0.06882993787678354,0.1658960970869473,-0.00020289581655925663
13.27,0.16874164091157118,0.24657999712482814,0.06880917819817928,0.16587587878935228,-0.00019981768616127675
13.280000000000001,0.16869978361869314,0.24650925938507634,0.06878843466995532,0.16585566663715035,-0.00019676272112504942
13.29,0.16865792342362185,0.24643857219601256,0.06876770726654252,0.16583546062547805,-0.00019373124521634603
13.3,0.1686160603598439,0.24636793548509844,0.06874699596243511,0.16581526074947955,-0.0001907235664380084
13.310000000000002,0.1685741944784933,0.24629734917995677,0.06872630073218938,0.1657950670043063,-0.00018773997733554268
13.32,0.16853232584779754,0.24622681320837037,0.06870562155042487,0.16577487938511687,-0.00018478075529996962
13.330000000000002,0.1684904545525091,0.24615632749828187,0.06868495839182315,0.1657546978870777,-0.00018184616286791587
13.34,0.16844858069332463,0.2460858919777933,0.06866431123112798,0.16573452250536264,-0.0001789364480189269
13.350000000000001,0.16840670438629196,0.2460155065751658,0.0686436800431452,0.1657143532351527,-0.000176051844469949
13.36,0.16836482576220763,0.24594517121881887,0.06862306480274238,0.1656941900716366,-0.00017319257196698388
13.370000000000001,0.16832294496600603,0.24587488583733008,0.06860246548484888,0.16567403301001044,-0.000170358836573868
13.379999999999999,0.1682810621561407,0.24580465035943438,0.06858188206445548,0.16565388204547787,-0.00016755083095817584
13.39,0.16823917750395928,0.24573446471402416,0.06856131451661424,0.16563373717324986,-0.00016476873467420196
13.400000000000002,0.16819729119307447,0.2456643288301486,0.06854076281643828,0.16561359838854467,-0.00016201271444302994
13.41,0.16815540341873098,0.24559424263701274,0.06852022693910154,0.165593465686588,-0.00015928292442964864
13.420000000000002,0.16811351438716993,0.2455242060639774,0.06849970685983892,0.16557333906261296,-0.0001565795065171028
13.43,0.16807162431499284,0.24545421904055925,0.06847920255394596,0.16555321851185983,-0.0001539025905776791
13.440000000000001,0.16802973342852462,0.2453842814964295,0.06845871399677833,0.16553310402957666,-0.0001512522947410871
13.45,0.1679878419631789,0.24531439336141386,0.06843824116375186,0.16551299561101862,-0.0001486287256596485
13.46,0.1679459501628245,0.24524455456549232,0.06841778403034243,0.16549289325144834,-0.00014603197877046173
13.469999999999999,0.16790405827915622,0.24517476503879831,0.06839734257208607,0.16547279694613565,-0.00014346213855454977
13.48,0.16786216657106917,0.2451050247116185,0.06837691676457802,0.16545270669035783,-0.00014091927879296564
13.490000000000002,0.16782027530403876,0.2450353335143921,0.06835650658347314,0.16543262247939944,-0.00013840346281986432
13.5,0.16777838474950735,0.24496569137771118,0.06833611200448558,0.1654125443085524,-0.00013591474377252022
13.510000000000002,0.1677364951842772,0.24489609823231906,0.06831573300338867,0.16539247217311592,-0.00013345316483829035
13.52,0.16769460688991222,0.24482655400911085,0.06829536955601462,0.16537240606839654,-0.00013101875949852725
13.530000000000001,0.1676527201521491,0.24475705863913255,0.06827502163825405,0.16535234598970777,-0.00012861155176941883
13.54,0.16761083526031656,0.24468761205358108,0.06825468922605676,0.16533229193237103,-0.00012623155643977732
13.55,0.16756895250676684,0.24461821418380314,0.06823437229543056,0.16531224389171456,-0.00012387877930575058
13.560000000000002,0.16752707218631707,0.2445488649612954,0.06821407082244141,0.1652922018630738,-0.0001215532174024816
13.57,0.1674851945957036,0.24447956431770368,0.0681937847832132,0.16527216584179155,-0.00011925485923269486
13.580000000000002,0.16744332003304785,0.2444103121848229,0.0681735141539282,0.16525213582321796,-0.0001169836849922226
13.59,0.16740144879733615,0.24434110849459634,0.06815325891082569,0.16523211180271047,-0.00011473966679247836
13.600000000000001,0.16735958118791244,0.24427195317911543,0.06813301903020275,0.1652120937756334,-0.00011252276887986492
13.61,0.16731771750398577,0.24420284617061916,0.06811279448841379,0.1651920817373586,-0.00011033294785214378
13.620000000000001,0.16727585804415207,0.24413378740149372,0.06809258526187001,0.16517207568326497,-0.00010817015287174562
13.629999999999999,0.16723400310593162,0.2440647768042723,0.0680723913270398,0.16515207560873846,-0.00010603432587605818
13.64,0.16719215298532092,0.24399581431163436,0.06805221266044836,0.16513208150917247,-0.0001039254017846669
13.650000000000002,0.16715030797636155,0.2439268998564053,0.0680320492386774,0.1651120933799673,-0.00010184330870358617
13.66,0.16710846837072413,0.24385803337155626,0.06801190103836496,0.16509211121653067,-9.978796812646737e-05
13.670000000000002,0.1670666344573099,0.24378921479020327,0.06799176803620532,0.1650721350142772,-9.77592951328035e-05
13.68,0.16702480652186774,0.2437204440456075,0.06797165020894869,0.165052164768629,-9.575719858314672e-05
13.690000000000001,0.1669829848466286,0.24365172107117405,0.06795154753340144,0.16503220047501482,-9.378158131132967e-05
13.7,0.16694116970995726,0.24358304580045215,0.06793145998642525,0.16501224212887072,-9.183234031373094e-05
13.71,0.1668993613860209,0.24351441816713454,0.06791138754493775,0.16499228972563984,-8.990936693556632e-05
13.719999999999999,0.16685756014447484,0.24344583810505727,0.06789133018591159,0.16497234326077242,-8.801254705424931e-05
13.73,0.16681576625016536,0.24337730554819886,0.06787128788637448,0.16495240272972572,-8.61417612598062e-05
13.740000000000002,0.16677397996285076,0.2433088204306803,0.06785126062340946,0.1649324681279643,-8.429688503238524e-05
13.75,0.16673220153693885,0.2432403826867644,0.06783124837415411,0.1649125394509593,-8.247778891685696e-05
13.760000000000002,0.166690431221242,0.24317199225085534,0.06781125111580077,0.1648926166941892,-8.068433869452765e-05
13.77,0.16664866925874922,0.24310364905749898,0.06779126882559627,0.1648726998531394,-7.891639555198934e-05
13.780000000000001,0.16660691588641574,0.2430353530413813,0.06777130148084143,0.16485278892330235,-7.717381624710681e-05
13.79,0.16656517133496923,0.24296710413732892,0.06775134905889146,0.16483288390017742,-7.545645327217749e-05
13.8,0.16652343582873308,0.24289890228030825,0.0677314115371554,0.16481298477927103,-7.376415501426455e-05
13.810000000000002,0.16648170958546576,0.24283074740542537,0.06771148889309608,0.16479309155609656,-7.209676591273857e-05
13.82,0.16643999281621746,0.24276263944792548,0.06769158110423013,0.16477320422617436,-7.045412661403133e-05
13.830000000000002,0.1663982857252021,0.2426945783431924,0.0676716881481273,0.16475332278503152,-6.883607412362837e-05
13.84,0.1663565885096856,0.24262656402674848,0.06765181000241055,0.1647334472282022,-6.724244195532518e-05
13.850000000000001,0.16631490135988997,0.24255859643425398,0.06763194664475608,0.1647135775512275,-6.567306027775266e-05
13.86,0.16627322445891246,0.24249067550150677,0.06761209805289298,0.1646937137496553,-6.412775605820887e-05
13.870000000000001,0.1662315579826597,0.24242280116444198,0.06759226420460313,0.16467385581904065,-6.260635320380323e-05
13.879999999999999,0.16618990209979717,0.2423549733591313,0.06757244507772076,0.16465400375494504,-6.110867269994867e-05
13.89,0.1661482569717117,0.24228719202178317,0.06755264065013272,0.1646341575529371,-5.963453274620821e-05
13.900000000000002,0.16610662275248944,0.24221945708874199,0.06753285089977795,0.164614317208592,-5.8183748889532874e-05
13.91,0.16606499958890653,0.24215176849648762,0.0675130758046475,0.16459448271749216,-5.675613415490233e-05
13.920000000000002,0.1660233876204325,0.24208412618163555,0.06749331534278424,0.16457465407522653,-5.535149917339414e-05
13.93,0.1659817869792482,0.24201653008093582,0.06747356949228295,0.1645548312773909,-5.396965230771018e-05
13.940000000000001,0.16594019779027364,0.24194898013127342,0.06745383823128981,0.16453501431958772,-5.261039977517127e-05
13.95,0.16589862017120988,0.24188147626966694,0.0674341215380026,0.16451520319742663,-5.127354576821886e-05
13.96,0.16585705423259123,0.24181401843326927,0.06741441939066989,0.1644953979065235,-4.9958892572431376e-05
13.969999999999999,0.16581550007784857,0.24174660655936647,0.06739473176759192,0.16447559844250104,-4.866624068209476e-05
13.98,0.1657739578033834,0.2416792405853776,0.06737505864711935,0.16445580480098898,-4.739538891333674e-05
13.990000000000002,0.1657324274986523,0.24161192044885427,0.06735540000765378,0.16443601697762367,-4.614613451486335e-05
14.0,0.1656909092462603,0.24154464608748089,0.06733575582764739,0.1644162349680478,-4.491827327631026e-05
14.010000000000002,0.16564940312206372,0.24147741743907325,0.06731612608560267,0.16439645876791115,-4.371159963423979e-05
14.02,0.16560790919528173,0.2414102344415786,0.06729651076007243,0.16437668837286978,-4.252590677581108e-05
14.030000000000001,0.16556642752861644,0.24134309703307594,0.06727690982965967,0.1643569237785869,-4.136098674013938e-05
14.04,0.1655249581783798,0.24127600515177466,0.06725732327301709,0.16433716498073214,-4.021663051738165e-05
14.05,0.16548350119462862,0.2412089587360149,0.06723775106884744,0.1643174119749813,-3.909262814556125e-05
14.060000000000002,0.1654420566213058,0.2411419577242664,0.06721819319590283,0.16429766475701746,-3.798876880517041e-05
14.07,0.1654006244963881,0.24107500205512894,0.067198649632985,0.16427792332252988,-3.690484091156409e-05
14.080000000000002,0.16535920485203964,0.24100809166733161,0.06717912035894485,0.1642581876672144,-3.584063220517738e-05
14.09,0.1653177977147709,0.24094122649973265,0.06715960535268245,0.1642384577867736,-3.479592983959507e-05
14.100000000000001,0.1652764031056021,0.2408744064913187,0.06714010459314707,0.16421873367691636,-3.377052046748902e-05
14.11,0.16523502104023147,0.24080763158120477,0.0671206180593365,0.16419901533335834,-3.27641903244621e-05
14.120000000000001,0.16519365152920762,0.24074090170863377,0.0671011457302973,0.16417930275182174,-3.17767253108126e-05
14.129999999999999,0.16515229457810504,0.2406742168129763,0.06708168758512462,0.16415959592803492,-3.0807911071256576e-05
14.14,0.1651109501877024,0.24060757683372985,0.06706224360296181,0.16413989485773317,-2.9857533072622704e-05
14.150000000000002,0.16506961835416434,0.24054098171051913,0.06704281376300059,0.16412019953665763,-2.892537667955737e-05
14.16,0.16502829906922495,0.24047443138309516,0.06702339804448065,0.16410050996055653,-2.8011227228256746e-05
14.170000000000002,0.16498699232037312,0.24040792579133502,0.06700399642668975,0.16408082612518426,-2.711487009825586e-05
14.18,0.16494569809103915,0.24034146487524194,0.06698460888896307,0.16406114802630156,-2.6236090782303852e-05
14.190000000000001,0.1649044163607825,0.24027504857494414,0.0669652354106835,0.1640414756596758,-2.5374674954343963e-05
14.2,0.1648631471054806,0.2402086768306953,0.0669458759712816,0.16402180902108032,-2.453040853563339e-05
14.21,0.16482189029751726,0.24014234958287367,0.06692653055023501,0.16400214810629532,-2.3703077759020268e-05
14.219999999999999,0.1647806459059709,0.240076066771982,0.06690719912706866,0.163982492911107,-2.289246923141225e-05
14.23,0.16473941389680313,0.24000982833864704,0.06688788168135418,0.16396284343130824,-2.2098369994454448e-05
14.240000000000002,0.16469819423304555,0.23994363422361914,0.06686857819271058,0.163943199662698,-2.1320567583451226e-05
14.25,0.1646569868749866,0.23987748436777223,0.06684928864080292,0.16392356160108174,-2.0558850084550135e-05
14.260000000000002,0.16461579178035507,0.23981137871210323,0.06683001300534325,0.16390392924227082,-1.981300619021747e-05
14.27,0.16457460890450432,0.23974531719773173,0.06681075126608993,0.1638843025820833,-1.908282525303358e-05
14.280000000000001,0.16453343820059252,0.23967929976589974,0.06679150340284745,0.1638646816163435,-1.8368097337826565e-05
14.29,0.16449227961976126,0.23961332635797117,0.06677226939546671,0.16384506634088175,-1.7668613272178948e-05
14.3,0.16445113311131188,0.2395473969154317,0.06675304922384406,0.16382545675153476,-1.6984164695323797e-05
14.310000000000002,0.16440999862287836,0.2394815113798881,0.06673384286792228,0.16380585284414545,-1.631454410546367e-05
14.32,0.16436887610059764,0.23941566969306843,0.06671465030768958,0.1637862546145631,-1.5659544905531975e-05
14.330000000000002,0.1643277654892767,0.2393498717968215,0.06669547152317962,0.16376666205864288,-1.5018961447423851e-05
14.34,0.1642866667325555,0.23928411763311608,0.06667630649447154,0.16374707517224635,-1.4392589074724184e-05
14.350000000000001,0.16424557977306709,0.2392184071440413,0.06665715520168952,0.16372749395124125,-1.3780224163951843e-05
14.36,0.16420450455259333,0.2391527402718056,0.06663801762500327,0.16370791839150134,-1.3181664164352054e-05
14.370000000000001,0.16416344101221675,0.23908711695873724,0.0666188937446272,0.16368834848890657,-1.2596707636254465e-05
14.379999999999999,0.16412238909246796,0.23902153714728303,0.06659978354082069,0.16366878423934322,-1.2025154288028237e-05
14.39,0.16408134873346925,0.2389560007800089,0.06658068699388742,0.1636492256387032,-1.1466805011651845e-05
14.400000000000002,0.16404031987507306,0.2388905077995988,0.06656160408417622,0.16362967268288514,-1.0921461916928534e-05
14.41,0.16399930245699668,0.2388250581488548,0.06654253479207983,0.16361012536779318,-1.0388928364365754e-05
14.420000000000002,0.1639582964189515,0.2387596517706967,0.06652347909803552,0.16359058368933782,-9.869008996745118e-06
14.43,0.1639173017007678,0.23869428860816166,0.06650443698252473,0.1635710476434356,-9.361509769408412e-06
14.440000000000001,0.1638763182425147,0.23862896860440397,0.06648540842607276,0.16355151722600914,-8.866237979278087e-06
14.45,0.16383534598461558,0.2385636917026948,0.06646639340924881,0.16353199243298672,-8.383002292642055e-06
14.46,0.16379438486795722,0.23849845784642137,0.06644739191266574,0.16351247326030327,-7.911612771719652e-06
14.469999999999999,0.16375343483399585,0.2384332669790873,0.06642840391698013,0.16349295970389888,-7.451880900037831e-06
14.48,0.16371249582485625,0.23836811904431188,0.06640942940289196,0.1634734517597205,-7.003619606634724e-06
14.490000000000002,0.16367156778342712,0.23830301398582981,0.06639046835114465,0.16345394942372043,-6.566643289118605e-06
14.5,0.16363065065345078,0.23823795174749124,0.06637152074252478,0.16343445269185708,-6.140767835600552e-06
14.510000000000002,0.16358974437960755,0.2381729322732608,0.06635258655786169,0.16341496156009472,-5.7258106455247215e-06
14.52,0.16354884890759586,0.23810795550721775,0.06633366577802796,0.16339547602440396,-5.3215906494200075e-06
14.530000000000001,0.16350796418420632,0.23804302139355543,0.06631475838393891,0.16337599608076098,-4.927928327590931e-06
14.54,0.16346709015739153,0.2379781298765814,0.06629586435655227,0.16335652172514775,-4.544645727774357e-06
14.55,0.16342622677633045,0.23791328090071667,0.0662769836768688,0.16333705295355228,-4.1715664817786815e-06
14.560000000000002,0.163385373991488,0.23784847441049534,0.06625811632593143,0.1633175897619683,-3.808515821131259e-06
14.57,0.16334453175466962,0.23778371035056473,0.06623926228482496,0.16329813214639566,-3.4553205917516507e-06
14.580000000000002,0.16330370001907107,0.23771898866568458,0.06622042153467689,0.1632786801028399,-3.1118092676729705e-06
14.59,0.1632628787393235,0.23765430930072712,0.06620159405665649,0.16325923362731237,-2.777811963833237e-06
14.600000000000001,0.16322206787153387,0.23758967220067656,0.06618277983197496,0.16323979271583028,-2.45316044795404e-06
14.61,0.1631812673733205,0.23752507731062916,0.06616397884188513,0.1632203573644166,-2.1376881515305118e-06
14.620000000000001,0.16314047720384428,0.23746052457579198,0.06614519106768169,0.16320092756909998,-1.8312301799488106e-06
14.629999999999999,0.16309969732383545,0.23739601394148363,0.06612641649070072,0.16318150332591497,-1.5336233217546928e-06
14.64,0.16305892769561614,0.2373315453531335,0.06610765509231936,0.16316208463090182,-1.2447060570889992e-06
14.650000000000002,0.16301816828311827,0.23726711875628154,0.06608890685395669,0.1631426714801068,-9.643185653128882e-07
14.66,0.16297741905189794,0.23720273409657783,0.06607017175707247,0.16312326386958143,-6.923027318392278e-07
14.670000000000002,0.1629366799691453,0.23713839131978243,0.06605144978316724,0.16310386179538322,-4.2850215419017127e-07
14.68,0.16289595100369086,0.23707409037176497,0.06603274091378286,0.16308446525357545,-1.727621473004363e-07
14.690000000000001,0.16285523212600805,0.23700983119850438,0.06601404513050196,0.16306507424022676,7.50702519175337e-08
14.7,0.1628145233082116,0.23694561374608886,0.06599536241494741,0.16304568875141195,3.1514628072552344e-07
14.71,0.16277382452405326,0.23688143796071492,0.06597669274878276,0.16302630878321106,5.476154474134287e-07
14.719999999999999,0.1627331357489138,0.23681730378868787,0.06595803611371193,0.16300693433171004,7.726255288345696e-07
14.73,0.1626924569597913,0.23675321117642106,0.06593939249147929,0.16298756539300013,9.903225686075464e-07
14.740000000000002,0.16265178813528686,0.23668916007043567,0.0659207618638693,0.16296820196317863,1.2008508759648504e-06
14.75,0.16261112925558774,0.23662515041736054,0.0659021442127059,0.1629488440383483,1.40435302523312e-06
14.760000000000002,0.16257048030244653,0.23656118216393157,0.06588353951985382,0.16292949161461734,1.6009698559273416e-06
14.77,0.16252984125915865,0.23649725525699172,0.06586494776721696,0.16291014468809972,1.790840473441771e-06
14.780000000000001,0.16248921211053668,0.23643336964349093,0.06584636893673906,0.16289080325491484,1.9741022503228697e-06
14.79,0.162448592842883,0.23636952527048516,0.06582780301040336,0.16287146731118773,2.150890828105987e-06
14.8,0.16240798344395924,0.23630572208513667,0.06580924997023246,0.16285213685304895,2.3213401197020053e-06
14.810000000000002,0.1623673839029544,0.23624196003471348,0.06579070979828844,0.1628328118766348,2.4855823123162056e-06
14.82,0.16232679421045065,0.23617823906658914,0.06577218247667244,0.16281349237808668,2.64374787088547e-06
14.830000000000002,0.16228621435838714,0.23611455912824258,0.06575366798752474,0.16279417835355187,2.79596554201795e-06
14.84,0.16224564434002253,0.2360509201672576,0.06573516631302445,0.16277486979918288,2.942362358419594e-06
14.850000000000001,0.1622050841498957,0.23598732213132279,0.06571667743538973,0.16275556671113783,3.083063643794163e-06
14.86,0.16216453378378487,0.2359237649682312,0.0656982013368772,0.16273626908558025,3.2181930182004824e-06
14.870000000000001,0.16212399323866594,0.2358602486258798,0.06567973799978238,0.16271697691867892,3.3478724038542235e-06
14.879999999999999,0.16208346251266925,0.23579677305226932,0.06566128740643912,0.16269769020660868,3.4722220313585456e-06
14.89,0.16204294160503524,0.23573333819550446,0.06564284953921945,0.16267840894554947,3.5913604463511933e-06
14.900000000000002,0.16200243051606966,0.2356699440037931,0.06562442438053395,0.16265913313168662,3.705404516552996e-06
14.91,0.16196192924709757,0.2356065904254459,0.06560601191283122,0.16263986276121045,3.814469439205377e-06
14.920000000000002,0.1619214378004169,0.23554327740887665,0.06558761211859793,0.1626205978303174,3.9186687488832555e-06
14.93,0.16188095617925163,0.23548000490260107,0.06556922498035889,0.16260133833520884,4.018114325669933e-06
14.940000000000001,0.16184048438770415,0.2354167728552377,0.06555085048067616,0.16258208427209186,4.112916403682075e-06
14.95,0.16180002243070762,0.23535358121550648,0.06553248860215005,0.16256283563717855,4.203183579931249e-06
14.96,0.16175957031397814,0.23529042993222904,0.06551413932741812,0.16254359242668648,4.2890228235104765e-06
14.969999999999999,0.1617191280439665,0.23522731895432886,0.06549580263915578,0.1625243546368385,4.370539485093014e-06
14.98,0.16167869562781084,0.23516424823083,0.0654774785200754,0.16250512226386277,4.447837306732009e-06
14.990000000000002,0.16163827307328799,0.23510121771085757,0.0654591669529268,0.16248589530399338,4.52101843194877e-06
15.0,0.1615978603887666,0.23503822734363738,0.06544086792049697,0.16246667375346863,4.590183416098595e-06
15.010000000000002,0.16155745758315937,0.23497527707849536,0.06542258140560969,0.16244745760853269,4.655431237002767e-06
15.02,0.16151706466587645,0.23491236686485722,0.0654043073911259,0.162428246865435,4.71685930583526e-06
15.030000000000001,0.16147668164677892,0.23484949665224908,0.06538604585994356,0.16240904152043018,4.774563478253971e-06
15.04,0.16143630853613294,0.23478666639029577,0.06536779679499694,0.1623898415697782,4.8286380657651165e-06
15.05,0.16139594534456464,0.23472387602872213,0.06534956017925697,0.1623706470097443,4.879175847310878e-06
15.060000000000002,0.16135559208301564,0.2346611255173514,0.06533133599573138,0.16235145783659866,4.92626808106959e-06
15.07,0.16131524876269948,0.23459841480610572,0.0653131242274641,0.16233227404661688,4.970004516458805e-06
15.080000000000002,0.16127491539505862,0.2345357438450058,0.06529492485753507,0.16231309563607993,5.010473406331112e-06
15.09,0.16123459199172285,0.2344731125841703,0.06527673786906091,0.16229392260127357,5.0477615193530485e-06
15.100000000000001,0.1611942785644681,0.23441052097381582,0.06525856324519397,0.16227475493848903,5.081954152557905e-06
15.11,0.16115397512517682,0.2343479689642567,0.06524040096912276,0.16225559264402267,5.113135144062756e-06
15.120000000000001,0.16111368168579898,0.23428545650590482,0.06522225102407148,0.16223643571417595,5.141386885940956e-06
15.129999999999999,0.1610733982583148,0.23422298354926901,0.06520411339330023,0.16221728414525555,5.166790337241036e-06
15.14,0.16103312485469767,0.23416055004495506,0.06518598806010473,0.16219813793357313,5.18942503714345e-06
15.150000000000002,0.1609928614868794,0.234098155943665,0.06516787500781607,0.16217899707544559,5.209369118246379e-06
15.16,0.16095260816671608,0.2340358011961981,0.06514977421980112,0.1621598615671948,5.226699319972621e-06
15.170000000000002,0.16091236490595512,0.23397348575344878,0.06513168567946181,0.16214073140514806,5.2414910020891755e-06
15.18,0.16087213171620418,0.2339112095664082,0.0651136093702353,0.1621216065856374,5.253818158331538e-06
15.190000000000001,0.16083190860890045,0.23384897258616255,0.06509554527559408,0.16210248710500014,5.263753430125166e-06
15.2,0.16079169559528272,0.23378677476389342,0.06507749337904561,0.1620833729595786,5.271368120396189e-06
15.21,0.16075149268636307,0.2337246160508778,0.0650594536641323,0.16206426414572006,5.276732207464146e-06
15.219999999999999,0.16071129989290162,0.23366249639848707,0.06504142611443137,0.1620451606597771,5.279914359009416e-06
15.23,0.1606711172253813,0.23360041575818769,0.06502341071355489,0.16202606249810708,5.28098194610824e-06
15.240000000000002,0.1606309446939848,0.23353837408154027,0.06500540744514932,0.1620069696570724,5.280001057328482e-06
15.25,0.160590782308573,0.23347637132019944,0.06498741629289578,0.16198788213304077,5.277036512879227e-06
15.260000000000002,0.16055063007866394,0.23341440742591402,0.06496943724050974,0.1619687999223845,5.2721518788077995e-06
15.27,0.16051048801341422,0.23335248235052602,0.06495147027174131,0.16194972302148103,5.265409481237657e-06
15.280000000000001,0.1604703561216011,0.23329059604597102,0.06493351537037434,0.1619306514267128,5.256870420641022e-06
15.29,0.16043023441160625,0.23322874846427788,0.06491557252022717,0.16191158513446746,5.246594586139919e-06
15.3,0.16039012289140075,0.23316693955756795,0.06489764170515222,0.16189252414113714,5.234640669829913e-06
15.310000000000002,0.16035002156853184,0.23310516927805552,0.0648797229090356,0.16187346844311912,5.22106618112073e-06
15.32,0.16030993045011005,0.23304343757804707,0.0648618161157975,0.16185441803681566,5.2059274610878254e-06
15.330000000000002,0.16026984954279921,0.23298174440994146,0.0648439213093917,0.16183537291863404,5.189279696829837e-06
15.34,0.16022977885280582,0.2329200897262293,0.06482603847380569,0.16181633308498622,5.171176935826369e-06
15.350000000000001,0.1601897183858716,0.23285847347949296,0.06480816759306035,0.16179729853228925,5.1516721002907315e-06
15.36,0.16014966814726606,0.23279689562240602,0.06479030865121033,0.1617782692569651,5.130817001513068e-06
15.370000000000001,0.16010962814178048,0.23273535610773366,0.06477246163234346,0.16175924525544044,5.108662354188444e-06
15.379999999999999,0.16006959837372386,0.23267385488833142,0.06475462652058084,0.1617402265241467,5.085257790725521e-06
15.39,0.16002957884691882,0.23261239191714622,0.06473680330007675,0.16172121305952075,5.060651875530947e-06
15.400000000000002,0.1599895695647,0.2325509671472149,0.06471899195501879,0.16170220485800363,5.0348921192651295e-06
15.41,0.15994957052991232,0.2324895805316649,0.06470119246962697,0.16168320191604157,5.008024993064964e-06
15.420000000000002,0.15990958174491104,0.23242823202371343,0.06468340482815466,0.1616642042300856,4.98009594272925e-06
15.43,0.1598696032115629,0.23236692157666755,0.06466562901488787,0.16164521179659153,4.951149402862915e-06
15.440000000000001,0.15982963493124802,0.2323056491439237,0.06464786501414543,0.16162622461202003,4.921228810975707e-06
15.45,0.15978967690486273,0.23224441467896823,0.06463011281027864,0.16160724267283655,4.890376621531986e-06
15.46,0.15974972913282354,0.23218321813537574,0.06461237238767131,0.16158826597551107,4.8586343199474504e-06
15.469999999999999,0.15970979161507182,0.23212205946681025,0.06459464373073986,0.16156929451651864,4.826042436529615e-06
15.48,0.15966986435107955,0.23206093862702393,0.06457692682393273,0.16155032829233928,4.792640560358199e-06
15.490000000000002,0.15962994733985592,0.23199985556985786,0.064559221651731,0.16153136729945727,4.7584673531024096e-06
15.5,0.1595900405799544,0.23193881024924085,0.06454152819864745,0.16151241153436185,4.723560562771645e-06
15.510000000000002,0.15955014406948065,0.2318778026191899,0.0645238464492272,0.161493460993547,4.687957037396548e-06
15.52,0.15951025780610156,0.23181683263380948,0.06450617638804762,0.16147451567351156,4.65169273863764e-06
15.530000000000001,0.15947038178705425,0.23175590024729154,0.06448851799971744,0.16145557557075885,4.614802755318142e-06
15.54,0.15943051600915648,0.23169500541391547,0.06447087126887718,0.16143664068179703,4.577321316878798e-06
15.55,0.15939066046881673,0.23163414808804744,0.06445323618019944,0.16141771100313895,4.539281806751465e-06
15.560000000000002,0.15935081516204574,0.2315733282241405,0.06443561271838821,0.16139878653130213,4.500716775649353e-06
15.57,0.1593109800844681,0.23151254577673452,0.064418000868179,0.16137986726280867,4.461657954771124e-06
15.580000000000002,0.15927115523133395,0.23145180070045523,0.06440040061433883,0.16136095319418536,4.422136268916531e-06
15.59,0.15923134059753213,0.2313910929500148,0.06438281194166595,0.16134204432196375,4.382181849511605e-06
15.600000000000001,0.1591915361776023,0.23133042248021124,0.06436523483499001,0.1613231406426801,4.341824047540737e-06
15.61,0.15915174196574922,0.23126978924592823,0.06434766927917179,0.1613042421528752,4.3010914463840285e-06
15.620000000000001,0.1591119579558551,0.23120919320213468,0.06433011525910276,0.1612853488490945,4.260011874557571e-06
15.629999999999999,0.15907218414149454,0.23114863430388516,0.06431257275970603,0.16126646072788792,4.2186124183551004e-06
15.64,0.15903242051594785,0.2310881125063189,0.06429504176593531,0.16124757778581017,4.1769194343888014e-06
15.650000000000002,0.1589926670722157,0.23102762776466018,0.06427752226277528,0.1612287000194204,4.1349585620280466e-06
15.66,0.15895292380303339,0.23096718003421768,0.06426001423524091,0.1612098274252825,4.092754735733959e-06
15.670000000000002,0.1589131907008855,0.2309067692703845,0.06424251766837824,0.1611909599999648,4.050332197288491e-06
15.68,0.15887346775802041,0.23084639542863777,0.06422503254726364,0.1611720977400402,4.0077145079167336e-06
15.690000000000001,0.15883375496646535,0.23078605846453887,0.06420755885700419,0.16115324064208641,3.964924560300545e-06
15.7,0.15879405231804072,0.23072575833373266,0.06419009658273717,0.16113438870268537,3.921984590482882e-06
15.71,0.15875435980437502,0.23066549499194722,0.06417264570963033,0.16111554191842387,3.878916189660866e-06
15.719999999999999,0.15871467741691997,0.2306052683949945,0.0641552062228814,0.16109670028589285,3.835740315867214e-06
15.73,0.1586750051469643,0.23054507849876926,0.06413777810771848,0.16107786380168782,3.792477305538167e-06
15.740000000000002,0.15863534298564924,0.2304849252592489,0.06412036134939963,0.16105903246240938,3.7491468849676763e-06
15.75,0.15859569092398246,0.2304248086324937,0.06410295593321297,0.16104020626466192,3.705768181646248e-06
15.760000000000002,0.15855604895285252,0.23036472857464646,0.06408556184447628,0.16102138520505455,3.6623597354840294e-06
15.77,0.15851641706304304,0.23030468504193202,0.06406817906853729,0.16100256928020107,3.6189395099172387e-06
15.780000000000001,0.15847679524524683,0.23024467799065718,0.06405080759077353,0.16098375848671947,3.5755249028969603e-06
15.79,0.15843718349007935,0.23018470737721075,0.06403344739659217,0.16096495282123235,3.5321327577601373e-06
15.8,0.15839758178809266,0.23012477315806323,0.0640160984714297,0.16094615228036674,3.4887793739815693e-06
15.810000000000002,0.15835799012978813,0.2300648752897662,0.06399876080075229,0.1609273568607542,3.445480517806912e-06
15.82,0.15831840850563017,0.2300050137289527,0.06398143437005549,0.16090856655903063,3.4022514327658398e-06
15.830000000000002,0.15827883690605843,0.22994518843233647,0.06396411916486422,0.16088978137183618,3.3591068500650447e-06
15.84,0.1582392753215005,0.2298853993567122,0.06394681517073253,0.16087100129581577,3.3160609988608926e-06
15.850000000000001,0.15819972374238384,0.2298256464589551,0.06392952237324356,0.16085222632761853,3.2731276164110467e-06
15.86,0.15816018215914784,0.22976592969602083,0.06391224075800966,0.16083345646389807,3.2303199581052637e-06
15.870000000000001,0.15812065056225488,0.2297062490249449,0.0638949703106721,0.16081469170131224,3.1876508073746934e-06
15.879999999999999,0.15808112894220183,0.22964660440284324,0.0638777110169007,0.16079593203652331,3.145132485479965e-06
15.89,0.15804161728953026,0.22958699578691116,0.063860462862395,0.16077717746619807,3.102776861177589e-06
15.900000000000002,0.1580021155948374,0.22952742313442387,0.06384322583288266,0.16075842798700762,3.060595360264937e-06
15.91,0.15796262384878546,0.22946788640273558,0.06382599991412019,0.16073968359562724,3.0185989750035334e-06
15.920000000000002,0.15792314204211155,0.2294083855492799,0.0638087850918923,0.16072094428873684,2.9767982734208335e-06
15.93,0.1578836701656368,0.22934892053156913,0.06379158135201285,0.16070221006302043,2.935203408490652e-06
15.940000000000001,0.15784420821027478,0.22928949130719445,0.06377438868032387,0.16068348091516643,2.893824127192072e-06
15.95,0.15780475616704054,0.22923009783382575,0.0637572070626955,0.1606647568418677,2.852669779447499e-06
15.96,0.15776531402705746,0.22917074006921112,0.06374003648502657,0.160646037839821,2.8117493269394206e-06
15.970000000000002,0.1577258817815657,0.2291114179711768,0.06372287693324391,0.16062732390572787,2.771071351806823e-06
15.98,0.15768645942192894,0.2290521314976271,0.06370572839330246,0.16060861503629398,2.7306440652209975e-06
15.990000000000002,0.15764704693964066,0.22899288060654388,0.06368859085118522,0.16058991122822902,2.690475315841289e-06
16.0,0.157607644326331,0.22893366525598674,0.06367146429290321,0.16057121247824752,2.6505725981512907e-06
