alpha,a_D,phi_cep,n_res_cov,n_res_N1
1.0,0.5,0.0,0.06816043447437592,0.06816043447437592
1.0,0.5,0.1308996938995747,0.06861128785066323,0.06861128785066323
1.0,0.5,0.2617993877991494,0.06950620081647596,0.06950620081647596
1.0,0.5,0.39269908169872414,0.07082853545029827,0.07082853545029827
1.0,0.5,0.5235987755982988,0.07255367330234297,0.07255367330234297
1.0,0.5,0.6544984694978735,0.07464957344542195,0.07464957344542195
1.0,0.5,0.7853981633974483,0.07707749364837119,0.07707749364837119
1.0,0.5,0.916297857297023,0.07979285041076001,0.07979285041076001
1.0,0.5,1.0471975511965976,0.08274618959895813,0.08274618959895813
1.0,0.5,1.1780972450961724,0.08588423684391638,0.08588423684391638
1.0,0.5,1.308996938995747,0.08915099578590407,0.08915099578590407
1.0,0.5,1.4398966328953218,0.09248886267418704,0.09248886267418704
1.0,0.5,1.5707963267948966,0.09583972765334653,0.09583972765334653
1.0,0.5,1.7016960206944711,0.09914603611345935,0.09914603611345935
1.0,0.5,1.832595714594046,0.10235178750055568,0.10235178750055568
1.0,0.5,1.9634954084936205,0.10540345367735487,0.10540345367735487
1.0,0.5,2.0943951023931953,0.10825080396299291,0.10825080396299291
1.0,0.5,2.22529479629277,0.1108476290281683,0.1108476290281683
1.0,0.5,2.356194490192345,0.11315236055908967,0.11315236055908967
1.0,0.5,2.4870941840919194,0.11512858774823664,0.11512858774823664
1.0,0.5,2.617993877991494,0.11674547499694693,0.11674547499694693
1.0,0.5,2.748893571891069,0.11797808756930839,0.11797808756930839
1.0,0.5,2.8797932657906435,0.11880763324201943,0.11880763324201943
1.0,0.5,3.010692959690218,0.11922162825479404,0.11922162825479404
1.0,0.5,3.141592653589793,0.11921399516158881,0.11921399516158881
1.0,0.5,3.2724923474893677,0.11878509866406389,0.11878509866406389
1.0,0.5,3.4033920413889422,0.1179417233809324,0.1179417233809324
1.0,0.5,3.534291735288517,0.11669699501593933,0.11669699501593933
1.0,0.5,3.665191429188092,0.11507024380215658,0.11507024380215658
1.0,0.5,3.7960911230876664,0.11308680669441207,0.11308680669441207
1.0,0.5,3.926990816987241,0.11077776281546808,0.11077776281546808
1.0,0.5,4.057890510886816,0.10817959536502547,0.10817959536502547
1.0,0.5,4.1887902047863905,0.10533377275809697,0.10533377275809697
1.0,0.5,4.319689898685965,0.10228624229623406,0.10228624229623406
1.0,0.5,4.45058959258554,0.09908683124770912,0.09908683124770912
1.0,0.5,4.581489286485114,0.09578855280116705,0.09578855280116705
1.0,0.5,4.71238898038469,0.09244681786355918,0.09244681786355918
1.0,0.5,4.843288674284264,0.0891185579232946,0.0891185579232946
1.0,0.5,4.974188368183839,0.08586126895213536,0.08586126895213536
1.0,0.5,5.105088062083413,0.08273199127870934,0.08273199127870934
1.0,0.5,5.235987755982988,0.0797862452013764,0.0797862452013764
1.0,0.5,5.3668874498825625,0.07707694647445695,0.07707694647445695
1.0,0.5,5.497787143782138,0.07465332936747981,0.07465332936747981
1.0,0.5,5.6286868376817125,0.07255990746777596,0.07255990746777596
1.0,0.5,5.759586531581287,0.07083550353917872,0.07083550353917872
1.0,0.5,5.890486225480862,0.06951237941151994,0.06951237941151994
1.0,0.5,6.021385919380436,0.06861549499877806,0.06861549499877806
1.0,0.5,6.152285613280011,0.06816192217067202,0.06816192217067202
1.0,0.575,0.0,0.05668052238543797,0.05668052238543797
1.0,0.575,0.1308996938995747,0.0572889120368969,0.0572889120368969
1.0,0.575,0.2617993877991494,0.058473598310709196,0.058473598310709196
1.0,0.575,0.39269908169872414,0.060211442091301914,0.060211442091301914
1.0,0.575,0.5235987755982988,0.06246840023591055,0.06246840023591055
1.0,0.575,0.6544984694978735,0.06520040702032398,0.06520040702032398
1.0,0.575,0.7853981633974483,0.06835450546031607,0.06835450546031607
1.0,0.575,0.916297857297023,0.07187018254791189,0.07187018254791189
1.0,0.575,1.0471975511965976,0.07568085546276182,0.07568085546276182
1.0,0.575,1.1780972450961724,0.0797154519158722,0.0797154519158722
1.0,0.575,1.308996938995747,0.08390002708962341,0.08390002708962341
1.0,0.575,1.4398966328953218,0.08815936206857061,0.08815936206857061
1.0,0.575,1.5707963267948966,0.09241849391691198,0.09241849391691198
1.0,0.575,1.7016960206944711,0.09660413517803401,0.09660413517803401
1.0,0.575,1.832595714594046,0.1006459499361596,0.1006459499361596
1.0,0.575,1.9634954084936205,0.10447766398594238,0.10447766398594238
1.0,0.575,2.0943951023931953,0.10803799736164982,0.10803799736164982
1.0,0.575,2.22529479629277,0.11127141776010302,0.11127141776010302
1.0,0.575,2.356194490192345,0.11412872259556528,0.11412872259556528
1.0,0.575,2.4870941840919194,0.11656746500693449,0.11656746500693449
1.0,0.575,2.617993877991494,0.11855224469741926,0.11855224469741926
1.0,0.575,2.748893571891069,0.12005488778669116,0.12005488778669116
1.0,0.575,2.8797932657906435,0.1210545408255077,0.1210545408255077
1.0,0.575,3.010692959690218,0.12153770285509535,0.12153770285509535
1.0,0.575,3.141592653589793,0.12149821612512657,0.12149821612512657
1.0,0.575,3.2724923474893677,0.12093723117245375,0.12093723117245375
1.0,0.575,3.4033920413889422,0.11986315585731377,0.11986315585731377
1.0,0.575,3.534291735288517,0.11829159116501547,0.11829159116501547
1.0,0.575,3.665191429188092,0.11624524964999827,0.11624524964999827
1.0,0.575,3.7960911230876664,0.11375384586780213,0.11375384586780213
1.0,0.575,3.926990816987241,0.11085394252438174,0.11085394252438174
1.0,0.575,4.057890510886816,0.10758873183469636,0.10758873183469636
1.0,0.575,4.1887902047863905,0.10400772910987621,0.10400772910987621
1.0,0.575,4.319689898685965,0.10016635517112632,0.10016635517112632
1.0,0.575,4.45058959258554,0.09612538598419607,0.09612538598419607
1.0,0.575,4.581489286485114,0.09195025194728346,0.09195025194728346
1.0,0.575,4.71238898038469,0.08771017542250509,0.08771017542250509
1.0,0.575,4.843288674284264,0.08347714309503951,0.08347714309503951
1.0,0.575,4.974188368183839,0.07932471914170758,0.07932471914170758
1.0,0.575,5.105088062083413,0.07532671542560299,0.07532671542560299
1.0,0.575,5.235987755982988,0.0715557453351569,0.0715557453351569
1.0,0.575,5.3668874498825625,0.06808169772401929,0.06808169772401929
1.0,0.575,5.497787143782138,0.06497017594337129,0.06497017594337129
1.0,0.575,5.6286868376817125,0.06228095350164958,0.06228095350164958
1.0,0.575,5.759586531581287,0.06006650185766832,0.06006650185766832
1.0,0.575,5.890486225480862,0.05837064683206239,0.05837064683206239
1.0,0.575,6.021385919380436,0.05722740789157166,0.05722740789157166
1.0,0.575,6.152285613280011,0.056660069130418766,0.056660069130418766
1.0,0.65,0.0,0.04241848781525781,0.04241848781525781
1.0,0.65,0.1308996938995747,0.04317020497093205,0.04317020497093205
1.0,0.65,0.2617993877991494,0.044594057013931654,0.044594057013931654
1.0,0.65,0.39269908169872414,0.046660076195126576,0.046660076195126576
1.0,0.65,0.5235987755982988,0.04932449679628781,0.04932449679628781
1.0,0.65,0.6544984694978735,0.052531095728308774,0.052531095728308774
1.0,0.65,0.7853981633974483,0.05621290021648073,0.05621290021648073
1.0,0.65,0.916297857297023,0.06029417939756565,0.06029417939756565
1.0,0.65,1.0471975511965976,0.0646926250573252,0.0646926250573252
1.0,0.65,1.1780972450961724,0.06932162134481368,0.06932162134481368
1.0,0.65,1.308996938995747,0.07409250427262049,0.07409250427262049
1.0,0.65,1.4398966328953218,0.07891671883493995,0.07891671883493995
1.0,0.65,1.5707963267948966,0.0837077938991097,0.0837077938991097
1.0,0.65,1.7016960206944711,0.0883830715463424,0.0883830715463424
1.0,0.65,1.832595714594046,0.09286514689653202,0.09286514689653202
1.0,0.65,1.9634954084936205,0.09708299515930546,0.09708299515930546
1.0,0.65,2.0943951023931953,0.10097278320745812,0.10097278320745812
1.0,0.65,2.22529479629277,0.10447838197338294,0.10447838197338294
1.0,0.65,2.356194490192345,0.10755161223153276,0.10755161223153276
1.0,0.65,2.4870941840919194,0.11015226893405167,0.11015226893405167
1.0,0.65,2.617993877991494,0.11224797761607763,0.11224797761607763
1.0,0.65,2.748893571891069,0.11381394021713975,0.11381394021713975
1.0,0.65,2.8797932657906435,0.11483262702768027,0.11483262702768027
1.0,0.65,3.010692959690218,0.11529346669629326,0.11529346669629326
1.0,0.65,3.141592653589793,0.11519257788293935,0.11519257788293935
1.0,0.65,3.2724923474893677,0.11453257494498248,0.11453257494498248
1.0,0.65,3.4033920413889422,0.11332246683847219,0.11332246683847219
1.0,0.65,3.534291735288517,0.11157765411129206,0.11157765411129206
1.0,0.65,3.665191429188092,0.1093200143825605,0.1093200143825605
1.0,0.65,3.7960911230876664,0.1065780529561588,0.1065780529561588
1.0,0.65,3.926990816987241,0.10338708307620792,0.10338708307620792
1.0,0.65,4.057890510886816,0.09978939060248654,0.09978939060248654
1.0,0.65,4.1887902047863905,0.09583433127165902,0.09583433127165902
1.0,0.65,4.319689898685965,0.09157830579387921,0.09157830579387921
1.0,0.65,4.45058959258554,0.08708455922209818,0.08708455922209818
1.0,0.65,4.581489286485114,0.08242275651853959,0.08242275651853959
1.0,0.65,4.71238898038469,0.07766829596886721,0.07766829596886721
1.0,0.65,4.843288674284264,0.07290133570967611,0.07290133570967611
1.0,0.65,4.974188368183839,0.06820552548242476,0.06820552548242476
1.0,0.65,5.105088062083413,0.06366645485126365,0.06366645485126365
1.0,0.65,5.235987755982988,0.05936984930675421,0.05936984930675421
1.0,0.65,5.3668874498825625,0.055399565515078464,0.055399565515078464
1.0,0.65,5.497787143782138,0.05183545496535347,0.05183545496535347
1.0,0.65,5.6286868376817125,0.0487511799497124,0.0487511799497124
1.0,0.65,5.759586531581287,0.046212075879328796,0.046212075879328796
1.0,0.65,5.890486225480862,0.04427315838292872,0.04427315838292872
1.0,0.65,6.021385919380436,0.04297737184029049,0.04297737184029049
1.0,0.65,6.152285613280011,0.042354167833048684,0.042354167833048684
1.0,0.7250000000000001,0.0,0.03294697768328053,0.03294697768328053
1.0,0.7250000000000001,0.1308996938995747,0.033797355836772625,0.033797355836772625
1.0,0.7250000000000001,0.2617993877991494,0.035341865106064296,0.035341865106064296
1.0,0.7250000000000001,0.39269908169872414,0.03754397617375732,0.03754397617375732
1.0,0.7250000000000001,0.5235987755982988,0.040350843367607636,0.040350843367607636
1.0,0.7250000000000001,0.6544984694978735,0.043695293032134874,0.043695293032134874
1.0,0.7250000000000001,0.7853981633974483,0.04749833619654176,0.04749833619654176
1.0,0.7250000000000001,0.916297857297023,0.05167206082927339,0.05167206082927339
1.0,0.7250000000000001,1.0471975511965976,0.05612274056465821,0.05612274056465821
1.0,0.7250000000000001,1.1780972450961724,0.06075399019446509,0.06075399019446509
1.0,0.7250000000000001,1.308996938995747,0.06546980352418008,0.06546980352418008
1.0,0.7250000000000001,1.4398966328953218,0.07017732552064865,0.07017732552064865
1.0,0.7250000000000001,1.5707963267948966,0.07478923629962114,0.07478923629962114
1.0,0.7250000000000001,1.7016960206944711,0.07922565704369444,0.07922565704369444
1.0,0.7250000000000001,1.832595714594046,0.0834155246211124,0.0834155246211124
1.0,0.7250000000000001,1.9634954084936205,0.08729741957071041,0.08729741957071041
1.0,0.7250000000000001,2.0943951023931953,0.09081986842147105,0.09081986842147105
1.0,0.7250000000000001,2.22529479629277,0.09394117356321552,0.09394117356321552
1.0,0.7250000000000001,2.356194490192345,0.09662885012834643,0.09662885012834643
1.0,0.7250000000000001,2.4870941840919194,0.09885876825224249,0.09885876825224249
1.0,0.7250000000000001,2.617993877991494,0.10061410997203096,0.10061410997203096
1.0,0.7250000000000001,2.748893571891069,0.10188425283816616,0.10188425283816616
1.0,0.7250000000000001,2.8797932657906435,0.10266368752102106,0.10266368752102106
1.0,0.7250000000000001,3.010692959690218,0.1029510651793355,0.1029510651793355
1.0,0.7250000000000001,3.141592653589793,0.10274845328497156,0.10274845328497156
1.0,0.7250000000000001,3.2724923474893677,0.102060857294271,0.102060857294271
1.0,0.7250000000000001,3.4033920413889422,0.1008960414054938,0.1008960414054938
1.0,0.7250000000000001,3.534291735288517,0.09926465602156875,0.09926465602156875
1.0,0.7250000000000001,3.665191429188092,0.09718065378263296,0.09718065378263296
1.0,0.7250000000000001,3.7960911230876664,0.09466195142757639,0.09466195142757639
1.0,0.7250000000000001,3.926990816987241,0.0917312725272354,0.0917312725272354
1.0,0.7250000000000001,4.057890510886816,0.08841708750286303,0.08841708750286303
1.0,0.7250000000000001,4.1887902047863905,0.08475455344982624,0.08475455344982624
1.0,0.7250000000000001,4.319689898685965,0.08078634818729546,0.08078634818729546
1.0,0.7250000000000001,4.45058959258554,0.07656329155120067,0.07656329155120067
1.0,0.7250000000000001,4.581489286485114,0.07214465288532862,0.07214465288532862
1.0,0.7250000000000001,4.71238898038469,0.06759805723906348,0.06759805723906348
1.0,0.7250000000000001,4.843288674284264,0.0629989237401482,0.0629989237401482
1.0,0.7250000000000001,4.974188368183839,0.0584293971927462,0.0584293971927462
1.0,0.7250000000000001,5.105088062083413,0.05397676675221774,0.05397676675221774
1.0,0.7250000000000001,5.235987755982988,0.04973140154950528,0.04973140154950528
1.0,0.7250000000000001,5.3668874498825625,0.045784269883176465,0.045784269883176465
1.0,0.7250000000000001,5.497787143782138,0.042224143246413326,0.042224143246413326
1.0,0.7250000000000001,5.6286868376817125,0.03913461610620783,0.03913461610620783
1.0,0.7250000000000001,5.759586531581287,0.03659109429354296,0.03659109429354296
1.0,0.7250000000000001,5.890486225480862,0.03465791686729558,0.03465791686729558
1.0,0.7250000000000001,6.021385919380436,0.033385776887855934,0.033385776887855934
1.0,0.7250000000000001,6.152285613280011,0.03280959511405834,0.03280959511405834
1.0,0.8,0.0,0.036735975850703095,0.036735975850703095
1.0,0.8,0.1308996938995747,0.037607287046032445,0.037607287046032445
1.0,0.8,0.2617993877991494,0.03908330056975251,0.03908330056975251
1.0,0.8,0.39269908169872414,0.04112170704407736,0.04112170704407736
1.0,0.8,0.5235987755982988,0.04366202541508479,0.04366202541508479
1.0,0.8,0.6544984694978735,0.046628505511572105,0.046628505511572105
1.0,0.8,0.7853981633974483,0.04993376635416891,0.04993376635416891
1.0,0.8,0.916297857297023,0.053482926802706554,0.053482926802706554
1.0,0.8,1.0471975511965976,0.05717795717286639,0.05717795717286639
1.0,0.8,1.1780972450961724,0.06092197397287219,0.06092197397287219
1.0,0.8,1.308996938995747,0.06462321464319037,0.06462321464319037
1.0,0.8,1.4398966328953218,0.06819846299972193,0.06819846299972193
1.0,0.8,1.5707963267948966,0.07157574529788874,0.07157574529788874
1.0,0.8,1.7016960206944711,0.0746961766526501,0.0746961766526501
1.0,0.8,1.832595714594046,0.07751490258954008,0.07751490258954008
1.0,0.8,1.9634954084936205,0.08000114535962627,0.08000114535962627
1.0,0.8,2.0943951023931953,0.08213742440657446,0.08213742440657446
1.0,0.8,2.22529479629277,0.08391807100184834,0.08391807100184834
1.0,0.8,2.356194490192345,0.08534719570744864,0.08534719570744864
1.0,0.8,2.4870941840919194,0.08643629240884027,0.08643629240884027
1.0,0.8,2.617993877991494,0.08720167384778771,0.08720167384778771
1.0,0.8,2.748893571891069,0.08766193160607938,0.08766193160607938
1.0,0.8,2.8797932657906435,0.08783559987970463,0.08783559987970463
1.0,0.8,3.010692959690218,0.08773917917013146,0.08773917917013146
1.0,0.8,3.141592653589793,0.08738564544023847,0.08738564544023847
1.0,0.8,3.2724923474893677,0.08678353453578758,0.08678353453578758
1.0,0.8,3.4033920413889422,0.08593665276432777,0.08593665276432777
1.0,0.8,3.534291735288517,0.08484442420255517,0.08484442420255517
1.0,0.8,3.665191429188092,0.08350284509363604,0.08350284509363604
1.0,0.8,3.7960911230876664,0.08190597698667423,0.08190597698667423
1.0,0.8,3.926990816987241,0.08004787443944489,0.08004787443944489
1.0,0.8,4.057890510886816,0.07792481163232917,0.07792481163232917
1.0,0.8,4.1887902047863905,0.07553764677106978,0.07553764677106978
1.0,0.8,4.319689898685965,0.07289414548226714,0.07289414548226714
1.0,0.8,4.45058959258554,0.07001107636030279,0.07001107636030279
1.0,0.8,4.581489286485114,0.06691589507471546,0.06691589507471546
1.0,0.8,4.71238898038469,0.06364784922464328,0.06364784922464328
1.0,0.8,4.843288674284264,0.06025836492916303,0.06025836492916303
1.0,0.8,4.974188368183839,0.05681061745847249,0.05681061745847249
1.0,0.8,5.105088062083413,0.053378240329646,0.053378240329646
1.0,0.8,5.235987755982988,0.05004318723956719,0.05004318723956719
1.0,0.8,5.3668874498825625,0.04689282485841878,0.04689282485841878
1.0,0.8,5.497787143782138,0.044016396857948836,0.044016396857948836
1.0,0.8,5.6286868376817125,0.04150105516497499,0.04150105516497499
1.0,0.8,5.759586531581287,0.0394276979986688,0.0394276979986688
1.0,0.8,5.890486225480862,0.0378668811753613,0.0378668811753613
1.0,0.8,6.021385919380436,0.03687507613442598,0.03687507613442598
1.0,0.8,6.152285613280011,0.036491533569401324,0.036491533569401324
1.0,0.875,0.0,0.06128972761790513,0.06128972761790513
1.0,0.875,0.1308996938995747,0.06207407390476172,0.06207407390476172
1.0,0.875,0.2617993877991494,0.06323250289392773,0.06323250289392773
1.0,0.875,0.39269908169872414,0.06471791358103485,0.06471791358103485
1.0,0.875,0.5235987755982988,0.06646394017047486,0.06646394017047486
1.0,0.875,0.6544984694978735,0.0683891494428186,0.0683891494428186
1.0,0.875,0.7853981633974483,0.07040226084060142,0.07040226084060142
1.0,0.875,0.916297857297023,0.07240799144365523,0.07240799144365523
1.0,0.875,1.0471975511965976,0.07431308731247732,0.07431308731247732
1.0,0.875,1.1780972450961724,0.07603209959867036,0.07603209959867036
1.0,0.875,1.308996938995747,0.0774924971216649,0.0774924971216649
1.0,0.875,1.4398966328953218,0.07863877212045967,0.07863877212045967
1.0,0.875,1.5707963267948966,0.07943528518466658,0.07943528518466658
1.0,0.875,1.7016960206944711,0.07986769972827923,0.07986769972827923
1.0,0.875,1.832595714594046,0.07994296586643546,0.07994296586643546
1.0,0.875,1.9634954084936205,0.0796879186544614,0.0796879186544614
1.0,0.875,2.0943951023931953,0.07914664816170747,0.07914664816170747
1.0,0.875,2.22529479629277,0.07837687264907334,0.07837687264907334
1.0,0.875,2.356194490192345,0.07744559751533409,0.07744559751533409
1.0,0.875,2.4870941840919194,0.0764243704872119,0.0764243704872119
1.0,0.875,2.617993877991494,0.07538444879718975,0.07538444879718975
1.0,0.875,2.748893571891069,0.07439217959005417,0.07439217959005417
1.0,0.875,2.8797932657906435,0.07350486436347614,0.07350486436347614
1.0,0.875,3.010692959690218,0.07276733610884162,0.07276733610884162
1.0,0.875,3.141592653589793,0.07220942799224983,0.07220942799224983
1.0,0.875,3.2724923474893677,0.07184445826841046,0.07184445826841046
1.0,0.875,3.4033920413889422,0.07166880014787147,0.07166880014787147
1.0,0.875,3.534291735288517,0.07166254917457865,0.07166254917457865
1.0,0.875,3.665191429188092,0.07179124529900227,0.07179124529900227
1.0,0.875,3.7960911230876664,0.07200855293545916,0.07200855293545916
1.0,0.875,3.926990816987241,0.0722597506654456,0.0722597506654456
1.0,0.875,4.057890510886816,0.0724858341747906,0.0724858341747906
1.0,0.875,4.1887902047863905,0.07262799351771154,0.07262799351771154
1.0,0.875,4.319689898685965,0.07263219172235191,0.07263219172235191
1.0,0.875,4.45058959258554,0.07245354957448036,0.07245354957448036
1.0,0.875,4.581489286485114,0.07206023488166552,0.07206023488166552
1.0,0.875,4.71238898038469,0.07143656705548546,0.07143656705548546
1.0,0.875,4.843288674284264,0.07058508188449591,0.07058508188449591
1.0,0.875,4.974188368183839,0.06952735766869922,0.06952735766869922
1.0,0.875,5.105088062083413,0.06830348100110156,0.06830348100110156
1.0,0.875,5.235987755982988,0.06697012446589279,0.06697012446589279
1.0,0.875,5.3668874498825625,0.06559731296832694,0.06559731296832694
1.0,0.875,5.497787143782138,0.0642640618692093,0.0642640618692093
1.0,0.875,5.6286868376817125,0.06305316884929124,0.06305316884929124
1.0,0.875,5.759586531581287,0.06204552253658413,0.06204552253658413
1.0,0.875,5.890486225480862,0.06131434541864528,0.06131434541864528
1.0,0.875,6.021385919380436,0.06091980958420107,0.06091980958420107
1.0,0.875,6.152285613280011,0.060904447634254066,0.060904447634254066
1.0,0.9500000000000001,0.0,0.11135108196042265,0.11135108196042265
1.0,0.9500000000000001,0.1308996938995747,0.11191976875249621,0.11191976875249621
1.0,0.9500000000000001,0.2617993877991494,0.11247767546685583,0.11247767546685583
1.0,0.9500000000000001,0.39269908169872414,0.11297353398461052,0.11297353398461052
1.0,0.9500000000000001,0.5235987755982988,0.11333624467574233,0.11333624467574233
1.0,0.9500000000000001,0.6544984694978735,0.11348091430097518,0.11348091430097518
1.0,0.9500000000000001,0.7853981633974483,0.11331631013413679,0.11331631013413679
1.0,0.9500000000000001,0.916297857297023,0.11275309588148774,0.11275309588148774
1.0,0.9500000000000001,1.0471975511965976,0.11171215819456787,0.11171215819456787
1.0,0.9500000000000001,1.1780972450961724,0.11013233963870134,0.11013233963870134
1.0,0.9500000000000001,1.308996938995747,0.10797696147445596,0.10797696147445596
1.0,0.9500000000000001,1.4398966328953218,0.10523863800248107,0.10523863800248107
1.0,0.9500000000000001,1.5707963267948966,0.10194203929433049,0.10194203929433049
1.0,0.9500000000000001,1.7016960206944711,0.09814443389706123,0.09814443389706123
1.0,0.9500000000000001,1.832595714594046,0.09393401994108563,0.09393401994108563
1.0,0.9500000000000001,1.9634954084936205,0.0894262158133115,0.0894262158133115
1.0,0.9500000000000001,2.0943951023931953,0.0847582171436167,0.0847582171436167
1.0,0.9500000000000001,2.22529479629277,0.08008222656667302,0.08008222656667302
1.0,0.9500000000000001,2.356194490192345,0.07555782264364208,0.07555782264364208
1.0,0.9500000000000001,2.4870941840919194,0.07134395515500996,0.07134395515500996
1.0,0.9500000000000001,2.617993877991494,0.0675910402305464,0.0675910402305464
1.0,0.9500000000000001,2.748893571891069,0.06443358760518214,0.06443358760518214
1.0,0.9500000000000001,2.8797932657906435,0.06198373202146251,0.06198373202146251
1.0,0.9500000000000001,3.010692959690218,0.0603259695992695,0.0603259695992695
1.0,0.9500000000000001,3.141592653589793,0.059513324698412806,0.059513324698412806
1.0,0.9500000000000001,3.2724923474893677,0.059565098180526355,0.059565098180526355
1.0,0.9500000000000001,3.4033920413889422,0.060466276474793024,0.060466276474793024
1.0,0.9500000000000001,3.534291735288517,0.06216861279377017,0.06216861279377017
1.0,0.9500000000000001,3.665191429188092,0.06459332606447343,0.06459332606447343
1.0,0.9500000000000001,3.7960911230876664,0.06763529787183536,0.06763529787183536
1.0,0.9500000000000001,3.926990816987241,0.07116858159544831,0.07116858159544831
1.0,0.9500000000000001,4.057890510886816,0.07505297091687424,0.07505297091687424
1.0,0.9500000000000001,4.1887902047863905,0.0791413089319351,0.0791413089319351
1.0,0.9500000000000001,4.319689898685965,0.08328715842688905,0.08328715842688905
1.0,0.9500000000000001,4.45058959258554,0.08735240472724698,0.08735240472724698
1.0,0.9500000000000001,4.581489286485114,0.09121433251421118,0.09121433251421118
1.0,0.9500000000000001,4.71238898038469,0.09477171497186682,0.09477171497186682
1.0,0.9500000000000001,4.843288674284264,0.09794948426535144,0.09794948426535144
1.0,0.9500000000000001,4.974188368183839,0.10070162073415995,0.10070162073415995
1.0,0.9500000000000001,5.105088062083413,0.10301200452299397,0.10301200452299397
1.0,0.9500000000000001,5.235987755982988,0.1048931131789167,0.1048931131789167
1.0,0.9500000000000001,5.3668874498825625,0.10638261265064874,0.10638261265064874
1.0,0.9500000000000001,5.497787143782138,0.10753806344350647,0.10753806344350647
1.0,0.9500000000000001,5.6286868376817125,0.1084301316929539,0.1084301316929539
1.0,0.9500000000000001,5.759586531581287,0.10913483876781777,0.10913483876781777
1.0,0.9500000000000001,5.890486225480862,0.10972548595630827,0.10972548595630827
1.0,0.9500000000000001,6.021385919380436,0.11026493945585675,0.11026493945585675
1.0,0.9500000000000001,6.152285613280011,0.11079894723567624,0.11079894723567624
1.0,1.0250000000000001,0.0,0.18757767298643757,0.18757767298643757
1.0,1.0250000000000001,0.1308996938995747,0.18779693991349633,0.18779693991349633
1.0,1.0250000000000001,0.2617993877991494,0.1874781141218329,0.1874781141218329
1.0,1.0250000000000001,0.39269908169872414,0.18656519263867355,0.18656519263867355
1.0,1.0250000000000001,0.5235987755982988,0.18498159195190111,0.18498159195190111
1.0,1.0250000000000001,0.6544984694978735,0.18263880496254864,0.18263880496254864
1.0,1.0250000000000001,0.7853981633974483,0.17944701780298555,0.17944701780298555
1.0,1.0250000000000001,0.916297857297023,0.17532669616036273,0.17532669616036273
1.0,1.0250000000000001,1.0471975511965976,0.1702200748482514,0.1702200748482514
1.0,1.0250000000000001,1.1780972450961724,0.16410151394578465,0.16410151394578465
1.0,1.0250000000000001,1.308996938995747,0.1569858120837947,0.1569858120837947
1.0,1.0250000000000001,1.4398966328953218,0.14893377407195568,0.14893377407195568
1.0,1.0250000000000001,1.5707963267948966,0.14005458997003234,0.14005458997003234
1.0,1.0250000000000001,1.7016960206944711,0.13050486578645187,0.13050486578645187
1.0,1.0250000000000001,1.832595714594046,0.12048442203103121,0.12048442203103121
1.0,1.0250000000000001,1.9634954084936205,0.11022921878724856,0.11022921878724856
1.0,1.0250000000000001,2.0943951023931953,0.10000195483337448,0.10000195483337448
1.0,1.0250000000000001,2.22529479629277,0.09008101208151836,0.09008101208151836
1.0,1.0250000000000001,2.356194490192345,0.08074847259307877,0.08074847259307877
1.0,1.0250000000000001,2.4870941840919194,0.07227792917514148,0.07227792917514148
1.0,1.0250000000000001,2.617993877991494,0.06492275384823193,0.06492275384823193
1.0,1.0250000000000001,2.748893571891069,0.05890539680797596,0.05890539680797596
1.0,1.0250000000000001,2.8797932657906435,0.05440817831322642,0.05440817831322642
1.0,1.0250000000000001,3.010692959690218,0.05156592198306997,0.05156592198306997
1.0,1.0250000000000001,3.141592653589793,0.05046067135436899,0.05046067135436899
1.0,1.0250000000000001,3.2724923474893677,0.051118638460826094,0.051118638460826094
1.0,1.0250000000000001,3.4033920413889422,0.05350945477501612,0.05350945477501612
1.0,1.0250000000000001,3.534291735288517,0.05754772782320555,0.05754772782320555
1.0,1.0250000000000001,3.665191429188092,0.06309684485953804,0.06309684485953804
1.0,1.0250000000000001,3.7960911230876664,0.06997490079731628,0.06997490079731628
1.0,1.0250000000000001,3.926990816987241,0.07796255474497316,0.07796255474497316
1.0,1.0250000000000001,4.057890510886816,0.08681253447568837,0.08681253447568837
1.0,1.0250000000000001,4.1887902047863905,0.09626041178903111,0.09626041178903111
1.0,1.0250000000000001,4.319689898685965,0.10603616983971798,0.10603616983971798
1.0,1.0250000000000001,4.45058959258554,0.1158759867686513,0.1158759867686513
1.0,1.0250000000000001,4.581489286485114,0.12553358268618986,0.12553358268618986
1.0,1.0250000000000001,4.71238898038469,0.13479043517522654,0.13479043517522654
1.0,1.0250000000000001,4.843288674284264,0.14346417695492752,0.14346417695492752
1.0,1.0250000000000001,4.974188368183839,0.15141455927309083,0.15141455927309083
1.0,1.0250000000000001,5.105088062083413,0.1585465005958967,0.1585465005958967
1.0,1.0250000000000001,5.235987755982988,0.16480993848461045,0.16480993848461045
1.0,1.0250000000000001,5.3668874498825625,0.1701964503024403,0.1701964503024403
1.0,1.0250000000000001,5.497787143782138,0.1747328842019089,0.1747328842019089
1.0,1.0250000000000001,5.6286868376817125,0.17847251790210417,0.17847251790210417
1.0,1.0250000000000001,5.759586531581287,0.18148450814252048,0.18148450814252048
1.0,1.0250000000000001,5.890486225480862,0.1838425783905166,0.1838425783905166
1.0,1.0250000000000001,6.021385919380436,0.18561399153393615,0.18561399153393615
1.0,1.0250000000000001,6.152285613280011,0.18684985194398523,0.18684985194398523
1.0,1.1,0.0,0.28599630086411393,0.28599630086411393
1.0,1.1,0.1308996938995747,0.2857479771908792,0.2857479771908792
1.0,1.1,0.2617993877991494,0.2843338931379628,0.2843338931379628
1.0,1.1,0.39269908169872414,0.2816905205231218,0.2816905205231218
1.0,1.1,0.5235987755982988,0.27773153778858967,0.27773153778858967
1.0,1.1,0.6544984694978735,0.2723602026194389,0.2723602026194389
1.0,1.1,0.7853981633974483,0.2654844369212972,0.2654844369212972
1.0,1.1,0.916297857297023,0.2570331074334107,0.2570331074334107
1.0,1.1,1.0471975511965976,0.24697188830618066,0.24697188830618066
1.0,1.1,1.1780972450961724,0.23531716504275607,0.23531716504275607
1.0,1.1,1.308996938995747,0.22214666641976005,0.22214666641976005
1.0,1.1,1.4398966328953218,0.20760585885474947,0.20760585885474947
1.0,1.1,1.5707963267948966,0.1919095602784271,0.1919095602784271
1.0,1.1,1.7016960206944711,0.17533867629869088,0.17533867629869088
1.0,1.1,1.832595714594046,0.15823238012110774,0.15823238012110774
1.0,1.1,1.9634954084936205,0.14097640700756447,0.14097640700756447
1.0,1.1,2.0943951023931953,0.1239883844985038,0.1239883844985038
1.0,1.1,2.22529479629277,0.10770125719346185,0.10770125719346185
1.0,1.1,2.356194490192345,0.09254589135000385,0.09254589135000385
1.0,1.1,2.4870941840919194,0.0789338754055467,0.0789338754055467
1.0,1.1,2.617993877991494,0.06724139307406352,0.06724139307406352
1.0,1.1,2.748893571891069,0.057794866151009094,0.057794866151009094
1.0,1.1,2.8797932657906435,0.050858874569501666,0.050858874569501666
1.0,1.1,3.010692959690218,0.04662668680109944,0.04662668680109944
1.0,1.1,3.141592653589793,0.045213591495109395,0.045213591495109395
1.0,1.1,3.2724923474893677,0.0466531185935089,0.0466531185935089
1.0,1.1,3.4033920413889422,0.050896172515282334,0.050896172515282334
1.0,1.1,3.534291735288517,0.05781306059107044,0.05781306059107044
1.0,1.1,3.665191429188092,0.06719837051515176,0.06719837051515176
1.0,1.1,3.7960911230876664,0.07877861307381251,0.07877861307381251
1.0,1.1,3.926990816987241,0.09222248469458416,0.09222248469458416
1.0,1.1,4.057890510886816,0.10715350786240252,0.10715350786240252
1.0,1.1,4.1887902047863905,0.12316467387777585,0.12316467387777585
1.0,1.1,4.319689898685965,0.13983454929104133,0.13983454929104133
1.0,1.1,4.45058959258554,0.15674413186224173,0.15674413186224173
1.0,1.1,4.581489286485114,0.17349357923809133,0.17349357923809133
1.0,1.1,4.71238898038469,0.18971781342669303,0.18971781342669303
1.0,1.1,4.843288674284264,0.20509995622110738,0.20509995622110738
1.0,1.1,4.974188368183839,0.2193815992754573,0.2193815992754573
1.0,1.1,5.105088062083413,0.232369071510942,0.232369071510942
1.0,1.1,5.235987755982988,0.24393513559715696,0.24393513559715696
1.0,1.1,5.3668874498825625,0.25401590785568245,0.25401590785568245
1.0,1.1,5.497787143782138,0.2626032197975578,0.2626032197975578
1.0,1.1,5.6286868376817125,0.26973307982220684,0.26973307982220684
1.0,1.1,5.759586531581287,0.2754712985199435,0.2754712985199435
1.0,1.1,5.890486225480862,0.2798976587103195,0.2798976587103195
1.0,1.1,6.021385919380436,0.283090197576954,0.283090197576954
1.0,1.1,6.152285613280011,0.28511119319150335,0.28511119319150335
1.0,1.175,0.0,0.398373157927563,0.398373157927563
1.0,1.175,0.1308996938995747,0.39757757531779203,0.39757757531779203
1.0,1.175,0.2617993877991494,0.3949616902663312,0.3949616902663312
1.0,1.175,0.39269908169872414,0.39044830772923633,0.39044830772923633
1.0,1.175,0.5235987755982988,0.3839318741152219,0.3839318741152219
1.0,1.175,0.6544984694978735,0.37529608163594524,0.37529608163594524
1.0,1.175,0.7853981633974483,0.3644352217674306,0.3644352217674306
1.0,1.175,0.916297857297023,0.35127700598040157,0.35127700598040157
1.0,1.175,1.0471975511965976,0.3358044541921676,0.3358044541921676
1.0,1.175,1.1780972450961724,0.31807460148713324,0.31807460148713324
1.0,1.175,1.308996938995747,0.29823216163804755,0.29823216163804755
1.0,1.175,1.4398966328953218,0.2765168532298823,0.2765168532298823
1.0,1.175,1.5707963267948966,0.25326376279518725,0.25326376279518725
1.0,1.175,1.7016960206944711,0.22889680374678123,0.22889680374678123
1.0,1.175,1.832595714594046,0.20391594908919008,0.20391594908919008
1.0,1.175,1.9634954084936205,0.17887940442819084,0.17887940442819084
1.0,1.175,2.0943951023931953,0.15438220355825238,0.15438220355825238
1.0,1.175,2.22529479629277,0.13103283696877044,0.13103283696877044
1.0,1.175,2.356194490192345,0.10942947571685463,0.10942947571685463
1.0,1.175,2.4870941840919194,0.09013716317481396,0.09013716317481396
1.0,1.175,2.617993877991494,0.0736670638122946,0.0736670638122946
1.0,1.175,2.748893571891069,0.060458535852348005,0.060458535852348005
1.0,1.175,2.8797932657906435,0.05086448469533522,0.05086448469533522
1.0,1.175,3.010692959690218,0.0451401972107065,0.0451401972107065
1.0,1.175,3.141592653589793,0.043435678455756854,0.043435678455756854
1.0,1.175,3.2724923474893677,0.045791419279365586,0.045791419279365586
1.0,1.175,3.4033920413889422,0.05213750551653401,0.05213750551653401
1.0,1.175,3.534291735288517,0.062296012847716076,0.062296012847716076
1.0,1.175,3.665191429188092,0.07598668254500734,0.07598668254500734
1.0,1.175,3.7960911230876664,0.09283590596333002,0.09283590596333002
1.0,1.175,3.926990816987241,0.11238902701937314,0.11238902701937314
1.0,1.175,4.057890510886816,0.13412587890038136,0.13412587890038136
1.0,1.175,4.1887902047863905,0.1574792951659208,0.1574792951659208
1.0,1.175,4.319689898685965,0.18185608490160265,0.18185608490160265
1.0,1.175,4.45058959258554,0.20665966304862993,0.20665966304862993
1.0,1.175,4.581489286485114,0.2313132221364569,0.2313132221364569
1.0,1.175,4.71238898038469,0.25528207202419123,0.25528207202419123
1.0,1.175,4.843288674284264,0.2780936138386485,0.2780936138386485
1.0,1.175,4.974188368183839,0.2993534002449936,0.2993534002449936
1.0,1.175,5.105088062083413,0.3187558978385002,0.3187558978385002
1.0,1.175,5.235987755982988,0.33608891687594233,0.33608891687594233
1.0,1.175,5.3668874498825625,0.3512311892729263,0.3512311892729263
1.0,1.175,5.497787143782138,0.36414321065353616,0.36414321065353616
1.0,1.175,5.6286868376817125,0.3748521461216091,0.3748521461216091
1.0,1.175,5.759586531581287,0.3834322480724219,0.3834322480724219
1.0,1.175,5.890486225480862,0.3899827612752809,0.3899827612752809
1.0,1.175,6.021385919380436,0.3946056198836712,0.3946056198836712
1.0,1.175,6.152285613280011,0.3973853199420284,0.3973853199420284
1.0,1.25,0.0,0.5134378900235363,0.5134378900235363
1.0,1.25,0.1308996938995747,0.5120755116424983,0.5120755116424983
1.0,1.25,0.2617993877991494,0.5083119417957228,0.5083119417957228
1.0,1.25,0.39269908169872414,0.5020457404216022,0.5020457404216022
1.0,1.25,0.5235987755982988,0.49313574756734646,0.49313574756734646
1.0,1.25,0.6544984694978735,0.48142596727443326,0.48142596727443326
1.0,1.25,0.7853981633974483,0.4667756137260695,0.4667756137260695
1.0,1.25,0.916297857297023,0.44909094552661377,0.44909094552661377
1.0,1.25,1.0471975511965976,0.4283553795934149,0.4283553795934149
1.0,1.25,1.1780972450961724,0.404654654221993,0.404654654221993
1.0,1.25,1.308996938995747,0.378194448363893,0.378194448363893
1.0,1.25,1.4398966328953218,0.34930876249336895,0.34930876249336895
1.0,1.25,1.5707963267948966,0.31845839765253986,0.31845839765253986
1.0,1.25,1.7016960206944711,0.286219895733969,0.286219895733969
1.0,1.25,1.832595714594046,0.2532661988774015,0.2532661988774015
1.0,1.25,1.9634954084936205,0.22034095047512553,0.22034095047512553
1.0,1.25,2.0943951023931953,0.18822873672903723,0.18822873672903723
1.0,1.25,2.22529479629277,0.15772364369889746,0.15772364369889746
1.0,1.25,2.356194490192345,0.12959831134188315,0.12959831134188315
1.0,1.25,2.4870941840919194,0.10457526855965704,0.10457526855965704
1.0,1.25,2.617993877991494,0.08330181806907222,0.08330181806907222
1.0,1.25,2.748893571891069,0.06632919893583722,0.06632919893583722
1.0,1.25,2.8797932657906435,0.05409627085672675,0.05409627085672675
1.0,1.25,3.010692959690218,0.046917600216901945,0.046917600216901945
1.0,1.25,3.141592653589793,0.04497561828580343,0.04497561828580343
1.0,1.25,3.2724923474893677,0.04831647115468385,0.04831647115468385
1.0,1.25,3.4033920413889422,0.05684926555392428,0.05684926555392428
1.0,1.25,3.534291735288517,0.0703485885325566,0.0703485885325566
1.0,1.25,3.665191429188092,0.08846038206783768,0.08846038206783768
1.0,1.25,3.7960911230876664,0.11071142158537478,0.11071142158537478
1.0,1.25,3.926990816987241,0.13652272147167,0.13652272147167
1.0,1.25,4.057890510886816,0.16522712759507202,0.16522712759507202
1.0,1.25,4.1887902047863905,0.1960911364298334,0.1960911364298334
1.0,1.25,4.319689898685965,0.22834061079907952,0.22834061079907952
1.0,1.25,4.45058959258554,0.2611895816370021,0.2611895816370021
1.0,1.25,4.581489286485114,0.2938707986334763,0.2938707986334763
1.0,1.25,4.71238898038469,0.3256662045919715,0.3256662045919715
1.0,1.25,4.843288674284264,0.35593515058483044,0.35593515058483044
1.0,1.25,4.974188368183839,0.3841380258226168,0.3841380258226168
1.0,1.25,5.105088062083413,0.40985310887435056,0.40985310887435056
1.0,1.25,5.235987755982988,0.43278488040380514,0.43278488040380514
1.0,1.25,5.3668874498825625,0.4527627519007473,0.4527627519007473
1.0,1.25,5.497787143782138,0.4697300934502628,0.4697300934502628
1.0,1.25,5.6286868376817125,0.4837244797461378,0.4837244797461378
1.0,1.25,5.759586531581287,0.4948510844016144,0.4948510844016144
1.0,1.25,5.890486225480862,0.5032519982834677,0.5032519982834677
1.0,1.25,6.021385919380436,0.5090748029186406,0.5090748029186406
1.0,1.25,6.152285613280011,0.5124439047409488,0.5124439047409488
1.0,1.3250000000000002,0.0,0.6187153033918642,0.6187153033918642
1.0,1.3250000000000002,0.1308996938995747,0.6168432486760076,0.6168432486760076
1.0,1.3250000000000002,0.2617993877991494,0.6121804948969469,0.6121804948969469
1.0,1.3250000000000002,0.39269908169872414,0.6045854638556178,0.6045854638556178
1.0,1.3250000000000002,0.5235987755982988,0.5938568474020157,0.5938568474020157
1.0,1.3250000000000002,0.6544984694978735,0.5797684637723631,0.5797684637723631
1.0,1.3250000000000002,0.7853981633974483,0.5621111722694629,0.5621111722694629
1.0,1.3250000000000002,0.916297857297023,0.540736942686283,0.540736942686283
1.0,1.3250000000000002,1.0471975511965976,0.5156000347053106,0.5156000347053106
1.0,1.3250000000000002,1.1780972450961724,0.4867907227092401,0.4867907227092401
1.0,1.3250000000000002,1.308996938995747,0.4545580133527355,0.4545580133527355
1.0,1.3250000000000002,1.4398966328953218,0.41931918698851206,0.41931918698851206
1.0,1.3250000000000002,1.5707963267948966,0.38165554598077334,0.38165554598077334
1.0,1.3250000000000002,1.7016960206944711,0.34229525806006467,0.34229525806006467
1.0,1.3250000000000002,1.832595714594046,0.3020854476130862,0.3020854476130862
1.0,1.3250000000000002,1.9634954084936205,0.26195656788502814,0.26195656788502814
1.0,1.3250000000000002,2.0943951023931953,0.2228825058751166,0.2228825058751166
1.0,1.3250000000000002,2.22529479629277,0.18583982649967928,0.18583982649967928
1.0,1.3250000000000002,2.356194490192345,0.15176911838338103,0.15176911838338103
1.0,1.3250000000000002,2.4870941840919194,0.12154067658346468,0.12154067658346468
1.0,1.3250000000000002,2.617993877991494,0.09592589179880678,0.09592589179880678
1.0,1.3250000000000002,2.748893571891069,0.07557485813501724,0.07557485813501724
1.0,1.3250000000000002,2.8797932657906435,0.06099998940174928,0.06099998940174928
1.0,1.3250000000000002,3.010692959690218,0.052564937616698504,0.052564937616698504
1.0,1.3250000000000002,3.141592653589793,0.050477881320666496,0.050477881320666496
1.0,1.3250000000000002,3.2724923474893677,0.05478829237836669,0.05478829237836669
1.0,1.3250000000000002,3.4033920413889422,0.06538655253555181,0.06538655253555181
1.0,1.3250000000000002,3.534291735288517,0.08200619677301024,0.08200619677301024
1.0,1.3250000000000002,3.665191429188092,0.10422901107988497,0.10422901107988497
1.0,1.3250000000000002,3.7960911230876664,0.13149360343206135,0.13149360343206135
1.0,1.3250000000000002,3.926990816987241,0.16310830282728295,0.16310830282728295
1.0,1.3250000000000002,4.057890510886816,0.19826924881936314,0.19826924881936314
1.0,1.3250000000000002,4.1887902047863905,0.23608427404135685,0.23608427404135685
1.0,1.3250000000000002,4.319689898685965,0.2756026588187486,0.2756026588187486
1.0,1.3250000000000002,4.45058959258554,0.3158501014445614,0.3158501014445614
1.0,1.3250000000000002,4.581489286485114,0.35586739599617084,0.35586739599617084
1.0,1.3250000000000002,4.71238898038469,0.3947504722850331,0.3947504722850331
1.0,1.3250000000000002,4.843288674284264,0.43168877727372806,0.43168877727372806
1.0,1.3250000000000002,4.974188368183839,0.46599860557981543,0.46599860557981543
1.0,1.3250000000000002,5.105088062083413,0.4971480284855973,0.4971480284855973
1.0,1.3250000000000002,5.235987755982988,0.52477058153843,0.52477058153843
1.0,1.3250000000000002,5.3668874498825625,0.5486658351543454,0.5486658351543454
1.0,1.3250000000000002,5.497787143782138,0.5687863000365456,0.5687863000365456
1.0,1.3250000000000002,5.6286868376817125,0.5852116520169952,0.5852116520169952
1.0,1.3250000000000002,5.759586531581287,0.5981127953236852,0.5981127953236852
1.0,1.3250000000000002,5.890486225480862,0.6077095998333243,0.6077095998333243
1.0,1.3250000000000002,6.021385919380436,0.6142270464018292,0.6142270464018292
1.0,1.3250000000000002,6.152285613280011,0.6178548470362034,0.6178548470362034
1.0,1.4000000000000001,0.0,0.7025917043558652,0.7025917043558652
1.0,1.4000000000000001,0.1308996938995747,0.7003517844840192,0.7003517844840192
1.0,1.4000000000000001,0.2617993877991494,0.6952436306005227,0.6952436306005227
1.0,1.4000000000000001,0.39269908169872414,0.6870638121336485,0.6870638121336485
1.0,1.4000000000000001,0.5235987755982988,0.6755174861074326,0.6755174861074326
1.0,1.4000000000000001,0.6544984694978735,0.6602666627872135,0.6602666627872135
1.0,1.4000000000000001,0.7853981633974483,0.6409880240210482,0.6409880240210482
1.0,1.4000000000000001,0.916297857297023,0.6174332933159363,0.6174332933159363
1.0,1.4000000000000001,1.0471975511965976,0.5894850270742076,0.5894850270742076
1.0,1.4000000000000001,1.1780972450961724,0.5572014823965287,0.5572014823965287
1.0,1.4000000000000001,1.308996938995747,0.5208457731790475,0.5208457731790475
1.0,1.4000000000000001,1.4398966328953218,0.48089660180050353,0.48089660180050353
1.0,1.4000000000000001,1.5707963267948966,0.4380401338787171,0.4380401338787171
1.0,1.4000000000000001,1.7016960206944711,0.3931447415542352,0.3931447415542352
1.0,1.4000000000000001,1.832595714594046,0.3472220890502639,0.3472220890502639
1.0,1.4000000000000001,1.9634954084936205,0.30137916748105087,0.30137916748105087
1.0,1.4000000000000001,2.0943951023931953,0.2567663075204866,0.2567663075204866
1.0,1.4000000000000001,2.22529479629277,0.21452592768752193,0.21452592768752193
1.0,1.4000000000000001,2.356194490192345,0.17574593407462558,0.17574593407462558
1.0,1.4000000000000001,2.4870941840919194,0.14142046876326897,0.14142046876326897
1.0,1.4000000000000001,2.617993877991494,0.1124193378224626,0.1124193378224626
1.0,1.4000000000000001,2.748893571891069,0.08946615926121781,0.08946615926121781
1.0,1.4000000000000001,2.8797932657906435,0.07312424114251825,0.07312424114251825
1.0,1.4000000000000001,3.010692959690218,0.06378855293133567,0.06378855293133567
1.0,1.4000000000000001,3.141592653589793,0.061681939799625995,0.061681939799625995
1.0,1.4000000000000001,3.2724923474893677,0.06685393062483291,0.06685393062483291
1.0,1.4000000000000001,3.4033920413889422,0.07918102675106392,0.07918102675106392
1.0,1.4000000000000001,3.534291735288517,0.09836810740381813,0.09836810740381813
1.0,1.4000000000000001,3.665191429188092,0.12395140047278919,0.12395140047278919
1.0,1.4000000000000001,3.7960911230876664,0.15530418868151263,0.15530418868151263
1.0,1.4000000000000001,3.926990816987241,0.19164690683255187,0.19164690683255187
1.0,1.4000000000000001,4.057890510886816,0.23206342119623108,0.23206342119623108
1.0,1.4000000000000001,4.1887902047863905,0.2755249990670446,0.2755249990670446
1.0,1.4000000000000001,4.319689898685965,0.32092276785654317,0.32092276785654317
1.0,1.4000000000000001,4.45058959258554,0.3671083915481612,0.3671083915481612
1.0,1.4000000000000001,4.581489286485114,0.4129413906828987,0.4129413906828987
1.0,1.4000000000000001,4.71238898038469,0.4573401916174074,0.4573401916174074
1.0,1.4000000000000001,4.843288674284264,0.4993328374777782,0.4993328374777782
1.0,1.4000000000000001,4.974188368183839,0.5381025528054488,0.5381025528054488
1.0,1.4000000000000001,5.105088062083413,0.5730232118279319,0.5730232118279319
1.0,1.4000000000000001,5.235987755982988,0.6036803233720569,0.6036803233720569
1.0,1.4000000000000001,5.3668874498825625,0.6298744134640017,0.6298744134640017
1.0,1.4000000000000001,5.497787143782138,0.6516055412500934,0.6516055412500934
1.0,1.4000000000000001,5.6286868376817125,0.66903989841182,0.66903989841182
1.0,1.4000000000000001,5.759586531581287,0.6824617126577113,0.6824617126577113
1.0,1.4000000000000001,5.890486225480862,0.6922156674703991,0.6922156674703991
1.0,1.4000000000000001,6.021385919380436,0.6986464524904614,0.6986464524904614
1.0,1.4000000000000001,6.152285613280011,0.7020426377973613,0.7020426377973613
1.0,1.475,0.0,0.756200899910082,0.756200899910082
1.0,1.475,0.1308996938995747,0.7538169017265343,0.7538169017265343
1.0,1.475,0.2617993877991494,0.7489057341267773,0.7489057341267773
1.0,1.475,0.39269908169872414,0.7411745948038071,0.7411745948038071
1.0,1.475,0.5235987755982988,0.7301930323311588,0.7301930323311588
1.0,1.475,0.6544984694978735,0.7154588642818561,0.7154588642818561
1.0,1.475,0.7853981633974483,0.6964768551239312,0.6964768551239312
1.0,1.475,0.916297857297023,0.6728403407447687,0.6728403407447687
1.0,1.475,1.0471975511965976,0.6443058983051575,0.6443058983051575
1.0,1.475,1.1780972450961724,0.6108523915758028,0.6108523915758028
1.0,1.475,1.308996938995747,0.5727180461618269,0.5727180461618269
1.0,1.475,1.4398966328953218,0.5304122434098163,0.5304122434098163
1.0,1.475,1.5707963267948966,0.4847019933397981,0.4847019933397981
1.0,1.475,1.7016960206944711,0.4365760716431289,0.4365760716431289
1.0,1.475,1.832595714594046,0.38719216748484553,0.38719216748484553
1.0,1.475,1.9634954084936205,0.3378138034193139,0.3378138034193139
1.0,1.475,2.0943951023931953,0.289744142011492,0.289744142011492
1.0,1.475,2.22529479629277,0.24426314718612185,0.24426314718612185
1.0,1.475,2.356194490192345,0.20257313302028968,0.20257313302028968
1.0,1.475,2.4870941840919194,0.1657558193900911,0.1657558193900911
1.0,1.475,2.617993877991494,0.13474197074548566,0.13474197074548566
1.0,1.475,2.748893571891069,0.11029284605247758,0.11029284605247758
1.0,1.475,2.8797932657906435,0.09299128789031941,0.09299128789031941
1.0,1.475,3.010692959690218,0.08323948037769907,0.08323948037769907
1.0,1.475,3.141592653589793,0.08126025554882671,0.08126025554882671
1.0,1.475,3.2724923474893677,0.08709927544129725,0.08709927544129725
1.0,1.475,3.4033920413889422,0.10062633545089361,0.10062633545089361
1.0,1.475,3.534291735288517,0.12153524447532904,0.12153524447532904
1.0,1.475,3.665191429188092,0.1493430318525631,0.1493430318525631
1.0,1.475,3.7960911230876664,0.1833903961264033,0.1833903961264033
1.0,1.475,3.926990816987241,0.2228461454411783,0.2228461454411783
1.0,1.475,4.057890510886816,0.2667187169294614,0.2667187169294614
1.0,1.475,4.1887902047863905,0.31387759215095384,0.31387759215095384
1.0,1.475,4.319689898685965,0.36308651574921724,0.36308651574921724
1.0,1.475,4.45058959258554,0.4130489405770883,0.4130489405770883
1.0,1.475,4.581489286485114,0.4624642349183716,0.4624642349183716
1.0,1.475,4.71238898038469,0.5100911614701424,0.5100911614701424
1.0,1.475,4.843288674284264,0.5548133034809242,0.5548133034809242
1.0,1.475,4.974188368183839,0.5956998159548945,0.5956998159548945
1.0,1.475,5.105088062083413,0.6320544175727227,0.6320544175727227
1.0,1.475,5.235987755982988,0.6634461017366675,0.6634461017366675
1.0,1.475,5.3668874498825625,0.6897166655627105,0.6897166655627105
1.0,1.475,5.497787143782138,0.7109626865028463,0.7109626865028463
1.0,1.475,5.6286868376817125,0.727492700996855,0.727492700996855
1.0,1.475,5.759586531581287,0.7397636161355385,0.7397636161355385
1.0,1.475,5.890486225480862,0.7483033167113905,0.7483033167113905
1.0,1.475,6.021385919380436,0.7536285478029772,0.7536285478029772
1.0,1.475,6.152285613280011,0.7561680984996287,0.7561680984996287
1.0,1.5500000000000003,0.0,0.7747648390010858,0.7747648390010858
1.0,1.5500000000000003,0.1308996938995747,0.7725284227986733,0.7725284227986733
1.0,1.5500000000000003,0.2617993877991494,0.7686004975715182,0.7686004975715182
1.0,1.5500000000000003,0.39269908169872414,0.7625662227648704,0.7625662227648704
1.0,1.5500000000000003,0.5235987755982988,0.7538099417969397,0.7538099417969397
1.0,1.5500000000000003,0.6544984694978735,0.741603800534441,0.741603800534441
1.0,1.5500000000000003,0.7853981633974483,0.7252131444043906,0.7252131444043906
1.0,1.5500000000000003,0.916297857297023,0.704005199863017,0.704005199863017
1.0,1.5500000000000003,1.0471975511965976,0.677547544395167,0.677547544395167
1.0,1.5500000000000003,1.1780972450961724,0.6456847279696056,0.6456847279696056
1.0,1.5500000000000003,1.308996938995747,0.6085847853875066,0.6085847853875066
1.0,1.5500000000000003,1.4398966328953218,0.5667517060948659,0.5667517060948659
1.0,1.5500000000000003,1.5707963267948966,0.5210045127611379,0.5210045127611379
1.0,1.5500000000000003,1.7016960206944711,0.4724277427686127,0.4724277427686127
1.0,1.5500000000000003,1.832595714594046,0.42230123993693963,0.42230123993693963
1.0,1.5500000000000003,1.9634954084936205,0.3720188656402803,0.3720188656402803
1.0,1.5500000000000003,2.0943951023931953,0.32300590581882627,0.32300590581882627
1.0,1.5500000000000003,2.22529479629277,0.2766437200073498,0.2766437200073498
1.0,1.5500000000000003,2.356194490192345,0.2342078996276461,0.2342078996276461
1.0,1.5500000000000003,2.4870941840919194,0.19682335407607687,0.19682335407607687
1.0,1.5500000000000003,2.617993877991494,0.16543683465866377,0.16543683465866377
1.0,1.5500000000000003,2.748893571891069,0.14080488901112442,0.14080488901112442
1.0,1.5500000000000003,2.8797932657906435,0.1234934385586719,0.1234934385586719
1.0,1.5500000000000003,3.010692959690218,0.11388425986126072,0.11388425986126072
1.0,1.5500000000000003,3.141592653589793,0.11218364618290533,0.11218364618290533
1.0,1.5500000000000003,3.2724923474893677,0.11842932227417774,0.11842932227417774
1.0,1.5500000000000003,3.4033920413889422,0.1324930904530559,0.1324930904530559
1.0,1.5500000000000003,3.534291735288517,0.1540784569051009,0.1540784569051009
1.0,1.5500000000000003,3.665191429188092,0.1827143589159803,0.1827143589159803
1.0,1.5500000000000003,3.7960911230876664,0.21774781840561097,0.21774781840561097
1.0,1.5500000000000003,3.926990816987241,0.2583396280914631,0.2583396280914631
1.0,1.5500000000000003,4.057890510886816,0.3034678070538368,0.3034678070538368
1.0,1.5500000000000003,4.1887902047863905,0.3519433720266305,0.3519433720266305
1.0,1.5500000000000003,4.319689898685965,0.40244188006471193,0.40244188006471193
1.0,1.5500000000000003,4.45058959258554,0.45355225436768815,0.45355225436768815
1.0,1.5500000000000003,4.581489286485114,0.5038418051131972,0.5038418051131972
1.0,1.5500000000000003,4.71238898038469,0.5519334475969089,0.5519334475969089
1.0,1.5500000000000003,4.843288674284264,0.5965883622002688,0.5965883622002688
1.0,1.5500000000000003,4.974188368183839,0.636785242913417,0.636785242913417
1.0,1.5500000000000003,5.105088062083413,0.6717863060241045,0.6717863060241045
1.0,1.5500000000000003,5.235987755982988,0.7011806974275152,0.7011806974275152
1.0,1.5500000000000003,5.3668874498825625,0.7248979409592593,0.7248979409592593
1.0,1.5500000000000003,5.497787143782138,0.7431874395667906,0.7431874395667906
1.0,1.5500000000000003,5.6286868376817125,0.7565643461895878,0.7565643461895878
1.0,1.5500000000000003,5.759586531581287,0.7657267352731116,0.7657267352731116
1.0,1.5500000000000003,5.890486225480862,0.7714532088610324,0.7714532088610324
1.0,1.5500000000000003,6.021385919380436,0.7744931749757837,0.7744931749757837
1.0,1.5500000000000003,6.152285613280011,0.7754635062686736,0.7754635062686736
1.0,1.6250000000000002,0.0,0.7581513369676983,0.7581513369676983
1.0,1.6250000000000002,0.1308996938995747,0.7563977429536499,0.7563977429536499
1.0,1.6250000000000002,0.2617993877991494,0.7543145450068427,0.7543145450068427
1.0,1.6250000000000002,0.39269908169872414,0.7513284305577858,0.7513284305577858
1.0,1.6250000000000002,0.5235987755982988,0.746583690295639,0.746583690295639
1.0,1.6250000000000002,0.6544984694978735,0.7390592933724658,0.7390592933724658
1.0,1.6250000000000002,0.7853981633974483,0.7277076359190423,0.7277076359190423
1.0,1.6250000000000002,0.916297857297023,0.7115967713280399,0.7115967713280399
1.0,1.6250000000000002,1.0471975511965976,0.6900380801926165,0.6900380801926165
1.0,1.6250000000000002,1.1780972450961724,0.6626840527659462,0.6626840527659462
1.0,1.6250000000000002,1.308996938995747,0.6295856356224495,0.6295856356224495
1.0,1.6250000000000002,1.4398966328953218,0.5912046179013059,0.5912046179013059
1.0,1.6250000000000002,1.5707963267948966,0.5483828095847912,0.5483828095847912
1.0,1.6250000000000002,1.7016960206944711,0.5022753065390231,0.5022753065390231
1.0,1.6250000000000002,1.832595714594046,0.4542591334388669,0.4542591334388669
1.0,1.6250000000000002,1.9634954084936205,0.405830508754714,0.405830508754714
1.0,1.6250000000000002,2.0943951023931953,0.35850377288395163,0.35850377288395163
1.0,1.6250000000000002,2.22529479629277,0.31372292470580543,0.31372292470580543
1.0,1.6250000000000002,2.356194490192345,0.2727932801183394,0.2727932801183394
1.0,1.6250000000000002,2.4870941840919194,0.23683671408717927,0.23683671408717927
1.0,1.6250000000000002,2.617993877991494,0.20676999824905068,0.20676999824905068
1.0,1.6250000000000002,2.748893571891069,0.18330249713845403,0.18330249713845403
1.0,1.6250000000000002,2.8797932657906435,0.1669473259662128,0.1669473259662128
1.0,1.6250000000000002,3.010692959690218,0.15803915479759878,0.15803915479759878
1.0,1.6250000000000002,3.141592653589793,0.15675211386799337,0.15675211386799337
1.0,1.6250000000000002,3.2724923474893677,0.16311251213224753,0.16311251213224753
1.0,1.6250000000000002,3.4033920413889422,0.17700304714634707,0.17700304714634707
1.0,1.6250000000000002,3.534291735288517,0.1981575550773919,0.1981575550773919
1.0,1.6250000000000002,3.665191429188092,0.22614782333906763,0.22614782333906763
1.0,1.6250000000000002,3.7960911230876664,0.26036627012874214,0.26036627012874214
1.0,1.6250000000000002,3.926990816987241,0.30001009243074267,0.30001009243074267
1.0,1.6250000000000002,4.057890510886816,0.34407351127016655,0.34407351127016655
1.0,1.6250000000000002,4.1887902047863905,0.3913547486706813,0.3913547486706813
1.0,1.6250000000000002,4.319689898685965,0.4404831892612135,0.4404831892612135
1.0,1.6250000000000002,4.45058959258554,0.48996979596589074,0.48996979596589074
1.0,1.6250000000000002,4.581489286485114,0.5382804556908352,0.5382804556908352
1.0,1.6250000000000002,4.71238898038469,0.5839279479545589,0.5839279479545589
1.0,1.6250000000000002,4.843288674284264,0.6255742745013801,0.6255742745013801
1.0,1.6250000000000002,4.974188368183839,0.6621318855957087,0.6621318855957087
1.0,1.6250000000000002,5.105088062083413,0.6928505851688415,0.6928505851688415
1.0,1.6250000000000002,5.235987755982988,0.7173771084808813,0.7173771084808813
1.0,1.6250000000000002,5.3668874498825625,0.7357767473851591,0.7357767473851591
1.0,1.6250000000000002,5.497787143782138,0.7485107674889988,0.7485107674889988
1.0,1.6250000000000002,5.6286868376817125,0.7563691515060902,0.7563691515060902
1.0,1.6250000000000002,5.759586531581287,0.76036454603035,0.76036454603035
1.0,1.6250000000000002,5.890486225480862,0.7615991656331926,0.7615991656331926
1.0,1.6250000000000002,6.021385919380436,0.7611208318178375,0.7611208318178375
1.0,1.6250000000000002,6.152285613280011,0.7597865203773304,0.7597865203773304
1.0,1.7000000000000002,0.0,0.7105846187852746,0.7105846187852746
1.0,1.7000000000000002,0.1308996938995747,0.7096610478318186,0.7096610478318186
1.0,1.7000000000000002,0.2617993877991494,0.7102749216890523,0.7102749216890523
1.0,1.7000000000000002,0.39269908169872414,0.7116563892843046,0.7116563892843046
1.0,1.7000000000000002,0.5235987755982988,0.7126529950141945,0.7126529950141945
1.0,1.7000000000000002,0.6544984694978735,0.7118814553428934,0.7118814553428934
1.0,1.7000000000000002,0.7853981633974483,0.7079068840991444,0.7079068840991444
1.0,1.7000000000000002,0.916297857297023,0.6994254401149338,0.6994254401149338
1.0,1.7000000000000002,1.0471975511965976,0.6854267588667112,0.6854267588667112
1.0,1.7000000000000002,1.1780972450961724,0.6653163800333229,0.6653163800333229
1.0,1.7000000000000002,1.308996938995747,0.6389849814209757,0.6389849814209757
1.0,1.7000000000000002,1.4398966328953218,0.606819422419128,0.606819422419128
1.0,1.7000000000000002,1.5707963267948966,0.5696589994285458,0.5696589994285458
1.0,1.7000000000000002,1.7016960206944711,0.5287075543329322,0.5287075543329322
1.0,1.7000000000000002,1.832595714594046,0.4854170596734114,0.4854170596734114
1.0,1.7000000000000002,1.9634954084936205,0.4413604022720504,0.4413604022720504
1.0,1.7000000000000002,2.0943951023931953,0.39811023384548555,0.39811023384548555
1.0,1.7000000000000002,2.22529479629277,0.35713742055612097,0.35713742055612097
1.0,1.7000000000000002,2.356194490192345,0.3197376664992941,0.3197376664992941
1.0,1.7000000000000002,2.4870941840919194,0.28698935318495544,0.28698935318495544
1.0,1.7000000000000002,2.617993877991494,0.259740522868122,0.259740522868122
1.0,1.7000000000000002,2.748893571891069,0.23861899393171976,0.23861899393171976
1.0,1.7000000000000002,2.8797932657906435,0.2240572437597244,0.2240572437597244
1.0,1.7000000000000002,3.010692959690218,0.21632299234170482,0.21632299234170482
1.0,1.7000000000000002,3.141592653589793,0.2155471612384396,0.2155471612384396
1.0,1.7000000000000002,3.2724923474893677,0.2217427114332861,0.2217427114332861
1.0,1.7000000000000002,3.4033920413889422,0.23481039244239088,0.23481039244239088
1.0,1.7000000000000002,3.534291735288517,0.2545303201343059,0.2545303201343059
1.0,1.7000000000000002,3.665191429188092,0.2805412588348837,0.2805412588348837
1.0,1.7000000000000002,3.7960911230876664,0.3123122599798224,0.3123122599798224
1.0,1.7000000000000002,3.926990816987241,0.34911362920162065,0.34911362920162065
1.0,1.7000000000000002,4.057890510886816,0.38999572956509865,0.38999572956509865
1.0,1.7000000000000002,4.1887902047863905,0.43378452194110173,0.43378452194110173
1.0,1.7000000000000002,4.319689898685965,0.4791016795839779,0.4791016795839779
1.0,1.7000000000000002,4.45058959258554,0.5244144374856451,0.5244144374856451
1.0,1.7000000000000002,4.581489286485114,0.5681161672027493,0.5681161672027493
1.0,1.7000000000000002,4.71238898038469,0.6086334670149156,0.6086334670149156
1.0,1.7000000000000002,4.843288674284264,0.6445501155843318,0.6445501155843318
1.0,1.7000000000000002,4.974188368183839,0.6747335588234048,0.6747335588234048
1.0,1.7000000000000002,5.105088062083413,0.6984467073664344,0.6984467073664344
1.0,1.7000000000000002,5.235987755982988,0.7154275256963762,0.7154275256963762
1.0,1.7000000000000002,5.3668874498825625,0.7259215811673301,0.7259215811673301
1.0,1.7000000000000002,5.497787143782138,0.7306582281121721,0.7306582281121721
1.0,1.7000000000000002,5.6286868376817125,0.7307687023101609,0.7307687023101609
1.0,1.7000000000000002,5.759586531581287,0.7276529180898554,0.7276529180898554
1.0,1.7000000000000002,5.890486225480862,0.7228097818463488,0.7228097818463488
1.0,1.7000000000000002,6.021385919380436,0.717651978417071,0.717651978417071
1.0,1.7000000000000002,6.152285613280011,0.7133293554280793,0.7133293554280793
1.0,1.7750000000000001,0.0,0.6396226958428404,0.6396226958428404
1.0,1.7750000000000001,0.1308996938995747,0.6398534060336932,0.6398534060336932
1.0,1.7750000000000001,0.2617993877991494,0.6439182658969744,0.6439182658969744
1.0,1.7750000000000001,0.39269908169872414,0.6508140535493155,0.6508140535493155
1.0,1.7750000000000001,0.5235987755982988,0.6590375034438625,0.6590375034438625
1.0,1.7750000000000001,0.6544984694978735,0.6667781518259064,0.6667781518259064
1.0,1.7750000000000001,0.7853981633974483,0.6721452059240329,0.6721452059240329
1.0,1.7750000000000001,0.916297857297023,0.673397364590345,0.673397364590345
1.0,1.7750000000000001,1.0471975511965976,0.6691452589067589,0.6691452589067589
1.0,1.7750000000000001,1.1780972450961724,0.6585014962805805,0.6585014962805805
1.0,1.7750000000000001,1.308996938995747,0.6411621924524267,0.6411621924524267
1.0,1.7750000000000001,1.4398966328953218,0.6174147730374069,0.6174147730374069
1.0,1.7750000000000001,1.5707963267948966,0.5880778166404934,0.5880778166404934
1.0,1.7750000000000001,1.7016960206944711,0.5543879385646654,0.5543879385646654
1.0,1.7750000000000001,1.832595714594046,0.5178547265322458,0.5178547265322458
1.0,1.7750000000000001,1.9634954084936205,0.48010676863278234,0.48010676863278234
1.0,1.7750000000000001,2.0943951023931953,0.4427498974713936,0.4427498974713936
1.0,1.7750000000000001,2.22529479629277,0.4072537005954505,0.4072537005954505
1.0,1.7750000000000001,2.356194490192345,0.37487542414350505,0.37487542414350505
1.0,1.7750000000000001,2.4870941840919194,0.34662311964439974,0.34662311964439974
1.0,1.7750000000000001,2.617993877991494,0.32325358729242926,0.32325358729242926
1.0,1.7750000000000001,2.748893571891069,0.3052962582164039,0.3052962582164039
1.0,1.7750000000000001,2.8797932657906435,0.2930919879340932,0.2930919879340932
1.0,1.7750000000000001,3.010692959690218,0.286835649046784,0.286835649046784
1.0,1.7750000000000001,3.141592653589793,0.2866129203309419,0.2866129203309419
1.0,1.7750000000000001,3.2724923474893677,0.29242416614157263,0.29242416614157263
1.0,1.7750000000000001,3.4033920413889422,0.3041912640633929,0.3041912640633929
1.0,1.7750000000000001,3.534291735288517,0.32174633943959613,0.32174633943959613
1.0,1.7750000000000001,3.665191429188092,0.34480444930863396,0.34480444930863396
1.0,1.7750000000000001,3.7960911230876664,0.37292524255284476,0.37292524255284476
1.0,1.7750000000000001,3.926990816987241,0.4054713553441798,0.4054713553441798
1.0,1.7750000000000001,4.057890510886816,0.4415734583905334,0.4415734583905334
1.0,1.7750000000000001,4.1887902047863905,0.4801129570579702,0.4801129570579702
1.0,1.7750000000000001,4.319689898685965,0.5197327947589762,0.5197327947589762
1.0,1.7750000000000001,4.45058959258554,0.5588841951203095,0.5588841951203095
1.0,1.7750000000000001,4.581489286485114,0.5959124222939138,0.5959124222939138
1.0,1.7750000000000001,4.71238898038469,0.6291781722614073,0.6291781722614073
1.0,1.7750000000000001,4.843288674284264,0.6572039945046781,0.6572039945046781
1.0,1.7750000000000001,4.974188368183839,0.6788285412485291,0.6788285412485291
1.0,1.7750000000000001,5.105088062083413,0.6933469254284701,0.6933469254284701
1.0,1.7750000000000001,5.235987755982988,0.7006142794183903,0.7006142794183903
1.0,1.7750000000000001,5.3668874498825625,0.7010924236843588,0.7010924236843588
1.0,1.7750000000000001,5.497787143782138,0.6958262833177612,0.6958262833177612
1.0,1.7750000000000001,5.6286868376817125,0.686346425910614,0.686346425910614
1.0,1.7750000000000001,5.759586531581287,0.674505272881358,0.674505272881358
1.0,1.7750000000000001,5.890486225480862,0.662265237697347,0.662265237697347
1.0,1.7750000000000001,6.021385919380436,0.6514653688790248,0.6514653688790248
1.0,1.7750000000000001,6.152285613280011,0.643597510892314,0.643597510892314
1.0,1.85,0.0,0.5546587965088283,0.5546587965088283
1.0,1.85,0.1308996938995747,0.5563114053339878,0.5563114053339878
1.0,1.85,0.2617993877991494,0.5644000244978651,0.5644000244978651
1.0,1.85,0.39269908169872414,0.5776559737689604,0.5776559737689604
1.0,1.85,0.5235987755982988,0.5941791303664654,0.5941791303664654
1.0,1.85,0.6544984694978735,0.6116778175357195,0.6116778175357195
1.0,1.85,0.7853981633974483,0.6277498984391082,0.6277498984391082
1.0,1.85,0.916297857297023,0.6401657427942897,0.6401657427942897
1.0,1.85,1.0471975511965976,0.647114969785221,0.647114969785221
1.0,1.85,1.1780972450961724,0.6473860272549061,0.6473860272549061
1.0,1.85,1.308996938995747,0.6404594124155614,0.6404594124155614
1.0,1.85,1.4398966328953218,0.6265095306413574,0.6265095306413574
1.0,1.85,1.5707963267948966,0.6063242637182875,0.6063242637182875
1.0,1.85,1.7016960206944711,0.5811627964048874,0.5811627964048874
1.0,1.85,1.832595714594046,0.5525792390388052,0.5525792390388052
1.0,1.85,1.9634954084936205,0.5222411729116949,0.5222411729116949
1.0,1.85,2.0943951023931953,0.4917686697866664,0.4917686697866664
1.0,1.85,2.22529479629277,0.46261187025909783,0.46261187025909783
1.0,1.85,2.356194490192345,0.43597579642420414,0.43597579642420414
1.0,1.85,2.4870941840919194,0.4127918326369967,0.4127918326369967
1.0,1.85,2.617993877991494,0.39372798581625335,0.39372798581625335
1.0,1.85,2.748893571891069,0.3792256508287175,0.3792256508287175
1.0,1.85,2.8797932657906435,0.36954930726568913,0.36954930726568913
1.0,1.85,3.010692959690218,0.36483677684271376,0.36483677684271376
1.0,1.85,3.141592653589793,0.3651403857369254,0.3651403857369254
1.0,1.85,3.2724923474893677,0.3704526067781134,0.3704526067781134
1.0,1.85,3.4033920413889422,0.38071282414611873,0.38071282414611873
1.0,1.85,3.534291735288517,0.39579455138359965,0.39579455138359965
1.0,1.85,3.665191429188092,0.4154749134951851,0.4154749134951851
1.0,1.85,3.7960911230876664,0.4393907916915226,0.4393907916915226
1.0,1.85,3.926990816987241,0.46698888242476455,0.46698888242476455
1.0,1.85,4.057890510886816,0.49747980851345497,0.49747980851345497
1.0,1.85,4.1887902047863905,0.5298086626487843,0.5298086626487843
1.0,1.85,4.319689898685965,0.562655000950981,0.562655000950981
1.0,1.85,4.45058959258554,0.5944734210125862,0.5944734210125862
1.0,1.85,4.581489286485114,0.6235809755704592,0.6235809755704592
1.0,1.85,4.71238898038469,0.6482900540946626,0.6482900540946626
1.0,1.85,4.843288674284264,0.6670761224992624,0.6670761224992624
1.0,1.85,4.974188368183839,0.6787606472088683,0.6787606472088683
1.0,1.85,5.105088062083413,0.6826827397501671,0.6826827397501671
1.0,1.85,5.235987755982988,0.6788304072955691,0.6788304072955691
1.0,1.85,5.3668874498825625,0.6679049131648223,0.6679049131648223
1.0,1.85,5.497787143782138,0.6512996946130137,0.6512996946130137
1.0,1.85,5.6286868376817125,0.6309874569946814,0.6309874569946814
1.0,1.85,5.759586531581287,0.6093234190675779,0.6093234190675779
1.0,1.85,5.890486225480862,0.5887866556184098,0.5887866556184098
1.0,1.85,6.021385919380436,0.5716925108338407,0.5716925108338407
1.0,1.85,6.152285613280011,0.559915096512049,0.559915096512049
1.0,1.9250000000000003,0.0,0.46528223758267095,0.46528223758267095
1.0,1.9250000000000003,0.1308996938995747,0.46853936838127286,0.46853936838127286
1.0,1.9250000000000003,0.2617993877991494,0.4809774059043813,0.4809774059043813
1.0,1.9250000000000003,0.39269908169872414,0.5010388516516632,0.5010388516516632
1.0,1.9250000000000003,0.5235987755982988,0.5263947122238047,0.5263947122238047
1.0,1.9250000000000003,0.6544984694978735,0.5542363648129279,0.5542363648129279
1.0,1.9250000000000003,0.7853981633974483,0.5816160907674052,0.5816160907674052
1.0,1.9250000000000003,0.916297857297023,0.6057875560286082,0.6057875560286082
1.0,1.9250000000000003,1.0471975511965976,0.6244994179737896,0.6244994179737896
1.0,1.9250000000000003,1.1780972450961724,0.6362046527620787,0.6362046527620787
1.0,1.9250000000000003,1.308996938995747,0.6401633792293422,0.6401633792293422
1.0,1.9250000000000003,1.4398966328953218,0.6364350750973459,0.6364350750973459
1.0,1.9250000000000003,1.5707963267948966,0.6257737440437396,0.6257737440437396
1.0,1.9250000000000003,1.7016960206944711,0.60945352754372,0.60945352754372
1.0,1.9250000000000003,1.832595714594046,0.5890600292790339,0.5890600292790339
1.0,1.9250000000000003,1.9634954084936205,0.5662831855489432,0.5662831855489432
1.0,1.9250000000000003,2.0943951023931953,0.5427414382976526,0.5427414382976526
1.0,1.9250000000000003,2.22529479629277,0.5198562414137455,0.5198562414137455
1.0,1.9250000000000003,2.356194490192345,0.4987834162302676,0.4987834162302676
1.0,1.9250000000000003,2.4870941840919194,0.4803965149686342,0.4803965149686342
1.0,1.9250000000000003,2.617993877991494,0.46530941290642186,0.46530941290642186
1.0,1.9250000000000003,2.748893571891069,0.45392188087936997,0.45392188087936997
1.0,1.9250000000000003,2.8797932657906435,0.4464725967233167,0.4464725967233167
1.0,1.9250000000000003,3.010692959690218,0.4430875917534103,0.4430875917534103
1.0,1.9250000000000003,3.141592653589793,0.4438166877252721,0.4438166877252721
1.0,1.9250000000000003,3.2724923474893677,0.44865446405553416,0.44865446405553416
1.0,1.9250000000000003,3.4033920413889422,0.45754484152503483,0.45754484152503483
1.0,1.9250000000000003,3.534291735288517,0.4703695434433509,0.4703695434433509
1.0,1.9250000000000003,3.665191429188092,0.48692130944953316,0.48692130944953316
1.0,1.9250000000000003,3.7960911230876664,0.5068638697867816,0.5068638697867816
1.0,1.9250000000000003,3.926990816987241,0.5296831074362185,0.5296831074362185
1.0,1.9250000000000003,4.057890510886816,0.5546375466827151,0.5546375466827151
1.0,1.9250000000000003,4.1887902047863905,0.5807204038993661,0.5807204038993661
1.0,1.9250000000000003,4.319689898685965,0.6066483331696728,0.6066483331696728
1.0,1.9250000000000003,4.45058959258554,0.6308919673700455,0.6308919673700455
1.0,1.9250000000000003,4.581489286485114,0.6517591896896243,0.6517591896896243
1.0,1.9250000000000003,4.71238898038469,0.6675336478108306,0.6675336478108306
1.0,1.9250000000000003,4.843288674284264,0.6766595450488277,0.6766595450488277
1.0,1.9250000000000003,4.974188368183839,0.6779515629376089,0.6779515629376089
1.0,1.9250000000000003,5.105088062083413,0.6707988348108129,0.6707988348108129
1.0,1.9250000000000003,5.235987755982988,0.6553269601906263,0.6553269601906263
1.0,1.9250000000000003,5.3668874498825625,0.6324839315612,0.6324839315612
1.0,1.9250000000000003,5.497787143782138,0.6040248633187373,0.6040248633187373
1.0,1.9250000000000003,5.6286868376817125,0.572385272293664,0.572385272293664
1.0,1.9250000000000003,5.759586531581287,0.5404507211940087,0.5404507211940087
1.0,1.9250000000000003,5.890486225480862,0.5112485138825865,0.5112485138825865
1.0,1.9250000000000003,6.021385919380436,0.48760143257632443,0.48760143257632443
1.0,1.9250000000000003,6.152285613280011,0.47179153132894136,0.47179153132894136
1.0,2.0,0.0,0.37983384419642297,0.37983384419642297
1.0,2.0,0.1308996938995747,0.3847732124211214,0.3847732124211214
1.0,2.0,0.2617993877991494,0.40159711745323,0.40159711745323
1.0,2.0,0.39269908169872414,0.42844879220857857,0.42844879220857857
1.0,2.0,0.5235987755982988,0.4625586185602404,0.4625586185602404
1.0,2.0,0.6544984694978735,0.5005911347436135,0.5005911347436135
1.0,2.0,0.7853981633974483,0.5390479893962588,0.5390479893962588
1.0,2.0,0.916297857297023,0.5746677898590591,0.5746677898590591
1.0,2.0,1.0471975511965976,0.6047665472457082,0.6047665472457082
1.0,2.0,1.1780972450961724,0.6274745376354945,0.6274745376354945
1.0,2.0,1.308996938995747,0.6418446498194603,0.6418446498194603
1.0,2.0,1.4398966328953218,0.6478300106937478,0.6478300106937478
1.0,2.0,1.5707963267948966,0.64615043695563,0.64615043695563
1.0,2.0,1.7016960206944711,0.6380837896206927,0.6380837896206927
1.0,2.0,1.832595714594046,0.6252264984455876,0.6252264984455876
1.0,2.0,1.9634954084936205,0.6092662068774588,0.6092662068774588
1.0,2.0,2.0943951023931953,0.5917997445775829,0.5917997445775829
1.0,2.0,2.22529479629277,0.5742145014570217,0.5742145014570217
1.0,2.0,2.356194490192345,0.5576349007859763,0.5576349007859763
1.0,2.0,2.4870941840919194,0.542922133676782,0.542922133676782
1.0,2.0,2.617993877991494,0.5307075103282767,0.5307075103282767
1.0,2.0,2.748893571891069,0.5214386548441373,0.5214386548441373
1.0,2.0,2.8797932657906435,0.5154222233285529,0.5154222233285529
1.0,2.0,3.010692959690218,0.512854260460662,0.512854260460662
1.0,2.0,3.141592653589793,0.5138366272438453,0.5138366272438453
1.0,2.0,3.2724923474893677,0.5183826322181085,0.5183826322181085
1.0,2.0,3.4033920413889422,0.5264160031522642,0.5264160031522642
1.0,2.0,3.534291735288517,0.5377652567521813,0.5377652567521813
1.0,2.0,3.665191429188092,0.5521522893293358,0.5521522893293358
1.0,2.0,3.7960911230876664,0.5691720148747657,0.5691720148747657
1.0,2.0,3.926990816987241,0.5882609552110194,0.5882609552110194
1.0,2.0,4.057890510886816,0.6086573085984603,0.6086573085984603
1.0,2.0,4.1887902047863905,0.6293619879481125,0.6293619879481125
1.0,2.0,4.319689898685965,0.6491168872895889,0.6491168872895889
1.0,2.0,4.45058959258554,0.666420182192874,0.666420182192874
1.0,2.0,4.581489286485114,0.6795963845310636,0.6795963845310636
1.0,2.0,4.71238898038469,0.6869303054511655,0.6869303054511655
1.0,2.0,4.843288674284264,0.6868602206557642,0.6868602206557642
1.0,2.0,4.974188368183839,0.6782094237861802,0.6782094237861802
1.0,2.0,5.105088062083413,0.6604211090509465,0.6604211090509465
1.0,2.0,5.235987755982988,0.6337531721150544,0.6337531721150544
1.0,2.0,5.3668874498825625,0.5993898534220525,0.5993898534220525
1.0,2.0,5.497787143782138,0.5594369312385196,0.5594369312385196
1.0,2.0,5.6286868376817125,0.5167849037916994,0.5167849037916994
1.0,2.0,5.759586531581287,0.47484690391321743,0.47484690391321743
1.0,2.0,5.890486225480862,0.437200548682233,0.437200548682233
1.0,2.0,6.021385919380436,0.40718111305466764,0.40718111305466764
1.0,2.0,6.152285613280011,0.3874838313639514,0.3874838313639514
1.0,2.075,0.0,0.30441765737350723,0.30441765737350723
1.0,2.075,0.1308996938995747,0.3110022196646137,0.3110022196646137
1.0,2.075,0.2617993877991494,0.33194419415354326,0.33194419415354326
1.0,2.075,0.39269908169872414,0.36509399587527624,0.36509399587527624
1.0,2.075,0.5235987755982988,0.40725573290530614,0.40725573290530614
1.0,2.075,0.6544984694978735,0.4545900260823509,0.4545900260823509
1.0,2.075,0.7853981633974483,0.5030792762942109,0.5030792762942109
1.0,2.075,0.916297857297023,0.5489853364769172,0.5489853364769172
1.0,2.075,1.0471975511965976,0.5892333495971276,0.5892333495971276
1.0,2.075,1.1780972450961724,0.6216707868115279,0.6216707868115279
1.0,2.075,1.308996938995747,0.6451747024956775,0.6451747024956775
1.0,2.075,1.4398966328953218,0.6596082572474451,0.6596082572474451
1.0,2.075,1.5707963267948966,0.6656539299968622,0.6656539299968622
1.0,2.075,1.7016960206944711,0.6645700209402772,0.6645700209402772
1.0,2.075,1.832595714594046,0.6579250817959286,0.6579250817959286
1.0,2.075,1.9634954084936205,0.6473605159660695,0.6473605159660695
1.0,2.075,2.0943951023931953,0.6344166041881141,0.6344166041881141
1.0,2.075,2.22529479629277,0.6204361498216486,0.6204361498216486
1.0,2.075,2.356194490192345,0.6065387452455882,0.6065387452455882
1.0,2.075,2.4870941840919194,0.5936429731149878,0.5936429731149878
1.0,2.075,2.617993877991494,0.5825073406302974,0.5825073406302974
1.0,2.075,2.748893571891069,0.5737640575809324,0.5737640575809324
1.0,2.075,2.8797932657906435,0.5679304900385304,0.5679304900385304
1.0,2.075,3.010692959690218,0.5653966958143787,0.5653966958143787
1.0,2.075,3.141592653589793,0.5663988077773588,0.5663988077773588
1.0,2.075,3.2724923474893677,0.5709933446854227,0.5709933446854227
1.0,2.075,3.4033920413889422,0.5790454685346393,0.5790454685346393
1.0,2.075,3.534291735288517,0.5902363088938317,0.5902363088938317
1.0,2.075,3.665191429188092,0.604084477405138,0.604084477405138
1.0,2.075,3.7960911230876664,0.6199693035965517,0.6199693035965517
1.0,2.075,3.926990816987241,0.6371417029650452,0.6371417029650452
1.0,2.075,4.057890510886816,0.6547142038351377,0.6547142038351377
1.0,2.075,4.1887902047863905,0.6716329261265892,0.6716329261265892
1.0,2.075,4.319689898685965,0.6866472610265634,0.6866472610265634
1.0,2.075,4.45058959258554,0.698302640045879,0.698302640045879
1.0,2.075,4.581489286485114,0.704983796678019,0.704983796678019
1.0,2.075,4.71238898038469,0.7050282544096702,0.7050282544096702
1.0,2.075,4.843288674284264,0.6969134406745514,0.6969134406745514
1.0,2.075,4.974188368183839,0.6794997511703991,0.6794997511703991
1.0,2.075,5.105088062083413,0.6522917816073298,0.6522917816073298
1.0,2.075,5.235987755982988,0.6156666118694334,0.6156666118694334
1.0,2.075,5.3668874498825625,0.5710156750223928,0.5710156750223928
1.0,2.075,5.497787143782138,0.5207567854145269,0.5207567854145269
1.0,2.075,5.6286868376817125,0.4681936211454556,0.4681936211454556
1.0,2.075,5.759586531581287,0.4172270517150099,0.4172270517150099
1.0,2.075,5.890486225480862,0.37195045808758553,0.37195045808758553
1.0,2.075,6.021385919380436,0.33618390584044655,0.33618390584044655
1.0,2.075,6.152285613280011,0.31301525733956576,0.31301525733956576
1.0,2.1500000000000004,0.0,0.24250598156179676,0.24250598156179676
1.0,2.1500000000000004,0.1308996938995747,0.2505842197108048,0.2505842197108048
1.0,2.1500000000000004,0.2617993877991494,0.2750834427234162,0.2750834427234162
1.0,2.1500000000000004,0.39269908169872414,0.3135878933378301,0.3135878933378301
1.0,2.1500000000000004,0.5235987755982988,0.3625205755518207,0.3625205755518207
1.0,2.1500000000000004,0.6544984694978735,0.41759945222996453,0.41759945222996453
1.0,2.1500000000000004,0.7853981633974483,0.47436113036381067,0.47436113036381067
1.0,2.1500000000000004,0.916297857297023,0.5286707031362102,0.5286707031362102
1.0,2.1500000000000004,1.0471975511965976,0.5771414466207481,0.5771414466207481
1.0,2.1500000000000004,1.1780972450961724,0.617406936429312,0.617406936429312
1.0,2.1500000000000004,1.308996938995747,0.6482175475901479,0.6482175475901479
1.0,2.1500000000000004,1.4398966328953218,0.669367417595922,0.669367417595922
1.0,2.1500000000000004,1.5707963267948966,0.6814894947791507,0.6814894947791507
1.0,2.1500000000000004,1.7016960206944711,0.6857781392850968,0.6857781392850968
1.0,2.1500000000000004,1.832595714594046,0.6837058418765001,0.6837058418765001
1.0,2.1500000000000004,1.9634954084936205,0.6767915709871302,0.6767915709871302
1.0,2.1500000000000004,2.0943951023931953,0.6664559439197197,0.6664559439197197
1.0,2.1500000000000004,2.22529479629277,0.6539694185573277,0.6539694185573277
1.0,2.1500000000000004,2.356194490192345,0.6404724462938741,0.6404724462938741
1.0,2.1500000000000004,2.4870941840919194,0.6270287701952704,0.6270287701952704
1.0,2.1500000000000004,2.617993877991494,0.6146694595394849,0.6146694595394849
1.0,2.1500000000000004,2.748893571891069,0.6043959438069871,0.6043959438069871
1.0,2.1500000000000004,2.8797932657906435,0.5971307920328635,0.5971307920328635
1.0,2.1500000000000004,3.010692959690218,0.593627794663915,0.593627794663915
1.0,2.1500000000000004,3.141592653589793,0.5943700763401972,0.5943700763401972
1.0,2.1500000000000004,3.2724923474893677,0.5994907395912559,0.5994907395912559
1.0,2.1500000000000004,3.4033920413889422,0.6087432816948912,0.6087432816948912
1.0,2.1500000000000004,3.534291735288517,0.6215317313608677,0.6215317313608677
1.0,2.1500000000000004,3.665191429188092,0.636989629180589,0.636989629180589
1.0,2.1500000000000004,3.7960911230876664,0.6540803476038286,0.6540803476038286
1.0,2.1500000000000004,3.926990816987241,0.6716850285008145,0.6716850285008145
1.0,2.1500000000000004,4.057890510886816,0.6886511280958716,0.6886511280958716
1.0,2.1500000000000004,4.1887902047863905,0.7037921070890312,0.7037921070890312
1.0,2.1500000000000004,4.319689898685965,0.7158511562878427,0.7158511562878427
1.0,2.1500000000000004,4.45058959258554,0.723461064866622,0.723461064866622
1.0,2.1500000000000004,4.581489286485114,0.725141263243482,0.725141263243482
1.0,2.1500000000000004,4.71238898038469,0.7193677698916117,0.7193677698916117
1.0,2.1500000000000004,4.843288674284264,0.7047328854039594,0.7047328854039594
1.0,2.1500000000000004,4.974188368183839,0.6801840728912487,0.6801840728912487
1.0,2.1500000000000004,5.105088062083413,0.6453034366700572,0.6453034366700572
1.0,2.1500000000000004,5.235987755982988,0.6005688337237299,0.6005688337237299
1.0,2.1500000000000004,5.3668874498825625,0.5475310915693675,0.5475310915693675
1.0,2.1500000000000004,5.497787143782138,0.4888514022922389,0.4888514022922389
1.0,2.1500000000000004,5.6286868376817125,0.42816674727024784,0.42816674727024784
1.0,2.1500000000000004,5.759586531581287,0.3697836870854563,0.3697836870854563
1.0,2.1500000000000004,5.890486225480862,0.31823467480759304,0.31823467480759304
1.0,2.1500000000000004,6.021385919380436,0.2777589541569071,0.2777589541569071
1.0,2.1500000000000004,6.152285613280011,0.25178654872653194,0.25178654872653194
1.0,2.2250000000000005,0.0,0.19513090667974897,0.19513090667974897
1.0,2.2250000000000005,0.1308996938995747,0.2044460397863413,0.2044460397863413
1.0,2.2250000000000005,0.2617993877991494,0.2316822403353197,0.2316822403353197
1.0,2.2250000000000005,0.39269908169872414,0.2742064164580589,0.2742064164580589
1.0,2.2250000000000005,0.5235987755982988,0.32813915692034523,0.32813915692034523
1.0,2.2250000000000005,0.6544984694978735,0.38885840335603283,0.38885840335603283
1.0,2.2250000000000005,0.7853981633974483,0.45157348524501667,0.45157348524501667
1.0,2.2250000000000005,0.916297857297023,0.511877005202807,0.511877005202807
1.0,2.2250000000000005,1.0471975511965976,0.5661884318084892,0.5661884318084892
1.0,2.2250000000000005,1.1780972450961724,0.6120261090691543,0.6120261090691543
1.0,2.2250000000000005,1.308996938995747,0.6480799053702824,0.6480799053702824
1.0,2.2250000000000005,1.4398966328953218,0.6740977808106308,0.6740977808106308
1.0,2.2250000000000005,1.5707963267948966,0.6906369307117876,0.6906369307117876
1.0,2.2250000000000005,1.7016960206944711,0.6987547011992457,0.6987547011992457
1.0,2.2250000000000005,1.832595714594046,0.6997196759314669,0.6997196759314669
1.0,2.2250000000000005,1.9634954084936205,0.6948076159961436,0.6948076159961436
1.0,2.2250000000000005,2.0943951023931953,0.6852146055176853,0.6852146055176853
1.0,2.2250000000000005,2.22529479629277,0.672080182200684,0.672080182200684
1.0,2.2250000000000005,2.356194490192345,0.6565782435183138,0.6565782435183138
1.0,2.2250000000000005,2.4870941840919194,0.6400137627629199,0.6400137627629199
1.0,2.2250000000000005,2.617993877991494,0.6238648043079877,0.6238648043079877
1.0,2.2250000000000005,2.748893571891069,0.609731214886861,0.609731214886861
1.0,2.2250000000000005,2.8797932657906435,0.5991862617194319,0.5991862617194319
1.0,2.2250000000000005,3.010692959690218,0.5935636819506968,0.5935636819506968
1.0,2.2250000000000005,3.141592653589793,0.5937379741255485,0.5937379741255485
1.0,2.2250000000000005,3.2724923474893677,0.5999618068611777,0.5999618068611777
1.0,2.2250000000000005,3.4033920413889422,0.6118091348428275,0.6118091348428275
1.0,2.2250000000000005,3.534291735288517,0.6282411501424396,0.6282411501424396
1.0,2.2250000000000005,3.665191429188092,0.6477751284406992,0.6477751284406992
1.0,2.2250000000000005,3.7960911230876664,0.6687059791339509,0.6687059791339509
1.0,2.2250000000000005,3.926990816987241,0.6893169728324088,0.6893169728324088
1.0,2.2250000000000005,4.057890510886816,0.7080240860631375,0.7080240860631375
1.0,2.2250000000000005,4.1887902047863905,0.723424895472463,0.723424895472463
1.0,2.2250000000000005,4.319689898685965,0.7342589929696892,0.7342589929696892
1.0,2.2250000000000005,4.45058959258554,0.7393203235054326,0.7393203235054326
1.0,2.2250000000000005,4.581489286485114,0.7373813938154266,0.7373813938154266
1.0,2.2250000000000005,4.71238898038469,0.7271882757120417,0.7271882757120417
1.0,2.2250000000000005,4.843288674284264,0.7075637474769081,0.7075637474769081
1.0,2.2250000000000005,4.974188368183839,0.677620363486033,0.677620363486033
1.0,2.2250000000000005,5.105088062083413,0.637046598722288,0.637046598722288
1.0,2.2250000000000005,5.235987755982988,0.5863991277871926,0.5863991277871926
1.0,2.2250000000000005,5.3668874498825625,0.5273216045653575,0.5273216045653575
1.0,2.2250000000000005,5.497787143782138,0.46261859184261617,0.46261859184261617
1.0,2.2250000000000005,5.6286868376817125,0.39614023742226123,0.39614023742226123
1.0,2.2250000000000005,5.759586531581287,0.3324718547361635,0.3324718547361635
1.0,2.2250000000000005,5.890486225480862,0.2764633107147504,0.2764633107147504
1.0,2.2250000000000005,6.021385919380436,0.23266689359099862,0.23266689359099862
1.0,2.2250000000000005,6.152285613280011,0.20477236287333755,0.20477236287333755
1.0,2.3000000000000003,0.0,0.1615265358211611,0.1615265358211611
1.0,2.3000000000000003,0.1308996938995747,0.17173270552947595,0.17173270552947595
1.0,2.3000000000000003,0.2617993877991494,0.20067651915105755,0.20067651915105755
1.0,2.3000000000000003,0.39269908169872414,0.24557864942917473,0.24557864942917473
1.0,2.3000000000000003,0.5235987755982988,0.30236924127958936,0.30236924127958936
1.0,2.3000000000000003,0.6544984694978735,0.36622969738748523,0.36622969738748523
1.0,2.3000000000000003,0.7853981633974483,0.43220491075317113,0.43220491075317113
1.0,2.3000000000000003,0.916297857297023,0.49578275118303305,0.49578275118303305
1.0,2.3000000000000003,1.0471975511965976,0.5533453257130996,0.5533453257130996
1.0,2.3000000000000003,1.1780972450961724,0.6024236664967494,0.6024236664967494
1.0,2.3000000000000003,1.308996938995747,0.6417298417098646,0.6417298417098646
1.0,2.3000000000000003,1.4398966328953218,0.6709894778687802,0.6709894778687802
1.0,2.3000000000000003,1.5707963267948966,0.690641766147347,0.690641766147347
1.0,2.3000000000000003,1.7016960206944711,0.7015014154727477,0.7015014154727477
1.0,2.3000000000000003,1.832595714594046,0.7044792696208979,0.7044792696208979
1.0,2.3000000000000003,1.9634954084936205,0.7004335131204055,0.7004335131204055
1.0,2.3000000000000003,2.0943951023931953,0.6901776711254576,0.6901776711254576
1.0,2.3000000000000003,2.22529479629277,0.6746180458144335,0.6746180458144335
1.0,2.3000000000000003,2.356194490192345,0.654948246705865,0.654948246705865
1.0,2.3000000000000003,2.4870941840919194,0.6328066469509874,0.6328066469509874
1.0,2.3000000000000003,2.617993877991494,0.6103116917966441,0.6103116917966441
1.0,2.3000000000000003,2.748893571891069,0.5899279638762538,0.5899279638762538
1.0,2.3000000000000003,2.8797932657906435,0.5741711830111362,0.5741711830111362
1.0,2.3000000000000003,3.010692959690218,0.5652152716735784,0.5652152716735784
1.0,2.3000000000000003,3.141592653589793,0.5645013175970628,0.5645013175970628
1.0,2.3000000000000003,3.2724923474893677,0.5724544142865378,0.5724544142865378
1.0,2.3000000000000003,3.4033920413889422,0.5883874563212992,0.5883874563212992
1.0,2.3000000000000003,3.534291735288517,0.6106192293266749,0.6106192293266749
1.0,2.3000000000000003,3.665191429188092,0.6367738655061435,0.6367738655061435
1.0,2.3000000000000003,3.7960911230876664,0.6641789890690531,0.6641789890690531
1.0,2.3000000000000003,3.926990816987241,0.6902562275131512,0.6902562275131512
1.0,2.3000000000000003,4.057890510886816,0.7128072550630942,0.7128072550630942
1.0,2.3000000000000003,4.1887902047863905,0.7301374630968736,0.7301374630968736
1.0,2.3000000000000003,4.319689898685965,0.7410146330169811,0.7410146330169811
1.0,2.3000000000000003,4.45058959258554,0.7445135728282523,0.7445135728282523
1.0,2.3000000000000003,4.581489286485114,0.7398325303909772,0.7398325303909772
1.0,2.3000000000000003,4.71238898038469,0.726172763429487,0.726172763429487
1.0,2.3000000000000003,4.843288674284264,0.7027480351547899,0.7027480351547899
1.0,2.3000000000000003,4.974188368183839,0.6689446526779976,0.6689446526779976
1.0,2.3000000000000003,5.105088062083413,0.6245999209149327,0.6245999209149327
1.0,2.3000000000000003,5.235987755982988,0.5703237490934303,0.5703237490934303
1.0,2.3000000000000003,5.3668874498825625,0.5077670070582242,0.5077670070582242
1.0,2.3000000000000003,5.497787143782138,0.43974625434619014,0.43974625434619014
1.0,2.3000000000000003,5.6286868376817125,0.3701648117762302,0.3701648117762302
1.0,2.3000000000000003,5.759586531581287,0.30371568538934024,0.30371568538934024
1.0,2.3000000000000003,5.890486225480862,0.24540050283290132,0.24540050283290132
1.0,2.3000000000000003,6.021385919380436,0.1999389413567424,0.1999389413567424
1.0,2.3000000000000003,6.152285613280011,0.17116701829776398,0.17116701829776398
1.0,2.375,0.0,0.14000051884539588,0.14000051884539588
1.0,2.375,0.1308996938995747,0.15068387176545534,0.15068387176545534
1.0,2.375,0.2617993877991494,0.18015839582257975,0.18015839582257975
1.0,2.375,0.39269908169872414,0.22558946500285343,0.22558946500285343
1.0,2.375,0.5235987755982988,0.28285803751573513,0.28285803751573513
1.0,2.375,0.6544984694978735,0.34712822150214395,0.34712822150214395
1.0,2.375,0.7853981633974483,0.4134821567969216,0.4134821567969216
1.0,2.375,0.916297857297023,0.4775091654577364,0.4775091654577364
1.0,2.375,1.0471975511965976,0.5357449964179385,0.5357449964179385
1.0,2.375,1.1780972450961724,0.5858885525916366,0.5858885525916366
1.0,2.375,1.308996938995747,0.6267733768877257,0.6267733768877257
1.0,2.375,1.4398966328953218,0.6581293074070068,0.6581293074070068
1.0,2.375,1.5707963267948966,0.6802217101121297,0.6802217101121297
1.0,2.375,1.7016960206944711,0.6934863975107681,0.6934863975107681
1.0,2.375,1.832595714594046,0.6982766393458409,0.6982766393458409
1.0,2.375,1.9634954084936205,0.6948020358072555,0.6948020358072555
1.0,2.375,2.0943951023931953,0.6832757932187311,0.6832757932187311
1.0,2.375,2.22529479629277,0.6642150356469961,0.6642150356469961
1.0,2.375,2.356194490192345,0.6387807394791707,0.6387807394791707
1.0,2.375,2.4870941840919194,0.6090195955162364,0.6090195955162364
1.0,2.375,2.617993877991494,0.5778898000426921,0.5778898000426921
1.0,2.375,2.748893571891069,0.5490127620262509,0.5490127620262509
1.0,2.375,2.8797932657906435,0.526175769469444,0.526175769469444
1.0,2.375,3.010692959690218,0.5126911417119752,0.5126911417119752
1.0,2.375,3.141592653589793,0.5107694633412223,0.5107694633412223
1.0,2.375,3.2724923474893677,0.5210706670714234,0.5210706670714234
1.0,2.375,3.4033920413889422,0.5425538360118455,0.5425538360118455
1.0,2.375,3.534291735288517,0.5726670434188478,0.5726670434188478
1.0,2.375,3.665191429188092,0.6078264698960446,0.6078264698960446
1.0,2.375,3.7960911230876664,0.6440575452382438,0.6440575452382438
1.0,2.375,3.926990816987241,0.6776330149895826,0.6776330149895826
1.0,2.375,4.057890510886816,0.7055542994136561,0.7055542994136561
1.0,2.375,4.1887902047863905,0.7257783372123036,0.7257783372123036
1.0,2.375,4.319689898685965,0.7371736034180423,0.7371736034180423
1.0,2.375,4.45058959258554,0.7392700875422135,0.7392700875422135
1.0,2.375,4.581489286485114,0.73192383917846,0.73192383917846
1.0,2.375,4.71238898038469,0.7150314612290628,0.7150314612290628
1.0,2.375,4.843288674284264,0.6884015713736114,0.6884015713736114
1.0,2.375,4.974188368183839,0.6518302209021082,0.6518302209021082
1.0,2.375,5.105088062083413,0.6053559919112758,0.6053559919112758
1.0,2.375,5.235987755982988,0.549610250299532,0.549610250299532
1.0,2.375,5.3668874498825625,0.4861458099949233,0.4861458099949233
1.0,2.375,5.497787143782138,0.4176301582599256,0.4176301582599256
1.0,2.375,5.6286868376817125,0.3478236816591398,0.3478236816591398
1.0,2.375,5.759586531581287,0.28131707913945714,0.28131707913945714
1.0,2.375,5.890486225480862,0.22305987913073488,0.22305987913073488
1.0,2.375,6.021385919380436,0.17775952176285903,0.17775952176285903
1.0,2.375,6.152285613280011,0.14925835078579308,0.14925835078579308
1.0,2.45,0.0,0.12878722143112792,0.12878722143112792
1.0,2.45,0.1308996938995747,0.13949022966260632,0.13949022966260632
1.0,2.45,0.2617993877991494,0.16823948738811784,0.16823948738811784
1.0,2.45,0.39269908169872414,0.21225055339830834,0.21225055339830834
1.0,2.45,0.5235987755982988,0.26751744966024077,0.26751744966024077
1.0,2.45,0.6544984694978735,0.32939170680782326,0.32939170680782326
1.0,2.45,0.7853981633974483,0.3932222913498466,0.3932222913498466
1.0,2.45,0.916297857297023,0.4549345374906342,0.4549345374906342
1.0,2.45,1.0471975511965976,0.5114357821613085,0.5114357821613085
1.0,2.45,1.1780972450961724,0.5607713198070728,0.5607713198070728
1.0,2.45,1.308996938995747,0.6020124336207734,0.6020124336207734
1.0,2.45,1.4398966328953218,0.634927016856937,0.634927016856937
1.0,2.45,1.5707963267948966,0.6595449220526629,0.6595449220526629
1.0,2.45,1.7016960206944711,0.6757651640401856,0.6757651640401856
1.0,2.45,1.832595714594046,0.6831456900542864,0.6831456900542864
1.0,2.45,1.9634954084936205,0.6809649523451393,0.6809649523451393
1.0,2.45,2.0943951023931953,0.6685588984367359,0.6685588984367359
1.0,2.45,2.22529479629277,0.645841302355121,0.645841302355121
1.0,2.45,2.356194490192345,0.6138401551587487,0.6138401551587487
1.0,2.45,2.4870941840919194,0.5750551489192923,0.5750551489192923
1.0,2.45,2.617993877991494,0.5334747570702969,0.5334747570702969
1.0,2.45,2.748893571891069,0.49418030657906775,0.49418030657906775
1.0,2.45,2.8797932657906435,0.4625841643647289,0.4625841643647289
1.0,2.45,3.010692959690218,0.4434634515236001,0.4434634515236001
1.0,2.45,3.141592653589793,0.4400231900186127,0.4400231900186127
1.0,2.45,3.2724923474893677,0.4532290726616197,0.4532290726616197
1.0,2.45,3.4033920413889422,0.481586033411294,0.481586033411294
1.0,2.45,3.534291735288517,0.5214224405940966,0.5214224405940966
1.0,2.45,3.665191429188092,0.567605553782812,0.567605553782812
1.0,2.45,3.7960911230876664,0.614502005667115,0.614502005667115
1.0,2.45,3.926990816987241,0.656940481463852,0.656940481463852
1.0,2.45,4.057890510886816,0.6909479373446077,0.6909479373446077
1.0,2.45,4.1887902047863905,0.714108966808713,0.714108966808713
1.0,2.45,4.319689898685965,0.7255141361926546,0.7255141361926546
1.0,2.45,4.45058959258554,0.7253805221859015,0.7253805221859015
1.0,2.45,4.581489286485114,0.7145110505548211,0.7145110505548211
1.0,2.45,4.71238898038469,0.6937859528652602,0.6937859528652602
1.0,2.45,4.843288674284264,0.6638462156940781,0.6638462156940781
1.0,2.45,4.974188368183839,0.6250506472595222,0.6250506472595222
1.0,2.45,5.105088062083413,0.5776929001571188,0.5776929001571188
1.0,2.45,5.235987755982988,0.5223826605571084,0.5223826605571084
1.0,2.45,5.3668874498825625,0.4604490882901912,0.4604490882901912
1.0,2.45,5.497787143782138,0.3942237672851031,0.3942237672851031
1.0,2.45,5.6286868376817125,0.3270997280620094,0.3270997280620094
1.0,2.45,5.759586531581287,0.2633267739785503,0.2633267739785503
1.0,2.45,5.890486225480862,0.20757158106586932,0.20757158106586932
1.0,2.45,6.021385919380436,0.1643264552812072,0.1643264552812072
1.0,2.45,6.152285613280011,0.1372824115768458,0.1372824115768458
1.0,2.5250000000000004,0.0,0.12666899112222413,0.12666899112222413
1.0,2.5250000000000004,0.1308996938995747,0.1369170539973913,0.1369170539973913
1.0,2.5250000000000004,0.2617993877991494,0.1636789769203661,0.1636789769203661
1.0,2.5250000000000004,0.39269908169872414,0.20433233567858278,0.20433233567858278
1.0,2.5250000000000004,0.5235987755982988,0.25515482899973535,0.25515482899973535
1.0,2.5250000000000004,0.6544984694978735,0.311900021765542,0.311900021765542
1.0,2.5250000000000004,0.7853981633974483,0.37042460417488354,0.37042460417488354
1.0,2.5250000000000004,0.916297857297023,0.42723751372932295,0.42723751372932295
1.0,2.5250000000000004,1.0471975511965976,0.47985071998965784,0.47985071998965784
1.0,2.5250000000000004,1.1780972450961724,0.5268513579454276,0.5268513579454276
1.0,2.5250000000000004,1.308996938995747,0.5676819428353717,0.5676819428353717
1.0,2.5250000000000004,1.4398966328953218,0.602196597358741,0.602196597358741
1.0,2.5250000000000004,1.5707963267948966,0.6301348628811865,0.6301348628811865
1.0,2.5250000000000004,1.7016960206944711,0.6506957021441592,0.6506957021441592
1.0,2.5250000000000004,1.832595714594046,0.6623829582075886,0.6623829582075886
1.0,2.5250000000000004,1.9634954084936205,0.6632241839954914,0.6632241839954914
1.0,2.5250000000000004,2.0943951023931953,0.65135116317031,0.65135116317031
1.0,2.5250000000000004,2.22529479629277,0.6258043249041052,0.6258043249041052
1.0,2.5250000000000004,2.356194490192345,0.5873255237459671,0.5873255237459671
1.0,2.5250000000000004,2.4870941840919194,0.5388707866828819,0.5388707866828819
1.0,2.5250000000000004,2.617993877991494,0.48562500018175525,0.48562500018175525
1.0,2.5250000000000004,2.748893571891069,0.4344260408795496,0.4344260408795496
1.0,2.5250000000000004,2.8797932657906435,0.3926725786907797,0.3926725786907797
1.0,2.5250000000000004,3.010692959690218,0.36694770232394835,0.36694770232394835
1.0,2.5250000000000004,3.141592653589793,0.3616895909455236,0.3616895909455236
1.0,2.5250000000000004,3.2724923474893677,0.37824722559126256,0.37824722559126256
1.0,2.5250000000000004,3.4033920413889422,0.4145682284453032,0.4145682284453032
1.0,2.5250000000000004,3.534291735288517,0.46560241744367536,0.46560241744367536
1.0,2.5250000000000004,3.665191429188092,0.5243164811825946,0.5243164811825946
1.0,2.5250000000000004,3.7960911230876664,0.5830579685014357,0.5830579685014357
1.0,2.5250000000000004,3.926990816987241,0.6349263491574404,0.6349263491574404
1.0,2.5250000000000004,4.057890510886816,0.6748268606205496,0.6748268606205496
1.0,2.5250000000000004,4.1887902047863905,0.6999902749901474,0.6999902749901474
1.0,2.5250000000000004,4.319689898685965,0.7099026949374964,0.7099026949374964
1.0,2.5250000000000004,4.45058959258554,0.7057534076779246,0.7057534076779246
1.0,2.5250000000000004,4.581489286485114,0.6896270623823043,0.6896270623823043
1.0,2.5250000000000004,4.71238898038469,0.6637077133969936,0.6637077133969936
1.0,2.5250000000000004,4.843288674284264,0.6297215165397085,0.6297215165397085
1.0,2.5250000000000004,4.974188368183839,0.5887427781643482,0.5887427781643482
1.0,2.5250000000000004,5.105088062083413,0.5413620912676297,0.5413620912676297
1.0,2.5250000000000004,5.235987755982988,0.48810585726846706,0.48810585726846706
1.0,2.5250000000000004,5.3668874498825625,0.42993366863220217,0.42993366863220217
1.0,2.5250000000000004,5.497787143782138,0.3686354642063112,0.3686354642063112
1.0,2.5250000000000004,5.6286868376817125,0.3069965390359572,0.3069965390359572
1.0,2.5250000000000004,5.759586531581287,0.2486744536917354,0.2486744536917354
1.0,2.5250000000000004,5.890486225480862,0.19781236198201552,0.19781236198201552
1.0,2.5250000000000004,6.021385919380436,0.15847712559398447,0.15847712559398447
1.0,2.5250000000000004,6.152285613280011,0.13404584730121977,0.13404584730121977
1.0,2.6000000000000005,0.0,0.13323340188102495,0.13323340188102495
1.0,2.6000000000000005,0.1308996938995747,0.14256341776238468,0.14256341776238468
1.0,2.6000000000000005,0.2617993877991494,0.16614656002536093,0.16614656002536093
1.0,2.6000000000000005,0.39269908169872414,0.20162990638543504,0.20162990638543504
1.0,2.6000000000000005,0.5235987755982988,0.24573746836563615,0.24573746836563615
1.0,2.6000000000000005,0.6544984694978735,0.2948291976270262,0.2948291976270262
1.0,2.6000000000000005,0.7853981633974483,0.34550013215702674,0.34550013215702674
1.0,2.6000000000000005,0.916297857297023,0.3950831565512561,0.3950831565512561
1.0,2.6000000000000005,1.0471975511965976,0.4419268913620893,0.4419268913620893
1.0,2.6000000000000005,1.1780972450961724,0.48536327219939646,0.48536327219939646
1.0,2.6000000000000005,1.308996938995747,0.5253558612558575,0.5253558612558575
1.0,2.6000000000000005,1.4398966328953218,0.561915746097947,0.561915746097947
1.0,2.6000000000000005,1.5707963267948966,0.5944607617535618,0.5944607617535618
1.0,2.6000000000000005,1.7016960206944711,0.6213436805062221,0.6213436805062221
1.0,2.6000000000000005,1.832595714594046,0.6397593911916419,0.6397593911916419
1.0,2.6000000000000005,1.9634954084936205,0.6461510925620011,0.6461510925620011
1.0,2.6000000000000005,2.0943951023931953,0.6370878092440928,0.6370878092440928
1.0,2.6000000000000005,2.22529479629277,0.6104211035010801,0.6104211035010801
1.0,2.6000000000000005,2.356194490192345,0.5664017444804915,0.5664017444804915
1.0,2.6000000000000005,2.4870941840919194,0.5083961129712369,0.5083961129712369
1.0,2.6000000000000005,2.617993877991494,0.44291216942037787,0.44291216942037787
1.0,2.6000000000000005,2.748893571891069,0.37881529137475356,0.37881529137475356
1.0,2.6000000000000005,2.8797932657906435,0.3258396137990253,0.3258396137990253
1.0,2.6000000000000005,3.010692959690218,0.2927133615163622,0.2927133615163622
1.0,2.6000000000000005,3.141592653589793,0.28534961285443083,0.28534961285443083
1.0,2.6000000000000005,3.2724923474893677,0.3055619390075067,0.3055619390075067
1.0,2.6000000000000005,3.4033920413889422,0.35064031110364524,0.35064031110364524
1.0,2.6000000000000005,3.534291735288517,0.41390053236271057,0.41390053236271057
1.0,2.6000000000000005,3.665191429188092,0.486064997433729,0.486064997433729
1.0,2.6000000000000005,3.7960911230876664,0.5571189966624173,0.5571189966624173
1.0,2.6000000000000005,3.926990816987241,0.6181769805353561,0.6181769805353561
1.0,2.6000000000000005,4.057890510886816,0.662916488587259,0.662916488587259
1.0,2.6000000000000005,4.1887902047863905,0.688281895995643,0.688281895995643
1.0,2.6000000000000005,4.319689898685965,0.6943773836048265,0.6943773836048265
1.0,2.6000000000000005,4.45058959258554,0.6836903727488359,0.6836903727488359
1.0,2.6000000000000005,4.581489286485114,0.6599475846872715,0.6599475846872715
1.0,2.6000000000000005,4.71238898038469,0.6269638980154035,0.6269638980154035
1.0,2.6000000000000005,4.843288674284264,0.5877926857418498,0.5877926857418498
1.0,2.6000000000000005,4.974188368183839,0.544353288429885,0.544353288429885
1.0,2.6000000000000005,5.105088062083413,0.49754677886310644,0.49754677886310644
1.0,2.6000000000000005,5.235987755982988,0.4477285217096891,0.4477285217096891
1.0,2.6000000000000005,5.3668874498825625,0.39532404444572905,0.39532404444572905
1.0,2.6000000000000005,5.497787143782138,0.34136732498653977,0.34136732498653977
1.0,2.6000000000000005,5.6286868376817125,0.2877965566119821,0.2877965566119821
1.0,2.6000000000000005,5.759586531581287,0.2374338767129528,0.2374338767129528
1.0,2.6000000000000005,5.890486225480862,0.19367029231540395,0.19367029231540395
1.0,2.6000000000000005,6.021385919380436,0.1599497240349066,0.1599497240349066
1.0,2.6000000000000005,6.152285613280011,0.1391839875520383,0.1391839875520383
1.0,2.6750000000000003,0.0,0.14873996234876802,0.14873996234876802
1.0,2.6750000000000003,0.1308996938995747,0.15673081938944544,0.15673081938944544
1.0,2.6750000000000003,0.2617993877991494,0.17609450738250781,0.17609450738250781
1.0,2.6750000000000003,0.39269908169872414,0.20483847970016789,0.20483847970016789
1.0,2.6750000000000003,0.5235987755982988,0.24026907574667,0.24026907574667
1.0,2.6750000000000003,0.6544984694978735,0.27952364116907924,0.27952364116907924
1.0,2.6750000000000003,0.7853981633974483,0.3201308963108087,0.3201308963108087
1.0,2.6750000000000003,0.916297857297023,0.3604567608403146,0.3604567608403146
1.0,2.6750000000000003,1.0471975511965976,0.39989763951251855,0.39989763951251855
1.0,2.6750000000000003,1.1780972450961724,0.4387280259742135,0.4387280259742135
1.0,2.6750000000000003,1.308996938995747,0.4775954715184991,0.4775954715184991
1.0,2.6750000000000003,1.4398966328953218,0.5167688678502184,0.5167688678502184
1.0,2.6750000000000003,1.5707963267948966,0.5553542719723964,0.5553542719723964
1.0,2.6750000000000003,1.7016960206944711,0.5907554410637998,0.5907554410637998
1.0,2.6750000000000003,1.832595714594046,0.618638243494657,0.618638243494657
1.0,2.6750000000000003,1.9634954084936205,0.6335453218149034,0.6335453218149034
1.0,2.6750000000000003,2.0943951023931953,0.6301190744561317,0.6301190744561317
1.0,2.6750000000000003,2.22529479629277,0.6046791722327883,0.6046791722327883
1.0,2.6750000000000003,2.356194490192345,0.5567358352635033,0.5567358352635033
1.0,2.6750000000000003,2.4870941840919194,0.4899666192676291,0.4899666192676291
1.0,2.6750000000000003,2.617993877991494,0.41227624798627593,0.41227624798627593
1.0,2.6750000000000003,2.748893571891069,0.3347829854876012,0.3347829854876012
1.0,2.6750000000000003,2.8797932657906435,0.26987155838301524,0.26987155838301524
1.0,2.6750000000000003,3.010692959690218,0.2287330202808906,0.2287330202808906
1.0,2.6750000000000003,3.141592653589793,0.21898714092148874,0.21898714092148874
1.0,2.6750000000000003,3.2724923474893677,0.2429933698236777,0.2429933698236777
1.0,2.6750000000000003,3.4033920413889422,0.297292732180062,0.297292732180062
1.0,2.6750000000000003,3.534291735288517,0.3733299699426063,0.3733299699426063
1.0,2.6750000000000003,3.665191429188092,0.45926825747908556,0.45926825747908556
1.0,2.6750000000000003,3.7960911230876664,0.5424270646986341,0.5424270646986341
1.0,2.6750000000000003,3.926990816987241,0.6117288712927953,0.6117288712927953
1.0,2.6750000000000003,4.057890510886816,0.6595711139804687,0.6595711139804687
1.0,2.6750000000000003,4.1887902047863905,0.6827301888230687,0.6827301888230687
1.0,2.6750000000000003,4.319689898685965,0.6821906298490378,0.6821906298490378
1.0,2.6750000000000003,4.45058959258554,0.6620846515225076,0.6620846515225076
1.0,2.6750000000000003,4.581489286485114,0.6281387837574591,0.6281387837574591
1.0,2.6750000000000003,4.71238898038469,0.5861004596016365,0.5861004596016365
1.0,2.6750000000000003,4.843288674284264,0.5405502830578299,0.5405502830578299
1.0,2.6750000000000003,4.974188368183839,0.49433302472967067,0.49433302472967067
1.0,2.6750000000000003,5.105088062083413,0.448628370594485,0.448628370594485
1.0,2.6750000000000003,5.235987755982988,0.40350044799397367,0.40350044799397367
1.0,2.6750000000000003,5.3668874498825625,0.358662245391498,0.358662245391498
1.0,2.6750000000000003,5.497787143782138,0.31418296367172316,0.31418296367172316
1.0,2.6750000000000003,5.6286868376817125,0.27093631783522476,0.27093631783522476
1.0,2.6750000000000003,5.759586531581287,0.23069875298355225,0.23069875298355225
1.0,2.6750000000000003,5.890486225480862,0.19591784168795534,0.19591784168795534
1.0,2.6750000000000003,6.021385919380436,0.1692527640758203,0.1692527640758203
1.0,2.6750000000000003,6.152285613280011,0.15302789396120997,0.15302789396120997
1.0,2.7500000000000004,0.0,0.1736726711930015,0.1736726711930015
1.0,2.7500000000000004,0.1308996938995747,0.17997726939429226,0.17997726939429226
1.0,2.7500000000000004,0.2617993877991494,0.19431379665600745,0.19431379665600745
1.0,2.7500000000000004,0.39269908169872414,0.21511194389261784,0.21511194389261784
1.0,2.7500000000000004,0.5235987755982988,0.2403509792833689,0.2403509792833689
1.0,2.7500000000000004,0.6544984694978735,0.2680598510492656,0.2680598510492656
1.0,2.7500000000000004,0.7853981633974483,0.2968351340769605,0.2968351340769605
1.0,2.7500000000000004,0.916297857297023,0.32622800985158157,0.32622800985158157
1.0,2.7500000000000004,1.0471975511965976,0.3568506107552961,0.3568506107552961
1.0,2.7500000000000004,1.1780972450961724,0.39009668494912053,0.39009668494912053
1.0,2.7500000000000004,1.308996938995747,0.42746725689312026,0.42746725689312026
1.0,2.7500000000000004,1.4398966328953218,0.46962457169856936,0.46962457169856936
1.0,2.7500000000000004,1.5707963267948966,0.5154303778535125,0.5154303778535125
1.0,2.7500000000000004,1.7016960206944711,0.561306283533896,0.561306283533896
1.0,2.7500000000000004,1.832595714594046,0.6012370872388136,0.6012370872388136
1.0,2.7500000000000004,1.9634954084936205,0.6276013332189541,0.6276013332189541
1.0,2.7500000000000004,2.0943951023931953,0.6327780075412949,0.6327780075412949
1.0,2.7500000000000004,2.22529479629277,0.6112088819804473,0.6112088819804473
1.0,2.7500000000000004,2.356194490192345,0.5613829349177303,0.5613829349177303
1.0,2.7500000000000004,2.4870941840919194,0.4871372230680947,0.4871372230680947
1.0,2.7500000000000004,2.617993877991494,0.3977830581908799,0.3977830581908799
1.0,2.7500000000000004,2.748893571891069,0.30685208682144266,0.30685208682144266
1.0,2.7500000000000004,2.8797932657906435,0.22963771180621817,0.22963771180621817
1.0,2.7500000000000004,3.010692959690218,0.1800687349186194,0.1800687349186194
1.0,2.7500000000000004,3.141592653589793,0.16767878636225397,0.16767878636225397
1.0,2.7500000000000004,3.2724923474893677,0.19544979471683238,0.19544979471683238
1.0,2.7500000000000004,3.4033920413889422,0.25909800004671857,0.25909800004671857
1.0,2.7500000000000004,3.534291735288517,0.34799449757388,0.34799449757388
1.0,2.7500000000000004,3.665191429188092,0.44747912016904745,0.44747912016904745
1.0,2.7500000000000004,3.7960911230876664,0.5419644707747002,0.5419644707747002
1.0,2.7500000000000004,3.926990816987241,0.6180413700438915,0.6180413700438915
1.0,2.7500000000000004,4.057890510886816,0.6668376514736671,0.6668376514736671
1.0,2.7500000000000004,4.1887902047863905,0.6851285035662068,0.6851285035662068
1.0,2.7500000000000004,4.319689898685965,0.6750655610001322,0.6750655610001322
1.0,2.7500000000000004,4.45058959258554,0.642767026354615,0.642767026354615
1.0,2.7500000000000004,4.581489286485114,0.596280897382422,0.596280897382422
1.0,2.7500000000000004,4.71238898038469,0.5435278372684336,0.5435278372684336
1.0,2.7500000000000004,4.843288674284264,0.4907408293595368,0.4907408293595368
1.0,2.7500000000000004,4.974188368183839,0.44169604951420677,0.44169604951420677
1.0,2.7500000000000004,5.105088062083413,0.3977599155502285,0.3977599155502285
1.0,2.7500000000000004,5.235987755982988,0.35854994127950435,0.35854994127950435
1.0,2.7500000000000004,5.3668874498825625,0.32288260300089255,0.32288260300089255
1.0,2.7500000000000004,5.497787143782138,0.28967653607434374,0.28967653607434374
1.0,2.7500000000000004,5.6286868376817125,0.2585691531134119,0.2585691531134119
1.0,2.7500000000000004,5.759586531581287,0.23014016918490443,0.23014016918490443
1.0,2.7500000000000004,5.890486225480862,0.20576574606719555,0.20576574606719555
1.0,2.7500000000000004,6.021385919380436,0.18721715902521863,0.18721715902521863
1.0,2.7500000000000004,6.152285613280011,0.17615613090575039,0.17615613090575039
1.0,2.825,0.0,0.20813092661537724,0.20813092661537724
1.0,2.825,0.1308996938995747,0.21250839646616837,0.21250839646616837
1.0,2.825,0.2617993877991494,0.22132326170602018,0.22132326170602018
1.0,2.825,0.39269908169872414,0.23344957252268494,0.23344957252268494
1.0,2.825,0.5235987755982988,0.2475684935877165,0.2475684935877165
1.0,2.825,0.6544984694978735,0.2626374504106549,0.2626374504106549
1.0,2.825,0.7853981633974483,0.2783705384258113,0.2783705384258113
1.0,2.825,0.916297857297023,0.29557533101393474,0.29557533101393474
1.0,2.825,1.0471975511965976,0.3161817433609303,0.3161817433609303
1.0,2.825,1.1780972450961724,0.34284016214592744,0.34284016214592744
1.0,2.825,1.308996938995747,0.3780703892995041,0.3780703892995041
1.0,2.825,1.4398966328953218,0.42309774039662795,0.42309774039662795
1.0,2.825,1.5707963267948966,0.47667576614543816,0.47667576614543816
1.0,2.825,1.7016960206944711,0.5343028655927067,0.5343028655927067
1.0,2.825,1.832595714594046,0.5882299616077423,0.5882299616077423
1.0,2.825,1.9634954084936205,0.6284964245141307,0.6284964245141307
1.0,2.825,2.0943951023931953,0.6449431534182836,0.6449431534182836
1.0,2.825,2.22529479629277,0.6298138749090565,0.6298138749090565
1.0,2.825,2.356194490192345,0.5802826996116919,0.5802826996116919
1.0,2.825,2.4870941840919194,0.5001473787574814,0.5001473787574814
1.0,2.825,2.617993877991494,0.40006435802868645,0.40006435802868645
1.0,2.825,2.748893571891069,0.2960568346311056,0.2960568346311056
1.0,2.825,2.8797932657906435,0.20650530417247048,0.20650530417247048
1.0,2.825,3.010692959690218,0.14828653840433803,0.14828653840433803
1.0,2.825,3.141592653589793,0.13301494533367186,0.13301494533367186
1.0,2.825,3.2724923474893677,0.16436146121746337,0.16436146121746337
1.0,2.825,3.4033920413889422,0.23716333294526687,0.23716333294526687
1.0,2.825,3.534291735288517,0.33856597122359733,0.33856597122359733
1.0,2.825,3.665191429188092,0.45089435454418425,0.45089435454418425
1.0,2.825,3.7960911230876664,0.555497515103959,0.555497515103959
1.0,2.825,3.926990816987241,0.6365782220897682,0.6365782220897682
1.0,2.825,4.057890510886816,0.6840737308498726,0.6840737308498726
1.0,2.825,4.1887902047863905,0.6949659181979259,0.6949659181979259
1.0,2.825,4.319689898685965,0.6728648425307535,0.6728648425307535
1.0,2.825,4.45058959258554,0.6261805425776975,0.6261805425776975
1.0,2.825,4.581489286485114,0.565532759431669,0.565532759431669
1.0,2.825,4.71238898038469,0.5011597597134535,0.5011597597134535
1.0,2.825,4.843288674284264,0.4409672931316758,0.4409672931316758
1.0,2.825,4.974188368183839,0.38957403964819537,0.38957403964819537
1.0,2.825,5.105088062083413,0.3483724262679203,0.3483724262679203
1.0,2.825,5.235987755982988,0.31634568740800617,0.31634568740800617
1.0,2.825,5.3668874498825625,0.29123719282148136,0.29123719282148136
1.0,2.825,5.497787143782138,0.27067226081654305,0.27067226081654305
1.0,2.825,5.6286868376817125,0.2529496344902251,0.2529496344902251
1.0,2.825,5.759586531581287,0.23738528452674645,0.23738528452674645
1.0,2.825,5.890486225480862,0.22424250191960693,0.22424250191960693
1.0,2.825,6.021385919380436,0.21437983798008997,0.21437983798008997
1.0,2.825,6.152285613280011,0.2087828830081856,0.2087828830081856
1.0,2.9000000000000004,0.0,0.25124479816002737,0.25124479816002737
1.0,2.9000000000000004,0.1308996938995747,0.2535902350031012,0.2535902350031012
1.0,2.9000000000000004,0.2617993877991494,0.2567729343997776,0.2567729343997776
1.0,2.9000000000000004,0.39269908169872414,0.26008658504244414,0.26008658504244414
1.0,2.9000000000000004,0.5235987755982988,0.2628708836609307,0.2628708836609307
1.0,2.9000000000000004,0.6544984694978735,0.2649572608330916,0.2649572608330916
1.0,2.9000000000000004,0.7853981633974483,0.26712549214784564,0.26712549214784564
1.0,2.9000000000000004,0.916297857297023,0.27141021546871896,0.27141021546871896
1.0,2.9000000000000004,1.0471975511965976,0.2810748763279679,0.2810748763279679
1.0,2.9000000000000004,1.1780972450961724,0.3001053310879893,0.3001053310879893
1.0,2.9000000000000004,1.308996938995747,0.33218629043692893,0.33218629043692893
1.0,2.9000000000000004,1.4398966328953218,0.37930260832543766,0.37930260832543766
1.0,2.9000000000000004,1.5707963267948966,0.44030723729530696,0.44030723729530696
1.0,2.9000000000000004,1.7016960206944711,0.509940617214388,0.509940617214388
1.0,2.9000000000000004,1.832595714594046,0.5787908175999622,0.5787908175999622
1.0,2.9000000000000004,1.9634954084936205,0.6345031019534292,0.6345031019534292
1.0,2.9000000000000004,2.0943951023931953,0.6642015501555351,0.6642015501555351
1.0,2.9000000000000004,2.22529479629277,0.6576679121612895,0.6576679121612895
1.0,2.9000000000000004,2.356194490192345,0.6104766282141414,0.6104766282141414
1.0,2.9000000000000004,2.4870941840919194,0.5261499245460377,0.5261499245460377
1.0,2.9000000000000004,2.617993877991494,0.4165534318163629,0.4165534318163629
1.0,2.9000000000000004,2.748893571891069,0.3001835633476745,0.3001835633476745
1.0,2.9000000000000004,2.8797932657906435,0.1985860224593894,0.1985860224593894
1.0,2.9000000000000004,3.010692959690218,0.13170997074763163,0.13170997074763163
1.0,2.9000000000000004,3.141592653589793,0.11336164156656103,0.11336164156656103
1.0,2.9000000000000004,3.2724923474893677,0.14795162989046218,0.14795162989046218
1.0,2.9000000000000004,3.4033920413889422,0.22941111247871576,0.22941111247871576
1.0,2.9000000000000004,3.534291735288517,0.3425733731089312,0.3425733731089312
1.0,2.9000000000000004,3.665191429188092,0.46664972670146054,0.46664972670146054
1.0,2.9000000000000004,3.7960911230876664,0.5798724377503367,0.5798724377503367
1.0,2.9000000000000004,3.926990816987241,0.6640955150353632,0.6640955150353632
1.0,2.9000000000000004,4.057890510886816,0.7082145675955533,0.7082145675955533
1.0,2.9000000000000004,4.1887902047863905,0.7096559082007233,0.7096559082007233
1.0,2.9000000000000004,4.319689898685965,0.673761197971144,0.673761197971144
1.0,2.9000000000000004,4.45058959258554,0.6114723062193566,0.6114723062193566
1.0,2.9000000000000004,4.581489286485114,0.5361265222112859,0.5361265222112859
1.0,2.9000000000000004,4.71238898038469,0.4602976949480533,0.4602976949480533
1.0,2.9000000000000004,4.843288674284264,0.39345762297836473,0.39345762297836473
1.0,2.9000000000000004,4.974188368183839,0.3408721050210134,0.3408721050210134
1.0,2.9000000000000004,5.105088062083413,0.30372988033209686,0.30372988033209686
1.0,2.9000000000000004,5.235987755982988,0.28016988741467114,0.28016988741467114
1.0,2.9000000000000004,5.3668874498825625,0.2667102786241623,0.2667102786241623
1.0,2.9000000000000004,5.497787143782138,0.2596041385514735,0.2596041385514735
1.0,2.9000000000000004,5.6286868376817125,0.25579997471905463,0.25579997471905463
1.0,2.9000000000000004,5.759586531581287,0.25338663945308904,0.25338663945308904
1.0,2.9000000000000004,5.890486225480862,0.25157618883892535,0.25157618883892535
1.0,2.9000000000000004,6.021385919380436,0.2503809131374486,0.2503809131374486
1.0,2.9000000000000004,6.152285613280011,0.25016755165055965,0.25016755165055965
1.0,2.9750000000000005,0.0,0.3007869328776231,0.3007869328776231
1.0,2.9750000000000005,0.1308996938995747,0.30115462215837685,0.30115462215837685
1.0,2.9750000000000005,0.2617993877991494,0.29902924801993624,0.29902924801993624
1.0,2.9750000000000005,0.39269908169872414,0.2940508764393002,0.2940508764393002
1.0,2.9750000000000005,0.5235987755982988,0.2860995512212865,0.2860995512212865
1.0,2.9750000000000005,0.6544984694978735,0.2757307532982533,0.2757307532982533
1.0,2.9750000000000005,0.7853981633974483,0.2646296054136372,0.2646296054136372
1.0,2.9750000000000005,0.916297857297023,0.25591709359217946,0.25591709359217946
1.0,2.9750000000000005,1.0471975511965976,0.2541044696989521,0.2541044696989521
1.0,2.9750000000000005,1.1780972450961724,0.2645150804767247,0.2645150804767247
1.0,2.9750000000000005,1.308996938995747,0.29210688748624347,0.29210688748624347
1.0,2.9750000000000005,1.4398966328953218,0.3398323851428824,0.3398323851428824
1.0,2.9750000000000005,1.5707963267948966,0.4069153639196092,0.4069153639196092
1.0,2.9750000000000005,1.7016960206944711,0.4876125404916618,0.4876125404916618
1.0,2.9750000000000005,1.832595714594046,0.5710577765177249,0.5710577765177249
1.0,2.9750000000000005,1.9634954084936205,0.642590650710313,0.642590650710313
1.0,2.9750000000000005,2.0943951023931953,0.6865643135530423,0.6865643135530423
1.0,2.9750000000000005,2.22529479629277,0.6901196059735104,0.6901196059735104
1.0,2.9750000000000005,2.356194490192345,0.6469786524031657,0.6469786524031657
1.0,2.9750000000000005,2.4870941840919194,0.5601280003409763,0.5601280003409763
1.0,2.9750000000000005,2.617993877991494,0.44243354955119174,0.44243354955119174
1.0,2.9750000000000005,2.748893571891069,0.31474053550177583,0.31474053550177583
1.0,2.9750000000000005,2.8797932657906435,0.20172076184668924,0.20172076184668924
1.0,2.9750000000000005,3.010692959690218,0.12641573781843313,0.12641573781843313
1.0,2.9750000000000005,3.141592653589793,0.10486423069158957,0.10486423069158957
1.0,2.9750000000000005,3.2724923474893677,0.14224544021852492,0.14224544021852492
1.0,2.9750000000000005,3.4033920413889422,0.23158893145043974,0.23158893145043974
1.0,2.9750000000000005,3.534291735288517,0.3554078899393767,0.3554078899393767
1.0,2.9750000000000005,3.665191429188092,0.48981067853590543,0.48981067853590543
1.0,2.9750000000000005,3.7960911230876664,0.6099779988849368,0.6099779988849368
1.0,2.9750000000000005,3.926990816987241,0.695557635643594,0.695557635643594
1.0,2.9750000000000005,4.057890510886816,0.7346192052045888,0.7346192052045888
1.0,2.9750000000000005,4.1887902047863905,0.7252865746431141,0.7252865746431141
1.0,2.9750000000000005,4.319689898685965,0.674864602973656,0.674864602973656
1.0,2.9750000000000005,4.45058959258554,0.5969732414617452,0.5969732414617452
1.0,2.9750000000000005,4.581489286485114,0.5076818205263858,0.5076818205263858
1.0,2.9750000000000005,4.71238898038469,0.4217707203448705,0.4217707203448705
1.0,2.9750000000000005,4.843288674284264,0.35003317472132045,0.35003317472132045
1.0,2.9750000000000005,4.974188368183839,0.29808063446827626,0.29808063446827626
1.0,2.9750000000000005,5.105088062083413,0.26660996042721297,0.26660996042721297
1.0,2.9750000000000005,5.235987755982988,0.25270087796454166,0.25270087796454166
1.0,2.9750000000000005,5.3668874498825625,0.25153901449727883,0.25153901449727883
1.0,2.9750000000000005,5.497787143782138,0.25800943789992914,0.25800943789992914
1.0,2.9750000000000005,5.6286868376817125,0.26780523027977804,0.26780523027977804
1.0,2.9750000000000005,5.759586531581287,0.2779391563959148,0.2779391563959148
1.0,2.9750000000000005,5.890486225480862,0.2867430502019447,0.2867430502019447
1.0,2.9750000000000005,6.021385919380436,0.293543606787458,0.293543606787458
1.0,2.9750000000000005,6.152285613280011,0.2982175689770949,0.2982175689770949
1.0,3.0500000000000003,0.0,0.3530991295885786,0.3530991295885786
1.0,3.0500000000000003,0.1308996938995747,0.3517143925161166,0.3517143925161166
1.0,3.0500000000000003,0.2617993877991494,0.34505755021212914,0.34505755021212914
1.0,3.0500000000000003,0.39269908169872414,0.3329981944244077,0.3329981944244077
1.0,3.0500000000000003,0.5235987755982988,0.3157713288216154,0.3157713288216154
1.0,3.0500000000000003,0.6544984694978735,0.2944192418696297,0.2944192418696297
1.0,3.0500000000000003,0.7853981633974483,0.27126944787030693,0.27126944787030693
1.0,3.0500000000000003,0.916297857297023,0.2502776599800676,0.2502776599800676
1.0,3.0500000000000003,1.0471975511965976,0.23700865080846667,0.23700865080846667
1.0,3.0500000000000003,1.1780972450961724,0.23803350012650304,0.23803350012650304
1.0,3.0500000000000003,1.308996938995747,0.2596332044296441,0.2596332044296441
1.0,3.0500000000000003,1.4398966328953218,0.3059251985810583,0.3059251985810583
1.0,3.0500000000000003,1.5707963267948966,0.37682039617458696,0.37682039617458696
1.0,3.0500000000000003,1.7016960206944711,0.46646412500592194,0.46646412500592194
1.0,3.0500000000000003,1.832595714594046,0.5628823799088896,0.5628823799088896
1.0,3.0500000000000003,1.9634954084936205,0.6493521265142072,0.6493521265142072
1.0,3.0500000000000003,2.0943951023931953,0.7075461726337839,0.7075461726337839
1.0,3.0500000000000003,2.22529479629277,0.721894804570135,0.721894804570135
1.0,3.0500000000000003,2.356194490192345,0.6840702731191937,0.6840702731191937
1.0,3.0500000000000003,2.4870941840919194,0.5962557855172949,0.5962557855172949
1.0,3.0500000000000003,2.617993877991494,0.4720422330244707,0.4720422330244707
1.0,3.0500000000000003,2.748893571891069,0.3343895047749521,0.3343895047749521
1.0,3.0500000000000003,2.8797932657906435,0.2109276610995816,0.2109276610995816
1.0,3.0500000000000003,3.010692959690218,0.127691521026299,0.127691521026299
1.0,3.0500000000000003,3.141592653589793,0.10291066799887105,0.10291066799887105
1.0,3.0500000000000003,3.2724923474893677,0.1425347819776312,0.1425347819776312
1.0,3.0500000000000003,3.4033920413889422,0.23873075235772329,0.23873075235772329
1.0,3.0500000000000003,3.534291735288517,0.37177177129659644,0.37177177129659644
1.0,3.0500000000000003,3.665191429188092,0.5147955007758177,0.5147955007758177
1.0,3.0500000000000003,3.7960911230876664,0.6401238119076949,0.6401238119076949
1.0,3.0500000000000003,3.926990816987241,0.7254457753139932,0.7254457753139932
1.0,3.0500000000000003,4.057890510886816,0.7582795237680399,0.7582795237680399
1.0,3.0500000000000003,4.1887902047863905,0.7376982813290194,0.7376982813290194
1.0,3.0500000000000003,4.319689898685965,0.6731380701956882,0.6731380701956882
1.0,3.0500000000000003,4.45058959258554,0.5809271341985732,0.5809271341985732
1.0,3.0500000000000003,4.581489286485114,0.47973282616812246,0.47973282616812246
1.0,3.0500000000000003,4.71238898038469,0.386258080997101,0.386258080997101
1.0,3.0500000000000003,4.843288674284264,0.3122384825496075,0.3122384825496075
1.0,3.0500000000000003,4.974188368183839,0.2632376562755315,0.2632376562755315
1.0,3.0500000000000003,5.105088062083413,0.2391354391667312,0.2391354391667312
1.0,3.0500000000000003,5.235987755982988,0.23575671117102798,0.23575671117102798
1.0,3.0500000000000003,5.3668874498825625,0.24691377431503292,0.24691377431503292
1.0,3.0500000000000003,5.497787143782138,0.26622623188281436,0.26622623188281436
1.0,3.0500000000000003,5.6286868376817125,0.2883397218577703,0.2883397218577703
1.0,3.0500000000000003,5.759586531581287,0.3094552055808859,0.3094552055808859
1.0,3.0500000000000003,5.890486225480862,0.3272978690956913,0.3272978690956913
1.0,3.0500000000000003,6.021385919380436,0.3407542922377246,0.3407542922377246
1.0,3.0500000000000003,6.152285613280011,0.34940259060513823,0.34940259060513823
1.0,3.1250000000000004,0.0,0.4033724085229375,0.4033724085229375
1.0,3.1250000000000004,0.1308996938995747,0.40062730768252125,0.40062730768252125
1.0,3.1250000000000004,0.2617993877991494,0.39064176434908127,0.39064176434908127
1.0,3.1250000000000004,0.39269908169872414,0.37336642868052083,0.37336642868052083
1.0,3.1250000000000004,0.5235987755982988,0.3491569992071717,0.3491569992071717
1.0,3.1250000000000004,0.6544984694978735,0.31923949197264656,0.31923949197264656
1.0,3.1250000000000004,0.7853981633974483,0.28623829929310396,0.28623829929310396
1.0,3.1250000000000004,0.916297857297023,0.25459500652944517,0.25459500652944517
1.0,3.1250000000000004,1.0471975511965976,0.23062817095648558,0.23062817095648558
1.0,3.1250000000000004,1.1780972450961724,0.22196568797400185,0.22196568797400185
1.0,3.1250000000000004,1.308996938995747,0.23618206973631833,0.23618206973631833
1.0,3.1250000000000004,1.4398966328953218,0.278718146424319,0.278718146424319
1.0,3.1250000000000004,1.5707963267948966,0.35050368808723814,0.35050368808723814
1.0,3.1250000000000004,1.7016960206944711,0.446018522873046,0.446018522873046
1.0,3.1250000000000004,1.832595714594046,0.5526500238812706,0.5526500238812706
1.0,3.1250000000000004,1.9634954084936205,0.6520076436229548,0.6520076436229548
1.0,3.1250000000000004,2.0943951023931953,0.7233281386829111,0.7233281386829111
1.0,3.1250000000000004,2.22529479629277,0.7483882577111598,0.7483882577111598
1.0,3.1250000000000004,2.356194490192345,0.7166885632618201,0.7166885632618201
1.0,3.1250000000000004,2.4870941840919194,0.629352155381887,0.629352155381887
1.0,3.1250000000000004,2.617993877991494,0.500365012996288,0.500365012996288
1.0,3.1250000000000004,2.748893571891069,0.354460808885816,0.354460808885816
1.0,3.1250000000000004,2.8797932657906435,0.22192666862504334,0.22192666862504334
1.0,3.1250000000000004,3.010692959690218,0.1315638649838725,0.1315638649838725
1.0,3.1250000000000004,3.141592653589793,0.10366016804746186,0.10366016804746186
1.0,3.1250000000000004,3.2724923474893677,0.14490616740143497,0.14490616740143497
1.0,3.1250000000000004,3.4033920413889422,0.246680690282704,0.246680690282704
1.0,3.1250000000000004,3.534291735288517,0.3871904827070789,0.3871904827070789
1.0,3.1250000000000004,3.665191429188092,0.5368621887529126,0.5368621887529126
1.0,3.1250000000000004,3.7960911230876664,0.6654812198441757,0.6654812198441757
1.0,3.1250000000000004,3.926990816987241,0.7491255936622072,0.7491255936622072
1.0,3.1250000000000004,4.057890510886816,0.7750829050374916,0.7750829050374916
1.0,3.1250000000000004,4.1887902047863905,0.7436084121278265,0.7436084121278265
1.0,3.1250000000000004,4.319689898685965,0.6663548700217755,0.6663548700217755
1.0,3.1250000000000004,4.45058959258554,0.5622586010696645,0.5622586010696645
1.0,3.1250000000000004,4.581489286485114,0.4522971514542347,0.4522971514542347
1.0,3.1250000000000004,4.71238898038469,0.3546636569166698,0.3546636569166698
1.0,3.1250000000000004,4.843288674284264,0.2815409119286436,0.2815409119286436
1.0,3.1250000000000004,4.974188368183839,0.23798666139922187,0.23798666139922187
1.0,3.1250000000000004,5.105088062083413,0.22273290043390132,0.22273290043390132
1.0,3.1250000000000004,5.235987755982988,0.23020216777552305,0.23020216777552305
1.0,3.1250000000000004,5.3668874498825625,0.2528797654931896,0.2528797654931896
1.0,3.1250000000000004,5.497787143782138,0.28332931971305847,0.28332931971305847
1.0,3.1250000000000004,5.6286868376817125,0.31546595262901694,0.31546595262901694
1.0,3.1250000000000004,5.759586531581287,0.3450415120482422,0.3450415120482422
1.0,3.1250000000000004,5.890486225480862,0.369529512333712,0.369529512333712
1.0,3.1250000000000004,6.021385919380436,0.3876842688512173,0.3876842688512173
1.0,3.1250000000000004,6.152285613280011,0.3990198862395407,0.3990198862395407
1.0,3.2,0.0,0.44623519408949075,0.44623519408949075
1.0,3.2,0.1308996938995747,0.4426646824823961,0.4426646824823961
1.0,3.2,0.2617993877991494,0.4309013026815282,0.4309013026815282
1.0,3.2,0.39269908169872414,0.41081495561271764,0.41081495561271764
1.0,3.2,0.5235987755982988,0.38262687089318115,0.38262687089318115
1.0,3.2,0.6544984694978735,0.34741152650545526,0.34741152650545526
1.0,3.2,0.7853981633974483,0.30769569003241415,0.30769569003241415
1.0,3.2,0.916297857297023,0.26798759984536824,0.26798759984536824
1.0,3.2,1.0471975511965976,0.23496865693571412,0.23496865693571412
1.0,3.2,1.1780972450961724,0.21702957957554947,0.21702957957554947
1.0,3.2,1.308996938995747,0.2229114775103992,0.2229114775103992
1.0,3.2,1.4398966328953218,0.25946749694931615,0.25946749694931615
1.0,3.2,1.5707963267948966,0.32895639401802307,0.32895639401802307
1.0,3.2,1.7016960206944711,0.4266757887812185,0.4266757887812185
1.0,3.2,1.832595714594046,0.5399379000818981,0.5399379000818981
1.0,3.2,1.9634954084936205,0.6492150705818333,0.6492150705818333
1.0,3.2,2.0943951023931953,0.7317028025487842,0.7317028025487842
1.0,3.2,2.22529479629277,0.7667167982450849,0.7667167982450849
1.0,3.2,2.356194490192345,0.7415566170296115,0.7415566170296115
1.0,3.2,2.4870941840919194,0.6560586418145632,0.6560586418145632
1.0,3.2,2.617993877991494,0.5242359562959514,0.5242359562959514
1.0,3.2,2.748893571891069,0.37215881232996506,0.37215881232996506
1.0,3.2,2.8797932657906435,0.23234025816147647,0.23234025816147647
1.0,3.2,3.010692959690218,0.13599154524165546,0.13599154524165546
1.0,3.2,3.141592653589793,0.10523128775806284,0.10523128775806284
1.0,3.2,3.2724923474893677,0.14742710391145375,0.14742710391145375
1.0,3.2,3.4033920413889422,0.25327933914535106,0.25327933914535106
1.0,3.2,3.534291735288517,0.3991956710280046,0.3991956710280046
1.0,3.2,3.665191429188092,0.5532776137746502,0.5532776137746502
1.0,3.2,3.7960911230876664,0.6832203949843736,0.6832203949843736
1.0,3.2,3.926990816987241,0.7639271194372454,0.7639271194372454
1.0,3.2,4.057890510886816,0.7828056892751907,0.7828056892751907
1.0,3.2,4.1887902047863905,0.741489132761765,0.741489132761765
1.0,3.2,4.319689898685965,0.6538361296846048,0.6538361296846048
1.0,3.2,4.45058959258554,0.5411553848340269,0.5411553848340269
1.0,3.2,4.581489286485114,0.4263004052611993,0.4263004052611993
1.0,3.2,4.71238898038469,0.32839457740174754,0.32839457740174754
1.0,3.2,4.843288674284264,0.259488734126501,0.259488734126501
1.0,3.2,4.974188368183839,0.22365046553275175,0.22365046553275175
1.0,3.2,5.105088062083413,0.21816536585379265,0.21816536585379265
1.0,3.2,5.235987755982988,0.23598458029295344,0.23598458029295344
1.0,3.2,5.3668874498825625,0.26841660945850077,0.26841660945850077
1.0,3.2,5.497787143782138,0.3072855691860736,0.3072855691860736
1.0,3.2,5.6286868376817125,0.34618576890998765,0.34618576890998765
1.0,3.2,5.759586531581287,0.38085255382324773,0.38085255382324773
1.0,3.2,5.890486225480862,0.40890946050926225,0.40890946050926225
1.0,3.2,6.021385919380436,0.429314496966247,0.429314496966247
1.0,3.2,6.152285613280011,0.44176741022460775,0.44176741022460775
0.98,0.5,0.0,0.10615321020563186,0.08926017187267955
0.98,0.5,0.1308996938995747,0.10653170166923538,0.08963162235863563
0.98,0.5,0.2617993877991494,0.10726938168731757,0.09034956818490657
0.98,0.5,0.39269908169872414,0.10835260107224264,0.09140070954952832
0.98,0.5,0.5235987755982988,0.10976128781817888,0.09276554124001396
0.98,0.5,0.6544984694978735,0.11146939614497735,0.09441879079013397
0.98,0.5,0.7853981633974483,0.11344548548095239,0.0963299827527423
0.98,0.5,0.916297857297023,0.11565341025914185,0.09846411030006097
0.98,0.5,1.0471975511965976,0.11805309824332673,0.10078239227438877
0.98,0.5,1.1780972450961724,0.12060139305040007,0.10324309182443477
0.98,0.5,1.308996938995747,0.12325293568917713,0.10580237195291085
0.98,0.5,1.4398966328953218,0.1259610602373758,0.10841516364137656
0.98,0.5,1.5707963267948966,0.12867868020676038,0.11103602366566784
0.98,0.5,1.7016960206944711,0.1313591445071913,0.1136199615815162
0.98,0.5,1.832595714594046,0.13395704504897069,0.11612321848098518
0.98,0.5,1.9634954084936205,0.13642896166829524,0.11850398373898353
0.98,0.5,2.0943951023931953,0.13873413395910336,0.12072303983363654
0.98,0.5,2.22529479629277,0.14083505349543202,0.1227443291716634
0.98,0.5,2.356194490192345,0.14269797357821082,0.12453544044437415
0.98,0.5,2.4870941840919194,0.1442933368289889,0.12606801515028812
0.98,0.5,2.617993877991494,0.1455961235112843,0.12731807741772824
0.98,0.5,2.748893571891069,0.14658612526826728,0.1282662919990035
0.98,0.5,2.8797932657906435,0.14724814998439018,0.12889815626230136
0.98,0.5,3.010692959690218,0.14757216371610654,0.1292041321849314
0.98,0.5,3.141592653589793,0.1475533751338449,0.12917972382333134
0.98,0.5,3.2724923474893677,0.1471922668325093,0.1288255046063085
0.98,0.5,3.4033920413889422,0.14649457632551957,0.12814709724559573
0.98,0.5,3.534291735288517,0.1454712277430986,0.12715510725406767
0.98,0.5,3.665191429188092,0.1441382133905213,0.12586500919689178
0.98,0.5,3.7960911230876664,0.14251642262314404,0.1242969831035126
0.98,0.5,3.926990816987241,0.1406314141257462,0.1224756970935912
0.98,0.5,4.057890510886816,0.13851312681812314,0.12043003139819829
0.98,0.5,4.1887902047863905,0.13619552440843027,0.11819273873498755
0.98,0.5,4.319689898685965,0.13371616912072568,0.11580003647545518
0.98,0.5,4.45058959258554,0.131115721436857,0.11329112729293565
0.98,0.5,4.581489286485114,0.1284373647179611,0.11070764697235447
0.98,0.5,4.71238898038469,0.12572615631230669,0.10809304070630225
0.98,0.5,4.843288674284264,0.12302831001063934,0.10549187241022745
0.98,0.5,4.974188368183839,0.1203904183410694,0.10294907512553986
0.98,0.5,5.105088062083413,0.11785862695823007,0.10050915428082173
0.98,0.5,5.235987755982988,0.11547777702973311,0.09821535917472968
0.98,0.5,5.3668874498825625,0.11329053481186985,0.09610884127691949
0.98,0.5,5.497787143782138,0.11133653026310185,0.09422782059242507
0.98,0.5,5.6286868376817125,0.10965152838033175,0.09260678314605088
0.98,0.5,5.759586531581287,0.10826665774051714,0.09127573348700063
0.98,0.5,5.890486225480862,0.10720772042547022,0.09025952582879802
0.98,0.5,6.021385919380436,0.10649460599897487,0.08957729599785702
0.98,0.5,6.152285613280011,0.10614082955983717,0.08924201381018465
0.98,0.575,0.0,0.10891935759419565,0.09037948428973347
0.98,0.575,0.1308996938995747,0.10942894013873831,0.09087316782308075
0.98,0.575,0.2617993877991494,0.11040344009633624,0.09180629090165325
0.98,0.575,0.39269908169872414,0.11182398129309468,0.09316072661921371
0.98,0.575,0.5235987755982988,0.11366296494118089,0.09491007050835376
0.98,0.575,0.6544984694978735,0.1158847703568661,0.09702031674893273
0.98,0.575,0.7853981633974483,0.11844665239564985,0.09945072278784799
0.98,0.575,0.916297857297023,0.12129979990360829,0.10215482754226997
0.98,0.575,1.0471975511965976,0.1243905140894931,0.1050815831124753
0.98,0.575,1.1780972450961724,0.12766146265210887,0.10817655702544837
0.98,0.575,1.308996938995747,0.1310529649472244,0.1113831615704136
0.98,0.575,1.4398966328953218,0.134504265322183,0.11464386869624595
0.98,0.575,1.5707963267948966,0.137954755768488,0.11790137298733822
0.98,0.575,1.7016960206944711,0.14134511488453178,0.1210996710513288
0.98,0.575,1.832595714594046,0.14461833731033696,0.12418503274312959
0.98,0.575,1.9634954084936205,0.14772063576713315,0.1271068475039751
0.98,0.575,2.0943951023931953,0.15060220599381605,0.1298183371074341
0.98,0.575,2.22529479629277,0.1532178527313093,0.13227713376447042
0.98,0.575,2.356194490192345,0.15552748190347823,0.13444572934365728
0.98,0.575,2.4870941840919194,0.15749646991154106,0.1362918070223947
0.98,0.575,2.617993877991494,0.15909592519583057,0.13778847072541103
0.98,0.575,2.748893571891069,0.16030285972976446,0.1389143900480387
0.98,0.575,2.8797932657906435,0.16110028888970426,0.13965387901019968
0.98,0.575,3.010692959690218,0.16147727722882366,0.13999692598030875
0.98,0.575,3.141592653589793,0.16142894528012797,0.1399391896721008
0.98,0.575,3.2724923474893677,0.16095644889152066,0.13948197249851335
0.98,0.575,3.4033920413889422,0.1600669380889303,0.13863217811293702
0.98,0.575,3.534291735288517,0.15877349744853494,0.13740225503101408
0.98,0.575,3.665191429188092,0.157095064878251,0.13581012322948385
0.98,0.575,3.7960911230876664,0.15505632090211444,0.13387907591816448
0.98,0.575,3.926990816987241,0.15268753648018057,0.13163764466174738
0.98,0.575,4.057890510886816,0.15002436433896485,0.12911941303438512
0.98,0.575,4.1887902047863905,0.14710755709995438,0.12636276227231835
0.98,0.575,4.319689898685965,0.14398259531998248,0.12341053216417547
0.98,0.575,4.45058959258554,0.14069921007310368,0.12030958182673657
0.98,0.575,4.581489286485114,0.13731078788176462,0.11711023801791333
0.98,0.575,4.71238898038469,0.1338736505614516,0.11386562322225648
0.98,0.575,4.843288674284264,0.13044620866310822,0.1106308616236298
0.98,0.575,4.974188368183839,0.12708799433938156,0.1074621680144517
0.98,0.575,5.105088062083413,0.12385858720082821,0.10441583220819105
0.98,0.575,5.235987755982988,0.12081645456684488,0.10154711917440205
0.98,0.575,5.3668874498825625,0.11801773489115158,0.09890911235265205
0.98,0.575,5.497787143782138,0.1155149995164454,0.09655153387335885
0.98,0.575,5.6286868376817125,0.11335603276799384,0.09451958024188821
0.98,0.575,5.759586531581287,0.11158267327971362,0.09285281495531363
0.98,0.575,5.890486225480862,0.11022976008814406,0.09158416023782769
0.98,0.575,6.021385919380436,0.10932422520933809,0.0907390284108338
0.98,0.575,6.152285613280011,0.10888437018509402,0.09033462935898189
0.98,0.65,0.0,0.10840150219987678,0.08955061276029724
0.98,0.65,0.1308996938995747,0.10903094601508113,0.09014978121046585
0.98,0.65,0.2617993877991494,0.11020290484158275,0.09124624029917648
0.98,0.65,0.39269908169872414,0.11189306911068327,0.0928170872563306
0.98,0.65,0.5235987755982988,0.11406615725989493,0.09482925781459262
0.98,0.65,0.6544984694978735,0.11667696653457431,0.09724052783042071
0.98,0.65,0.7853981633974483,0.11967170879242366,0.10000078373402226
0.98,0.65,0.916297857297023,0.12298956776367899,0.1030535002165886
0.98,0.65,1.0471975511965976,0.12656440535783284,0.10633735508318286
0.98,0.65,1.1780972450961724,0.1303265404816251,0.10978790737926915
0.98,0.65,1.308996938995747,0.13420452450864456,0.11333926578911925
0.98,0.65,1.4398966328953218,0.13812684282395216,0.11692567968275863
0.98,0.65,1.5707963267948966,0.14202348116045524,0.12048299447606593
0.98,0.65,1.7016960206944711,0.1458273079199002,0.12394992529455785
0.98,0.65,1.832595714594046,0.14947523827324968,0.12726911728446658
0.98,0.65,1.9634954084936205,0.15290916145308653,0.13038797616784964
0.98,0.65,2.0943951023931953,0.1560766281378393,0.13325926766163376
0.98,0.65,2.22529479629277,0.15893130913192136,0.13584149818485186
0.98,0.65,2.356194490192345,0.1614332487850835,0.1380991009671716
0.98,0.65,2.4870941840919194,0.1635489460692294,0.14000246064307173
0.98,0.65,2.617993877991494,0.16525130254601056,0.1415278152474219
0.98,0.65,2.748893571891069,0.16651947935813927,0.14265707707936878
0.98,0.65,2.8797932657906435,0.16733870497984413,0.14337761324132667
0.98,0.65,3.010692959690218,0.1677000719691155,0.14368202305779437
0.98,0.65,3.141592653589793,0.16760035479796132,0.14356794345930868
0.98,0.65,3.2724923474893677,0.16704187258475253,0.14303790530714813
0.98,0.65,3.4033920413889422,0.16603241077067335,0.14209925414434219
0.98,0.65,3.534291735288517,0.16458520522300116,0.14076413862290132
0.98,0.65,3.665191429188092,0.16271898152652434,0.13904955952639178
0.98,0.65,3.7960911230876664,0.16045803210984097,0.13697746252254236
0.98,0.65,3.926990816987241,0.15783230491196465,0.13457484914884435
0.98,0.65,4.057890510886816,0.1548774702148974,0.1318738736259238
0.98,0.65,4.1887902047863905,0.15163492751444974,0.12891188840758042
0.98,0.65,4.319689898685965,0.14815171235564498,0.12573139933211705
0.98,0.65,4.45058959258554,0.14448026417091756,0.12237989212889837
0.98,0.65,4.581489286485114,0.14067802052142633,0.11890949600886858
0.98,0.65,4.71238898038469,0.1368068106148232,0.11537645708756665
0.98,0.65,4.843288674284264,0.13293203136659718,0.11184040422106202
0.98,0.65,4.974188368183839,0.12912160199030306,0.10836340199200985
0.98,0.65,5.105088062083413,0.12544470749405504,0.10500879941668913
0.98,0.65,5.235987755982988,0.1219703565518571,0.10183989754522454
0.98,0.65,5.3668874498825625,0.11876579399137378,0.09891847350396994
0.98,0.65,5.497787143782138,0.11589482148364695,0.09630321158938453
0.98,0.65,5.6286868376817125,0.11341609081192248,0.09404810270386572
0.98,0.65,5.759586531581287,0.11138144145151192,0.09220088076478351
0.98,0.65,5.890486225480862,0.10983435726988759,0.09080156796830076
0.98,0.65,6.021385919380436,0.10880861561031911,0.08988119951523216
0.98,0.65,6.152285613280011,0.10832719566377065,0.08946079243160725
0.98,0.7250000000000001,0.0,0.10970670267716227,0.09194684870860102
0.98,0.7250000000000001,0.1308996938995747,0.11042112065215297,0.09261002845347871
0.98,0.7250000000000001,0.2617993877991494,0.11169999404775628,0.09376477246152472
0.98,0.7250000000000001,0.39269908169872414,0.11351386110225829,0.09538401225309655
0.98,0.7250000000000001,0.5235987755982988,0.1158203605827271,0.09742912743775194
0.98,0.7250000000000001,0.6544984694978735,0.11856576517040296,0.09985138886470125
0.98,0.7250000000000001,0.7853981633974483,0.1216869153998814,0.10259377340719546
0.98,0.7250000000000001,0.916297857297023,0.12511344545453826,0.10559304567385676
0.98,0.7250000000000001,1.0471975511965976,0.12877017833505192,0.10878198893997539
0.98,0.7250000000000001,1.1780972450961724,0.13257956292078962,0.1120916631882719
0.98,0.7250000000000001,1.308996938995747,0.13646402932843116,0.11545357242378547
0.98,0.7250000000000001,1.4398966328953218,0.1403481510656844,0.11880163565066675
0.98,0.7250000000000001,1.5707963267948966,0.1441605215092393,0.1220738747961349
0.98,0.7250000000000001,1.7016960206944711,0.14783527641320268,0.1252137566431122
0.98,0.7250000000000001,1.832595714594046,0.1513132214112979,0.128171152407102
0.98,0.7250000000000001,1.9634954084936205,0.15454255163072367,0.13090290585525252
0.98,0.7250000000000001,2.0943951023931953,0.15747917750504312,0.13337302674015938
0.98,0.7250000000000001,2.22529479629277,0.16008669482120352,0.13555254909303008
0.98,0.7250000000000001,2.356194490192345,0.16233605655659392,0.1374191122215386
0.98,0.7250000000000001,2.4870941840919194,0.16420501814428423,0.1389563352099162
0.98,0.7250000000000001,2.617993877991494,0.16567743596503534,0.14015306291999813
0.98,0.7250000000000001,2.748893571891069,0.1667425010875988,0.14100256297531064
0.98,0.7250000000000001,2.8797932657906435,0.1673939868560044,0.14150174938418317
0.98,0.7250000000000001,3.010692959690218,0.1676295805528464,0.14165049999581178
0.98,0.7250000000000001,3.141592653589793,0.16745035687002133,0.14145112273864321
0.98,0.7250000000000001,3.2724923474893677,0.1668604352715375,0.14090801049824175
0.98,0.7250000000000001,3.4033920413889422,0.16586684555669376,0.1400275075168858
0.98,0.7250000000000001,3.534291735288517,0.1644796070602114,0.13881799225312375
0.98,0.7250000000000001,3.665191429188092,0.16271200791834153,0.13729016366828148
0.98,0.7250000000000001,3.7960911230876664,0.16058105271630105,0.13545750070463985
0.98,0.7250000000000001,3.926990816987241,0.15810803048921124,0.13333684920688058
0.98,0.7250000000000001,4.057890510886816,0.15531914145030173,0.13094907745182902
0.98,0.7250000000000001,4.1887902047863905,0.15224611076300087,0.12831973167397656
0.98,0.7250000000000001,4.319689898685965,0.14892671202221877,0.12547961719277817
0.98,0.7250000000000001,4.45058959258554,0.14540512245185028,0.12246522966187885
0.98,0.7250000000000001,4.581489286485114,0.14173203665378728,0.11931896502877155
0.98,0.7250000000000001,4.71238898038469,0.1379644762205816,0.11608904624760642
0.98,0.7250000000000001,4.843288674284264,0.13416524842324704,0.11282911950813117
0.98,0.7250000000000001,4.974188368183839,0.1304020279040171,0.10959749219663034
0.98,0.7250000000000001,5.105088062083413,0.12674605977534742,0.10645600802626838
0.98,0.7250000000000001,5.235987755982988,0.12327050920667065,0.10346858033441836
0.98,0.7250000000000001,5.3668874498825625,0.12004850967142987,0.10069943071161287
0.98,0.7250000000000001,5.497787143782138,0.11715098741849722,0.09821110485212149
0.98,0.7250000000000001,5.6286868376817125,0.11464436133242091,0.09606235873979647
0.98,0.7250000000000001,5.759586531581287,0.112588233159529,0.09430602406248578
0.98,0.7250000000000001,5.890486225480862,0.11103319154263251,0.09298697043415212
0.98,0.7250000000000001,6.021385919380436,0.11001885329260312,0.0921402825280976
0.98,0.7250000000000001,6.152285613280011,0.1095722564905271,0.09178976212914164
0.98,0.8,0.0,0.11870335545875506,0.10327208302571768
0.98,0.8,0.1308996938995747,0.11944287853102863,0.10393243379650406
0.98,0.8,0.2617993877991494,0.12068664187253353,0.10498862130355853
0.98,0.8,0.39269908169872414,0.12240074077902853,0.10641050251956972
0.98,0.8,0.5235987755982988,0.12453698926919377,0.10815573092935853
0.98,0.8,0.6544984694978735,0.12703511749310167,0.11017180039563701
0.98,0.8,0.7853981633974483,0.12982552096171837,0.11239859276068198
0.98,0.8,0.916297857297023,0.13283238202714895,0.11477125706904533
0.98,0.8,1.0471975511965976,0.13597696347986465,0.11722322917872857
0.98,0.8,1.1780972450961724,0.1391808692645645,0.11968919674275258
0.98,0.8,1.308996938995747,0.14236907801053122,0.1221078258748714
0.98,0.8,1.4398966328953218,0.14547257972247254,0.12442409060575609
0.98,0.8,1.5707963267948966,0.14843048193405098,0.12659108178802472
0.98,0.8,1.7016960206944711,0.15119149533732845,0.12857121488312934
0.98,0.8,1.832595714594046,0.15371475645931956,0.1303368021405156
0.98,0.8,1.9634954084936205,0.1559699923868288,0.1318700002164595
0.98,0.8,2.0943951023931953,0.1579370762721019,0.13316218576366937
0.98,0.8,2.22529479629277,0.1596050594430298,0.13421284621290855
0.98,0.8,2.356194490192345,0.16097079433035294,0.1350280989516611
0.98,0.8,2.4870941840919194,0.1620372809474878,0.13561896843823135
0.98,0.8,2.617993877991494,0.16281187809093356,0.13599955739999572
0.98,0.8,2.748893571891069,0.16330451927818407,0.1361852458266081
0.98,0.8,2.8797932657906435,0.1635260637805613,0.13619104117835548
0.98,0.8,3.010692959690218,0.1634868964293361,0.136030186583684
0.98,0.8,3.141592653589793,0.16319586770922595,0.1357131123852678
0.98,0.8,3.2724923474893677,0.16265963965692135,0.13524679171078097
0.98,0.8,3.4033920413889422,0.16188247463796848,0.13463453412085907
0.98,0.8,3.534291735288517,0.1608664745305591,0.13387622393819024
0.98,0.8,3.665191429188092,0.15961224832896104,0.13296898253735784
0.98,0.8,3.7960911230876664,0.1581199577525079,0.13190820753484847
0.98,0.8,3.926990816987241,0.15639066422640172,0.1306889173297369
0.98,0.8,4.057890510886816,0.15442787766162006,0.12930730779171223
0.98,0.8,4.1887902047863905,0.15223918913147336,0.1277624101691795
0.98,0.8,4.319689898685965,0.14983785708875116,0.12605772679463112
0.98,0.8,4.45058959258554,0.14724421153779418,0.12420271516668512
0.98,0.8,4.581489286485114,0.14448674374381856,0.12221399274610983
0.98,0.8,4.71238898038469,0.1416027614278466,0.12011614523494311
0.98,0.8,4.843288674284264,0.13863851122789922,0.11794204062510226
0.98,0.8,4.974188368183839,0.1356487010529974,0.1157325796538899
0.98,0.8,5.105088062083413,0.1326953934412353,0.11353584931019112
0.98,0.8,5.235987755982988,0.1298462849629704,0.11140568769433895
0.98,0.8,5.3668874498825625,0.12717243303663736,0.10939971296535472
0.98,0.8,5.497787143782138,0.12474553663197378,0.10757691280354996
0.98,0.8,5.6286868376817125,0.12263491729147717,0.10599492996488126
0.98,0.8,5.759586531581287,0.12090437795545013,0.10470721031268677
0.98,0.8,5.890486225480862,0.1196091359112215,0.10376019893136867
0.98,0.8,6.021385919380436,0.11879303051878211,0.10319077513527009
0.98,0.8,6.152285613280011,0.11848619505929116,0.10302410723561863
0.98,0.875,0.0,0.14064579522595022,0.12840663297029678
0.98,0.875,0.1308996938995747,0.1413285298109541,0.12897588532080925
0.98,0.875,0.2617993877991494,0.14235356919550926,0.12973713989136865
0.98,0.875,0.39269908169872414,0.14368348132054948,0.1306584937533887
0.98,0.875,0.5235987755982988,0.14526580069501563,0.1316960116072069
0.98,0.875,0.6544984694978735,0.1470361416784641,0.13279659459778073
0.98,0.875,0.7853981633974483,0.1489220631743274,0.133901525604679
0.98,0.875,0.916297857297023,0.15084739666300975,0.1349504158008704
0.98,0.875,1.0471975511965976,0.15273672014645134,0.13588525036422144
0.98,0.875,1.1780972450961724,0.15451965822196984,0.13665423067183374
0.98,0.875,1.308996938995747,0.15613471232326595,0.13721513510346292
0.98,0.875,1.4398966328953218,0.15753237178252202,0.13753796728492235
0.98,0.875,1.5707963267948966,0.1586773204733339,0.13760672379528752
0.98,0.875,1.7016960206944711,0.15954962875779086,0.13742018644859436
0.98,0.875,1.832595714594046,0.16014489915979105,0.13699172013667715
0.98,0.875,1.9634954084936205,0.1604734097759449,0.13634812923594825
0.98,0.875,2.0943951023931953,0.16055836607308657,0.13552768808441087
0.98,0.875,2.22529479629277,0.16043342498879518,0.134577509940585
0.98,0.875,2.356194490192345,0.1601396925753333,0.13355045185539527
0.98,0.875,2.4870941840919194,0.1597224168782593,0.132501769516701
0.98,0.875,2.617993877991494,0.15922760212131487,0.1314857373764365
0.98,0.875,2.748893571891069,0.15869876043808648,0.13055243749066495
0.98,0.875,2.8797932657906435,0.15817399608033197,0.1297448982824386
0.98,0.875,3.010692959690218,0.1576835871589725,0.12909673495152132
0.98,0.875,3.141592653589793,0.1572481943717943,0.1286304092423452
0.98,0.875,3.2724923474893677,0.15687778718615422,0.12835618996298145
0.98,0.875,3.4033920413889422,0.1565713373815227,0.1282718585788922
0.98,0.875,3.534291735288517,0.15631728894442498,0.12836316728611644
0.98,0.875,3.665191429188092,0.15609477281067155,0.12860502062507187
0.98,0.875,3.7960911230876664,0.15587549556009775,0.12896331621682164
0.98,0.875,3.926990816987241,0.15562619351691767,0.12939734589506222
0.98,0.875,4.057890510886816,0.15531150894826076,0.12986262618894626
0.98,0.875,4.1887902047863905,0.15489711466717207,0.13031399805742072
0.98,0.875,4.319689898685965,0.15435288946547981,0.130708811979223
0.98,0.875,4.45058959258554,0.1536559318974369,0.13100999840050856
0.98,0.875,4.581489286485114,0.15279319659175697,0.13118881783834443
0.98,0.875,4.71238898038469,0.1517635478260765,0.13122709211381475
0.98,0.875,4.843288674284264,0.15057905108365457,0.13111874011593813
0.98,0.875,4.974188368183839,0.1492653650911285,0.13087047881864558
0.98,0.875,5.105088062083413,0.1478611532044799,0.13050160217368653
0.98,0.875,5.235987755982988,0.14641650099213868,0.13004281434527076
0.98,0.875,5.3668874498825625,0.1449904018189981,0.1295341652039563
0.98,0.875,5.497787143782138,0.1436474481164045,0.12902220923967647
0.98,0.875,5.6286868376817125,0.14245393595197717,0.1285565773620743
0.98,0.875,5.759586531581287,0.14147364751742494,0.12818620749322918
0.98,0.875,5.890486225480862,0.1407636139089573,0.1279555181263374
0.98,0.875,6.021385919380436,0.1403701744081239,0.12790082426830082
0.98,0.875,6.152285613280011,0.140325635700197,0.12804728468280704
0.98,0.9500000000000001,0.0,0.178866966307038,0.17016797216622126
0.98,0.9500000000000001,0.1308996938995747,0.17939672816122834,0.17054529357691683
0.98,0.9500000000000001,0.2617993877991494,0.17999869431768242,0.17079919643987274
0.98,0.9500000000000001,0.39269908169872414,0.18063262692314896,0.17089710420922763
0.98,0.9500000000000001,0.5235987755982988,0.18124297800528524,0.17079521796890276
0.98,0.9500000000000001,0.6544984694978735,0.18176327072811482,0.1704425311092689
0.98,0.9500000000000001,0.7853981633974483,0.18212149825535143,0.16978575159056844
0.98,0.9500000000000001,0.916297857297023,0.18224608949521517,0.1687747017403752
0.98,0.9500000000000001,1.0471975511965976,0.1820719508433147,0.16736772926546753
0.98,0.9500000000000001,1.1780972450961724,0.18154609792771814,0.16553667078358447
0.98,0.9500000000000001,1.308996938995747,0.180632438884225,0.16327095812280537
0.98,0.9500000000000001,1.4398966328953218,0.17931535416507263,0.16058054096673954
0.98,0.9500000000000001,1.5707963267948966,0.17760182725084384,0.15749740704539664
0.98,0.9500000000000001,1.7016960206944711,0.17552200396451345,0.15407560099296388
0.98,0.9500000000000001,1.832595714594046,0.173128182916894,0.15038976294828088
0.98,0.9500000000000001,1.9634954084936205,0.1704923546188367,0.14653231685158835
0.98,0.9500000000000001,2.0943951023931953,0.16770250277663398,0.14260952745009622
0.98,0.9500000000000001,2.22529479629277,0.1648579521693931,0.1387367086653877
0.98,0.9500000000000001,2.356194490192345,0.1620640905354548,0.13503290202985338
0.98,0.9500000000000001,2.4870941840919194,0.15942680754160546,0.13161535339454758
0.98,0.9500000000000001,2.617993877991494,0.15704698530631514,0.1285941027081168
0.98,0.9500000000000001,2.748893571891069,0.15501534698169553,0.12606697064111622
0.98,0.9500000000000001,2.8797932657906435,0.15340792832928987,0.1241151831840077
0.98,0.9500000000000001,3.010692959690218,0.15228238758731863,0.12279982672372784
0.98,0.9500000000000001,3.141592653589793,0.151675315942941,0.12215927608099127
0.98,0.9500000000000001,3.2724923474893677,0.15160065784238394,0.12220768959342136
0.98,0.9500000000000001,3.4033920413889422,0.15204929896083666,0.12293461986173643
0.98,0.9500000000000001,3.534291735288517,0.15298983019355297,0.12430574607824268
0.98,0.9500000000000001,3.665191429188092,0.15437044795607283,0.1262646927288569
0.98,0.9500000000000001,3.7960911230876664,0.15612190334797107,0.12873585829400852
0.98,0.9500000000000001,3.926990816987241,0.15816136469077455,0.13162813519423874
0.98,0.9500000000000001,4.057890510886816,0.16039700983837263,0.13483935829993463
0.98,0.9500000000000001,4.1887902047863905,0.16273311799083448,0.13826127512346462
0.98,0.9500000000000001,4.319689898685965,0.1650753886717235,0.14178478910682238
0.98,0.9500000000000001,4.45058959258554,0.16733618232641503,0.14530519257743713
0.98,0.9500000000000001,4.581489286485114,0.16943935802161314,0.14872708329773107
0.98,0.9500000000000001,4.71238898038469,0.1713243841265418,0.15196865364008863
0.98,0.9500000000000001,4.843288674284264,0.17294942214648681,0.15496505914744726
0.98,0.9500000000000001,4.974188368183839,0.1742931345241737,0.15767061662649676
0.98,0.9500000000000001,5.105088062083413,0.17535504410605252,0.16005965142951709
0.98,0.9500000000000001,5.235987755982988,0.17615437267699896,0.16212590639125535
0.98,0.9500000000000001,5.3668874498825625,0.17672740180411642,0.16388053478455894
0.98,0.9500000000000001,5.497787143782138,0.17712352153674993,0.16534881744374058
0.98,0.9500000000000001,5.6286868376817125,0.1774002496559969,0.16656585844515967
0.98,0.9500000000000001,5.759586531581287,0.17761760378558808,0.1675716122178231
0.98,0.9500000000000001,5.890486225480862,0.17783227922334244,0.16840566609088792
0.98,0.9500000000000001,6.021385919380436,0.17809211769072056,0.16910223676775923
0.98,0.9500000000000001,6.152285613280011,0.17843134082216075,0.16968583134955728
0.98,1.0250000000000001,0.0,0.23383978921577278,0.22847490027846704
0.98,1.0250000000000001,0.1308996938995747,0.23411821433142713,0.22856007512569507
0.98,1.0250000000000001,0.2617993877991494,0.2341024138506147,0.22811093319224973
0.98,1.0250000000000001,0.39269908169872414,0.23374930785502682,0.22709445755055715
0.98,1.0250000000000001,0.5235987755982988,0.23300022720861402,0.2254673168929384
0.98,1.0250000000000001,0.6544984694978735,0.2317870543342091,0.22318148587216288
0.98,1.0250000000000001,0.7853981633974483,0.23003974002348263,0.2201910886636107
0.98,1.0250000000000001,0.916297857297023,0.2276945059848504,0.21645980678014917
0.98,1.0250000000000001,1.0471975511965976,0.22470199030566548,0.21196814535247888
0.98,1.0250000000000001,1.1780972450961724,0.22103461355871593,0.20671987654965654
0.98,1.0250000000000001,1.308996938995747,0.21669253149391057,0.20074706880271512
0.98,1.0250000000000001,1.4398966328953218,0.21170768345122393,0.19411325306014993
0.98,1.0250000000000001,1.5707963267948966,0.20614562571123618,0.1869144542267165
0.98,1.0250000000000001,1.7016960206944711,0.20010503514675637,0.17927800643464764
0.98,1.0250000000000001,1.832595714594046,0.19371495982091777,0.1713592541993727
0.98,1.0250000000000001,1.9634954084936205,0.1871300613206215,0.16333640000967767
0.98,1.0250000000000001,2.0943951023931953,0.180524224866506,0.1554038794238997
0.98,1.0250000000000001,2.22529479629277,0.17408299973143762,0.1477647202253765
0.98,1.0250000000000001,2.356194490192345,0.16799537246567223,0.14062237175780493
0.98,1.0250000000000001,2.4870941840919194,0.16244537266636552,0.13417247885139627
0.98,1.0250000000000001,2.617993877991494,0.15760397358120157,0.12859503055069973
0.98,1.0250000000000001,2.748893571891069,0.1536216881932953,0.12404724818775359
0.98,1.0250000000000001,2.8797932657906435,0.1506221866868145,0.12065750161215971
0.98,1.0250000000000001,3.010692959690218,0.14869718323635944,0.11852046650360328
0.98,1.0250000000000001,3.141592653589793,0.14790276631047633,0.11769366687711193
0.98,1.0250000000000001,3.2724923474893677,0.14825728129979254,0.118195488840377
0.98,1.0250000000000001,3.4033920413889422,0.14974081805668682,0.12000470458823605
0.98,1.0250000000000001,3.534291735288517,0.15229630681286388,0.12306150669410304
0.98,1.0250000000000001,3.665191429188092,0.15583217988807532,0.12727001716894548
0.98,1.0250000000000001,3.7960911230876664,0.16022650897086346,0.13250219805071423
0.98,1.0250000000000001,3.926990816987241,0.1653324746043363,0.13860304569974483
0.98,1.0250000000000001,4.057890510886816,0.17098496380794706,0.1453968968587204
0.98,1.0250000000000001,4.1887902047863905,0.17700802444851574,0.15269461117859706
0.98,1.0250000000000001,4.319689898685965,0.18322283518784613,0.16030132617770307
0.98,1.0250000000000001,4.45058959258554,0.189455784942536,0.16802441366004942
0.98,1.0250000000000001,4.581489286485114,0.19554620549556248,0.17568121128409278
0.98,1.0250000000000001,4.71238898038469,0.20135327579634868,0.18310607026089123
0.98,1.0250000000000001,4.843288674284264,0.2067616265278834,0.19015626053750143
0.98,1.0250000000000001,4.974188368183839,0.21168522578331594,0.1967163162357294
0.98,1.0250000000000001,5.105088062083413,0.21606922399207304,0.20270049018072048
0.98,1.0250000000000001,5.235987755982988,0.21988957552330424,0.20805311500715673
0.98,1.0250000000000001,5.3668874498825625,0.2231504266471301,0.21274683126849078
0.98,1.0250000000000001,5.497787143782138,0.22587944988988615,0.21677882607606835
0.98,1.0250000000000001,5.6286868376817125,0.22812149425259245,0.22016541041180435
0.98,1.0250000000000001,5.759586531581287,0.22993108817012267,0.22293542854294268
0.98,1.0250000000000001,5.890486225480862,0.23136445709711706,0.22512311849047298
0.98,1.0250000000000001,6.021385919380436,0.232471783407695,0.22676111127293033
0.98,1.0250000000000001,6.152285613280011,0.23329043215100567,0.22787425757606417
0.98,1.1,0.0,0.30282420214645206,0.30010910325511425
0.98,1.1,0.1308996938995747,0.30276586606575556,0.2998184202578969
0.98,1.1,0.2617993877991494,0.30198345483383604,0.29852499998834187
0.98,1.1,0.39269908169872414,0.3004295753446988,0.29619402794001354
0.98,1.1,0.5235987755982988,0.29804010978152584,0.2927804328307715
0.98,1.1,0.6544984694978735,0.29474279550246707,0.2882367634440402
0.98,1.1,0.7853981633974483,0.2904676658491058,0.2825227250261913
0.98,1.1,0.916297857297023,0.2851583144595053,0.2756153830373387
0.98,1.1,1.0471975511965976,0.27878288015770064,0.2675189844015697
0.98,1.1,1.1780972450961724,0.27134369968812516,0.2582734016678958
0.98,1.1,1.308996938995747,0.2628847305970083,0.24796036237623756
0.98,1.1,1.4398966328953218,0.25349608356979025,0.23670686118105935
0.98,1.1,1.5707963267948966,0.24331529117721676,0.22468543453041553
0.98,1.1,1.7016960206944711,0.23252524316038625,0.21211127195560012
0.98,1.1,1.832595714594046,0.22134900303528426,0.19923641070697648
0.98,1.1,1.9634954084936205,0.21004195830037733,0.18634148377041035
0.98,1.1,2.0943951023931953,0.19888192711848687,0.17372564644787228
0.98,1.1,2.22529479629277,0.1881579387112257,0.16169538563955035
0.98,1.1,2.356194490192345,0.1781584242909008,0.15055292136661286
0.98,1.1,2.4870941840919194,0.16915951065266774,0.14058485362541728
0.98,1.1,2.617993877991494,0.161414016643226,0.13205160731755242
0.98,1.1,2.748893571891069,0.15514163370095854,0.1251781045029473
0.98,1.1,2.8797932657906435,0.1505206454240454,0.12014596669468902
0.98,1.1,3.010692959690218,0.14768142420252087,0.1170874367727169
0.98,1.1,3.141592653589793,0.1467018465057548,0.11608112110692535
0.98,1.1,3.2724923474893677,0.1476046971504289,0.1171495916335404
0.98,1.1,3.4033920413889422,0.15035708507787934,0.12025885242891088
0.98,1.1,3.534291735288517,0.15487186184909385,0.1253196578260673
0.98,1.1,3.665191429188092,0.16101100875971197,0.13219065791094167
0.98,1.1,3.7960911230876664,0.1685909276626301,0.14068332979460385
0.98,1.1,3.926990816987241,0.17738952403132388,0.15056861827174703
0.98,1.1,4.057890510886816,0.18715490206073748,0.16158514997109694
0.98,1.1,4.1887902047863905,0.1976153995511508,0.1734487990571981
0.98,1.1,4.319689898685965,0.2084905802996386,0.18586327469754446
0.98,1.1,4.45058959258554,0.21950268532637618,0.1985312821754198
0.98,1.1,4.581489286485114,0.23038793825611026,0.21116569745300207
0.98,1.1,4.71238898038469,0.24090702416029738,0.2235001091545233
0.98,1.1,4.843288674284264,0.250854034582759,0.23529804248046568
0.98,1.1,4.974188368183839,0.26006321010639466,0.24636020327201935
0.98,1.1,5.105088062083413,0.26841292448519466,0.25652917733751945
0.98,1.1,5.235987755982988,0.2758265403223961,0.265691190800388
0.98,1.1,5.3668874498825625,0.28227001406166946,0.27377477130877376
0.98,1.1,5.497787143782138,0.2877464156750283,0.28074642656977383
0.98,1.1,5.6286868376817125,0.29228782570418715,0.2866037463197249
0.98,1.1,5.759586531581287,0.295945344430409,0.2913666021088291
0.98,1.1,5.890486225480862,0.29877816016811165,0.29506733153899795
0.98,1.1,6.021385919380436,0.3008427465071554,0.2977409200449896
0.98,1.1,6.152285613280011,0.30218327186935595,0.2994162136875796
0.98,1.175,0.0,0.38018298024305563,0.37912895851561035
0.98,1.175,0.1308996938995747,0.3797313337823027,0.37841141678913287
0.98,1.175,0.2617993877991494,0.3781157094926517,0.3762235879381881
0.98,1.175,0.39269908169872414,0.37528078611512655,0.37252515522953883
0.98,1.175,0.5235987755982988,0.3711512937356249,0.3672634031015076
0.98,1.175,0.6544984694978735,0.36564395661551424,0.36038425159979526
0.98,1.175,0.7853981633974483,0.3586819517507271,0.3518455541998664
0.98,1.175,0.916297857297023,0.35021035097086,0.3416311898090088
0.98,1.175,1.0471975511965976,0.3402109369651966,0.32976441240896004
0.98,1.175,1.1780972450961724,0.3287148853182437,0.3163190293452916
0.98,1.175,1.308996938995747,0.31581206524321587,0.3014272408959338
0.98,1.175,1.4398966328953218,0.301656091720232,0.2852833497376639
0.98,1.175,1.5707963267948966,0.2864647088588302,0.26814298695708794
0.98,1.175,1.7016960206944711,0.2705155412218558,0.25031794452987083
0.98,1.175,1.832595714594046,0.2541376626396858,0.2321670996361873
0.98,1.175,1.9634954084936205,0.23769975735729007,0.21408422171976113
0.98,1.175,2.0943951023931953,0.22159585864887346,0.19648364283696007
0.98,1.175,2.22529479629277,0.20622973593896632,0.17978483790450409
0.98,1.175,2.356194490192345,0.19199897129895227,0.16439691390357888
0.98,1.175,2.4870941840919194,0.17927964273060612,0.15070387005082697
0.98,1.175,2.617993877991494,0.16841234706047445,0.1390512975842594
0.98,1.175,2.748893571891069,0.1596900852250845,0.12973497422450583
0.98,1.175,2.8797932657906435,0.15334833051003982,0.1229916078109871
0.98,1.175,3.010692959690218,0.14955743205394534,0.1189918217647673
0.98,1.175,3.141592653589793,0.1484173875364313,0.11783536698380503
0.98,1.175,3.2724923474893677,0.14995495472715148,0.11954849386899191
0.98,1.175,3.4033920413889422,0.15412305475770913,0.12408341675058088
0.98,1.175,3.534291735288517,0.16080243501792632,0.131319834421175
0.98,1.175,3.665191429188092,0.16980558520634506,0.14106851268186457
0.98,1.175,3.7960911230876664,0.18088291330806605,0.15307696390780362
0.98,1.175,3.926990816987241,0.19373116859119763,0.167037253180868
0.98,1.175,4.057890510886816,0.20800403165998835,0.18259590526254432
0.98,1.175,4.1887902047863905,0.2233246721082176,0.19936577554243062
0.98,1.175,4.319689898685965,0.23929990834625214,0.2169395862992176
0.98,1.175,4.45058959258554,0.25553540908559613,0.23490463384243868
0.98,1.175,4.581489286485114,0.2716511789435543,0.2528579692623191
0.98,1.175,4.71238898038469,0.2872964052176867,0.27042117924568565
0.98,1.175,4.843288674284264,0.3021626440758179,0.28725377934521884
0.98,1.175,4.974188368183839,0.3159943226543192,0.3030642117585694
0.98,1.175,5.105088062083413,0.32859564899744587,0.3176175346664431
0.98,1.175,5.235987755982988,0.33983325915893303,0.3307391069744443
0.98,1.175,5.3668874498825625,0.3496342768799494,0.34231389930533496
0.98,1.175,5.497787143782138,0.35797988462703695,0.35228146944032906
0.98,1.175,5.6286868376817125,0.3648949589548944,0.36062708277153693
0.98,1.175,5.759586531581287,0.3704347524461622,0.36736988080798083
0.98,1.175,5.890486225480862,0.37466995174656637,0.3725493465212142
0.98,1.175,6.021385919380436,0.37767165653484147,0.376211534283182
0.98,1.175,6.152285613280011,0.37949787266365426,0.37839658894483746
0.98,1.25,0.0,0.4582982339334641,0.4578419369279751
0.98,1.25,0.1308996938995747,0.4574396951629793,0.4566930124991751
0.98,1.25,0.2617993877991494,0.45503656371656503,0.4536805866433478
0.98,1.25,0.39269908169872414,0.45101919255062645,0.4487521253974815
0.98,1.25,0.5235987755982988,0.4452911223436249,0.44183667751938244
0.98,1.25,0.6544984694978735,0.4377456149225629,0.43286027837140484
0.98,1.25,0.7853981633974483,0.4282855793223093,0.42176444512782957
0.98,1.25,0.916297857297023,0.41684466520045377,0.4085256239307798
0.98,1.25,1.0471975511965976,0.4034072127652599,0.3931733760986133
0.98,1.25,1.1780972450961724,0.388024934081667,0.3758052816584934
0.98,1.25,1.308996938995747,0.3708286221137526,0.35659695835897925
0.98,1.25,1.4398966328953218,0.35203377566293154,0.3358061774763015
0.98,1.25,1.5707963267948966,0.33193970585197236,0.31377072005195084
0.98,1.25,1.7016960206944711,0.3109223623620058,0.2909002691954772
0.98,1.25,1.832595714594046,0.2894217022676782,0.26766319433660996
0.98,1.25,1.9634954084936205,0.2679248571743522,0.24456949000506004
0.98,1.25,2.0943951023931953,0.2469465986428291,0.22215135028377878
0.98,1.25,2.22529479629277,0.2270086508596709,0.2009428859857131
0.98,1.25,2.356194490192345,0.2086192745274269,0.18146034812771786
0.98,1.25,2.4870941840919194,0.19225429031062158,0.16418395302671038
0.98,1.25,2.617993877991494,0.17834038000225985,0.14954206810888265
0.98,1.25,2.748893571891069,0.1672411579552626,0.13789817218655104
0.98,1.25,2.8797932657906435,0.15924619675713964,0.12954070130817028
0.98,1.25,3.010692959690218,0.15456295864616068,0.12467566907733148
0.98,1.25,3.141592653589793,0.15331144881843378,0.12342182825068865
0.98,1.25,3.2724923474893677,0.1555213705812107,0.12580811925951071
0.98,1.25,3.4033920413889422,0.16113160986458278,0.1317732146203425
0.98,1.25,3.534291735288517,0.16999197880795733,0.14116708632263755
0.98,1.25,3.665191429188092,0.18186726742027362,0.1537546582891841
0.98,1.25,3.7960911230876664,0.19644374869847211,0.16922171765374908
0.98,1.25,3.926990816987241,0.21333831974865514,0.18718331027587262
0.98,1.25,4.057890510886816,0.2321104126583399,0.20719481026491385
0.98,1.25,4.1887902047863905,0.25227666180738856,0.22876571713800367
0.98,1.25,4.319689898685965,0.2733280744182629,0.2513760018519294
0.98,1.25,4.45058959258554,0.29474914273976505,0.27449451744507125
0.98,1.25,4.581489286485114,0.31603800077616556,0.29759865181110234
0.98,1.25,4.71238898038469,0.3367264197504789,0.3201940824544312
0.98,1.25,4.843288674284264,0.3563982131598514,0.3418332547143317
0.98,1.25,4.974188368183839,0.37470453833321943,0.36213110064524506
0.98,1.25,5.105088062083413,0.3913746760778232,0.38077658629872957
0.98,1.25,5.235987755982988,0.4062211591376235,0.397538938388369
0.98,1.25,5.3668874498825625,0.4191385905808979,0.41226784626429974
0.98,1.25,5.497787143782138,0.4300961014799351,0.4248875206233733
0.98,1.25,5.6286868376817125,0.43912407399781844,0.4353851489489183
0.98,1.25,5.759586531581287,0.44629641467638165,0.443794934249087
0.98,1.25,5.890486225480862,0.451710212367306,0.4501794481198069
0.98,1.25,6.021385919380436,0.4554649742783465,0.45461039024758615
0.98,1.25,6.152285613280011,0.45764374328650986,0.45715096520034754
0.98,1.3250000000000002,0.0,0.5288882459936367,0.5281200605391279
0.98,1.3250000000000002,0.1308996938995747,0.5276618189435839,0.5265904373875444
0.98,1.3250000000000002,0.2617993877991494,0.5246467557126254,0.5229581683243355
0.98,1.3250000000000002,0.39269908169872414,0.5197494438409539,0.5171483270701263
0.98,1.3250000000000002,0.5235987755982988,0.512837205932899,0.5090558110080048
0.98,1.3250000000000002,0.6544984694978735,0.5037610107708043,0.4985666898662795
0.98,1.3250000000000002,0.7853981633974483,0.4923827347841998,0.48558376124645863
0.98,1.3250000000000002,0.916297857297023,0.4786037959747505,0.4700532516482419
0.98,1.3250000000000002,1.0471975511965976,0.46239189644940554,0.45198952880921484
0.98,1.3250000000000002,1.1780972450961724,0.443802925702175,0.43149500992182555
0.98,1.3250000000000002,1.308996938995747,0.4229957353903305,0.40877310120608396
0.98,1.3250000000000002,1.4398966328953218,0.4002383928016969,0.38413288343480495
0.98,1.3250000000000002,1.5707963267948966,0.375905521809621,0.3579852342905911
0.98,1.3250000000000002,1.7016960206944711,0.3504673076828701,0.33083101503668516
0.98,1.3250000000000002,1.832595714594046,0.32447155137301564,0.3032427245720321
0.98,1.3250000000000002,1.9634954084936205,0.29852071853387624,0.2758415503796749
0.98,1.3250000000000002,2.0943951023931953,0.273246191645755,0.2492719794121904
0.98,1.3250000000000002,2.22529479629277,0.24928190108573423,0.22417607617616717
0.98,1.3250000000000002,2.356194490192345,0.22723922684077788,0.20116923605886247
0.98,1.3250000000000002,2.4870941840919194,0.2076846024285688,0.18081875571240888
0.98,1.3250000000000002,2.617993877991494,0.19112070860372143,0.16362602070008922
0.98,1.3250000000000002,2.748893571891069,0.17797160880238438,0.1500125843554409
0.98,1.3250000000000002,2.8797932657906435,0.16857172947388924,0.1403099769347593
0.98,1.3250000000000002,3.010692959690218,0.1631582808167897,0.13475279250476455
0.98,1.3250000000000002,3.141592653589793,0.16186657255263262,0.13347447575773705
0.98,1.3250000000000002,3.2724923474893677,0.16472770140502765,0.1365052667593383
0.98,1.3250000000000002,3.4033920413889422,0.17166824282794532,0.14377192874850644
0.98,1.3250000000000002,3.534291735288517,0.18251182070486457,0.15509913450092405
0.98,1.3250000000000002,3.665191429188092,0.1969826954386331,0.17021266167187288
0.98,1.3250000000000002,3.7960911230876664,0.214711739933772,0.18874478527577412
0.98,1.3250000000000002,3.926990816987241,0.23524530669416388,0.21024239931740066
0.98,1.3250000000000002,4.057890510886816,0.25805748306884196,0.23417840543168453
0.98,1.3250000000000002,4.1887902047863905,0.2825660616879118,0.25996674968509226
0.98,1.3250000000000002,4.319689898685965,0.30815222158834404,0.2869811701642096
0.98,1.3250000000000002,4.45058959258554,0.33418345374701497,0.3145772667162055
0.98,1.3250000000000002,4.581489286485114,0.3600387320042678,0.3421169771140389
0.98,1.3250000000000002,4.71238898038469,0.3851344080116923,0.36899402024910727
0.98,1.3250000000000002,4.843288674284264,0.4089488895364551,0.39465843815771046
0.98,1.3250000000000002,4.974188368183839,0.4310439346519119,0.41863812404172746
0.98,1.3250000000000002,5.105088062083413,0.45108042998248665,0.4405552339549086
0.98,1.3250000000000002,5.235987755982988,0.46882685482672165,0.4601356831393879
0.98,1.3250000000000002,5.3668874498825625,0.4841592553497005,0.47721051762697125
0.98,1.3250000000000002,5.497787143782138,0.4970524066049287,0.49170877330294904
0.98,1.3250000000000002,5.6286868376817125,0.5075628242509559,0.5036423906285777
0.98,1.3250000000000002,5.759586531581287,0.5158052719854039,0.5130847158820305
0.98,1.3250000000000002,5.890486225480862,0.5219252541366669,0.5201449504163302
0.98,1.3250000000000002,6.021385919380436,0.5260705568372034,0.5249414806749869
0.98,1.3250000000000002,6.152285613280011,0.5283651105291002,0.5275772387642932
0.98,1.4000000000000001,0.0,0.5844416152026929,0.5827754333006453
0.98,1.4000000000000001,0.1308996938995747,0.5829419719405643,0.5809727960645342
0.98,1.4000000000000001,0.2617993877991494,0.5796209566305578,0.5770574786521792
0.98,1.4000000000000001,0.39269908169872414,0.5743479321226005,0.5709183999141132
0.98,1.4000000000000001,0.5235987755982988,0.5669337824692273,0.5623949478045362
0.98,1.4000000000000001,0.6544984694978735,0.5571617890621005,0.5513062440940902
0.98,1.4000000000000001,0.7853981633974483,0.5448245565536932,0.5374860838799064
0.98,1.4000000000000001,0.916297857297023,0.5297625284667239,0.5208192493489903
0.98,1.4000000000000001,1.0471975511965976,0.5118995594091192,0.5012748368194176
0.98,1.4000000000000001,1.1780972450961724,0.4912715203676314,0.47893274166778915
0.98,1.4000000000000001,1.308996938995747,0.4680449106491345,0.454000423173108
0.98,1.4000000000000001,1.4398966328953218,0.44252377222824196,0.4268183606940252
0.98,1.4000000000000001,1.5707963267948966,0.41514464761036757,0.3978540157525492
0.98,1.4000000000000001,1.7016960206944711,0.38646068269548034,0.3676854281716688
0.98,1.4000000000000001,1.832595714594046,0.3571170705680868,0.3369766225740006
0.98,1.4000000000000001,1.9634954084936205,0.3278207338694546,0.3064476625529424
0.98,1.4000000000000001,2.0943951023931953,0.2993073960930062,0.27684241170161444
0.98,1.4000000000000001,2.22529479629277,0.27230901304197846,0.24889686368626726
0.98,1.4000000000000001,2.356194490192345,0.24752400563503074,0.22331036982179087
0.98,1.4000000000000001,2.4870941840919194,0.22559197892509042,0.2007213460400391
0.98,1.4000000000000001,2.617993877991494,0.20707377292209092,0.18168822231848947
0.98,1.4000000000000001,2.748893571891069,0.19243690554171322,0.16667563915955222
0.98,1.4000000000000001,2.8797932657906435,0.182045846848894,0.15604530257720886
0.98,1.4000000000000001,3.010692959690218,0.1761561771953062,0.15005054673788917
0.98,1.4000000000000001,3.141592653589793,0.17491155608212958,0.1488335443383804
0.98,1.4000000000000001,3.2724923474893677,0.17834254819116246,0.15242423169606864
0.98,1.4000000000000001,3.4033920413889422,0.18636666855487483,0.16074032933818191
0.98,1.4000000000000001,3.534291735288517,0.19878944656225497,0.17358826849205608
0.98,1.4000000000000001,3.665191429188092,0.21530678117521948,0.19066529608228608
0.98,1.4000000000000001,3.7960911230876664,0.23550927662268606,0.21156343948456194
0.98,1.4000000000000001,3.926990816987241,0.25888952467743226,0.2357762870349552
0.98,1.4000000000000001,4.057890510886816,0.2848533686591818,0.26270961572494717
0.98,1.4000000000000001,4.1887902047863905,0.3127360040021358,0.29169673235624133
0.98,1.4000000000000001,4.319689898685965,0.3418233346289583,0.32201898064472917
0.98,1.4000000000000001,4.45058959258554,0.3713783491984472,0.3529312362812084
0.98,1.4000000000000001,4.581489286485114,0.4006714853630724,0.3836914387573842
0.98,1.4000000000000001,4.71238898038469,0.4290131293572684,0.4135924038883432
0.98,1.4000000000000001,4.843288674284264,0.45578569138991876,0.4419934593386414
0.98,1.4000000000000001,4.974188368183839,0.48047224493623436,0.46834898530028624
0.98,1.4000000000000001,5.105088062083413,0.502678637001397,0.49223084035635956
0.98,1.4000000000000001,5.235987755982988,0.5221463353388596,0.5133419787111221
0.98,1.4000000000000001,5.3668874498825625,0.5387540792498909,0.5315193244932422
0.98,1.4000000000000001,5.497787143782138,0.5525075701581242,0.5467250934111544
0.98,1.4000000000000001,5.6286868376817125,0.5635178350080668,0.5590271050425865
0.98,1.4000000000000001,5.759586531581287,0.571970328253833,0.5685700240693979
0.98,1.4000000000000001,5.890486225480862,0.5780880951844828,0.5755406986420847
0.98,1.4000000000000001,6.021385919380436,0.5820932035060579,0.5801316350991699
0.98,1.4000000000000001,6.152285613280011,0.5841710125148112,0.5825070134818195
0.98,1.475,0.0,0.6194701149243155,0.6167130570117484
0.98,1.475,0.1308996938995747,0.6178430932840718,0.6147961429219899
0.98,1.475,0.2617993877991494,0.614634200266322,0.6110446435286451
0.98,1.475,0.39269908169872414,0.6096594822572877,0.6052942545833644
0.98,1.475,0.5235987755982988,0.6026483510833344,0.597302581554937
0.98,1.475,0.6544984694978735,0.5932850244751154,0.5867886840915416
0.98,1.475,0.7853981633974483,0.5812579134714927,0.573480173288626
0.98,1.475,0.916297857297023,0.5663108100600077,0.5571619375513143
0.98,1.475,1.0471975511965976,0.548289689167967,0.5377205431101698
0.98,1.475,1.1780972450961724,0.5271797257809819,0.5151791247924181
0.98,1.475,1.308996938995747,0.503128593672539,0.48971900743267804
0.98,1.475,1.4398966328953218,0.47645401264259,0.4616861396751398
0.98,1.475,1.5707963267948966,0.44763554710911824,0.4315823883651689
0.98,1.475,1.7016960206944711,0.4172925273285594,0.4000435390543828
0.98,1.475,1.832595714594046,0.3861514087203086,0.3678072284644556
0.98,1.475,1.9634954084936205,0.3550067341974426,0.3356748354181736
0.98,1.475,2.0943951023931953,0.32468005699910574,0.3044715215586103
0.98,1.475,2.22529479629277,0.2959807649774496,0.2750081929519756
0.98,1.475,2.356194490192345,0.2696718602398289,0.24804828667979942
0.98,1.475,2.4870941840919194,0.24644258648145478,0.22428116500468911
0.98,1.475,2.617993877991494,0.2268885737453037,0.20430273011545305
0.98,1.475,2.748893571891069,0.21149907996854755,0.18860283895610044
0.98,1.475,2.8797932657906435,0.20065009548902069,0.17755833539287766
0.98,1.475,3.010692959690218,0.19460162286068894,0.17143009932312517
0.98,1.475,3.141592653589793,0.19349736784912067,0.17036245133017855
0.98,1.475,3.2724923474893677,0.19736534143999865,0.17438350811463343
0.98,1.475,3.4033920413889422,0.2061183993380025,0.18340558294402812
0.98,1.475,3.534291735288517,0.21955443152958024,0.1972253699213334
0.98,1.475,3.665191429188092,0.23735664392963574,0.21552433416563824
0.98,1.475,3.7960911230876664,0.2590950283945591,0.23787034353241346
0.98,1.475,3.926990816987241,0.28423058443970756,0.2637220181577498
0.98,1.475,4.057890510886816,0.31212404033073626,0.292437452352127
0.98,1.475,4.1887902047863905,0.3420506563254297,0.32328881443305907
0.98,1.475,4.319689898685965,0.373222155199965,0.355483827935859
0.98,1.475,4.45058959258554,0.40481594723880393,0.388194308366315
0.98,1.475,4.581489286485114,0.4360106940645318,0.4205908599238759
0.98,1.475,4.71238898038469,0.46602604305677575,0.4518816719270191
0.98,1.475,4.843288674284264,0.49416325958434476,0.4813522843374353
0.98,1.475,4.974188368183839,0.5198426989683836,0.5084024205953604
0.98,1.475,5.105088062083413,0.5426337799564366,0.5325756968154662
0.98,1.475,5.235987755982988,0.5622734679076369,0.5535783310050295
0.98,1.475,5.3668874498825625,0.5786702740201413,0.5712839231168078
0.98,1.475,5.497787143782138,0.5918923400384776,0.5857228760072816
0.98,1.475,5.6286868376817125,0.6021401126193425,0.5970568934295956
0.98,1.475,5.759586531581287,0.6097061445992199,0.6055409595762934
0.98,1.475,5.890486225480862,0.6149263822432455,0.6114769743478162
0.98,1.475,6.021385919380436,0.6181286148141732,0.615164503295185
0.98,1.475,6.152285613280011,0.6195843496971105,0.6168546801551706
0.98,1.5500000000000003,0.0,0.6313340462583478,0.6276421081786722
0.98,1.5500000000000003,0.1308996938995747,0.6297647854730729,0.625807503409455
0.98,1.5500000000000003,0.2617993877991494,0.627162431745293,0.622737791965232
0.98,1.5500000000000003,0.39269908169872414,0.623270798317321,0.6181958189566278
0.98,1.5500000000000003,0.5235987755982988,0.6177090103901716,0.6118274651514378
0.98,1.5500000000000003,0.6544984694978735,0.6100262873383258,0.6032141714963073
0.98,1.5500000000000003,0.7853981633974483,0.5997670078734288,0.5919353432575747
0.98,1.5500000000000003,0.916297857297023,0.5865377474962163,0.5776326397345871
0.98,1.5500000000000003,1.0471975511965976,0.5700680028192822,0.5600681835459319
0.98,1.5500000000000003,1.1780972450961724,0.5502574876341838,0.5391698540971773
0.98,1.5500000000000003,1.308996938995747,0.5272049814053065,0.5150588496639514
0.98,1.5500000000000003,1.4398966328953218,0.501216374634058,0.48805726500460606
0.98,1.5500000000000003,1.5707963267948966,0.4727923551873991,0.4586761187061846
0.98,1.5500000000000003,1.7016960206944711,0.44259868473448066,0.42758666154062314
0.98,1.5500000000000003,1.832595714594046,0.41142386989199836,0.39557956367668773
0.98,1.5500000000000003,1.9634954084936205,0.38013001665031315,0.36351750489913287
0.98,1.5500000000000003,2.0943951023931953,0.3496027100433581,0.3322867268216669
0.98,1.5500000000000003,2.22529479629277,0.3207049843160335,0.3027523525402562
0.98,1.5500000000000003,2.356194490192345,0.2942390682843376,0.27572096014661046
0.98,1.5500000000000003,2.4870941840919194,0.27091790326387133,0.25191229999504117
0.98,1.5500000000000003,2.617993877991494,0.25134674256893036,0.23194046337029453
0.98,1.5500000000000003,2.748893571891069,0.2360137115249207,0.21630348483815942
0.98,1.5500000000000003,2.8797932657906435,0.22528721165681834,0.20537945141044625
0.98,1.5500000000000003,3.010692959690218,0.21941757237368323,0.19942676440738985
0.98,1.5500000000000003,3.141592653589793,0.21854037999015338,0.1985862372532956
0.98,1.5500000000000003,3.2724923474893677,0.2226793727819886,0.202883137915689
0.98,1.5500000000000003,3.4033920413889422,0.23174756719421677,0.21222798933234732
0.98,1.5500000000000003,3.534291735288517,0.24554624122463853,0.22641580463383418
0.98,1.5500000000000003,3.665191429188092,0.26376240844624343,0.24512433578038414
0.98,1.5500000000000003,3.7960911230876664,0.28596633314232134,0.2679127362423665
0.98,1.5500000000000003,3.926990816987241,0.3116113302023346,0.29422266402930863
0.98,1.5500000000000003,4.057890510886816,0.34003843889338503,0.323384168477645
0.98,1.5500000000000003,4.1887902047863905,0.3704884564054873,0.35462861637821574
0.98,1.5500000000000003,4.319689898685965,0.4021232085397907,0.38711036040854035
0.98,1.5500000000000003,4.45058959258554,0.43405683316777965,0.41993783756935255
0.98,1.5500000000000003,4.581489286485114,0.4653963574380285,0.45221339279375045
0.98,1.5500000000000003,4.71238898038469,0.49528915502017873,0.4830795291208212
0.98,1.5500000000000003,4.843288674284264,0.5229732437675768,0.5117677433621399
0.98,1.5500000000000003,4.974188368183839,0.5478251320940558,0.5376449071711284
0.98,1.5500000000000003,5.105088062083413,0.5693993290311562,0.5602515747121735
0.98,1.5500000000000003,5.235987755982988,0.5874539012971106,0.5793268404352555
0.98,1.5500000000000003,5.3668874498825625,0.6019576593702672,0.5948155059922494
0.98,1.5500000000000003,5.497787143782138,0.6130765885905816,0.606855257904666
0.98,1.5500000000000003,5.6286868376817125,0.621139754995097,0.6157440641589654
0.98,1.5500000000000003,5.759586531581287,0.6265877286917847,0.6218907031565473
0.98,1.5500000000000003,5.890486225480862,0.6299091384954054,0.6257538160557198
0.98,1.5500000000000003,6.021385919380436,0.6315728750119577,0.6277767117717613
0.98,1.5500000000000003,6.152285613280011,0.6319643628007815,0.6283260301253354
0.98,1.6250000000000002,0.0,0.6204987385354218,0.61623567672479
0.98,1.6250000000000002,0.1308996938995747,0.6191939375833062,0.6146990512767334
0.98,1.6250000000000002,0.2617993877991494,0.6177201551549818,0.612849206043429
0.98,1.6250000000000002,0.39269908169872414,0.6157284810993525,0.6103551770847545
0.98,1.6250000000000002,0.5235987755982988,0.612696866221553,0.6067194847209084
0.98,1.6250000000000002,0.6544984694978735,0.6080013059213903,0.6013465516776185
0.98,1.6250000000000002,0.7853981633974483,0.6010000950602853,0.5936237819303875
0.98,1.6250000000000002,0.916297857297023,0.591120140237413,0.5830047436728291
0.98,1.6250000000000002,1.0471975511965976,0.5779344483326557,0.5690840240431944
0.98,1.6250000000000002,1.1780972450961724,0.5612215956750035,0.5516549334844385
0.98,1.6250000000000002,1.308996938995747,0.5410009019534786,0.5307440269686227
0.98,1.6250000000000002,1.4398966328953218,0.5175406768708423,0.5066198871667016
0.98,1.6250000000000002,1.5707963267948966,0.4913406662449861,0.47977719613515
0.98,1.6250000000000002,1.7016960206944711,0.46309310002373333,0.45090023520750794
0.98,1.6250000000000002,1.832595714594046,0.4336290585014501,0.42081214208853135
0.98,1.6250000000000002,1.9634954084936205,0.4038579463332242,0.3904172593478121
0.98,1.6250000000000002,2.0943951023931953,0.37470765717208177,0.3606437005171001
0.98,1.6250000000000002,2.22529479629277,0.34707171229190964,0.33239202749384383
0.98,1.6250000000000002,2.356194490192345,0.321767620687078,0.30649402367830597
0.98,1.6250000000000002,2.4870941840919194,0.2995083728976167,0.2836833808125602
0.98,1.6250000000000002,2.617993877991494,0.2808867691446031,0.2645780922188773
0.98,1.6250000000000002,2.748893571891069,0.2663705243969095,0.24967276298637767
0.98,1.6250000000000002,2.8797932657906435,0.2563049811930494,0.2393380733171283
0.98,1.6250000000000002,3.010692959690218,0.25091984433177816,0.23382429089780418
0.98,1.6250000000000002,3.141592653589793,0.2503365629345806,0.23326594135430287
0.98,1.6250000000000002,3.2724923474893677,0.25457368781886464,0.2376853737971704
0.98,1.6250000000000002,3.4033920413889422,0.26354856414092903,0.24699385087838502
0.98,1.6250000000000002,3.534291735288517,0.2770749262731666,0.26098981717435815
0.98,1.6250000000000002,3.665191429188092,0.2948572059444686,0.2793550477856514
0.98,1.6250000000000002,3.7960911230876664,0.3164835169629763,0.3016503538002478
0.98,1.6250000000000002,3.926990816987241,0.34142020633460207,0.3273133172411753
0.98,1.6250000000000002,4.057890510886816,0.3690114164558909,0.3556610197666983
0.98,1.6250000000000002,4.1887902047863905,0.3984871397183443,0.3859007789682863
0.98,1.6250000000000002,4.319689898685965,0.4289826496570166,0.41715139417823277
0.98,1.6250000000000002,4.45058959258554,0.4595709215339691,0.44847627487437763
0.98,1.6250000000000002,4.581489286485114,0.48930778774596445,0.4789281332369011
0.98,1.6250000000000002,4.71238898038469,0.5172873280064422,0.5076028586683331
0.98,1.6250000000000002,4.843288674284264,0.5427027181930201,0.5336980758916988
0.98,1.6250000000000002,4.974188368183839,0.5649058813378897,0.5565701225789714
0.98,1.6250000000000002,5.105088062083413,0.583458223005857,0.5757821749564104
0.98,1.6250000000000002,5.235987755982988,0.5981648171454376,0.5911363196119874
0.98,1.6250000000000002,5.3668874498825625,0.6090857809717872,0.6026836633375442
0.98,1.6250000000000002,5.497787143782138,0.616521148321533,0.6107090121100006
0.98,1.6250000000000002,5.6286868376817125,0.6209689929150342,0.6156899274115452
0.98,1.6250000000000002,5.759586531581287,0.6230603498081487,0.6182335910216681
0.98,1.6250000000000002,5.890486225480862,0.623478019713002,0.6189982886385862
0.98,1.6250000000000002,6.021385919380436,0.6228690149897519,0.6186088800609671
0.98,1.6250000000000002,6.152285613280011,0.621761741042676,0.6175769002416919
0.98,1.7000000000000002,0.0,0.5902111144984105,0.5857543238872204
0.98,1.7000000000000002,0.1308996938995747,0.5893778861068335,0.5847286808845137
0.98,1.7000000000000002,0.2617993877991494,0.5895273375855996,0.5846008001812603
0.98,1.7000000000000002,0.39269908169872414,0.5901972542811765,0.5849253039764274
0.98,1.7000000000000002,0.5235987755982988,0.5906937979817002,0.5850306716210737
0.98,1.7000000000000002,0.6544984694978735,0.5901822633706543,0.5841064783447043
0.98,1.7000000000000002,0.7853981633974483,0.5877941170515596,0.581306486352907
0.98,1.7000000000000002,0.916297857297023,0.5827360232571887,0.5758539557885101
0.98,1.7000000000000002,1.0471975511965976,0.5743868585676667,0.5671358159471184
0.98,1.7000000000000002,1.1780972450961724,0.5623710764514291,0.5547745677705995
0.98,1.7000000000000002,1.308996938995747,0.5466007515598325,0.5386705472314738
0.98,1.7000000000000002,1.4398966328953218,0.5272835027352837,0.5190117874045839
0.98,1.7000000000000002,1.5707963267948966,0.504898421877117,0.49625337368227895
0.98,1.7000000000000002,1.7016960206944711,0.4801463102956525,0.4710721198614609
0.98,1.7000000000000002,1.832595714594046,0.45388331317072317,0.44430500725858585
0.98,1.7000000000000002,1.9634954084936205,0.4270481098010321,0.41688081503593716
0.98,1.7000000000000002,2.0943951023931953,0.4005921706361358,0.38975374937958485
0.98,1.7000000000000002,2.22529479629277,0.3754205567260194,0.36384597581160233
0.98,1.7000000000000002,2.356194490192345,0.35234785897886206,0.3400033020006596
0.98,1.7000000000000002,2.4870941840919194,0.3320707815381094,0.31896544606315463
0.98,1.7000000000000002,2.617993877991494,0.3151561329452497,0.30134988502717924
0.98,1.7000000000000002,2.748893571891069,0.3020409966807745,0.28764656164932373
0.98,1.7000000000000002,2.8797932657906435,0.29304078233755343,0.2782198658484654
0.98,1.7000000000000002,3.010692959690218,0.2883606736917151,0.2733142294523949
0.98,1.7000000000000002,3.141592653589793,0.28810650906593854,0.27306017928095744
0.98,1.7000000000000002,3.2724923474893677,0.29229211424802054,0.27747854470421446
0.98,1.7000000000000002,3.4033920413889422,0.30084134131731793,0.28648151274956973
0.98,1.7000000000000002,3.534291735288517,0.31358439425337076,0.29987024824294767
0.98,1.7000000000000002,3.665191429188092,0.3302493527362561,0.31732980339370076
0.98,1.7000000000000002,3.7960911230876664,0.3504510729261033,0.33842301439604455
0.98,1.7000000000000002,3.926990816987241,0.3736807577427668,0.36258597635509976
0.98,1.7000000000000002,4.057890510886816,0.3993003000651268,0.38912838537012157
0.98,1.7000000000000002,4.1887902047863905,0.42654580488512917,0.41724234741679345
0.98,1.7000000000000002,4.319689898685965,0.45454427500697947,0.4460229577087999
0.98,1.7000000000000002,4.45058959258554,0.48234615140375475,0.4745028814265589
0.98,1.7000000000000002,4.581489286485114,0.5089742374482654,0.5017012851822553
0.98,1.7000000000000002,4.71238898038469,0.5334867184919402,0.5266849479714595
0.98,1.7000000000000002,4.843288674284264,0.5550489403794309,0.5486366026670293
0.98,1.7000000000000002,4.974188368183839,0.5730059107323107,0.5669230644520518
0.98,1.7000000000000002,5.105088062083413,0.5869457501865009,0.5811540781865688
0.98,1.7000000000000002,5.235987755982988,0.5967440547787862,0.5912225562453944
0.98,1.7000000000000002,5.3668874498825625,0.602580601698182,0.5973182495723978
0.98,1.7000000000000002,5.497787143782138,0.6049229767872432,0.5999098520819203
0.98,1.7000000000000002,5.6286868376817125,0.6044761186086122,0.5996947062660051
0.98,1.7000000000000002,5.759586531581287,0.6021017753317109,0.5975200085848708
0.98,1.7000000000000002,5.890486225480862,0.598716617906312,0.5942839090668799
0.98,1.7000000000000002,6.021385919380436,0.5951814131286853,0.5908283664988974
0.98,1.7000000000000002,6.152285613280011,0.5921955659297483,0.5878374214689338
0.98,1.7750000000000001,0.0,0.5457092979728669,0.5412605016494081
0.98,1.7750000000000001,0.1308996938995747,0.5455335979926459,0.540934400342362
0.98,1.7750000000000001,0.2617993877991494,0.5477200151576155,0.5429409981496128
0.98,1.7750000000000001,0.39269908169872414,0.551674220309658,0.5467023165951925
0.98,1.7750000000000001,0.5235987755982988,0.556503134694201,0.5513462591753227
0.98,1.7750000000000001,0.6544984694978735,0.5611282928606772,0.5558153363259845
0.98,1.7750000000000001,0.7853981633974483,0.5644190354825313,0.5589947370221648
0.98,1.7750000000000001,0.916297857297023,0.5653273689000605,0.5598425402093561
0.98,1.7750000000000001,1.0471975511965976,0.5630068677970134,0.5575053503779629
0.98,1.7750000000000001,1.1780972450961724,0.5569012128464795,0.5514056554898721
0.98,1.7750000000000001,1.308996938995747,0.5467932281646056,0.5412921555181375
0.98,1.7750000000000001,1.4398966328953218,0.5328116454916145,0.5272502782034247
0.98,1.7750000000000001,1.5707963267948966,0.5153991356720838,0.5096760091415239
0.98,1.7750000000000001,1.7016960206944711,0.49525032837878175,0.48922099354629256
0.98,1.7750000000000001,1.832595714594046,0.47323177147929396,0.4667198545632099
0.98,1.7750000000000001,1.9634954084936205,0.45029667278066693,0.4431114669260768
0.98,1.7750000000000001,2.0943951023931953,0.4274059192488548,0.41936464256838185
0.98,1.7750000000000001,2.22529479629277,0.4054638187491589,0.3964158571904816
0.98,1.7750000000000001,2.356194490192345,0.38527307517463666,0.37512306371659826
0.98,1.7750000000000001,2.4870941840919194,0.3675095756994484,0.3562361387776245
0.98,1.7750000000000001,2.617993877991494,0.352714379684184,0.3403817721694116
0.98,1.7750000000000001,2.748893571891069,0.3412982946713887,0.32805901309783364
0.98,1.7750000000000001,2.8797932657906435,0.33355369493751086,0.31964125840053376
0.98,1.7750000000000001,3.010692959690218,0.32966856950009327,0.3153809461716683
0.98,1.7750000000000001,3.141592653589793,0.32973879491599545,0.3154141928016006
0.98,1.7750000000000001,3.2724923474893677,0.333775915530437,0.31976368512340647
0.98,1.7750000000000001,3.4033920413889422,0.3417089975220405,0.32833905833663996
0.98,1.7750000000000001,3.534291735288517,0.3533802944292608,0.34093469876539473
0.98,1.7750000000000001,3.665191429188092,0.3685355596043649,0.35722551565463473
0.98,1.7750000000000001,3.7960911230876664,0.386810958637091,0.37676189494738194
0.98,1.7750000000000001,3.926990816987241,0.4077197049105581,0.39896587907959985
0.98,1.7750000000000001,4.057890510886816,0.43064264900355537,0.4231315435887038
0.98,1.7750000000000001,4.1887902047863905,0.4548278173333585,0.44843330671381487
0.98,1.7750000000000001,4.319689898685965,0.47940393796376224,0.4739461283762467
0.98,1.7750000000000001,4.45058959258554,0.5034119658595477,0.49868085338853624
0.98,1.7750000000000001,4.581489286485114,0.5258563672487756,0.5216361208409415
0.98,1.7750000000000001,4.71238898038469,0.5457745908422674,0.5418653823317727
0.98,1.7750000000000001,4.843288674284264,0.5623192334082118,0.5585540718036133
0.98,1.7750000000000001,4.974188368183839,0.5748436640916482,0.5710985560268363
0.98,1.7750000000000001,5.105088062083413,0.5829791824969998,0.5791759994184036
0.98,1.7750000000000001,5.235987755982988,0.5866909219656867,0.5827934473354351
0.98,1.7750000000000001,5.3668874498825625,0.5863011310573688,0.5823057259656298
0.98,1.7750000000000001,5.497787143782138,0.582472178315934,0.5783952013758565
0.98,1.7750000000000001,5.6286868376817125,0.5761471443974621,0.5720115937235862
0.98,1.7750000000000001,5.759586531581287,0.568452300337437,0.5642760708157519
0.98,1.7750000000000001,5.890486225480862,0.5605719979724318,0.5563596885259979
0.98,1.7750000000000001,6.021385919380436,0.553611388972335,0.549350835157474
0.98,1.7750000000000001,6.152285613280011,0.5484650298104318,0.5441288075147735
0.98,1.85,0.0,0.4931679206602942,0.4886242752264267
0.98,1.85,0.1308996938995747,0.49379546309559846,0.489142818977166
0.98,1.85,0.2617993877991494,0.4983066808227135,0.4935625327229007
0.98,1.85,0.39269908169872414,0.5059602342039659,0.5011593791774068
0.98,1.85,0.5235987755982988,0.5156427863788274,0.5108418141867261
0.98,1.85,0.6544984694978735,0.5260075491259268,0.521283069638247
0.98,1.85,0.7853981633974483,0.5356363841198566,0.531076396138525
0.98,1.85,0.916297857297023,0.5432028802482275,0.5388920435892787
0.98,1.85,1.0471975511965976,0.5476147042617665,0.5436155560620158
0.98,1.85,1.1780972450961724,0.5481178033306359,0.5444509388130079
0.98,1.85,1.308996938995747,0.5443518951002351,0.5409786384629647
0.98,1.85,1.4398966328953218,0.5363548206333788,0.5331658449671789
0.98,1.85,1.5707963267948966,0.5245212462927247,0.5213339551503532
0.98,1.85,1.7016960206944711,0.5095274571000158,0.5060937988579415
0.98,1.85,1.832595714594046,0.49223754891132737,0.48826246064891965
0.98,1.85,1.9634954084936205,0.47360677062117423,0.4687758562586806
0.98,1.85,2.0943951023931953,0.4545953480963573,0.4486089223379664
0.98,1.85,2.22529479629277,0.43610169115709246,0.42871118956948573
0.98,1.85,2.356194490192345,0.41891864947287666,0.40996079382469747
0.98,1.85,2.4870941840919194,0.4037116763796698,0.3931358002634699
0.98,1.85,2.617993877991494,0.3910143278536082,0.37889893018337323
0.98,1.85,2.748893571891069,0.38123491440188007,0.36779074465814254
0.98,1.85,2.8797932657906435,0.37466823441564157,0.360226865690636
0.98,1.85,3.010692959690218,0.37150761616873823,0.35649630785341097
0.98,1.85,3.141592653589793,0.37185425805931227,0.3567596933561023
0.98,1.85,3.2724923474893677,0.37572243835139524,0.36104739027329585
0.98,1.85,3.4033920413889422,0.3830402111263587,0.36925813350288034
0.98,1.85,3.534291735288517,0.39364572618354227,0.38115854699096047
0.98,1.85,3.665191429188092,0.4072796132023462,0.3963835855693145
0.98,1.85,3.7960911230876664,0.4235743653090143,0.4144377681280924
0.98,1.85,3.926990816987241,0.4420426304937286,0.43469755927871684
0.98,1.85,4.057890510886816,0.46206775454941873,0.4564164256691325
0.98,1.85,4.1887902047863905,0.4829014415588488,0.47873560497670736
0.98,1.85,4.319689898685965,0.503674369305251,0.5007048380801696
0.98,1.85,4.45058959258554,0.5234253337691892,0.5213175043369984
0.98,1.85,4.581489286485114,0.5411525377361079,0.5395632359183411
0.98,1.85,4.71238898038469,0.5558869673386301,0.5544980667491114
0.98,1.85,4.843288674284264,0.566782942277099,0.5653279274984916
0.98,1.85,4.974188368183839,0.5732158738582073,0.5714967382651532
0.98,1.85,5.105088062083413,0.5748732526069805,0.5727666406759896
0.98,1.85,5.235987755982988,0.5718230658419295,0.569276162897668
0.98,1.85,5.3668874498825625,0.5645449682067537,0.5615630704046034
0.98,1.85,5.497787143782138,0.5539137257976726,0.5505424808768811
0.98,1.85,5.6286868376817125,0.541131170309711,0.5374370154945606
0.98,1.85,5.759586531581287,0.5276109941393181,0.5236632643731678
0.98,1.85,5.890486225480862,0.5148287120235351,0.5106862761700777
0.98,1.85,6.021385919380436,0.5041555057962787,0.49985972731948775
0.98,1.85,6.152285613280011,0.496698234042977,0.49227273421047246
0.98,1.9250000000000003,0.0,0.4386189167805228,0.4335423913322263
0.98,1.9250000000000003,0.1308996938995747,0.4401408807943659,0.4349931281509602
0.98,1.9250000000000003,0.2617993877991494,0.4471078332832417,0.4419406794803111
0.98,1.9250000000000003,0.39269908169872414,0.45862271306098346,0.4535085790265853
0.98,1.9250000000000003,0.5235987755982988,0.4733407539584198,0.4683781655817733
0.98,1.9250000000000003,0.6544984694978735,0.4896349700706044,0.48494554584418653
0.98,1.9250000000000003,0.7853981633974483,0.5057888642414571,0.5015049857709494
0.98,1.9250000000000003,0.916297857297023,0.5201888992871554,0.5164331539123882
0.98,1.9250000000000003,1.0471975511965976,0.5314906011705101,0.5283498552654825
0.98,1.9250000000000003,1.1780972450961724,0.5387377420379923,0.5362360476014731
0.98,1.9250000000000003,1.308996938995747,0.5414227941395583,0.5394980074267977
0.98,1.9250000000000003,1.4398966328953218,0.5394870598946828,0.5379759247921
0.98,1.9250000000000003,1.5707963267948966,0.5332685903816405,0.5319041068035751
0.98,1.9250000000000003,1.7016960206944711,0.5234133564724045,0.5218366410558678
0.98,1.9250000000000003,1.832595714594046,0.5107688324962424,0.508555619817313
0.98,1.9250000000000003,1.9634954084936205,0.49627874344265893,0.49297847644347154
0.98,1.9250000000000003,2.0943951023931953,0.48089371957642596,0.4760771674380624
0.98,1.9250000000000003,2.22529479629277,0.465506310003651,0.4588161350407249
0.98,1.9250000000000003,2.356194490192345,0.4509119805084841,0.4421098890858148
0.98,1.9250000000000003,2.4870941840919194,0.4377920623704237,0.4267962530398697
0.98,1.9250000000000003,2.617993877991494,0.4267113174319522,0.41361889631743737
0.98,1.9250000000000003,2.748893571891069,0.4181222243754807,0.40321298300572406
0.98,1.9250000000000003,2.8797932657906435,0.41236981584265725,0.3960900389965328
0.98,1.9250000000000003,3.010692959690218,0.4096938392912263,0.3926213267230292
0.98,1.9250000000000003,3.141592653589793,0.41022791058757235,0.393021812774018
0.98,1.9250000000000003,3.2724923474893677,0.4139971616193255,0.3973382100532448
0.98,1.9250000000000003,3.4033920413889422,0.42091621594424505,0.40544419442158836
0.98,1.9250000000000003,3.534291735288517,0.43078840950944114,0.4170440848226596
0.98,1.9250000000000003,3.665191429188092,0.4433057898185493,0.4316839451807775
0.98,1.9250000000000003,3.7960911230876664,0.45804854494321084,0.44876731863696584
0.98,1.9250000000000003,3.926990816987241,0.4744828730556605,0.4675725013453318
0.98,1.9250000000000003,4.057890510886816,0.4919580863859488,0.4872696776985667
0.98,1.9250000000000003,4.1887902047863905,0.5097064561103424,0.5069389240914309
0.98,1.9250000000000003,4.319689898685965,0.5268519103164458,0.5255930057163755
0.98,1.9250000000000003,4.45058959258554,0.5424349675943733,0.5422107626302162
0.98,1.9250000000000003,4.581489286485114,0.5554602496629242,0.5557866447185974
0.98,1.9250000000000003,4.71238898038469,0.5649692358688744,0.5653991639405381
0.98,1.9250000000000003,4.843288674284264,0.5701351056434886,0.5702960668439973
0.98,1.9250000000000003,4.974188368183839,0.5703698332729059,0.569988043244338
0.98,1.9250000000000003,5.105088062083413,0.5654278694164397,0.5643373978804468
0.98,1.9250000000000003,5.235987755982988,0.5554874562181699,0.5536249497037345
0.98,1.9250000000000003,5.3668874498825625,0.5411910637732887,0.538578658143119
0.98,1.9250000000000003,5.497787143782138,0.5236309448695144,0.5203514804460537
0.98,1.9250000000000003,5.6286868376817125,0.5042737639300031,0.50044320085512
0.98,1.9250000000000003,5.759586531581287,0.4848282273062446,0.4805701192789926
0.98,1.9250000000000003,5.890486225480862,0.4670697051587984,0.4624957576153908
0.98,1.9250000000000003,6.021385919380436,0.45264401996049003,0.4478432950426389
0.98,1.9250000000000003,6.152285613280011,0.4428772789570596,0.4379147777950177
0.98,2.0,0.0,0.3870677448845472,0.38076247378523337
0.98,2.0,0.1308996938995747,0.3895126087769365,0.38316741927236686
0.98,2.0,0.2617993877991494,0.398895026292323,0.39258024529118724
0.98,2.0,0.39269908169872414,0.41416187235120266,0.40797491918577533
0.98,2.0,0.5235987755982988,0.433738854904027,0.42781236069455963
0.98,2.0,0.6544984694978735,0.45572351440583986,0.45022193049417053
0.98,2.0,0.7853981633974483,0.4781087458571395,0.4732123365383695
0.98,2.0,0.916297857297023,0.4990041653915703,0.49488182508086226
0.98,2.0,1.0471975511965976,0.5168245612164218,0.5135992848156347
0.98,2.0,1.1780972450961724,0.5304217953224081,0.5281344408294023
0.98,2.0,1.308996938995747,0.5391474730194094,0.5377253582869234
0.98,2.0,1.4398966328953218,0.542846294144538,0.5420829855330535
0.98,2.0,1.5707963267948966,0.5417916887904749,0.5413430686079628
0.98,2.0,1.7016960206944711,0.5365837488744751,0.5359832701763844
0.98,2.0,1.832595714594046,0.5280329751652976,0.5267262531962549
0.98,2.0,1.9634954084936205,0.5170515275166517,0.5144474954016865
0.98,2.0,2.0943951023931953,0.5045673706763337,0.500100586153647
0.98,2.0,2.22529479629277,0.4914679175608771,0.4846646478525944
0.98,2.0,2.356194490192345,0.47857099793898294,0.4691107311629182
0.98,2.0,2.4870941840919194,0.46661455622125764,0.45437874932907096
0.98,2.0,2.617993877991494,0.4562538882888439,0.4413550624020459
0.98,2.0,2.748893571891069,0.44805668444783125,0.43084325903962556
0.98,2.0,2.8797932657906435,0.44249060894070946,0.4235258301393749
0.98,2.0,3.010692959690218,0.43990370856675004,0.41992028001403603
0.98,2.0,3.141592653589793,0.4405025078879303,0.42033763653270584
0.98,2.0,3.2724923474893677,0.4443346486493349,0.4248527495274308
0.98,2.0,3.4033920413889422,0.4512818423554011,0.43329375780405127
0.98,2.0,3.534291735288517,0.46106538705273276,0.44525344396131983
0.98,2.0,3.665191429188092,0.4732621170606747,0.4601196052906054
0.98,2.0,3.7960911230876664,0.4873252824254746,0.47711709009158043
0.98,2.0,3.926990816987241,0.5026039762321713,0.4953524167049547
0.98,2.0,4.057890510886816,0.5183568720052021,0.5138535518611196
0.98,2.0,4.1887902047863905,0.5337605516593379,0.5316018894578343
0.98,2.0,4.319689898685965,0.5479179637066682,0.5475591101968795
0.98,2.0,4.45058959258554,0.559876482160577,0.5606962911719043
0.98,2.0,4.581489286485114,0.5686658497046015,0.570034477347392
0.98,2.0,4.71238898038469,0.5733631174596076,0.5747039148660693
0.98,2.0,4.843288674284264,0.573184942592516,0.5740235231667057
0.98,2.0,4.974188368183839,0.567598888782492,0.5675944048837067
0.98,2.0,5.105088062083413,0.556437068166251,0.5553934988464763
0.98,2.0,5.235987755982988,0.5399900123744645,0.5378482259765337
0.98,2.0,5.3668874498825625,0.5190578726202769,0.5158719371160435
0.98,2.0,5.497787143782138,0.49494058373344857,0.49084384319300184
0.98,2.0,5.6286868376817125,0.4693578207953792,0.464525333334423
0.98,2.0,5.759586531581287,0.4443016306935054,0.43891552468501094
0.98,2.0,5.890486225480862,0.4218370665136819,0.4160602555044732
0.98,2.0,6.021385919380436,0.40387644541872064,0.39783816489507595
0.98,2.0,6.152285613280011,0.3919589239803692,0.38575307337250736
0.98,2.075,0.0,0.3419575385879048,0.33363423605568915
0.98,2.075,0.1308996938995747,0.34528928545025134,0.33694823388307665
0.98,2.075,0.2617993877991494,0.35687803136994556,0.34858966241946504
0.98,2.075,0.39269908169872414,0.3755244330745495,0.36739663069446943
0.98,2.075,0.5235987755982988,0.3994422826997193,0.39163302372090714
0.98,2.075,0.6544984694978735,0.42647811641404004,0.4191928548801764
0.98,2.075,0.7853981633974483,0.4543639067666027,0.4478361610546198
0.98,2.075,0.916297857297023,0.48096476870056676,0.47542170700989717
0.98,2.075,1.0471975511965976,0.5044862639683142,0.5001042192713769
0.98,2.075,1.1780972450961724,0.523614827686405,0.5204720517589635
0.98,2.075,1.308996938995747,0.5375783394444889,0.5356134928150772
0.98,2.075,1.4398966328953218,0.5461291661053284,0.5451138015346076
0.98,2.075,1.5707963267948966,0.54946585548933,0.5489974934593097
0.98,2.075,1.7016960206944711,0.5481190326733115,0.5476385948893476
0.98,2.075,1.832595714594046,0.5428299302994152,0.5416637324150918
0.98,2.075,1.9634954084936205,0.5344459677097568,0.5318687320387571
0.98,2.075,2.0943951023931953,0.5238482816768862,0.5191602920131189
0.98,2.075,2.22529479629277,0.5119139835370835,0.5045230737958509
0.98,2.075,2.356194490192345,0.4995047337973,0.48900264223396955
0.98,2.075,2.4870941840919194,0.4874661743384985,0.4736890781327687
0.98,2.075,2.617993877991494,0.47662168092618645,0.4596864194552204
0.98,2.075,2.748893571891069,0.4677487168938958,0.44805909084673967
0.98,2.075,2.8797932657906435,0.46153482839320903,0.4397560431728446
0.98,2.075,3.010692959690218,0.45851985065144,0.4355231682244702
0.98,2.075,3.141592653589793,0.45903786747805614,0.4358213117069223
0.98,2.075,3.2724923474893677,0.4631745157437505,0.4407685407557185
0.98,2.075,3.4033920413889422,0.4707517285502541,0.45012070028707435
0.98,2.075,3.534291735288517,0.48134427299812677,0.4632951718025737
0.98,2.075,3.665191429188092,0.49432323072284423,0.4794320825281102
0.98,2.075,3.7960911230876664,0.508914157631608,0.49747846183715955
0.98,2.075,3.926990816987241,0.5242546730060974,0.5162768126622337
0.98,2.075,4.057890510886816,0.5394387480273278,0.5346414758957673
0.98,2.075,4.1887902047863905,0.5535421391518871,0.5514132444892744
0.98,2.075,4.319689898685965,0.5656327368307908,0.5654924380740413
0.98,2.075,4.45058959258554,0.5747777533825974,0.5758597021431975
0.98,2.075,4.581489286485114,0.5800636353472276,0.581599011686561
0.98,2.075,4.71238898038469,0.5806426536029301,0.5819368702408411
0.98,2.075,4.843288674284264,0.5758124944390633,0.5763055000410909
0.98,2.075,4.974188368183839,0.5651238967644917,0.5644277623341636
0.98,2.075,5.105088062083413,0.5484997251627894,0.5464107147236109
0.98,2.075,5.235987755982988,0.5263403259785994,0.5228264612070235
0.98,2.075,5.3668874498825625,0.49958726104202666,0.494755901712338
0.98,2.075,5.497787143782138,0.469721669724809,0.4637742995564746
0.98,2.075,5.6286868376817125,0.4386838802954398,0.4318666973215424
0.98,2.075,5.759586531581287,0.4087152311192808,0.4012740891574982
0.98,2.075,5.890486225480862,0.38213822305974166,0.3742850008309156
0.98,2.075,6.021385919380436,0.3611038599029473,0.3529987322108214
0.98,2.075,6.152285613280011,0.3473427289910193,0.33909355424020315
0.98,2.1500000000000004,0.0,0.3050385809230582,0.2940205355183054
0.98,2.1500000000000004,0.1308996938995747,0.30916057434720157,0.29813534635008326
0.98,2.1500000000000004,0.2617993877991494,0.32259425181159646,0.31161218448904665
0.98,2.1500000000000004,0.39269908169872414,0.34401521406147967,0.3331785882838136
0.98,2.1500000000000004,0.5235987755982988,0.3714602105887625,0.3609424434474984
0.98,2.1500000000000004,0.6544984694978735,0.4025708085096533,0.39261596236031937
0.98,2.1500000000000004,0.7853981633974483,0.4348715721289604,0.42577207041575704
0.98,2.1500000000000004,0.916297857297023,0.4660392902069503,0.4580939750490642
0.98,2.1500000000000004,1.0471975511965976,0.49412333272032094,0.4875819927964
0.98,2.1500000000000004,1.1780972450961724,0.517688241801733,0.5126917768197666
0.98,2.1500000000000004,1.308996938995747,0.5358660702277458,0.5323929814087851
0.98,2.1500000000000004,1.4398966328953218,0.5483243508877665,0.546153953541061
0.98,2.1500000000000004,1.5707963267948966,0.5551717958036814,0.5538724549279973
0.98,2.1500000000000004,1.7016960206944711,0.5568340364519545,0.5557811593027685
0.98,2.1500000000000004,1.832595714594046,0.5539334124401841,0.552357474873978
0.98,2.1500000000000004,1.9634954084936205,0.5471996454497692,0.5442599042553868
0.98,2.1500000000000004,2.0943951023931953,0.5374243090216866,0.5322997922513723
0.98,2.1500000000000004,2.22529479629277,0.5254554392911995,0.5174419287985844
0.98,2.1500000000000004,2.356194490192345,0.5122144162694742,0.500814854346113
0.98,2.1500000000000004,2.4870941840919194,0.49870972859452073,0.48370595532578525
0.98,2.1500000000000004,2.617993877991494,0.48602372151289486,0.4675195886217807
0.98,2.1500000000000004,2.748893571891069,0.47525837435280605,0.4536877707483005
0.98,2.1500000000000004,2.8797932657906435,0.46744127544713693,0.4435389599050293
0.98,2.1500000000000004,3.010692959690218,0.46340825924771895,0.43814605032155796
0.98,2.1500000000000004,3.141592653589793,0.46368954929466755,0.43818477166861863
0.98,2.1500000000000004,3.2724923474893677,0.46842820764347853,0.44383478576827645
0.98,2.1500000000000004,3.4033920413889422,0.47735248151754567,0.45474726617211614
0.98,2.1500000000000004,3.534291735288517,0.4898095332066435,0.4700870695080561
0.98,2.1500000000000004,3.665191429188092,0.5048515805303045,0.4886394984072396
0.98,2.1500000000000004,3.7960911230876664,0.5213519685147043,0.5089566260183932
0.98,2.1500000000000004,3.926990816987241,0.5381224531899291,0.5295107066134168
0.98,2.1500000000000004,4.057890510886816,0.5540059086644137,0.5488243911420412
0.98,2.1500000000000004,4.1887902047863905,0.5679296475261376,0.5655582771801493
0.98,2.1500000000000004,4.319689898685965,0.5789198198996558,0.5785520293418623
0.98,2.1500000000000004,4.45058959258554,0.5860918034834262,0.5868307450801228
0.98,2.1500000000000004,4.581489286485114,0.5886403107118794,0.589598496218014
0.98,2.1500000000000004,4.71238898038469,0.585853190493158,0.5862429421337009
0.98,2.1500000000000004,4.843288674284264,0.5771644447354984,0.5763682105249776
0.98,2.1500000000000004,4.974188368183839,0.5622474336881068,0.5598602384402088
0.98,2.1500000000000004,5.105088062083413,0.5411330966510517,0.536973699763098
0.98,2.1500000000000004,5.235987755982988,0.514325182356333,0.5084172392736271
0.98,2.1500000000000004,5.3668874498825625,0.48287882690227263,0.47540775432108084
0.98,2.1500000000000004,5.497787143782138,0.4484120811491337,0.43966669197535785
0.98,2.1500000000000004,5.6286868376817125,0.41303145127850166,0.40334120644879995
0.98,2.1500000000000004,5.759586531581287,0.3791693659034885,0.3688480116690813
0.98,2.1500000000000004,5.890486225480862,0.34934972422402377,0.3386541975414321
0.98,2.1500000000000004,6.021385919380436,0.32591321532142675,0.31502337417591236
0.98,2.1500000000000004,6.152285613280011,0.31074367771382944,0.2997642580392689
0.98,2.2250000000000005,0.0,0.2766025249799575,0.2625158183453119
0.98,2.2250000000000005,0.1308996938995747,0.28136575736062597,0.26726883132032425
0.98,2.2250000000000005,0.2617993877991494,0.29615787621486755,0.28206012808330183
0.98,2.2250000000000005,0.39269908169872414,0.31956200067379975,0.30554307203432923
0.98,2.2250000000000005,0.5235987755982988,0.3494899562013514,0.3357273703198754
0.98,2.2250000000000005,0.6544984694978735,0.3834458508842237,0.37021802479521143
0.98,2.2250000000000005,0.7853981633974483,0.41882408124737863,0.40648593836537944
0.98,2.2250000000000005,0.916297857297023,0.4531930669203241,0.44212668870245775
0.98,2.2250000000000005,1.0471975511965976,0.4845205899580154,0.47506827554285386
0.98,2.2250000000000005,1.1780972450961724,0.5113099901677353,0.5037008576688904
0.98,2.2250000000000005,1.308996938995747,0.5326361744408855,0.5269193337726806
0.98,2.2250000000000005,1.4398966328953218,0.5480922467364575,0.544089219996708
0.98,2.2250000000000005,1.5707963267948966,0.5576764030025617,0.5549628888645454
0.98,2.2250000000000005,1.7016960206944711,0.5616596798296233,0.5595823850848377
0.98,2.2250000000000005,1.832595714594046,0.5604750184933388,0.5582038662978288
0.98,2.2250000000000005,1.9634954084936205,0.5546566090998782,0.5512671008248299
0.98,2.2250000000000005,2.0943951023931953,0.5448386382827657,0.5394144012145126
0.98,2.2250000000000005,2.22529479629277,0.5318001369993514,0.5235424619297779
0.98,2.2250000000000005,2.356194490192345,0.5165245231392079,0.5048544228597684
0.98,2.2250000000000005,2.4870941840919194,0.5002345778244487,0.48487368757105936
0.98,2.2250000000000005,2.617993877991494,0.48436891345880406,0.4653882081844663
0.98,2.2250000000000005,2.748893571891069,0.47048328320339144,0.4483126665447415
0.98,2.2250000000000005,2.8797932657906435,0.46008420096746055,0.43548094005223453
0.98,2.2250000000000005,3.010692959690218,0.4544257327406167,0.42840482487347664
0.98,2.2250000000000005,3.141592653589793,0.45431542175608847,0.42804965512259335
0.98,2.2250000000000005,3.2724923474893677,0.45997703270224616,0.43467819644533107
0.98,2.2250000000000005,3.4033920413889422,0.4710052420125828,0.4478002338865486
0.98,2.2250000000000005,3.534291735288517,0.4864242015297731,0.46624042019559275
0.98,2.2250000000000005,3.665191429188092,0.5048351038166464,0.48830842797673796
0.98,2.2250000000000005,3.7960911230876664,0.5246156645795269,0.5120316315564422
0.98,2.2250000000000005,3.926990816987241,0.544123506695923,0.5353983062021158
0.98,2.2250000000000005,4.057890510886816,0.5618588519665285,0.5565618981114486
0.98,2.2250000000000005,4.1887902047863905,0.5765582106881236,0.5739729147954403
0.98,2.2250000000000005,4.319689898685965,0.5872144133177682,0.5864289863388855
0.98,2.2250000000000005,4.45058959258554,0.5930417058386381,0.5930580086787566
0.98,2.2250000000000005,4.581489286485114,0.5934204284924617,0.593266621263901
0.98,2.2250000000000005,4.71238898038469,0.5878593666439662,0.5866917776800792
0.98,2.2250000000000005,4.843288674284264,0.576004567432086,0.5731859511428055
0.98,2.2250000000000005,4.974188368183839,0.5577046436415208,0.5528496488029216
0.98,2.2250000000000005,5.105088062083413,0.5331204731007836,0.5261041961878584
0.98,2.2250000000000005,5.235987755982988,0.5028485820799626,0.49377975369624455
0.98,2.2250000000000005,5.3668874498825625,0.4680178060684857,0.4571835189082476
0.98,2.2250000000000005,5.497787143782138,0.43032060598766836,0.41811362580756256
0.98,2.2250000000000005,5.6286868376817125,0.3919529050164577,0.3787948000267826
0.98,2.2250000000000005,5.759586531581287,0.3554559551336058,0.3417291721785338
0.98,2.2250000000000005,5.890486225480862,0.3234754834569652,0.3094751521859115
0.98,2.2250000000000005,6.021385919380436,0.298472087322402,0.2843842111122981
0.98,2.2250000000000005,6.152285613280011,0.2824285719006388,0.2683361341329837
0.98,2.3000000000000003,0.0,0.2559632377851244,0.23885767939686983
0.98,2.3000000000000003,0.1308996938995747,0.2611775026967968,0.24404401738151624
0.98,2.3000000000000003,0.2617993877991494,0.2767503107461739,0.2595376122915791
0.98,2.3000000000000003,0.39269908169872414,0.30121504606323524,0.2839632349051252
0.98,2.3000000000000003,0.5235987755982988,0.33242594407692083,0.31530397241941693
0.98,2.3000000000000003,0.6544984694978735,0.3678361141029079,0.3511494930514429
0.98,2.3000000000000003,0.7853981633974483,0.4048081116735329,0.3889733463764346
0.98,2.3000000000000003,0.916297857297023,0.4409033827560192,0.4263918250585303
0.98,2.3000000000000003,1.0471975511965976,0.47410261915592766,0.46136232708221386
0.98,2.3000000000000003,1.1780972450961724,0.5029250445398956,0.4922937643619765
0.98,2.3000000000000003,1.308996938995747,0.5264380732940152,0.5180627451862131
0.98,2.3000000000000003,1.4398966328953218,0.5441746115320355,0.5379523662614764
0.98,2.3000000000000003,1.5707963267948966,0.5559971051515552,0.5515496006933229
0.98,2.3000000000000003,1.7016960206944711,0.5619590906307019,0.5586467894882974
0.98,2.3000000000000003,1.832595714594046,0.5622123956676534,0.5591889695579408
0.98,2.3000000000000003,1.9634954084936205,0.5569909643736636,0.5532915930904654
0.98,2.3000000000000003,2.0943951023931953,0.5466747038735247,0.5413267158536343
0.98,2.3000000000000003,2.22529479629277,0.5319066500168872,0.5240475651174626
0.98,2.3000000000000003,2.356194490192345,0.5137135860817853,0.5027005885624267
0.98,2.3000000000000003,2.4870941840919194,0.4935720609203367,0.47906823958564965
0.98,2.3000000000000003,2.617993877991494,0.4733723395197929,0.455398304868442
0.98,2.3000000000000003,2.748893571891069,0.455260114754432,0.4342042265390999
0.98,2.3000000000000003,2.8797932657906435,0.44137216689882974,0.41795787187622196
0.98,2.3000000000000003,3.010692959690218,0.43351655734980493,0.4087305610984669
0.98,2.3000000000000003,3.141592653589793,0.4328694607415584,0.40785905321660315
0.98,2.3000000000000003,3.2724923474893677,0.43976212201529696,0.41571349325536927
0.98,2.3000000000000003,3.4033920413889422,0.4536115511794103,0.43162306373284615
0.98,2.3000000000000003,3.534291735288517,0.4730129408260291,0.4539778988063499
0.98,2.3000000000000003,3.665191429188092,0.4959708652955637,0.4804832952330294
0.98,2.3000000000000003,3.7960911230876664,0.5202122115034079,0.5085066307049035
0.98,2.3000000000000003,3.926990816987241,0.5435064442987959,0.5354387481758999
0.98,2.3000000000000003,4.057890510886816,0.5639228855173967,0.5589946788549397
0.98,2.3000000000000003,4.1887902047863905,0.5799781883897103,0.5774015954092234
0.98,2.3000000000000003,4.319689898685965,0.590662250322301,0.5894570680473797
0.98,2.3000000000000003,4.45058959258554,0.5953663466015148,0.5944770429713606
0.98,2.3000000000000003,4.581489286485114,0.5937625964174486,0.592179789023959
0.98,2.3000000000000003,4.71238898038469,0.5856920265418813,0.5825622816084383
0.98,2.3000000000000003,4.843288674284264,0.5711082059444037,0.565817582850074
0.98,2.3000000000000003,4.974188368183839,0.5500991310331335,0.5423197966160758
0.98,2.3000000000000003,5.105088062083413,0.5229801004444962,0.5126750420433356
0.98,2.3000000000000003,5.235987755982988,0.49042410169225303,0.47781157575247074
0.98,2.3000000000000003,5.3668874498825625,0.45358120182716233,0.43906692047938134
0.98,2.3000000000000003,5.497787143782138,0.4141381425626162,0.3982281682438132
0.98,2.3000000000000003,5.6286868376817125,0.3742828756302267,0.357492850614698
0.98,2.3000000000000003,5.759586531581287,0.336561611196076,0.3193378268385089
0.98,2.3000000000000003,5.890486225480862,0.3036416950654632,0.28630667709539365
0.98,2.3000000000000003,6.021385919380436,0.2780159433828792,0.2607462747816997
0.98,2.3000000000000003,6.152285613280011,0.261698181589242,0.24453614902935006
0.98,2.375,0.0,0.2420252953811157,0.22239081565059504
0.98,2.375,0.1308996938995747,0.24747208707023569,0.22777778490841116
0.98,2.375,0.2617993877991494,0.2631939659092725,0.24331183214658292
0.98,2.375,0.39269908169872414,0.2877247329660296,0.2676404445801114
0.98,2.375,0.5235987755982988,0.3189392677941046,0.29880003801309923
0.98,2.375,0.6544984694978735,0.3543397978482646,0.33446754378685445
0.98,2.375,0.7853981633974483,0.39137089916191464,0.37223645852452175
0.98,2.375,0.916297857297023,0.4277048574007674,0.4098661299309263
0.98,2.375,1.0471975511965976,0.46144592543196666,0.44545966234017836
0.98,2.375,1.1780972450961724,0.4912208132208931,0.47754306341307057
0.98,2.375,1.308996938995747,0.5161503327350855,0.5050432213208667
0.98,2.375,1.4398966328953218,0.5357275443634079,0.5271895097712211
0.98,2.375,1.5707963267948966,0.5496531448198938,0.5433860346500151
0.98,2.375,1.7016960206944711,0.5576913468522018,0.5531115727552581
0.98,2.375,1.832595714594046,0.5596038253117631,0.5558973260092847
0.98,2.375,1.9634954084936205,0.5551949951637424,0.5514085074275398
0.98,2.375,2.0943951023931953,0.544464437155768,0.5396198652401595
0.98,2.375,2.22529479629277,0.5278222638746458,0.5210376929438395
0.98,2.375,2.356194490192345,0.5062933975808431,0.49689386109229156
0.98,2.375,2.4870941840919194,0.4816279885511802,0.46923124172411906
0.98,2.375,2.617993877991494,0.45625256655415564,0.4408191767014588
0.98,2.375,2.748893571891069,0.43303687049254885,0.4148790435663287
0.98,2.375,2.8797932657906435,0.41490374219175985,0.3946526130892844
0.98,2.375,3.010692959690218,0.4043584126874056,0.38289435752296824
0.98,2.375,3.141592653589793,0.4030435637788919,0.38139800663871554
0.98,2.375,3.2724923474893677,0.4114275656594086,0.3906675323473372
0.98,2.375,3.4033920413889422,0.42870383493638403,0.4098120864071137
0.98,2.375,3.534291735288517,0.45292727976045716,0.4366912445233319
0.98,2.375,3.665191429188092,0.48135427055498176,0.46827620533672204
0.98,2.375,3.7960911230876664,0.5109028166662366,0.501141664665584
0.98,2.375,3.926990816987241,0.5386238835057462,0.5319761906000888
0.98,2.375,4.057890510886816,0.5620798049065986,0.5580028943430687
0.98,2.375,4.1887902047863905,0.5795588373005495,0.5772344877029727
0.98,2.375,4.319689898685965,0.5901050270949715,0.5885366216954284
0.98,2.375,4.45058959258554,0.593394082782968,0.5915253014257108
0.98,2.375,4.581489286485114,0.5895237088490877,0.5863631699364139
0.98,2.375,4.71238898038469,0.5788009017483803,0.5735355627131716
0.98,2.375,4.843288674284264,0.5615970006572938,0.5536781840589775
0.98,2.375,4.974188368183839,0.5383097444308035,0.5274995043910669
0.98,2.375,5.105088062083413,0.5094315216240145,0.4958032463515412
0.98,2.375,5.235987755982988,0.47568708222524586,0.45958172249607987
0.98,2.375,5.3668874498825625,0.4381822258778399,0.42012895263629857
0.98,2.375,5.497787143782138,0.39850210379381146,0.3791180786854858
0.98,2.375,5.6286868376817125,0.3587125605812184,0.3385996900371551
0.98,2.375,5.759586531581287,0.32124455159064674,0.3009009925216822
0.98,2.375,5.890486225480862,0.2886720290209146,0.26843291322763846
0.98,2.375,6.021385919380436,0.2634200319953843,0.24343609631292554
0.98,2.375,6.152285613280011,0.24745643748174664,0.22771213385668676
0.98,2.45,0.0,0.2337829347673386,0.21245368146944277
0.98,2.45,0.1308996938995747,0.2392293682126536,0.2177968364892147
0.98,2.45,0.2617993877991494,0.25445401097447506,0.23270435740529813
0.98,2.45,0.39269908169872414,0.27804434166053976,0.25589862014779713
0.98,2.45,0.5235987755982988,0.3079784246958838,0.28555027092917623
0.98,2.45,0.6544984694978735,0.34191330364242045,0.3195276792036817
0.98,2.45,0.7853981633974483,0.37749644089588524,0.35566446180369243
0.98,2.45,0.916297857297023,0.4126373455554471,0.3919901845086701
0.98,2.45,1.0471975511965976,0.4456845873454461,0.426877159659266
0.98,2.45,1.1780972450961724,0.47547516345509694,0.4590763164774693
0.98,2.45,1.308996938995747,0.5012554019394478,0.4876443492974454
0.98,2.45,1.4398966328953218,0.5225083660018504,0.511796390295488
0.98,2.45,1.5707963267948966,0.5387524898286791,0.530744511675667
0.98,2.45,1.7016960206944711,0.5493899904068374,0.5435933461933854
0.98,2.45,1.832595714594046,0.553674471660193,0.5493537009726014
0.98,2.45,1.9634954084936205,0.5508342208947211,0.547102658075502
0.98,2.45,2.0943951023931953,0.5403379694251352,0.5362710814221228
0.98,2.45,2.22529479629277,0.522237216711087,0.5169899401909185
0.98,2.45,2.356194490192345,0.4974806235192639,0.49039161742290194
0.98,2.45,2.4870941840919194,0.46808609230372183,0.4587552540111936
0.98,2.45,2.617993877991494,0.4370817479931442,0.4254124487419897
0.98,2.45,2.748893571891069,0.4081837902992895,0.39438683528356266
0.98,2.45,2.8797932657906435,0.38525211384606256,0.3698133954259272
0.98,2.45,3.010692959690218,0.371632232475362,0.3552498108500987
0.98,2.45,3.141592653589793,0.3695332178030056,0.3530319835363755
0.98,2.45,3.2724923474893677,0.3795921286041188,0.36382547983982594
0.98,2.45,3.4033920413889422,0.4007338644608773,0.3864823302015014
0.98,2.45,3.534291735288517,0.43036260268231086,0.41823937590266186
0.98,2.45,3.665191429188092,0.46483774760884256,0.45521077580225816
0.98,2.45,3.7960911230876664,0.5001176591784918,0.49305714735603207
0.98,2.45,3.926990816987241,0.5324181014819029,0.5276767030394786
0.98,2.45,4.057890510886816,0.5587387788952562,0.5557690472806641
0.98,2.45,4.1887902047863905,0.5771568630713989,0.575166557095965
0.98,2.45,4.319689898685965,0.5868558767321554,0.5848966676877093
0.98,2.45,4.45058959258554,0.5879301497141463,0.5850098396058355
0.98,2.45,4.581489286485114,0.5810584273839228,0.5762620161536963
0.98,2.45,4.71238898038469,0.5671613531399274,0.5597634061503728
0.98,2.45,4.843288674284264,0.5471436146471195,0.5366944004109081
0.98,2.45,4.974188368183839,0.5217805059428581,0.5081517605845799
0.98,2.45,5.105088062083413,0.4917557160530914,0.47513831282340363
0.98,2.45,5.235987755982988,0.4578091873973154,0.43866330975970896
0.98,2.45,5.3668874498825625,0.4209240385470481,0.39989097756649655
0.98,2.45,5.497787143782138,0.38247579011735305,0.3602673879216147
0.98,2.45,5.6286868376817125,0.3442836741947534,0.3215692454235129
0.98,2.45,5.759586531581287,0.30853501560683844,0.28584555191346545
0.98,2.45,5.890486225480862,0.2775893882465304,0.2552551114565844
0.98,2.45,6.021385919380436,0.25370006413070006,0.2318308344748934
0.98,2.45,6.152285613280011,0.23870974058195463,0.21721982268311243
0.98,2.5250000000000004,0.0,0.23063177071342197,0.20859945741770988
0.98,2.5250000000000004,0.1308996938995747,0.23584531073283602,0.2136598157074514
0.98,2.5250000000000004,0.2617993877991494,0.24995212571510209,0.22731497859042446
0.98,2.5250000000000004,0.39269908169872414,0.27164416562625004,0.2484093793041091
0.98,2.5250000000000004,0.5235987755982988,0.2990810375908997,0.2753208290986738
0.98,2.5250000000000004,0.6544984694978735,0.3301754520163976,0.3062038738772784
0.98,2.5250000000000004,0.7853981633974483,0.362894491832221,0.3392433965247777
0.98,2.5250000000000004,0.916297857297023,0.39550938297206334,0.37285974558419016
0.98,2.5250000000000004,1.0471975511965976,0.4267354890944941,0.40581559286628127
0.98,2.5250000000000004,1.1780972450961724,0.45572903862216446,0.437197710695535
0.98,2.5250000000000004,1.308996938995747,0.481944391033571,0.46628082070192994
0.98,2.5250000000000004,1.4398966328953218,0.5048976902295731,0.4923184111106386
0.98,2.5250000000000004,1.5707963267948966,0.5239180206494342,0.5143363894696203
0.98,2.5250000000000004,1.7016960206944711,0.5379831530953405,0.5310181914596331
0.98,2.5250000000000004,1.832595714594046,0.54572435826381,0.5407560866283968
0.98,2.5250000000000004,1.9634954084936205,0.5456419083006021,0.5419015857072897
0.98,2.5250000000000004,2.0943951023931953,0.5365082914085794,0.5331862587535082
0.98,2.5250000000000004,2.22529479629277,0.5178676428077781,0.5142198485060866
0.98,2.5250000000000004,2.356194490192345,0.4904898073986898,0.4859265134914977
0.98,2.5250000000000004,2.4870941840919194,0.45662531490171304,0.45077083126922646
0.98,2.5250000000000004,2.617993877991494,0.41994260543023754,0.4126614541273465
0.98,2.5250000000000004,2.748893571891069,0.3851055051019061,0.37649641596974076
0.98,2.5250000000000004,2.8797932657906435,0.3570472160321467,0.34741053001868344
0.98,2.5250000000000004,3.010692959690218,0.3400881523874825,0.32987408411382707
0.98,2.5250000000000004,3.141592653589793,0.3371003010366475,0.32684541058063604
0.98,2.5250000000000004,3.2724923474893677,0.3489216076536919,0.3391796283570467
0.98,2.5250000000000004,3.4033920413889422,0.37416761372944163,0.36543951289588206
0.98,2.5250000000000004,3.534291735288517,0.4094891455792576,0.4021567549076235
0.98,2.5250000000000004,3.665191429188092,0.45021232572886993,0.44448034335708203
0.98,2.5250000000000004,3.7960911230876664,0.49120296865623714,0.48705526552112294
0.98,2.5250000000000004,3.926990816987241,0.5277482220822355,0.5249253498292741
0.98,2.5250000000000004,4.057890510886816,0.5562568319386023,0.5542614065961119
0.98,2.5250000000000004,4.1887902047863905,0.5746407238232583,0.5727751408147415
0.98,2.5250000000000004,4.319689898685965,0.5823342294086078,0.5797707335837123
0.98,2.5250000000000004,4.45058959258554,0.5800042332912502,0.5758813118007182
0.98,2.5250000000000004,4.581489286485114,0.569076747127398,0.5626094815039796
0.98,2.5250000000000004,4.71238898038469,0.5512346064251261,0.5418217843354207
0.98,2.5250000000000004,4.843288674284264,0.5280234890300629,0.5153325875312592
0.98,2.5250000000000004,4.974188368183839,0.5006500735440601,0.4846636438453557
0.98,2.5250000000000004,5.105088062083413,0.4699871403076588,0.4510005227126264
0.98,2.5250000000000004,5.235987755982988,0.4367379097285386,0.41530732045923363
0.98,2.5250000000000004,5.3668874498825625,0.40167276821497255,0.3785225458405859
0.98,2.5250000000000004,5.497787143782138,0.3658429799127522,0.3417488597679284
0.98,2.5250000000000004,5.6286868376817125,0.3306951853547226,0.30636503064850334
0.98,2.5250000000000004,5.759586531581287,0.2980474213424224,0.27402096046429536
0.98,2.5250000000000004,5.890486225480862,0.26992933763229704,0.2465143246952126
0.98,2.5250000000000004,6.021385919380436,0.24832499013687204,0.2255799376492397
0.98,2.5250000000000004,6.152285613280011,0.2348788382469185,0.21264370828628243
0.98,2.6000000000000005,0.0,0.23243928901912736,0.21062078069561752
0.98,2.6000000000000005,0.1308996938995747,0.23720334545148405,0.21518276542831036
0.98,2.6000000000000005,0.2617993877991494,0.24963909844646467,0.22704762945330148
0.98,2.6000000000000005,0.39269908169872414,0.2685849784048698,0.2452178234241713
0.98,2.6000000000000005,0.5235987755982988,0.2924467302360804,0.2683338848641313
0.98,2.6000000000000005,0.6544984694978735,0.3194768906714717,0.29491012742876743
0.98,2.6000000000000005,0.7853981633974483,0.3480619215554907,0.32357194666111727
0.98,2.6000000000000005,0.916297857297023,0.37694497574524277,0.3532317357116607
0.98,2.6000000000000005,1.0471975511965976,0.40532200371868266,0.3831502287118293
0.98,2.6000000000000005,1.1780972450961724,0.43277660598840223,0.41285599164095643
0.98,2.6000000000000005,1.308996938995747,0.45906179544935616,0.44193488046089935
0.98,2.6000000000000005,1.4398966328953218,0.48378614496603367,0.46974569479528855
0.98,2.6000000000000005,1.5707963267948966,0.506104035213146,0.49515551047542566
0.98,2.6000000000000005,1.7016960206944711,0.5245292223699216,0.5164040012475424
0.98,2.6000000000000005,1.832595714594046,0.5369753599887668,0.5311892482543593
0.98,2.6000000000000005,1.9634954084936205,0.5410733028837363,0.5370154105340614
0.98,2.6000000000000005,2.0943951023931953,0.5347329279598453,0.5317646750176713
0.98,2.6000000000000005,2.22529479629277,0.5168292093934341,0.5143732592226716
0.98,2.6000000000000005,2.356194490192345,0.48782731531493706,0.4854312167081933
0.98,2.6000000000000005,2.4870941840919194,0.4501453498196763,0.44751275632530957
0.98,2.6000000000000005,2.617993877991494,0.40809870010008537,0.40508960862694576
0.98,2.6000000000000005,2.748893571891069,0.36736996731438704,0.3639779723431181
0.98,2.6000000000000005,2.8797932657906435,0.33407721320321193,0.330394703452371
0.98,2.6000000000000005,3.010692959690218,0.3136329520938608,0.30981420897529016
0.98,2.6000000000000005,3.141592653589793,0.309659336766875,0.3058876443352805
0.98,2.6000000000000005,3.2724923474893677,0.3232264201962222,0.3196864210500315
0.98,2.6000000000000005,3.4033920413889422,0.3526067059741216,0.34945935648728116
0.98,2.6000000000000005,3.534291735288517,0.39361004203854666,0.39096613720275153
0.98,2.6000000000000005,3.665191429188092,0.4404151734041346,0.4383050324792781
0.98,2.6000000000000005,3.7960911230876664,0.4866906542324751,0.48503153491462564
0.98,2.6000000000000005,3.926990816987241,0.5267334511195593,0.5253009966662603
0.98,2.6000000000000005,4.057890510886816,0.5563651191291307,0.5547786153483175
0.98,2.6000000000000005,4.1887902047863905,0.5734063007778051,0.5711379628373784
0.98,2.6000000000000005,4.319689898685965,0.5776733893766316,0.5740884607983
0.98,2.6000000000000005,4.45058959258554,0.5705682622709484,0.5649958518557912
0.98,2.6000000000000005,4.581489286485114,0.5544262641929637,0.5462523216036704
0.98,2.6000000000000005,4.71238898038469,0.5318253571114139,0.5205915490642635
0.98,2.6000000000000005,4.843288674284264,0.5050362859884788,0.4905243257458023
0.98,2.6000000000000005,4.974188368183839,0.4757243941522937,0.458006256393765
0.98,2.6000000000000005,5.105088062083413,0.4449250515533107,0.42436563845682634
0.98,2.6000000000000005,5.235987755982988,0.4132351270551336,0.3904439044710153
0.98,2.6000000000000005,5.3668874498825625,0.3811136588477755,0.3568529629855471
0.98,2.6000000000000005,5.497787143782138,0.34917415967920035,0.3242413698668796
0.98,2.6000000000000005,5.6286868376817125,0.31837428238470034,0.2934805288691419
0.98,2.6000000000000005,5.759586531581287,0.29005267916567695,0.26572109662281085
0.98,2.6000000000000005,5.890486225480862,0.26581201069774324,0.24231405539565187
0.98,2.6000000000000005,6.021385919380436,0.24728798337366453,0.224628421941047
0.98,2.6000000000000005,6.152285613280011,0.23586919731604727,0.21382100695495176
0.98,2.6750000000000003,0.0,0.23939000641718242,0.2184058450259305
0.98,2.6750000000000003,0.1308996938995747,0.24352034206431003,0.2222952807709678
0.98,2.6750000000000003,0.2617993877991494,0.2538416256912764,0.2319650309090875
0.98,2.6750000000000003,0.39269908169872414,0.2693657332848764,0.2465946474211159
0.98,2.6750000000000003,0.5235987755982988,0.2887859092986829,0.26511699830675944
0.98,2.6750000000000003,0.6544984694978735,0.3107501456513622,0.28644776734807714
0.98,2.6750000000000003,0.7853981633974483,0.3341339327788702,0.3097079641959601
0.98,2.6750000000000003,0.916297857297023,0.35823513256601736,0.3343713918349784
0.98,2.6750000000000003,1.0471975511965976,0.3828236899875121,0.360279418894345
0.98,2.6750000000000003,1.1780972450961724,0.4080091968518207,0.3874940224328882
0.98,2.6750000000000003,1.308996938995747,0.43393774643901634,0.41600454436756934
0.98,2.6750000000000003,1.4398966328953218,0.4603871252271996,0.4453556244928194
0.98,2.6750000000000003,1.5707963267948966,0.48638038873755035,0.4743089485939036
0.98,2.6750000000000003,1.7016960206944711,0.5099628886471425,0.5006721941609323
0.98,2.6750000000000003,1.832595714594046,0.5282704781422681,0.5214100183968886
0.98,2.6750000000000003,1.9634954084936205,0.5379514147120924,0.5330892417992442
0.98,2.6750000000000003,2.0943951023931953,0.5359024147146352,0.5326139447054802
0.98,2.6750000000000003,2.22529479629277,0.5201678915062036,0.5181018026576188
0.98,2.6750000000000003,2.356194490192345,0.49076748530730585,0.48967525037319265
0.98,2.6750000000000003,2.4870941840919194,0.45019429339269973,0.4499217279812526
0.98,2.6750000000000003,2.617993877991494,0.4033820241386917,0.40383260683124006
0.98,2.6750000000000003,2.748893571891069,0.35706585122952506,0.3581529341092257
0.98,2.6750000000000003,2.8797932657906435,0.31862621252086487,0.320232508360815
0.98,2.6750000000000003,3.010692959690218,0.29465864159084154,0.2966165336034126
0.98,2.6750000000000003,3.141592653589793,0.28960728388616036,0.2917045166318453
0.98,2.6750000000000003,3.2724923474893677,0.3048026381286941,0.3068080233697919
0.98,2.6750000000000003,3.4033920413889422,0.33815047308751645,0.3398467656674367
0.98,2.6750000000000003,3.534291735288517,0.38455389294250414,0.3857624446893642
0.98,2.6750000000000003,3.665191429188092,0.43696161781819765,0.437546629578875
0.98,2.6750000000000003,3.7960911230876664,0.48777766508337606,0.48762575151343485
0.98,2.6750000000000003,3.926990816987241,0.5302859235601006,0.5292666288159517
0.98,2.6750000000000003,4.057890510886816,0.5597589195744732,0.5576803617835898
0.98,2.6750000000000003,4.1887902047863905,0.5740246242109007,0.570602518201513
0.98,2.6750000000000003,4.319689898685965,0.5734232553351672,0.5682794503272193
0.98,2.6750000000000003,4.45058959258554,0.5602482581341883,0.5529469302899325
0.98,2.6750000000000003,4.581489286485114,0.5378848215116526,0.5280028992095694
0.98,2.6750000000000003,4.71238898038469,0.5099054304913079,0.49712234038987146
0.98,2.6750000000000003,4.843288674284264,0.4793505302948464,0.4635346918769971
0.98,2.6750000000000003,4.974188368183839,0.44833318959787,0.4296014473169347
0.98,2.6750000000000003,5.105088062083413,0.4179944787754222,0.3967263775885041
0.98,2.6750000000000003,5.235987755982988,0.3887374521192582,0.36553724662049464
0.98,2.6750000000000003,5.3668874498825625,0.36060797025682456,0.33622022854297856
0.98,2.6750000000000003,5.497787143782138,0.3336790747046887,0.30887497774618594
0.98,2.6750000000000003,5.6286868376817125,0.308325018216127,0.2837830354622262
0.98,2.6750000000000003,5.759586531581287,0.2853240800761864,0.2615293153110258
0.98,2.6750000000000003,5.890486225480862,0.26578654684710085,0.2429681819815217
0.98,2.6750000000000003,6.021385919380436,0.25095052193255524,0.22906826265157956
0.98,2.6750000000000003,6.152285613280011,0.24191545010238213,0.2206960432255892
0.98,2.7500000000000004,0.0,0.2516795385812652,0.23169751317206955
0.98,2.7500000000000004,0.1308996938995747,0.255040928655798,0.23479849901117614
0.98,2.7500000000000004,0.2617993877991494,0.2629556509750797,0.24204191764889604
0.98,2.7500000000000004,0.39269908169872414,0.2746157313348228,0.2527824702995732
0.98,2.7500000000000004,0.5235987755982988,0.28901215209014536,0.266242692193251
0.98,2.7500000000000004,0.6544984694978735,0.3052053920601514,0.2817410338344526
0.98,2.7500000000000004,0.7853981633974483,0.32258791167455353,0.298905297250258
0.98,2.7500000000000004,0.916297857297023,0.3410553490914691,0.31779736419773147
0.98,2.7500000000000004,1.0471975511965976,0.36101281354585746,0.33888570311797617
0.98,2.7500000000000004,1.1780972450961724,0.38317497461798583,0.3628330321989504
0.98,2.7500000000000004,1.308996938995747,0.40817263098946627,0.390116300158472
0.98,2.7500000000000004,1.4398966328953218,0.436045227778151,0.42055654676187904
0.98,2.7500000000000004,1.5707963267948966,0.4657605692020728,0.4528910899680012
0.98,2.7500000000000004,1.7016960206944711,0.4949361363139837,0.4845485444096616
0.98,2.7500000000000004,1.832595714594046,0.5199194385309014,0.5117689349551992
0.98,2.7500000000000004,1.9634954084936205,0.5363085786230132,0.530138425088546
0.98,2.7500000000000004,2.0943951023931953,0.539870108004966,0.5354915991153303
0.98,2.7500000000000004,2.22529479629277,0.5276722974248509,0.5250045293781672
0.98,2.7500000000000004,2.356194490192345,0.49914435729429746,0.49820216178348603
0.98,2.7500000000000004,2.4870941840919194,0.456739462842278,0.4575746886640664
0.98,2.7500000000000004,2.617993877991494,0.40594512411435096,0.4085616359200772
0.98,2.7500000000000004,2.748893571891069,0.35454017401045096,0.3588115580985649
0.98,2.7500000000000004,2.8797932657906435,0.3112028687398851,0.3168211221823433
0.98,2.7500000000000004,3.010692959690218,0.28376819187893565,0.29024191246565184
0.98,2.7500000000000004,3.141592653589793,0.277552687609748,0.284257660854841
0.98,2.7500000000000004,3.2724923474893677,0.29417064296601897,0.30043922705706505
0.98,2.7500000000000004,3.4033920413889422,0.33114969822957074,0.3363732276422661
0.98,2.7500000000000004,3.534291735288517,0.38244835936562577,0.3861627125966309
0.98,2.7500000000000004,3.665191429188092,0.43974211442945044,0.4416718773688551
0.98,2.7500000000000004,3.7960911230876664,0.4941481179804332,0.49419777750478583
0.98,2.7500000000000004,3.926990816987241,0.5379575140678484,0.5361547803338453
0.98,2.7500000000000004,4.057890510886816,0.5659660360240409,0.5623774680762142
0.98,2.7500000000000004,4.1887902047863905,0.5761260954969066,0.5707738757627248
0.98,2.7500000000000004,4.319689898685965,0.5694422921720697,0.5622504289167258
0.98,2.7500000000000004,4.45058959258554,0.5492344837576356,0.5400230456721745
0.98,2.7500000000000004,4.581489286485114,0.5200389152293297,0.5085692331388382
0.98,2.7500000000000004,4.71238898038469,0.48647149234648607,0.47252869586730767
0.98,2.7500000000000004,4.843288674284264,0.4523338607005402,0.43582100776094607
0.98,2.7500000000000004,4.974188368183839,0.4201290630005641,0.4011432481850052
0.98,2.7500000000000004,5.105088062083413,0.39101394150482344,0.36988008481403295
0.98,2.7500000000000004,5.235987755982988,0.3650955303784245,0.34234596516217186
0.98,2.7500000000000004,5.3668874498825625,0.3419092583253162,0.31821253274372063
0.98,2.7500000000000004,5.497787143782138,0.3209067021787534,0.29696242627825065
0.98,2.7500000000000004,5.6286868376817125,0.3018187638114715,0.278243227667221
0.98,2.7500000000000004,5.759586531581287,0.284824022269707,0.26205219131771845
0.98,2.7500000000000004,5.890486225480862,0.27051817284226054,0.24874232890591563
0.98,2.7500000000000004,6.021385919380436,0.2597319286308934,0.23888803773045533
0.98,2.7500000000000004,6.152285613280011,0.2532736905860421,0.233076366049885
0.98,2.825,0.0,0.2691655330581434,0.24984763669077859
0.98,2.825,0.1308996938995747,0.2716873415629238,0.25211653608203427
0.98,2.825,0.2617993877991494,0.2770914614244369,0.25690706709751576
0.98,2.825,0.39269908169872414,0.28473335887062573,0.2637243466032498
0.98,2.825,0.5235987755982988,0.2938760901403225,0.2720429642763645
0.98,2.825,0.6544984694978735,0.303964630740129,0.2815414051541199
0.98,2.825,0.7853981633974483,0.31488656407136,0.29231601410167274
0.98,2.825,0.916297857297023,0.327129079049904,0.3049934558763183
0.98,2.825,1.0471975511965976,0.3417508405999336,0.3206708437426885
0.98,2.825,1.1780972450961724,0.360120706344591,0.34064511801283
0.98,2.825,1.308996938995747,0.38343420083689134,0.3659477828038411
0.98,2.825,1.4398966328953218,0.4120951226514354,0.39677024570624847
0.98,2.825,1.5707963267948966,0.4451242799067685,0.4319313573632974
0.98,2.825,1.7016960206944711,0.4798019045077466,0.46857702385842037
0.98,2.825,1.832595714594046,0.5117368315220281,0.5022867792856419
0.98,2.825,1.9634954084936205,0.5354696847260216,0.527680952328883
0.98,2.825,2.0943951023931953,0.5455698078925786,0.5394844054289333
0.98,2.825,2.22529479629277,0.5380151703694929,0.5338444148751851
0.98,2.825,2.356194490192345,0.5115079651350458,0.5095739658318678
0.98,2.825,2.4870941840919194,0.4683316243226587,0.4689493407731273
0.98,2.825,2.617993877991494,0.4144289524178481,0.4177619520268155
0.98,2.825,2.748893571891069,0.3585678529105037,0.36450145442001897
0.98,2.825,2.8797932657906435,0.31071165118810656,0.3187842886226078
0.98,2.825,3.010692959690218,0.2799497909322386,0.2893677678303022
0.98,2.825,3.141592653589793,0.27249478831886037,0.282231808317942
0.98,2.825,3.2724923474893677,0.29026087006055024,0.2992190630027833
0.98,2.825,3.4033920413889422,0.3304000678418456,0.33759116942059747
0.98,2.825,3.534291735288517,0.38592108245954987,0.3906204267467834
0.98,2.825,3.665191429188092,0.4472285166262338,0.44906237150445677
0.98,2.825,3.7960911230876664,0.5041804532019997,0.503126601226579
0.98,2.825,3.926990816987241,0.5481408164094951,0.544447313026827
0.98,2.825,4.057890510886816,0.5735320297186988,0.5675821740264554
0.98,2.825,4.1887902047863905,0.578558447133371,0.5707241732953134
0.98,2.825,4.319689898685965,0.5650157339695981,0.5555426664638244
0.98,2.825,4.45058959258554,0.5373478401282948,0.5263031348906059
0.98,2.825,4.581489286485114,0.5012882294773733,0.4885812514056955
0.98,2.825,4.71238898038469,0.4624811265866544,0.4479440025327763
0.98,2.825,4.843288674284264,0.42541860341437476,0.40891613261227006
0.98,2.825,4.974188368183839,0.3928855399157498,0.3744170718728628
0.98,2.825,5.105088062083413,0.36593367050918113,0.3456947403739818
0.98,2.825,5.235987755982988,0.34426387637513534,0.322649906542364
0.98,2.825,5.3668874498825625,0.3268184010333167,0.304371137621725
0.98,2.825,5.497787143782138,0.3123793119990972,0.2896927875902647
0.98,2.825,5.6286868376817125,0.30001962180807334,0.2776318313187728
0.98,2.825,5.759586531581287,0.28933016242555565,0.26762768950363086
0.98,2.825,5.890486225480862,0.28042075336681477,0.2595775578959142
0.98,2.825,6.021385919380436,0.2737501710096904,0.25371173668158803
0.98,2.825,6.152285613280011,0.2698691269557593,0.25038257823603277
0.98,2.9000000000000004,0.0,0.2910867024508404,0.2716532770651215
0.98,2.9000000000000004,0.1308996938995747,0.29277525706944035,0.2731276325138702
0.98,2.9000000000000004,0.2617993877991494,0.2957791500258713,0.275659514328994
0.98,2.9000000000000004,0.39269908169872414,0.29957695151450475,0.27885826877918723
0.98,2.9000000000000004,0.5235987755982988,0.3036418704288062,0.2823799130355775
0.98,2.9000000000000004,0.6544984694978735,0.3077292239654323,0.28617773263717866
0.98,2.9000000000000004,0.7853981633974483,0.31214733728912164,0.2907291393971833
0.98,2.9000000000000004,0.916297857297023,0.31791436629536857,0.29715007249467945
0.98,2.9000000000000004,1.0471975511965976,0.3267105036838547,0.30711766440365895
0.98,2.9000000000000004,1.1780972450961724,0.3405682241297006,0.32255469374482487
0.98,2.9000000000000004,1.308996938995747,0.3613057824538597,0.3450873426589361
0.98,2.9000000000000004,1.4398966328953218,0.3897951245099656,0.375365290371721
0.98,2.9000000000000004,1.5707963267948966,0.4252446846253835,0.4124124641270203
0.98,2.9000000000000004,1.7016960206944711,0.4647372649248372,0.45322856617887625
0.98,2.9000000000000004,1.832595714594046,0.5032575593548106,0.49285373967111096
0.98,2.9000000000000004,1.9634954084936205,0.534351242438718,0.5250217741515074
0.98,2.9000000000000004,2.0943951023931953,0.5513863110177627,0.5433686165221222
0.98,2.9000000000000004,2.22529479629277,0.5491816192142952,0.5429729026498741
0.98,2.9000000000000004,2.356194490192345,0.5255964940332355,0.5218474901181943
0.98,2.9000000000000004,2.4870941840919194,0.4826087965128849,0.48194032785704316
0.98,2.9000000000000004,2.617993877991494,0.4264884017217217,0.42927842056658755
0.98,2.9000000000000004,2.748893571891069,0.36689173868790076,0.37309396401680694
0.98,2.9000000000000004,2.8797932657906435,0.31500262385646505,0.32405295010002727
0.98,2.9000000000000004,3.010692959690218,0.2811335003613613,0.29197793085770624
0.98,2.9000000000000004,3.141592653589793,0.2723852264085885,0.2836296649253372
0.98,2.9000000000000004,3.2724923474893677,0.2909788250134211,0.30112662017142555
0.98,2.9000000000000004,3.4033920413889422,0.33370789934241046,0.34142589581179994
0.98,2.9000000000000004,3.534291735288517,0.3926617863439008,0.397007306179592
0.98,2.9000000000000004,3.665191429188092,0.4570257911159066,0.4575779368797001
0.98,2.9000000000000004,3.7960911230876664,0.5154791843242472,0.5123448662814769
0.98,2.9000000000000004,3.926990816987241,0.5585685773600394,0.5522686741079993
0.98,2.9000000000000004,4.057890510886816,0.5804727914601603,0.5717464082786768
0.98,2.9000000000000004,4.1887902047863905,0.5797768372262708,0.5693620617726055
0.98,2.9000000000000004,4.319689898685965,0.5591681139759076,0.5476201471751535
0.98,2.9000000000000004,4.45058959258554,0.5242621157772405,0.5118540769176273
0.98,2.9000000000000004,4.581489286485114,0.4819690649291239,0.4686927999602557
0.98,2.9000000000000004,4.71238898038469,0.4388745143486045,0.42452783289973967
0.98,2.9000000000000004,4.843288674284264,0.40002516467755145,0.3843480136193141
0.98,2.9000000000000004,4.974188368183839,0.36833196096642123,0.35114404232470936
0.98,2.9000000000000004,5.105088062083413,0.344597145501049,0.32589511834252016
0.98,2.9000000000000004,5.235987755982988,0.3280078097182107,0.30799780963619194
0.98,2.9000000000000004,5.3668874498825625,0.31685602316275613,0.2959195968680372
0.98,2.9000000000000004,5.497787143782138,0.3092493882306693,0.2878603528162907
0.98,2.9000000000000004,5.6286868376817125,0.3036416065606096,0.28226236337784144
0.98,2.9000000000000004,5.759586531581287,0.29910381183170104,0.27809063413445606
0.98,2.9000000000000004,5.890486225480862,0.2953418254326227,0.27488156011190507
0.98,2.9000000000000004,6.021385919380436,0.2925235758884615,0.2726130777163209
0.98,2.9000000000000004,6.152285613280011,0.29101008815069834,0.27147863531814864
0.98,2.9750000000000005,0.0,0.3159361891755406,0.2953340413931533
0.98,2.9750000000000005,0.1308996938995747,0.31688135092520514,0.29613418470857766
0.98,2.9750000000000005,0.2617993877991494,0.3178192542337382,0.296818348764784
0.98,2.9750000000000005,0.39269908169872414,0.31829086600841944,0.29703711853781806
0.98,2.9750000000000005,0.5235987755982988,0.31788624033043184,0.29653122260633885
0.98,2.9750000000000005,0.6544984694978735,0.31655590958566454,0.29540872414006086
0.98,2.9750000000000005,0.7853981633974483,0.31490588101024547,0.2943980371104855
0.98,2.9750000000000005,0.916297857297023,0.3143711902918396,0.29498035322832716
0.98,2.9750000000000005,1.0471975511965976,0.3171678078607179,0.29931342531810096
0.98,2.9750000000000005,1.1780972450961724,0.32595393105277454,0.3098903015777223
0.98,2.9750000000000005,1.308996938995747,0.34319555650512373,0.3289358479746784
0.98,2.9750000000000005,1.4398966328953218,0.3703253798380984,0.35762836870291537
0.98,2.9750000000000005,1.5707963267948966,0.4068893702508145,0.39532672539449304
0.98,2.9750000000000005,1.7016960206944711,0.4499543912903514,0.439052213148186
0.98,2.9750000000000005,1.832595714594046,0.4940579716263566,0.4834789499399823
0.98,2.9750000000000005,1.9634954084936205,0.5318862866224344,0.5215981220572571
0.98,2.9750000000000005,2.0943951023931953,0.5556724699323025,0.5460432104866667
0.98,2.9750000000000005,2.22529479629277,0.5590633672736035,0.5508394173942578
0.98,2.9750000000000005,2.356194490192345,0.5389914752477348,0.5331464978880628
0.98,2.9750000000000005,2.4870941840919194,0.4969967630982659,0.4944799939850572
0.98,2.9750000000000005,2.617993877991494,0.4395245497100522,0.4409720087428884
0.98,2.9750000000000005,2.748893571891069,0.37697583276026264,0.3824654092587849
0.98,2.9750000000000005,2.8797932657906435,0.32163780234198175,0.3305624772473861
0.98,2.9750000000000005,3.010692959690218,0.28496534839013316,0.29606898720950153
0.98,2.9750000000000005,3.141592653589793,0.27490595650811983,0.2864817254919095
0.98,2.9750000000000005,3.2724923474893677,0.2939832027354394,0.30418894580337613
0.98,2.9750000000000005,3.4033920413889422,0.33866390169777566,0.34587544599922654
0.98,2.9750000000000005,3.534291735288517,0.4001850619431384,0.403297359203423
0.98,2.9750000000000005,3.665191429188092,0.4666143685810846,0.4652149301670451
0.98,2.9750000000000005,3.7960911230876664,0.5255842359625708,0.5199591702094817
0.98,2.9750000000000005,3.926990816987241,0.566974663736273,0.5579541114686201
0.98,2.9750000000000005,4.057890510886816,0.5848700266103721,0.5735630635228608
0.98,2.9750000000000005,4.1887902047863905,0.5783566187961185,0.565852942731106
0.98,2.9750000000000005,4.319689898685965,0.5510779924175403,0.5381972338866657
0.98,2.9750000000000005,4.45058959258554,0.5098093663686304,0.49695858098403317
0.98,2.9750000000000005,4.581489286485114,0.4625449060384936,0.44970829167886767
0.98,2.9750000000000005,4.71238898038469,0.41665176009827115,0.40349639507247553
0.98,2.9750000000000005,4.843288674284264,0.3775350366299635,0.3635854200487611
0.98,2.9750000000000005,4.974188368183839,0.3480377692316458,0.3328590113192975
0.98,2.9750000000000005,5.105088062083413,0.32855735193228963,0.31189390849224163
0.98,2.9750000000000005,5.235987755982988,0.31767514706312877,0.2995139463728203
0.98,2.9750000000000005,5.3668874498825625,0.313013182126718,0.29356746020928487
0.98,2.9750000000000005,5.497787143782138,0.31205030563536723,0.2916837417243815
0.98,2.9750000000000005,5.6286868376817125,0.3127155265695077,0.29183890830869075
0.98,2.9750000000000005,5.759586531581287,0.3136829966106455,0.2926561707393069
0.98,2.9750000000000005,5.890486225480862,0.314385042157676,0.29344826413206165
0.98,2.9750000000000005,6.021385919380436,0.3148195272832301,0.294065694097009
0.98,2.9750000000000005,6.152285613280011,0.31525476757486504,0.29464226959058953
0.98,3.0500000000000003,0.0,0.34153095809048734,0.31866924509925837
0.98,3.0500000000000003,0.1308996938995747,0.3419043670802753,0.318990895267346
0.98,3.0500000000000003,0.2617993877991494,0.3413209708346305,0.31842700379803907
0.98,3.0500000000000003,0.39269908169872414,0.3393098012196336,0.3165972811952635
0.98,3.0500000000000003,0.5235987755982988,0.3354632014921162,0.31321585896226556
0.98,3.0500000000000003,0.6544984694978735,0.3297825080404768,0.3084041614938117
0.98,3.0500000000000003,0.7853981633974483,0.32301050560279726,0.3029818019329315
0.98,3.0500000000000003,0.916297857297023,0.3168389683018067,0.29863244362780383
0.98,3.0500000000000003,1.0471975511965976,0.3138822021243167,0.29784886018899
0.98,3.0500000000000003,1.1780972450961724,0.3173345890417827,0.30358993745043467
0.98,3.0500000000000003,1.308996938995747,0.33029172719874805,0.3186394448938464
0.98,3.0500000000000003,1.4398966328953218,0.35481434508215176,0.34474498907782486
0.98,3.0500000000000003,1.5707963267948966,0.3909357892862478,0.381722363664928
0.98,3.0500000000000003,1.7016960206944711,0.435916484980627,0.42679999758628967
0.98,3.0500000000000003,1.832595714594046,0.4840766299513965,0.4745010199917346
0.98,3.0500000000000003,1.9634954084936205,0.5274471319711981,0.5172764536913262
0.98,3.0500000000000003,2.0943951023931953,0.557264807640146,0.5469081780465572
0.98,3.0500000000000003,2.22529479629277,0.566053521071164,0.5564412995289431
0.98,3.0500000000000003,2.356194490192345,0.5497755778174104,0.5421706693659536
0.98,3.0500000000000003,2.4870941840919194,0.5094135219575864,0.5050927782297316
0.98,3.0500000000000003,2.617993877991494,0.4514210059583537,0.45130659784721966
0.98,3.0500000000000003,2.748893571891069,0.38676157472544825,0.39110515212187863
0.98,3.0500000000000003,2.8797932657906435,0.3286586401818002,0.3368731600927455
0.98,3.0500000000000003,3.010692959690218,0.2895801326584743,0.30027661242572606
0.98,3.0500000000000003,3.141592653589793,0.2782433669731305,0.2894733895339683
0.98,3.0500000000000003,3.2724923474893677,0.29745784289434213,0.3071043411195909
0.98,3.0500000000000003,3.4033920413889422,0.3434085348125757,0.349624763787949
0.98,3.0500000000000003,3.534291735288517,0.40658246008665594,0.40816491475661093
0.98,3.0500000000000003,3.665191429188092,0.47407922810485176,0.47067882009117706
0.98,3.0500000000000003,3.7960911230876664,0.5326640386863999,0.5247855888913906
0.98,3.0500000000000003,3.926990816987241,0.5717355684357625,0.5605349308690076
0.98,3.0500000000000003,4.057890510886816,0.5854443431081907,0.5723874857265404
0.98,3.0500000000000003,4.1887902047863905,0.5734819331810296,0.559964658133154
0.98,3.0500000000000003,4.319689898685965,0.5404689882780848,0.5274998900533897
0.98,3.0500000000000003,4.45058959258554,0.49426545326258015,0.4822882987343284
0.98,3.0500000000000003,4.581489286485114,0.4437852594291489,0.4326701862300439
0.98,3.0500000000000003,4.71238898038469,0.39695128568041355,0.38613326266513276
0.98,3.0500000000000003,4.843288674284264,0.35928219408297607,0.3479866057004239
0.98,3.0500000000000003,4.974188368183839,0.3333362864799911,0.3208162221425604
0.98,3.0500000000000003,5.105088062083413,0.3189561727500336,0.30467582623278755
0.98,3.0500000000000003,5.235987755982988,0.31405572653396413,0.29778218837135595
0.98,3.0500000000000003,5.3668874498825625,0.3156141057350708,0.29741358174013066
0.98,3.0500000000000003,5.497787143782138,0.3205814488038386,0.300743541823178
0.98,3.0500000000000003,5.6286868376817125,0.32650984070678163,0.3054375704830185
0.98,3.0500000000000003,5.759586531581287,0.3318455073721501,0.3099482059011719
0.98,3.0500000000000003,5.890486225480862,0.33591479782099515,0.3135301775528297
0.98,3.0500000000000003,6.021385919380436,0.3386936690570675,0.3160507710760722
0.98,3.0500000000000003,6.152285613280011,0.3404730351662317,0.31769508683047426
0.98,3.1250000000000004,0.0,0.3652673854478176,0.3392712185288751
0.98,3.1250000000000004,0.1308996938995747,0.36531066485551095,0.3393684640294747
0.98,3.1250000000000004,0.2617993877991494,0.3639213720521562,0.3382925745508531
0.98,3.1250000000000004,0.39269908169872414,0.3605383004230831,0.33556102057435
0.98,3.1250000000000004,0.5235987755982988,0.35463482103394234,0.33075025101205774
0.98,3.1250000000000004,0.6544984694978735,0.3461066318921282,0.3238499057062254
0.98,3.1250000000000004,0.7853981633974483,0.33565161710838815,0.31559904233090874
0.98,3.1250000000000004,0.916297857297023,0.32502582673890473,0.3076972159007211
0.98,3.1250000000000004,1.0471975511965976,0.3170604253607852,0.3027899722707595
0.98,3.1250000000000004,1.1780972450961724,0.3153447553979181,0.3041512611178807
0.98,3.1250000000000004,1.308996938995747,0.323534908489039,0.3150353963509902
0.98,3.1250000000000004,1.4398966328953218,0.3443475094015971,0.33775926913692444
0.98,3.1250000000000004,1.5707963267948966,0.37843532323357815,0.3726946503714947
0.98,3.1250000000000004,1.7016960206944711,0.4234716349168326,0.4174639249485397
0.98,3.1250000000000004,1.832595714594046,0.47382629834382267,0.46668078864429324
0.98,3.1250000000000004,1.9634954084936205,0.5211370068722921,0.5125053740275554
0.98,3.1250000000000004,2.0943951023931953,0.5558498030244213,0.5460763556715161
0.98,3.1250000000000004,2.22529479629277,0.5694772837723184,0.5595883995401892
0.98,3.1250000000000004,2.356194490192345,0.5570142633769187,0.5485033746390896
0.98,3.1250000000000004,2.4870941840919194,0.5187873860009524,0.513234987086049
0.98,3.1250000000000004,2.617993877991494,0.4610850378283154,0.4597097901143861
0.98,3.1250000000000004,2.748893571891069,0.3952211638520824,0.39848810076295377
0.98,3.1250000000000004,2.8797932657906435,0.3351440098472958,0.3425474768842869
0.98,3.1250000000000004,3.010692959690218,0.2941596403610855,0.3042530837302616
0.98,3.1250000000000004,3.141592653589793,0.2816444930584943,0.29231996168930713
0.98,3.1250000000000004,3.2724923474893677,0.30066441788807347,0.30961274821384044
0.98,3.1250000000000004,3.4033920413889422,0.3471787783643598,0.35240875796613574
0.98,3.1250000000000004,3.534291735288517,0.4110586849933615,0.41133595800029393
0.98,3.1250000000000004,3.665191429188092,0.47862776435668913,0.47371712969747265
0.98,3.1250000000000004,3.7960911230876664,0.5360041846988354,0.5266553900020347
0.98,3.1250000000000004,3.926990816987241,0.5723166771244412,0.5600068210733884
0.98,3.1250000000000004,4.057890510886816,0.581945288451758,0.5684583916510371
0.98,3.1250000000000004,4.1887902047863905,0.5652671528860943,0.5522329319141368
0.98,3.1250000000000004,4.319689898685965,0.5278539763039344,0.5163713056144436
0.98,3.1250000000000004,4.45058959258554,0.47851392721909863,0.4689503692888426
0.98,3.1250000000000004,4.581489286485114,0.42685284879606195,0.4188528605390002
0.98,3.1250000000000004,4.71238898038469,0.38107075905039217,0.3737423426761233
0.98,3.1250000000000004,4.843288674284264,0.3465240566848511,0.3387273514513561
0.98,3.1250000000000004,4.974188368183839,0.32526611092795216,0.31591081677620786
0.98,3.1250000000000004,5.105088062083413,0.316458410505527,0.30473128943207
0.98,3.1250000000000004,5.235987755982988,0.31732953936069613,0.3028088129301428
0.98,3.1250000000000004,5.3668874498825625,0.32429690129183125,0.3069515317822479
0.98,3.1250000000000004,5.497787143782138,0.33393509783605424,0.31403909532520013
0.98,3.1250000000000004,5.6286868376817125,0.34361125484888105,0.3216180717052861
0.98,3.1250000000000004,5.759586531581287,0.3517442244443571,0.3281638821034201
0.98,3.1250000000000004,5.890486225480862,0.3577410575319005,0.3330489158124474
0.98,3.1250000000000004,6.021385919380436,0.36171366839906177,0.3363027851544837
0.98,3.1250000000000004,6.152285613280011,0.3640945716944741,0.3382697771991448
0.98,3.2,0.0,0.38450760604684414,0.3549371585596089
0.98,3.2,0.1308996938995747,0.38451028021921196,0.35509676598956036
0.98,3.2,0.2617993877991494,0.3831357357882557,0.35430820619605424
0.98,3.2,0.39269908169872414,0.37966163799754377,0.35192682209617043
0.98,3.2,0.5235987755982988,0.3733316207180783,0.3472966768156385
0.98,3.2,0.6544984694978735,0.3637880781055906,0.340146379401153
0.98,3.2,0.7853981633974483,0.35150295518054425,0.33097120709758415
0.98,3.2,0.916297857297023,0.3380904238801685,0.32129462110845275
0.98,3.2,1.0471975511965976,0.3263857243180648,0.31370961000483594
0.98,3.2,1.1780972450961724,0.3201849332502055,0.3116148351874957
0.98,3.2,1.308996938995747,0.32358051472058064,0.31859735117133947
0.98,3.2,1.4398966328953218,0.3399215370327087,0.3374945696961144
0.98,3.2,1.5707963267948966,0.37057685140660906,0.3692966500187247
0.98,3.2,1.7016960206944711,0.4138414220767908,0.4121910476451285
0.98,3.2,1.832595714594046,0.46441910998404684,0.46113247478827485
0.98,3.2,1.9634954084936205,0.5138578413938992,0.5082705997241667
0.98,3.2,2.0943951023931953,0.5520744570634051,0.5443551555065906
0.98,3.2,2.22529479629277,0.5697401783614369,0.5609099012865306
0.98,3.2,2.356194490192345,0.5609327998371288,0.5526383194187012
0.98,3.2,2.4870941840919194,0.525252250096426,0.5193340045543986
0.98,3.2,2.617993877991494,0.4686510133401674,0.46661722481120077
0.98,3.2,2.748893571891069,0.4025612739886029,0.40511800854279106
0.98,3.2,2.8797932657906435,0.3414094058774911,0.34818853336297106
0.98,3.2,3.010692959690218,0.29912570246755243,0.3086994772885494
0.98,3.2,3.141592653589793,0.28560460366487017,0.2957931233029629
0.98,3.2,3.2724923474893677,0.3041261297722137,0.31251781762625824
0.98,3.2,3.4033920413889422,0.35048878904980146,0.3550308112018232
0.98,3.2,3.534291735288517,0.41410794613632856,0.4136023683933654
0.98,3.2,3.665191429188092,0.4807576826701016,0.47512658916425127
0.98,3.2,3.7960911230876664,0.536159920246653,0.5264103731167943
0.98,3.2,3.926990816987241,0.5694006130619235,0.5573076726669794
0.98,3.2,4.057890510886816,0.575246727095605,0.5628529630289999
0.98,3.2,4.1887902047863905,0.5548124832120082,0.543890735736614
0.98,3.2,4.319689898685965,0.514548084458858,0.5061762059140903
0.98,3.2,4.45058959258554,0.4640189452873684,0.4583718762363655
0.98,3.2,4.581489286485114,0.4132447542961624,0.40963693148149644
0.98,3.2,4.71238898038469,0.37038990158538904,0.3675253538526105
0.98,3.2,4.843288674284264,0.3403629885665553,0.3366967959529151
0.98,3.2,4.974188368183839,0.3245097668289176,0.3186081015064886
0.98,3.2,5.105088062083413,0.3212251859317449,0.31203214138602325
0.98,3.2,5.235987755982988,0.3270895844684057,0.31405413822573164
0.98,3.2,5.3668874498825625,0.33809618796581753,0.3211621726488965
0.98,3.2,5.497787143782138,0.35064394868208243,0.330142438135391
0.98,3.2,5.6286868376817125,0.3621368573924233,0.3386352563732606
0.98,3.2,5.759586531581287,0.3711785883319312,0.3453353869497235
0.98,3.2,5.890486225480862,0.37744063981661374,0.3498974996403146
0.98,3.2,6.021385919380436,0.3813175325338998,0.35264081117508067
0.98,3.2,6.152285613280011,0.3834892531095296,0.35415804782240906
0.95,0.5,0.0,0.13674511671383538,0.10382753764803103
0.95,0.5,0.1308996938995747,0.1370390841678169,0.10410638306627797
0.95,0.5,0.2617993877991494,0.13759727614174666,0.10462558634547055
0.95,0.5,0.39269908169872414,0.13840943617050128,0.1053755885150351
0.95,0.5,0.5235987755982988,0.1394606196602073,0.10634255485266782
0.95,0.5,0.6544984694978735,0.14073152168242717,0.1075086806958685
0.95,0.5,0.7853981633974483,0.1421988979638186,0.10885258295401912
0.95,0.5,0.916297857297023,0.1438360655707388,0.1103497645484981
0.95,0.5,1.0471975511965976,0.14561346758043728,0.11197313695166805
0.95,0.5,1.1780972450961724,0.14749928459765793,0.11369358468762224
0.95,0.5,1.308996938995747,0.14946007536282002,0.11548055513905657
0.95,0.5,1.4398966328953218,0.15146142889649786,0.11730265726451324
0.95,0.5,1.5707963267948966,0.15346861158421846,0.11912825381131577
0.95,0.5,1.7016960206944711,0.15544719421248135,0.12092603320514284
0.95,0.5,1.832595714594046,0.15736364609369527,0.12266554937120959
0.95,0.5,1.9634954084936205,0.15918588589575958,0.12431772013249952
0.95,0.5,2.0943951023931953,0.16088378144041895,0.1258552773640139
0.95,0.5,2.22529479629277,0.1624295933832464,0.12725316459044553
0.95,0.5,2.356194490192345,0.16379836016933166,0.12848888004170936
0.95,0.5,2.4870941840919194,0.16496822383091111,0.12954276519354332
0.95,0.5,2.617993877991494,0.16592069794259756,0.13039824042356452
0.95,0.5,2.748893571891069,0.16664088031808152,0.13104199053958773
0.95,0.5,2.8797932657906435,0.1671176137628856,0.1314641035653046
0.95,0.5,3.010692959690218,0.16734359842931332,0.13165816631309926
0.95,0.5,3.141592653589793,0.1673154590656106,0.13162131997820706
0.95,0.5,3.2724923474893677,0.16703376982396667,0.13135427833682575
0.95,0.5,3.4033920413889422,0.16650303835753402,0.13086131021436653
0.95,0.5,3.534291735288517,0.16573164986175556,0.1301501868319885
0.95,0.5,3.665191429188092,0.16473177058505264,0.12923209355521334
0.95,0.5,3.7960911230876664,0.16351920933156527,0.1281215045869182
0.95,0.5,3.926990816987241,0.16211323467881147,0.12683601837801392
0.95,0.5,4.057890510886816,0.16053634519609494,0.12539615107558572
0.95,0.5,4.1887902047863905,0.158813989915254,0.12382508527103055
0.95,0.5,4.319689898685965,0.15697423676963196,0.12214837169896364
0.95,0.5,4.45058959258554,0.15504738767491366,0.12039358239726383
0.95,0.5,4.581489286485114,0.1530655403685746,0.1185899151565429
0.95,0.5,4.71238898038469,0.15106209901679246,0.11676775081601587
0.95,0.5,4.843288674284264,0.1490712378124457,0.1149581670251359
0.95,0.5,4.974188368183839,0.14712732424392652,0.11319241437080675
0.95,0.5,5.105088062083413,0.1452643112298845,0.11150136313637267
0.95,0.5,5.235987755982988,0.1435151097432809,0.10991493125529839
0.95,0.5,5.3668874498825625,0.14191095571650766,0.10846150608811789
0.95,0.5,5.497787143782138,0.1404807867523942,0.10716737433028363
0.95,0.5,5.6286868376817125,0.13925064533078713,0.10605617550661554
0.95,0.5,5.759586531581287,0.1382431256700481,0.10514839500944463
0.95,0.5,5.890486225480862,0.13747688110195969,0.10446091241556361
0.95,0.5,6.021385919380436,0.13696620771562845,0.10400661982880403
0.95,0.5,6.152285613280011,0.13672071813695463,0.10379412326213154
0.95,0.575,0.0,0.1529666226164486,0.1162022497120035
0.95,0.575,0.1308996938995747,0.15336145377686522,0.11656521443458229
0.95,0.575,0.2617993877991494,0.15409691355023183,0.11722273026599334
0.95,0.575,0.39269908169872414,0.15515893189785038,0.11816215368406634
0.95,0.575,0.5235987755982988,0.15652713189476405,0.11936534691194317
0.95,0.575,0.6544984694978735,0.15817533146916435,0.1208091322350806
0.95,0.575,0.7853981633974483,0.16007218357456382,0.12246586910980904
0.95,0.575,0.916297857297023,0.16218193024657435,0.1243041312848649
0.95,0.575,1.0471975511965976,0.16446524230530407,0.12628945782346926
0.95,0.575,1.1780972450961724,0.16688011437935588,0.12838515011098786
0.95,0.575,1.308996938995747,0.16938278450819041,0.13055308671136923
0.95,0.575,1.4398966328953218,0.1719286487879994,0.13275452924393047
0.95,0.575,1.5707963267948966,0.17447314419702808,0.13495089511760364
0.95,0.575,1.7016960206944711,0.17697257661205437,0.13710447673530954
0.95,0.575,1.832595714594046,0.17938487580862436,0.13917909134188355
0.95,0.575,1.9634954084936205,0.18167026452486065,0.1411406506901238
0.95,0.575,2.0943951023931953,0.1837918341144543,0.1429576447660642
0.95,0.575,2.22529479629277,0.18571602453101374,0.14460153861914124
0.95,0.575,2.356194490192345,0.18741301105798758,0.14604708557779644
0.95,0.575,2.4870941840919194,0.18885700406260364,0.14727256356814444
0.95,0.575,2.617993877991494,0.19002647089932798,0.148259943726763
0.95,0.575,2.748893571891069,0.19090429083803917,0.14899500192974977
0.95,0.575,2.8797932657906435,0.19147785447858592,0.14946738423738953
0.95,0.575,3.010692959690218,0.19173911862730067,0.14967063664288752
0.95,0.575,3.141592653589793,0.19168462613814122,0.14960220803527882
0.95,0.575,3.2724923474893677,0.1913154979611359,0.14926343311024298
0.95,0.575,3.4033920413889422,0.19063740180850086,0.14865949929215277
0.95,0.575,3.534291735288517,0.1896604986961475,0.14779939878906154
0.95,0.575,3.665191429188092,0.18839936540726754,0.14669586392739822
0.95,0.575,3.7960911230876664,0.1868728879367183,0.14536528113387123
0.95,0.575,3.926990816987241,0.18510411844335392,0.14382757657077008
0.95,0.575,4.057890510886816,0.18312008640207678,0.14210606468763495
0.95,0.575,4.1887902047863905,0.18095155370012408,0.14022724999051736
0.95,0.575,4.319689898685965,0.17863270347198865,0.1382205722764864
0.95,0.575,4.45058959258554,0.1762007536273933,0.13611808651047333
0.95,0.575,4.581489286485114,0.1736954882568258,0.13395407044176055
0.95,0.575,4.71238898038469,0.17115870336171515,0.13176455592578024
0.95,0.575,4.843288674284264,0.16863356747721717,0.12958678359753714
0.95,0.575,4.974188368183839,0.16616390252540947,0.12745858486015063
0.95,0.575,5.105088062083413,0.16379339536257279,0.12541769984247383
0.95,0.575,5.235987755982988,0.16156475563718198,0.1235010447468361
0.95,0.575,5.3668874498825625,0.1595188403914037,0.12174394652273372
0.95,0.575,5.497787143782138,0.1576937699595157,0.1201793667164034
0.95,0.575,5.6286868376817125,0.15612406281014957,0.11883713934718865
0.95,0.575,5.759586531581287,0.15483981875138017,0.11774324946453864
0.95,0.575,5.890486225480862,0.15386598017813563,0.11691917944250646
0.95,0.575,6.021385919380436,0.1532216996811362,0.11638134895401436
0.95,0.575,6.152285613280011,0.15291983934831888,0.11614067192610474
0.95,0.65,0.0,0.16583013471775096,0.12746461500770193
0.95,0.65,0.1308996938995747,0.16631811401266688,0.12789450632758323
0.95,0.65,0.2617993877991494,0.16720371967488803,0.1286427011971418
0.95,0.65,0.39269908169872414,0.1684689802585403,0.1296938170526683
0.95,0.65,0.5235987755982988,0.17008806664775977,0.1310260500039612
0.95,0.65,0.6544984694978735,0.1720280275568539,0.1326118181749558
0.95,0.65,0.7853981633974483,0.17424972113084444,0.13441857161303433
0.95,0.65,0.916297857297023,0.17670890010475326,0.1364097300920261
0.95,0.65,1.0471975511965976,0.17935740212459497,0.13854570502762747
0.95,0.65,1.1780972450961724,0.18214439405200744,0.1407849595288609
0.95,0.65,1.308996938995747,0.18501761948575848,0.14308506137179727
0.95,0.65,1.4398966328953218,0.18792460212619985,0.14540368721125085
0.95,0.65,1.5707963267948966,0.1908137636527563,0.14769954226202187
0.95,0.65,1.7016960206944711,0.1936354228816627,0.14993316741178916
0.95,0.65,1.832595714594046,0.19634265247986837,0.1520676146286538
0.95,0.65,1.9634954084936205,0.1988919796639329,0.1540689808817462
0.95,0.65,2.0943951023931953,0.2012439274055391,0.15590679992256457
0.95,0.65,2.22529479629277,0.20336340198460964,0.15755429956625824
0.95,0.65,2.356194490192345,0.20521994073994324,0.15898853906389046
0.95,0.65,2.4870941840919194,0.20678784009956588,0.1601904464101591
0.95,0.65,2.617993877991494,0.20804618816281398,0.16114477878298197
0.95,0.65,2.748893571891069,0.2089788281300735,0.16184003069630434
0.95,0.65,2.8797932657906435,0.20957427875048787,0.1622683139414327
0.95,0.65,3.010692959690218,0.20982563584968308,0.16242523117315946
0.95,0.65,3.141592653589793,0.2097304751728859,0.16230976132743768
0.95,0.65,3.2724923474893677,0.2092907715725905,0.16192417025938363
0.95,0.65,3.4033920413889422,0.20851284340260792,0.16127395441212672
0.95,0.65,3.534291735288517,0.2074073242783674,0.16036781933971236
0.95,0.65,3.665191429188092,0.20598915758714878,0.15921768888347362
0.95,0.65,3.7960911230876664,0.20427760272789885,0.15783873509964294
0.95,0.65,3.926990816987241,0.202296236468162,0.1562494140146977
0.95,0.65,4.057890510886816,0.20007292840891058,0.15447148826452337
0.95,0.65,4.1887902047863905,0.19763976671067274,0.15253001495606397
0.95,0.65,4.319689898685965,0.1950329092116906,0.15045327591677557
0.95,0.65,4.45058959258554,0.19229233606201487,0.1482726280587067
0.95,0.65,4.581489286485114,0.1894614830685203,0.146022253971093
0.95,0.65,4.71238898038469,0.18658674003520695,0.1437387970625665
0.95,0.65,4.843288674284264,0.18371680530328763,0.14146087146736094
0.95,0.65,4.974188368183839,0.18090189608283033,0.13922844423878633
0.95,0.65,5.105088062083413,0.17819282355784982,0.13708209568237822
0.95,0.65,5.235987755982988,0.17563995152571343,0.1350621725029226
0.95,0.65,5.3668874498825625,0.17329206682365594,0.13320785714548047
0.95,0.65,5.497787143782138,0.17119519829192553,0.13155618464063387
0.95,0.65,5.6286868376817125,0.1693914278257502,0.1301410447591083
0.95,0.65,5.759586531581287,0.16791774157116,0.12899221174868636
0.95,0.65,5.890486225480862,0.16680497105662903,0.128134445893573
0.95,0.65,6.021385919380436,0.16607687274483748,0.12758671030716492
0.95,0.65,6.152285613280011,0.16574939007178302,0.12736154265015223
0.95,0.7250000000000001,0.0,0.17800945650709102,0.14042712188028764
0.95,0.7250000000000001,0.1308996938995747,0.17856651548738076,0.14088899878918784
0.95,0.7250000000000001,0.2617993877991494,0.17954123772336317,0.1416439919783142
0.95,0.7250000000000001,0.39269908169872414,0.18091203090966254,0.14267479358251958
0.95,0.7250000000000001,0.5235987755982988,0.18264815502584383,0.14395727531209737
0.95,0.7250000000000001,0.6544984694978735,0.18471076756087249,0.14546136917490826
0.95,0.7250000000000001,0.7853981633974483,0.1870542371528151,0.14715216526375732
0.95,0.7250000000000001,0.916297857297023,0.18962765492495018,0.14899116354861594
0.95,0.7250000000000001,1.0471975511965976,0.19237646392346952,0.15093760919381857
0.95,0.7250000000000001,1.1780972450961724,0.1952441238129392,0.15294983873013715
0.95,0.7250000000000001,1.308996938995747,0.19817373039659136,0.15498656742733674
0.95,0.7250000000000001,1.4398966328953218,0.20110951717537215,0.1570080559623386
0.95,0.7250000000000001,1.5707963267948966,0.2039981782247511,0.1589771061131657
0.95,0.7250000000000001,1.7016960206944711,0.20678996701444205,0.16085984960530225
0.95,0.7250000000000001,1.832595714594046,0.20943954310129712,0.1626263101196792
0.95,0.7250000000000001,1.9634954084936205,0.21190655652229448,0.16425073454408104
0.95,0.7250000000000001,2.0943951023931953,0.21415597688037855,0.1657117046121743
0.95,0.7250000000000001,2.22529479629277,0.2161581893956054,0.1669920531271231
0.95,0.7250000000000001,2.356194490192345,0.21788889270575518,0.16807861926663517
0.95,0.7250000000000001,2.4870941840919194,0.219328842299609,0.1689618845655013
0.95,0.7250000000000001,2.617993877991494,0.22046348885009,0.16963553490281455
0.95,0.7250000000000001,2.748893571891069,0.22128256234660604,0.1700959942799037
0.95,0.7250000000000001,2.8797932657906435,0.22177965099154698,0.17034197364330764
0.95,0.7250000000000001,3.010692959690218,0.22195181873776793,0.17037407292046836
0.95,0.7250000000000001,3.141592653589793,0.22179929760483388,0.1701944672963102
0.95,0.7250000000000001,3.2724923474893677,0.22132528114323166,0.1698067001045175
0.95,0.7250000000000001,3.4033920413889422,0.22053583425367673,0.169215595065071
0.95,0.7250000000000001,3.534291735288517,0.21943992267572932,0.16842729047399252
0.95,0.7250000000000001,3.665191429188092,0.21804955348869162,0.1674493878178048
0.95,0.7250000000000001,3.7960911230876664,0.21638000656295567,0.16629119760212518
0.95,0.7250000000000001,3.926990816987241,0.21445012667862975,0.16496405640085712
0.95,0.7250000000000001,4.057890510886816,0.21228263760051136,0.16348168170081584
0.95,0.7250000000000001,4.1887902047863905,0.20990443331662423,0.16186052549089205
0.95,0.7250000000000001,4.319689898685965,0.20734679841997847,0.1601200841653909
0.95,0.7250000000000001,4.45058959258554,0.20464550963060915,0.15828312156988436
0.95,0.7250000000000001,4.581489286485114,0.20184077398119882,0.15637576422398
0.95,0.7250000000000001,4.71238898038469,0.19897696628824812,0.1544274330693757
0.95,0.7250000000000001,4.843288674284264,0.1961021390241077,0.15247058447887982
0.95,0.7250000000000001,4.974188368183839,0.19326729116278538,0.1505402444501339
0.95,0.7250000000000001,5.105088062083413,0.1905253982755435,0.14867333335063956
0.95,0.7250000000000001,5.235987755982988,0.18793022312689414,0.14690779347998428
0.95,0.7250000000000001,5.3668874498825625,0.1855349431003613,0.1452815470372968
0.95,0.7250000000000001,5.497787143782138,0.18339064664934757,0.14383132664560974
0.95,0.7250000000000001,5.6286868376817125,0.18154476431708136,0.14259143314317765
0.95,0.7250000000000001,5.759586531581287,0.18003950948025674,0.14159248473523398
0.95,0.7250000000000001,5.890486225480862,0.17891040884871257,0.14086022680924387
0.95,0.7250000000000001,6.021385919380436,0.1781850022707608,0.14041447207340227
0.95,0.7250000000000001,6.152285613280011,0.17788178529727305,0.14026823588777362
0.95,0.8,0.0,0.19279221261528887,0.1581351318613301
0.95,0.8,0.1308996938995747,0.19337763104958164,0.1585772739208395
0.95,0.8,0.2617993877991494,0.19434792542739518,0.15922335250571565
0.95,0.8,0.39269908169872414,0.19567849502678283,0.1600553389396095
0.95,0.8,0.5235987755982988,0.197334720688201,0.16104869009413128
0.95,0.8,0.6544984694978735,0.19927341786572428,0.16217352872219667
0.95,0.8,0.7853981633974483,0.20144464831429967,0.1633960993602734
0.95,0.8,0.916297857297023,0.2037937769804552,0.16468040025911798
0.95,0.8,1.0471975511965976,0.20626364783304094,0.1659898815359089
0.95,0.8,1.1780972450961724,0.20879674930387745,0.16728909847123266
0.95,0.8,1.308996938995747,0.21133724657355105,0.16854521635897626
0.95,0.8,1.4398966328953218,0.21383277317120006,0.16972927850212183
0.95,0.8,1.5707963267948966,0.21623589658762157,0.17081717011904907
0.95,0.8,1.7016960206944711,0.21850519963732498,0.1717902359401848
0.95,0.8,1.832595714594046,0.22060594874764838,0.17263553580161287
0.95,0.8,1.9634954084936205,0.22251034974267117,0.1733457483269183
0.95,0.8,2.0943951023931953,0.22419741885360336,0.17391875586458008
0.95,0.8,2.22529479629277,0.22565251980487222,0.17435696271126963
0.95,0.8,2.356194490192345,0.22686663563983137,0.1746664123436946
0.95,0.8,2.4870941840919194,0.22783545574082945,0.17485577750399806
0.95,0.8,2.617993877991494,0.228558364091389,0.17493529965467505
0.95,0.8,2.748893571891069,0.22903741451083506,0.17491575204445722
0.95,0.8,2.8797932657906435,0.22927637299483958,0.174807494191956
0.95,0.8,3.010692959690218,0.229279897261509,0.17461967589796493
0.95,0.8,3.141592653589793,0.22905291010172965,0.17435963684597025
0.95,0.8,3.2724923474893677,0.22860020710192375,0.17403253425603704
0.95,0.8,3.4033920413889422,0.22792632167182977,0.17364121659742027
0.95,0.8,3.534291735288517,0.2270356518918927,0.1731863465761462
0.95,0.8,3.665191429188092,0.22593283526130428,0.17266676192783217
0.95,0.8,3.7960911230876664,0.22462333970876067,0.1720800483461463
0.95,0.8,3.926990816987241,0.22311422295584693,0.17142328557634165
0.95,0.8,4.057890510886816,0.22141499825691513,0.17069391578118645
0.95,0.8,4.1887902047863905,0.21953853350367245,0.16989067335270472
0.95,0.8,4.319689898685965,0.21750190348040466,0.16901450810361948
0.95,0.8,4.45058959258554,0.21532711251296624,0.1680694300002166
0.95,0.8,4.581489286485114,0.21304160749868759,0.16706320404228422
0.95,0.8,4.71238898038469,0.21067850979616864,0.16600782915588896
0.95,0.8,4.843288674284264,0.20827650874984005,0.16491974536447632
0.95,0.8,4.974188368183839,0.20587937933963954,0.1638197289687652
0.95,0.8,5.105088062083413,0.20353511070719602,0.1627324554206504
0.95,0.8,5.235987755982988,0.20129465965812354,0.16168573292288455
0.95,0.8,5.3668874498825625,0.1992103718258554,0.16070943492032605
0.95,0.8,5.497787143782138,0.19733414073979538,0.15983418457368812
0.95,0.8,5.6286868376817125,0.1957153992336663,0.15908986681040663
0.95,0.8,5.759586531581287,0.19439905613607036,0.15850406141942056
0.95,0.8,5.890486225480862,0.1934235020869183,0.1581005019535804
0.95,0.8,6.021385919380436,0.19281881020816674,0.15789766847571882
0.95,0.8,6.152285613280011,0.1926052496142394,0.157907616693949
0.95,0.875,0.0,0.21320986599472644,0.18303985465715264
0.95,0.875,0.1308996938995747,0.21376885171294838,0.18339798988136127
0.95,0.875,0.2617993877991494,0.21461662019288893,0.18379935192193497
0.95,0.875,0.39269908169872414,0.2157263727353265,0.18422658339932077
0.95,0.875,0.5235987755982988,0.2170609105412201,0.1846568721835161
0.95,0.875,0.6544984694978735,0.21857462462802593,0.18506351838560323
0.95,0.875,0.7853981633974483,0.22021595745303355,0.1854178472517439
0.95,0.875,0.916297857297023,0.22193015973580363,0.18569131472585898
0.95,0.875,1.0471975511965976,0.22366214824783712,0.1858576388915798
0.95,0.875,1.1780972450961724,0.22535926893673042,0.1858947919056769
0.95,0.875,1.308996938995747,0.226973784099887,0.18578670265041697
0.95,0.875,1.4398966328953218,0.22846493041723184,0.1855245479881976
0.95,0.875,1.5707963267948966,0.2298004332491782,0.18510754694063455
0.95,0.875,1.7016960206944711,0.2309574077500991,0.18454321342373445
0.95,0.875,1.832595714594046,0.2319226247455215,0.18384706528499425
0.95,0.875,1.9634954084936205,0.2326921649164002,0.18304182654736545
0.95,0.875,2.0943951023931953,0.23327052511690258,0.18215619292138555
0.95,0.875,2.22529479629277,0.23366927303566928,0.18122325570773054
0.95,0.875,2.356194490192345,0.23390536931160988,0.18027869516129627
0.95,0.875,2.4870941840919194,0.23399928911361867,0.17935886123145775
0.95,0.875,2.617993877991494,0.23397307846796012,0.1784988581877144
0.95,0.875,2.748893571891069,0.23384847536853848,0.1777307414390712
0.95,0.875,2.8797932657906435,0.23364521343583333,0.17708192159229094
0.95,0.875,3.010692959690218,0.23337960831423019,0.1765738542154541
0.95,0.875,3.141592653589793,0.23306350570632484,0.1762210753847772
0.95,0.875,3.2724923474893677,0.2327036463659203,0.17603062402381395
0.95,0.875,3.4033920413889422,0.23230147857376063,0.1760018729905474
0.95,0.875,3.534291735288517,0.2318534234164931,0.1761267721352875
0.95,0.875,3.665191429188092,0.23135157317967645,0.17639048817650982
0.95,0.875,3.7960911230876664,0.23078477882937623,0.1767724081711739
0.95,0.875,3.926990816987241,0.2301400594978397,0.17724745561377286
0.95,0.875,4.057890510886816,0.22940424582870356,0.1777876510885362
0.95,0.875,4.1887902047863905,0.22856575101820162,0.17836383357242447
0.95,0.875,4.319689898685965,0.22761634966061853,0.17894744501292417
0.95,0.875,4.45058959258554,0.22655283655297395,0.17951227108115242
0.95,0.875,4.581489286485114,0.22537843687278034,0.18003602660994247
0.95,0.875,4.71238898038469,0.22410384689623045,0.18050167668998088
0.95,0.875,4.843288674284264,0.22274780143373327,0.18089839490064805
0.95,0.875,4.974188368183839,0.22133709048096498,0.181222079251553
0.95,0.875,5.105088062083413,0.21990598237092565,0.1814753738017001
0.95,0.875,5.235987755982988,0.21849505207823217,0.18166717829696447
0.95,0.875,5.3668874498825625,0.21714945845263767,0.18181166719144623
0.95,0.875,5.497787143782138,0.21591675942961333,0.18192687990440037
0.95,0.875,5.6286868376817125,0.21484439559759594,0.1820329823283823
0.95,0.875,5.759586531581287,0.21397700581130974,0.18215033150304719
0.95,0.875,5.890486225480862,0.21335376013335441,0.18229749736249737
0.95,0.875,6.021385919380436,0.2130059025335763,0.18248940470159467
0.95,0.875,6.152285613280011,0.21295468698860484,0.18273575333422362
0.95,0.9500000000000001,0.0,0.24122502332210874,0.21630154838783988
0.95,0.9500000000000001,0.1308996938995747,0.24169424556861244,0.21650613511734995
0.95,0.9500000000000001,0.2617993877991494,0.24229122306275816,0.21652513202965973
0.95,0.9500000000000001,0.39269908169872414,0.24298773392311399,0.21634310693459247
0.95,0.9500000000000001,0.5235987755982988,0.2437451909324474,0.21594084250486598
0.95,0.9500000000000001,0.6544984694978735,0.24451734070169281,0.2152974186897353
0.95,0.9500000000000001,0.7853981633974483,0.2452535778248063,0.2143927310114515
0.95,0.9500000000000001,0.916297857297023,0.24590260626848318,0.21321021334299997
0.95,0.9500000000000001,1.0471975511965976,0.2464161568771225,0.2117395166641671
0.95,0.9500000000000001,1.1780972450961724,0.2467524729261363,0.2099789023802533
0.95,0.9500000000000001,1.308996938995747,0.24687930366520328,0.2079371383082603
0.95,0.9500000000000001,1.4398966328953218,0.2467761948012439,0.20563473321434067
0.95,0.9500000000000001,1.5707963267948966,0.24643592896234567,0.20310440590731396
0.95,0.9500000000000001,1.7016960206944711,0.24586504138103712,0.20039075051385344
0.95,0.9500000000000001,1.832595714594046,0.2450834090963582,0.19754912383252898
0.95,0.9500000000000001,1.9634954084936205,0.2441229793259787,0.19464383756900905
0.95,0.9500000000000001,2.0943951023931953,0.2430257590286481,0.19174578325431121
0.95,0.9500000000000001,2.22529479629277,0.241841229550153,0.1889296480823309
0.95,0.9500000000000001,2.356194490192345,0.24062337608375942,0.18627089507674713
0.95,0.9500000000000001,2.4870941840919194,0.23942753170101513,0.18384268198473985
0.95,0.9500000000000001,2.617993877991494,0.23830723169710322,0.18171288253290493
0.95,0.9500000000000001,2.748893571891069,0.2373112586672409,0.17994135440103834
0.95,0.9500000000000001,2.8797932657906435,0.236481035271184,0.17857757391680773
0.95,0.9500000000000001,3.010692959690218,0.23584849316349024,0.17765873116231337
0.95,0.9500000000000001,3.141592653589793,0.23543451566447235,0.1772083532941535
0.95,0.9500000000000001,3.2724923474893677,0.23524802030483627,0.17723549982655826
0.95,0.9500000000000001,3.4033920413889422,0.23528571641293375,0.1777345518399387
0.95,0.9500000000000001,3.534291735288517,0.23553254276103627,0.178685597125511
0.95,0.9500000000000001,3.665191429188092,0.23596276075559733,0.1800553941758447
0.95,0.9500000000000001,3.7960911230876664,0.2365416494016944,0.18179887851830254
0.95,0.9500000000000001,3.926990816987241,0.2372277191437643,0.18386115422234064
0.95,0.9500000000000001,4.057890510886816,0.23797533300581333,0.18617989114515743
0.95,0.9500000000000001,4.1887902047863905,0.23873759629070537,0.18868802512188743
0.95,0.9500000000000001,4.319689898685965,0.23946935226489438,0.19131663533215335
0.95,0.9500000000000001,4.45058959258554,0.24013010327738504,0.19399785286048118
0.95,0.9500000000000001,4.581489286485114,0.24068666752723458,0.19666764003098933
0.95,0.9500000000000001,4.71238898038469,0.24111538408234887,0.19926827466243982
0.95,0.9500000000000001,4.843288674284264,0.24140369508821768,0.20175037985748365
0.95,0.9500000000000001,4.974188368183839,0.2415509656174802,0.2040743602916882
0.95,0.9500000000000001,5.105088062083413,0.24156844800162525,0.20621114076087763
0.95,0.9500000000000001,5.235987755982988,0.24147835664113182,0.2081421507367791
0.95,0.9500000000000001,5.3668874498825625,0.24131208721529399,0.20985855671414458
0.95,0.9500000000000001,5.497787143782138,0.24110768531568194,0.21135980729728407
0.95,0.9500000000000001,5.6286868376817125,0.24090673708116528,0.21265161807144584
0.95,0.9500000000000001,5.759586531581287,0.2407509113450189,0.2137435775468475
0.95,0.9500000000000001,5.890486225480862,0.24067842252946545,0.2146465953561163
0.95,0.9500000000000001,6.021385919380436,0.24072070082791397,0.21537043410222245
0.95,0.9500000000000001,6.152285613280011,0.24089954803876137,0.21592156344739766
0.95,1.0250000000000001,0.0,0.27716750384627836,0.25739040392136936
0.95,1.0250000000000001,0.1308996938995747,0.2774830516689311,0.2573760851460222
0.95,1.0250000000000001,0.2617993877991494,0.27771004976609087,0.2568955596353506
0.95,1.0250000000000001,0.39269908169872414,0.2778192760880361,0.25593601733746396
0.95,1.0250000000000001,0.5235987755982988,0.27777133862791076,0.2544827625481978
0.95,1.0250000000000001,0.6544984694978735,0.27752031602016647,0.25252200500757516
0.95,1.0250000000000001,0.7853981633974483,0.2770181971390527,0.25004420965117685
0.95,1.0250000000000001,0.916297857297023,0.2762197221432883,0.24704766091552002
0.95,1.0250000000000001,1.0471975511965976,0.27508719805106274,0.24354187688713527
0.95,1.0250000000000001,1.1780972450961724,0.27359487424348045,0.23955052616576836
0.95,1.0250000000000001,1.308996938995747,0.2717325140582647,0.23511355246278118
0.95,1.0250000000000001,1.4398966328953218,0.26950788053766866,0.23028829110719115
0.95,1.0250000000000001,1.5707963267948966,0.26694795703826985,0.22514945748286244
0.95,1.0250000000000001,1.7016960206944711,0.26409883495823255,0.21978798844445516
0.95,1.0250000000000001,1.832595714594046,0.2610243094603651,0.21430881281458328
0.95,1.0250000000000001,1.9634954084936205,0.2578033195044511,0.20882770681062954
0.95,1.0250000000000001,2.0943951023931953,0.25452644312677,0.20346744822577678
0.95,1.0250000000000001,2.22529479629277,0.2512917084003972,0.19835351633152976
0.95,1.0250000000000001,2.356194490192345,0.24820000399238784,0.19360959314714488
0.95,1.0250000000000001,2.4870941840919194,0.24535037284772235,0.18935310920451945
0.95,1.0250000000000001,2.617993877991494,0.2428354527398977,0.18569104855427995
0.95,1.0250000000000001,2.748893571891069,0.24073729397281318,0.18271618981546678
0.95,1.0250000000000001,2.8797932657906435,0.23912374339974365,0.18050391878593244
0.95,1.0250000000000001,3.010692959690218,0.23804554049470203,0.17910970870771167
0.95,1.0250000000000001,3.141592653589793,0.23753422942987967,0.17856733026220536
0.95,1.0250000000000001,3.2724923474893677,0.23760095324782612,0.17888782633165898
0.95,1.0250000000000001,3.4033920413889422,0.23823616275292117,0.18005926613885462
0.95,1.0250000000000001,3.534291735288517,0.23941024268894787,0.18204727761180695
0.95,1.0250000000000001,3.665191429188092,0.24107502915232418,0.1847963427334696
0.95,1.0250000000000001,3.7960911230876664,0.24316616276696937,0.1882318249471434
0.95,1.0250000000000001,3.926990816987241,0.2456061900291794,0.19226267755728876
0.95,1.0250000000000001,4.057890510886816,0.24830828964698018,0.1967847558005361
0.95,1.0250000000000001,4.1887902047863905,0.2511804623322817,0.20168462281485802
0.95,1.0250000000000001,4.319689898685965,0.25412998380764695,0.2068437030099928
0.95,1.0250000000000001,4.45058959258554,0.25706788584028434,0.21214259911345193
0.95,1.0250000000000001,4.581489286485114,0.2599132041570556,0.21746535672549624
0.95,1.0250000000000001,4.71238898038469,0.2625967208764353,0.22270343864457343
0.95,1.0250000000000001,4.843288674284264,0.26506393780870835,0.22775916644541608
0.95,1.0250000000000001,4.974188368183839,0.26727704938539676,0.23254840349996528
0.95,1.0250000000000001,5.105088062083413,0.2692157412865174,0.23700229427094854
0.95,1.0250000000000001,5.235987755982988,0.2708767212391185,0.24106793869356766
0.95,1.0250000000000001,5.3668874498825625,0.2722719866692293,0.24470796380027515
0.95,1.0250000000000001,5.497787143782138,0.273425941593069,0.24789905017999894
0.95,1.0250000000000001,5.6286868376817125,0.2743715816230532,0.2506295685584188
0.95,1.0250000000000001,5.759586531581287,0.2751460594566027,0.2528965705015664
0.95,1.0250000000000001,5.890486225480862,0.27578601235277017,0.2547024458245242
0.95,1.0250000000000001,6.021385919380436,0.27632306850026517,0.2560515982834216
0.95,1.0250000000000001,6.152285613280011,0.2767799448983063,0.2569474942196328
0.95,1.1,0.0,0.3195470777023028,0.3040736911310006
0.95,1.1,0.1308996938995747,0.31965374038390854,0.3037894828793334
0.95,1.1,0.2617993877991494,0.31942188463111265,0.3027355757786025
0.95,1.1,0.39269908169872414,0.31882099727340196,0.3009014647606191
0.95,1.1,0.5235987755982988,0.317810294968696,0.298276262144511
0.95,1.1,0.6544984694978735,0.31634361853262805,0.294852482203595
0.95,1.1,0.7853981633974483,0.3143753652536205,0.2906305592444514
0.95,1.1,0.916297857297023,0.3118668796805741,0.2856235945157863
0.95,1.1,1.0471975511965976,0.3087926883985415,0.27986180362455015
0.95,1.1,1.1780972450961724,0.30514599352316,0.2733961714220566
0.95,1.1,1.308996938995747,0.3009429267484674,0.26630090874011736
0.95,1.1,1.4398966328953218,0.29622519781436873,0.25867443182695604
0.95,1.1,1.5707963267948966,0.2910609307094885,0.25063873362770905
0.95,1.1,1.7016960206944711,0.2855436483220148,0.2423371674317116
0.95,1.1,1.832595714594046,0.27978952289192,0.2339308003055048
0.95,1.1,1.9634954084936205,0.27393313998558877,0.2255936021304108
0.95,1.1,2.0943951023931953,0.26812211724748675,0.2175068071035041
0.95,1.1,2.22529479629277,0.26251097115538874,0.20985281526806732
0.95,1.1,2.356194490192345,0.2572546364352944,0.2028089946722734
0.95,1.1,2.4870941840919194,0.25250201959719504,0.19654170733840504
0.95,1.1,2.617993877991494,0.24838991946082023,0.1912008244968204
0.95,1.1,2.748893571891069,0.24503758431801703,0.18691492967132126
0.95,1.1,2.8797932657906435,0.24254210796446052,0.18378734257497445
0.95,1.1,3.010692959690218,0.24097480385379644,0.18189304052832803
0.95,1.1,3.141592653589793,0.24037864379634524,0.18127651219403076
0.95,1.1,3.2724923474893677,0.24076680730548428,0.18195055223645995
0.95,1.1,3.4033920413889422,0.24212235898609033,0.18389599312959906
0.95,1.1,3.534291735288517,0.24439905070024728,0.1870623671443272
0.95,1.1,3.665191429188092,0.2475232273650334,0.19136949127542988
0.95,1.1,3.7960911230876664,0.251396794407984,0.19670996377628813
0.95,1.1,3.926990816987241,0.255901176112423,0.20295254708436014
0.95,1.1,4.057890510886816,0.260902154263246,0.20994638419643805
0.95,1.1,4.1887902047863905,0.26625542533760393,0.21752595278329134
0.95,1.1,4.319689898685965,0.2718126549807901,0.2255166057018835
0.95,1.1,4.45058959258554,0.27742774686018634,0.233740483704889
0.95,1.1,4.581489286485114,0.2829629880664944,0.24202252465237697
0.95,1.1,4.71238898038469,0.2882946953417072,0.25019624386439543
0.95,1.1,4.843288674284264,0.2933179757373613,0.2581089332271438
0.95,1.1,4.974188368183839,0.29795024009902427,0.26562593157883524
0.95,1.1,5.105088062083413,0.3021331725202069,0.27263366172055414
0.95,1.1,5.235987755982988,0.30583296306295443,0.27904121123315867
0.95,1.1,5.3668874498825625,0.30903874822067773,0.28478035051445744
0.95,1.1,5.497787143782138,0.31175936182095926,0.28980402174415
0.95,1.1,5.6286868376817125,0.31401866188259636,0.29408348173705967
0.95,1.1,5.759586531581287,0.3158498473671809,0.2976044218652259
0.95,1.1,5.890486225480862,0.3172892938709363,0.3003625010113153
0.95,1.1,6.021385919380436,0.31837050295490404,0.3023587967858465
0.95,1.1,6.152285613280011,0.3191187651206967,0.3035956947923553
0.95,1.175,0.0,0.36527804363219246,0.35278050864806715
0.95,1.175,0.1308996938995747,0.36513841132754593,0.35219899879599753
0.95,1.175,0.2617993877991494,0.3644086904568138,0.3505602825313368
0.95,1.175,0.39269908169872414,0.3630557144990907,0.34785440398433326
0.95,1.175,0.5235987755982988,0.36103500830982593,0.34407129037246414
0.95,1.175,0.6544984694978735,0.35829735153777914,0.3392059342347385
0.95,1.175,0.7853981633974483,0.35479669214733195,0.3332645614446221
0.95,1.175,0.916297857297023,0.35049857911568916,0.3262710551278728
0.95,1.175,1.0471975511965976,0.34538824429524434,0.3182728800321193
0.95,1.175,1.1780972450961724,0.3394775211023367,0.30934581517566434
0.95,1.175,1.308996938995747,0.3328099305708744,0.29959694282510135
0.95,1.175,1.4398966328953218,0.32546347155835753,0.28916553737365325
0.95,1.175,1.5707963267948966,0.3175508928878934,0.2782217207680138
0.95,1.175,1.7016960206944711,0.3092174700396528,0.2669629722922403
0.95,1.175,1.832595714594046,0.30063652890188464,0.25560877297704104
0.95,1.175,1.9634954084936205,0.2920031313541489,0.24439380825739854
0.95,1.175,2.0943951023931953,0.28352644807276534,0.23356023516280744
0.95,1.175,2.22529479629277,0.27542138871004934,0.223349540333411
0.95,1.175,2.356194490192345,0.2679000435497136,0.21399447943141073
0.95,1.175,2.4870941840919194,0.2611634263636914,0.20571151075548702
0.95,1.175,2.617993877991494,0.2553939125111376,0.19869403363983484
0.95,1.175,2.748893571891069,0.2507486578295244,0.1931066338105769
0.95,1.175,2.8797932657906435,0.24735417949678182,0.18908043943538244
0.95,1.175,3.010692959690218,0.24530219283570331,0.18670961500150388
0.95,1.175,3.141592653589793,0.24464673568204154,0.18604897177326207
0.95,1.175,3.2724923474893677,0.24540257629994952,0.18711265402174346
0.95,1.175,3.4033920413889422,0.247544888330499,0.18987386490166383
0.95,1.175,3.534291735288517,0.2510101790401557,0.19426561615802065
0.95,1.175,3.665191429188092,0.2556984646846224,0.20018251072988638
0.95,1.175,3.7960911230876664,0.26147668786056916,0.20748358507866071
0.95,1.175,3.926990816987241,0.2681833562863,0.21599623817782257
0.95,1.175,4.057890510886816,0.27563434359907085,0.22552124894770656
0.95,1.175,4.1887902047863905,0.2836297281538939,0.2358388302335248
0.95,1.175,4.319689898685965,0.29196145865276385,0.24671558731225773
0.95,1.175,4.45058959258554,0.30042153459335436,0.2579121501467638
0.95,1.175,4.581489286485114,0.30881028890444223,0.26919114414238304
0.95,1.175,4.71238898038469,0.3169442768679919,0.28032507067273627
0.95,1.175,4.843288674284264,0.32466322750677495,0.29110360420429016
0.95,1.175,4.974188368183839,0.33183551676883555,0.3013397939951059
0.95,1.175,5.105088062083413,0.3383616865012368,0.310874696958442
0.95,1.175,5.235987755982988,0.3441756618758054,0.31958006886798845
0.95,1.175,5.3668874498825625,0.3492435056674738,0.3273588989871126
0.95,1.175,5.497787143782138,0.3535597740565495,0.33414377426427366
0.95,1.175,5.6286868376817125,0.3571417808577842,0.3398932810349254
0.95,1.175,5.759586531581287,0.3600223056915967,0.344586866869739
0.95,1.175,5.890486225480862,0.36224146613073743,0.34821876352379943
0.95,1.175,6.021385919380436,0.36383858750604353,0.35079168763996593
0.95,1.175,6.152285613280011,0.3648449280357668,0.35231107002875106
0.95,1.25,0.0,0.41025304538180113,0.39924617268187723
0.95,1.25,0.1308996938995747,0.4098548193686274,0.39837007808785496
0.95,1.25,0.2617993877991494,0.4086521823768325,0.39620924549737974
0.95,1.25,0.39269908169872414,0.4066065862118345,0.3927507581821084
0.95,1.25,0.5235987755982988,0.4036654159374633,0.38797962973057
0.95,1.25,0.6544984694978735,0.39977076380085835,0.38188593111125146
0.95,1.25,0.7853981633974483,0.3948699601140773,0.3744732631396419
0.95,1.25,0.916297857297023,0.38892668817810777,0.365767535107071
0.95,1.25,1.0471975511965976,0.38193147029163627,0.35582498479187974
0.95,1.25,1.1780972450961724,0.3739104145609266,0.34473848040657434
0.95,1.25,1.308996938995747,0.36493133777139075,0.3326413614064261
0.95,1.25,1.4398966328953218,0.3551066924798814,0.31970836806575426
0.95,1.25,1.5707963267948966,0.3445930815480443,0.30615353617610713
0.95,1.25,1.7016960206944711,0.3335874928932747,0.29222524830696267
0.95,1.25,1.832595714594046,0.3223206883518259,0.27819889722346197
0.95,1.25,1.9634954084936205,0.31104840103501097,0.264367801593124
0.95,1.25,2.0943951023931953,0.3000411177488908,0.25103310468188467
0.95,1.25,2.22529479629277,0.28957324504590937,0.23849338410014967
0.95,1.25,2.356194490192345,0.27991239165948484,0.2270346189073541
0.95,1.25,2.4870941840919194,0.27130936951543544,0.2169210231594462
0.95,1.25,2.617993877991494,0.263989349155326,0.20838709058361463
0.95,1.25,2.748893571891069,0.258144432816853,0.20163103145045078
0.95,1.25,2.8797932657906435,0.2539277552878439,0.1968096432912337
0.95,1.25,3.010692959690218,0.2514491074141363,0.19403455787098856
0.95,1.25,3.141592653589793,0.25077200925213333,0.1933697550576442
0.95,1.25,3.2724923474893677,0.25191213949605995,0.19483022864921526
0.95,1.25,3.4033920413889422,0.2548370470020064,0.19838172123222275
0.95,1.25,3.534291735288517,0.25946711473509654,0.2039415007580557
0.95,1.25,3.665191429188092,0.265677798327815,0.21138021360885198
0.95,1.25,3.7960911230876664,0.2733032017112073,0.2205248995801906
0.95,1.25,3.926990816987241,0.2821410638389262,0.23116327711625773
0.95,1.25,4.057890510886816,0.29195920073341636,0.24304938984397617
0.95,1.25,4.1887902047863905,0.3025033700704443,0.25591064149077036
0.95,1.25,4.319689898685965,0.3135064038834518,0.26945613680132885
0.95,1.25,4.45058959258554,0.32469830044974146,0.2833861008275838
0.95,1.25,4.581489286485114,0.3358167992653869,0.2974019860058332
0.95,1.25,4.71238898038469,0.34661780982971235,0.31121672044018744
0.95,1.25,4.843288674284264,0.3568849550894697,0.3245644299049642
0.95,1.25,4.974188368183839,0.3664374511836673,0.3372089073894316
0.95,1.25,5.105088062083413,0.37513559680122827,0.34895012869581404
0.95,1.25,5.235987755982988,0.3828832965594689,0.3596282311740171
0.95,1.25,5.3668874498825625,0.38962728704860855,0.36912458169703705
0.95,1.25,5.497787143782138,0.39535304971779245,0.37735984089822977
0.95,1.25,5.6286868376817125,0.4000777460675718,0.38428925135796915
0.95,1.25,5.759586531581287,0.403840852910139,0.3898956962090776
0.95,1.25,5.890486225480862,0.4066934612975181,0.3941813465305814
0.95,1.25,6.021385919380436,0.4086873892592788,0.3971588996973119
0.95,1.25,6.152285613280011,0.4098653145758239,0.3988434759863617
0.95,1.3250000000000002,0.0,0.45012510908672093,0.43927911585021784
0.95,1.3250000000000002,0.1308996938995747,0.449485240727764,0.4381439682221007
0.95,1.3250000000000002,0.2617993877991494,0.4479042170910634,0.43559951076889764
0.95,1.3250000000000002,0.39269908169872414,0.4453338371191344,0.4316244645730289
0.95,1.3250000000000002,0.5235987755982988,0.4417065132387932,0.42619029917199375
0.95,1.3250000000000002,0.6544984694978735,0.43694694212294144,0.4192710071512371
0.95,1.3250000000000002,0.7853981633974483,0.43098605763856607,0.4108547227026153
0.95,1.3250000000000002,0.916297857297023,0.4237756361299008,0.4009557303570835
0.95,1.3250000000000002,1.0471975511965976,0.41530188856507566,0.38962538790212714
0.95,1.3250000000000002,1.1780972450961724,0.405596544555949,0.376960653347731
0.95,1.3250000000000002,1.308996938995747,0.39474427723835914,0.36310922815675406
0.95,1.3250000000000002,1.4398966328953218,0.3828857797482354,0.3482707549269419
0.95,1.3250000000000002,1.5707963267948966,0.3702163142946886,0.332693972382399
0.95,1.3250000000000002,1.7016960206944711,0.3569800422774155,0.3166701678667655
0.95,1.3250000000000002,1.832595714594046,0.3434608462719746,0.3005236209243305
0.95,1.3250000000000002,1.9634954084936205,0.32997062780594333,0.2845999621655328
0.95,1.3250000000000002,2.0943951023931953,0.31683618787691353,0.26925346298961267
0.95,1.3250000000000002,2.22529479629277,0.3043857736150977,0.2548342302200717
0.95,1.3250000000000002,2.356194490192345,0.29293622900874694,0.24167613080533404
0.95,1.3250000000000002,2.4870941840919194,0.2827814595164258,0.23008605358153597
0.95,1.3250000000000002,2.617993877991494,0.2741826556141515,0.22033487057363943
0.95,1.3250000000000002,2.748893571891069,0.26736046338053204,0.21265022951786924
0.95,1.3250000000000002,2.8797932657906435,0.2624890775191145,0.20721112367300196
0.95,1.3250000000000002,3.010692959690218,0.25969208780108555,0.20414406398785193
0.95,1.3250000000000002,3.141592653589793,0.2590398437998783,0.2035206289033645
0.95,1.3250000000000002,3.2724923474893677,0.26054811153528795,0.20535618346930828
0.95,1.3250000000000002,3.4033920413889422,0.26417786461930765,0.20960962791412996
0.95,1.3250000000000002,3.534291735288517,0.2698361590197718,0.2161841360019324
0.95,1.3250000000000002,3.665191429188092,0.27737815734950527,0.2249289518356211
0.95,1.3250000000000002,3.7960911230876664,0.28661046730988066,0.23564240591149974
0.95,1.3250000000000002,3.926990816987241,0.2972960135109701,0.24807636468210367
0.95,1.3250000000000002,4.057890510886816,0.3091606520600818,0.26194232445609367
0.95,1.3250000000000002,4.1887902047863905,0.3219016516841779,0.2769192890359082
0.95,1.3250000000000002,4.319689898685965,0.3351980041062685,0.2926634296808828
0.95,1.3250000000000002,4.45058959258554,0.3487223037941923,0.3088193262059638
0.95,1.3250000000000002,4.581489286485114,0.3621536803857975,0.3250323521828817
0.95,1.3250000000000002,4.71238898038469,0.3751910145955378,0.3409615292199961
0.95,1.3250000000000002,4.843288674284264,0.3875654650893465,0.3562919761395886
0.95,1.3250000000000002,4.974188368183839,0.39905122391144343,0.3707459603204592
0.95,1.3250000000000002,5.105088062083413,0.40947343707443284,0.3840915554462021
0.95,1.3250000000000002,5.235987755982988,0.4187123939064968,0.3961480428308877
0.95,1.3250000000000002,5.3668874498825625,0.4267034005961654,0.40678746246206304
0.95,1.3250000000000002,5.497787143782138,0.4334321825743097,0.415932101966434
0.95,1.3250000000000002,5.6286868376817125,0.4389261571734219,0.4235481624202364
0.95,1.3250000000000002,5.759586531581287,0.4432424167527261,0.4296362990738601
0.95,1.3250000000000002,5.890486225480862,0.446453691448152,0.4342201357805169
0.95,1.3250000000000002,6.021385919380436,0.4486338535864876,0.4373341316495732
0.95,1.3250000000000002,6.152285613280011,0.4498446329304607,0.43901228967028466
0.95,1.4000000000000001,0.0,0.4811161335580296,0.4694766319525379
0.95,1.4000000000000001,0.1308996938995747,0.4802809447925089,0.4681490419646495
0.95,1.4000000000000001,0.2617993877991494,0.47848120437289166,0.46542612307505227
0.95,1.4000000000000001,0.39269908169872414,0.475653231317819,0.46127103670149067
0.95,1.4000000000000001,0.5235987755982988,0.47170527499276477,0.4556303770047863
0.95,1.4000000000000001,0.6544984694978735,0.4665329228412321,0.44844744536286396
0.95,1.4000000000000001,0.7853981633974483,0.4600374570050298,0.43967803481349627
0.95,1.4000000000000001,0.916297857297023,0.4521449318334436,0.429306730863362
0.95,1.4000000000000001,1.0471975511965976,0.44282372152554617,0.4173617214409681
0.95,1.4000000000000001,1.1780972450961724,0.4320985556508628,0.4039263586322388
0.95,1.4000000000000001,1.308996938995747,0.42005956863560395,0.3891461797941111
0.95,1.4000000000000001,1.4398966328953218,0.40686555272595754,0.37323069704247297
0.95,1.4000000000000001,1.5707963267948966,0.3927413193686325,0.3564499072099368
0.95,1.4000000000000001,1.7016960206944711,0.37796973757943864,0.3391260648104349
0.95,1.4000000000000001,1.832595714594046,0.36287954197520067,0.3216217199825158
0.95,1.4000000000000001,1.9634954084936205,0.3478303292208776,0.3043253013499105
0.95,1.4000000000000001,2.0943951023931953,0.333196267406479,0.28763560363987756
0.95,1.4000000000000001,2.22529479629277,0.31934994237924696,0.2719464382889466
0.95,1.4000000000000001,2.356194490192345,0.3066475023334412,0.2576324650685067
0.95,1.4000000000000001,2.4870941840919194,0.2954159000162148,0.24503690240472156
0.95,1.4000000000000001,2.617993877991494,0.28594263982780616,0.23446147517812857
0.95,1.4000000000000001,2.748893571891069,0.27846807795736855,0.22615865526190918
0.95,1.4000000000000001,2.8797932657906435,0.27318004551422653,0.22032602047928604
0.95,1.4000000000000001,3.010692959690218,0.27021039549766895,0.2171024221044466
0.95,1.4000000000000001,3.141592653589793,0.26963302199248645,0.21656561186522572
0.95,1.4000000000000001,3.2724923474893677,0.27146295384408586,0.21873102486675733
0.95,1.4000000000000001,3.4033920413889422,0.2756562614092158,0.22355152372740975
0.95,1.4000000000000001,3.534291735288517,0.2821107011764849,0.2309180551035189
0.95,1.4000000000000001,3.665191429188092,0.2906672220516164,0.24066132421546285
0.95,1.4000000000000001,3.7960911230876664,0.30111263098618246,0.2525547273941761
0.95,1.4000000000000001,3.926990816987241,0.3131838289612147,0.26631886985150893
0.95,1.4000000000000001,4.057890510886816,0.3265740516401561,0.28162801201470977
0.95,1.4000000000000001,4.1887902047863905,0.3409414629791388,0.29811871545754154
0.95,1.4000000000000001,4.319689898685965,0.35592024987028603,0.3154007918293914
0.95,1.4000000000000001,4.45058959258554,0.3711340649880264,0.3330704030762956
0.95,1.4000000000000001,4.581489286485114,0.3862112969336744,0.3507248440691166
0.95,1.4000000000000001,4.71238898038469,0.40080126347670947,0.36797820233676487
0.95,1.4000000000000001,4.843288674284264,0.4145900898359101,0.38447678999478824
0.95,1.4000000000000001,4.974188368183839,0.42731481706900337,0.39991304110848325
0.95,1.4000000000000001,5.105088062083413,0.43877424395970294,0.41403651816109077
0.95,1.4000000000000001,5.235987755982988,0.4488351755429772,0.42666081008293083
0.95,1.4000000000000001,5.3668874498825625,0.45743313697928656,0.4376654390469678
0.95,1.4000000000000001,5.497787143782138,0.4645671804310765,0.4469923977299106
0.95,1.4000000000000001,5.6286868376817125,0.4702890975851502,0.4546375539087439
0.95,1.4000000000000001,5.759586531581287,0.4746880579685619,0.46063780085884165
0.95,1.4000000000000001,5.890486225480862,0.4778723179744769,0.465055403789919
0.95,1.4000000000000001,6.021385919380436,0.4799500879960412,0.46796140253648016
0.95,1.4000000000000001,6.152285613280011,0.4810118287838327,0.4694201075194761
0.95,1.475,0.0,0.5006748153389102,0.4877422391423125
0.95,1.475,0.1308996938995747,0.4997159793724666,0.4863139684734264
0.95,1.475,0.2617993877991494,0.497908087108571,0.4836656292754176
0.95,1.475,0.39269908169872414,0.49516477594314906,0.47973618715315514
0.95,1.475,0.5235987755982988,0.4913589181499735,0.4744339366984161
0.95,1.475,0.6544984694978735,0.48634275154577206,0.46765424641222286
0.95,1.475,0.7853981633974483,0.47997178576815847,0.45930066618214765
0.95,1.475,0.916297857297023,0.47212949114268826,0.4493067226824381
0.95,1.475,1.0471975511965976,0.4627497796903534,0.43765573115544715
0.95,1.475,1.1780972450961724,0.451834693093846,0.424396314931877
0.95,1.475,1.308996938995747,0.4394654420417194,0.40965197491187105
0.95,1.475,1.4398966328953218,0.42580587008431364,0.3936238763830378
0.95,1.475,1.5707963267948966,0.4110983936395551,0.3765868855733117
0.95,1.475,1.7016960206944711,0.39565335098483784,0.3588796622570505
0.95,1.475,1.832595714594046,0.3798333568968358,0.3408901925928729
0.95,1.475,1.9634954084936205,0.36403463157488325,0.32303846572153855
0.95,1.475,2.0943951023931953,0.3486673326562852,0.30575804579889526
0.95,1.475,2.22529479629277,0.33413670013961516,0.2894781021341794
0.95,1.475,2.356194490192345,0.3208263994123563,0.27460710273343075
0.95,1.475,2.4870941840919194,0.30908491364053164,0.2615189367590995
0.95,1.475,2.617993877991494,0.2992152925812644,0.2505417936328286
0.95,1.475,2.748893571891069,0.2914680946756511,0.24194975825001608
0.95,1.475,2.8797932657906435,0.2860370210063287,0.2359568246928374
0.95,1.475,3.010692959690218,0.28305656066883794,0.23271289909927817
0.95,1.475,3.141592653589793,0.2826009464360036,0.23230134734360153
0.95,1.475,3.2724923474893677,0.28468383486402365,0.23473772161757664
0.95,1.475,3.4033920413889422,0.2892583403797178,0.23996944227977104
0.95,1.475,3.534291735288517,0.2962173260639019,0.247876387526175
0.95,1.475,3.665191429188092,0.3053941404711135,0.25827252562577874
0.95,1.475,3.7960911230876664,0.31656424575513653,0.27090888616681513
0.95,1.475,3.926990816987241,0.32944836506883746,0.28547828121571295
0.95,1.475,4.057890510886816,0.3437178480105277,0.30162222707647107
0.95,1.475,4.1887902047863905,0.359002881538436,0.31894045701556684
0.95,1.475,4.319689898685965,0.3749039451205143,0.3370032374790364
0.95,1.475,4.45058959258554,0.3910065303285937,0.35536640358288124
0.95,1.475,4.581489286485114,0.40689865219296384,0.3735886358953109
0.95,1.475,4.71238898038469,0.4221901370390546,0.39125005816294545
0.95,1.475,4.843288674284264,0.4365321671189382,0.4079708164662597
0.95,1.475,4.974188368183839,0.4496351944659027,0.42342798912343665
0.95,1.475,5.105088062083413,0.46128319566048503,0.43736905515361135
0.95,1.475,5.235987755982988,0.4713423888321115,0.44962027720412095
0.95,1.475,5.3668874498825625,0.47976299317261367,0.46008875430410834
0.95,1.475,5.497787143782138,0.4865733447206149,0.4687575442015985
0.95,1.475,5.6286868376817125,0.4918666022898854,0.4756740692227622
0.95,1.475,5.759586531581287,0.4957812547644296,0.48093288948035084
0.95,1.475,5.890486225480862,0.4984775252937092,0.48465471834098617
0.95,1.475,6.021385919380436,0.5001124139396267,0.48696413604154004
0.95,1.475,6.152285613280011,0.5008164138650697,0.48796872416070797
0.95,1.5500000000000003,0.0,0.5078531914444758,0.49351615109606745
0.95,1.5500000000000003,0.1308996938995747,0.5068602076816694,0.4920949289499679
0.95,1.5500000000000003,0.2617993877991494,0.5052836487959596,0.48979642190672606
0.95,1.5500000000000003,0.39269908169872414,0.503006282063475,0.48652594692932083
0.95,1.5500000000000003,0.5235987755982988,0.4998530175596106,0.48213899181470676
0.95,1.5500000000000003,0.6544984694978735,0.49561686176601666,0.47646445746698224
0.95,1.5500000000000003,0.7853981633974483,0.4900896421609249,0.4693323042562401
0.95,1.5500000000000003,0.916297857297023,0.4830935562113787,0.46060209743896996
0.95,1.5500000000000003,1.0471975511965976,0.4745096438464287,0.450188978748179
0.95,1.5500000000000003,1.1780972450961724,0.46429987271652834,0.43808410231740114
0.95,1.5500000000000003,1.308996938995747,0.45252054456008084,0.424367459331817
0.95,1.5500000000000003,1.4398966328953218,0.4393259986041931,0.40921211710511995
0.95,1.5500000000000003,1.5707963267948966,0.42496289317295055,0.39288002877208594
0.95,1.5500000000000003,1.7016960206944711,0.40975648636275785,0.3757105525326625
0.95,1.5500000000000003,1.832595714594046,0.3940911509922107,0.3581035182775005
0.95,1.5500000000000003,1.9634954084936205,0.37838775749299636,0.3404990215688281
0.95,1.5500000000000003,2.0943951023931953,0.363080530351086,0.32335610886192095
0.95,1.5500000000000003,2.22529479629277,0.3485955925820808,0.30713220620168363
0.95,1.5500000000000003,2.356194490192345,0.3353327756998527,0.2922646428759627
0.95,1.5500000000000003,2.4870941840919194,0.32365153155886545,0.2791550541261208
0.95,1.5500000000000003,2.617993877991494,0.3138610733454166,0.2681569236261188
0.95,1.5500000000000003,2.748893571891069,0.30621430152805057,0.2595661248350207
0.95,1.5500000000000003,2.8797932657906435,0.30090469829247385,0.25361407591331825
0.95,1.5500000000000003,3.010692959690218,0.2980652170299836,0.2504630314943464
0.95,1.5500000000000003,3.141592653589793,0.2977682314064615,0.250203064765002
0.95,1.5500000000000003,3.2724923474893677,0.30002579888404785,0.2528504027248591
0.95,1.5500000000000003,3.4033920413889422,0.30478978588930117,0.2583469274705898
0.95,1.5500000000000003,3.534291735288517,0.31195174748533744,0.26656081978055784
0.95,1.5500000000000003,3.665191429188092,0.3213428097416034,0.27728848239023224
0.95,1.5500000000000003,3.7960911230876664,0.3327341271313551,0.2902580280409544
0.95,1.5500000000000003,3.926990816987241,0.3458387380372139,0.305134736277418
0.95,1.5500000000000003,4.057890510886816,0.36031577358922356,0.3215289473539849
0.95,1.5500000000000003,4.1887902047863905,0.37577794403502346,0.3390068361819804
0.95,1.5500000000000003,4.319689898685965,0.3918029987180733,0.35710435778578486
0.95,1.5500000000000003,4.45058959258554,0.4079494209870651,0.37534435559651974
0.95,1.5500000000000003,4.581489286485114,0.42377600596554404,0.39325638145753644
0.95,1.5500000000000003,4.71238898038469,0.43886424929782636,0.4103982371688218
0.95,1.5500000000000003,4.843288674284264,0.45284176143226545,0.4263776971543183
0.95,1.5500000000000003,4.974188368183839,0.46540435189650303,0.4408724235596739
0.95,1.5500000000000003,5.105088062083413,0.4763341371199754,0.45364585719555633
0.95,1.5500000000000003,5.235987755982988,0.485511117704234,0.46455695584102297
0.95,1.5500000000000003,5.3668874498825625,0.4929161914237124,0.4735621018978587
0.95,1.5500000000000003,5.497787143782138,0.49862448498807305,0.48070829377806074
0.95,1.5500000000000003,5.6286868376817125,0.5027890904892232,0.4861177787080051
0.95,1.5500000000000003,5.759586531581287,0.5056166074120023,0.4899654292177627
0.95,1.5500000000000003,5.890486225480862,0.5073371090906685,0.49245122857648266
0.95,1.5500000000000003,6.021385919380436,0.5081720670175435,0.4937710292401667
0.95,1.5500000000000003,6.152285613280011,0.5083042117071189,0.49408913532562077
0.95,1.6250000000000002,0.0,0.5033444940408557,0.48770356446454755
0.95,1.6250000000000002,0.1308996938995747,0.5024149043681098,0.48640207116672446
0.95,1.6250000000000002,0.2617993877991494,0.5013118403508156,0.48472215565285626
0.95,1.6250000000000002,0.39269908169872414,0.4998786113908993,0.48252607402185754
0.95,1.6250000000000002,0.5235987755982988,0.4978791611879257,0.4796022749700402
0.95,1.6250000000000002,0.6544984694978735,0.49503099745978424,0.4756951297927398
0.95,1.6250000000000002,0.7853981633974483,0.4910440489236483,0.4705402748945275
0.95,1.6250000000000002,0.916297857297023,0.48566034724065704,0.4639010851422149
0.95,1.6250000000000002,1.0471975511965976,0.478689544930521,0.45560187583609396
0.95,1.6250000000000002,1.1780972450961724,0.47003611390933225,0.4455541321477432
0.95,1.6250000000000002,1.308996938995747,0.45971545682475634,0.43377324138695056
0.95,1.6250000000000002,1.4398966328953218,0.4478578516846705,0.4203846350478479
0.95,1.6250000000000002,1.5707963267948966,0.43470084818292953,0.4056196830145075
0.95,1.6250000000000002,1.7016960206944711,0.4205721674553858,0.3898028883742764
0.95,1.6250000000000002,1.832595714594046,0.405866118975799,0.3733327370501991
0.95,1.6250000000000002,1.9634954084936205,0.39101693467985615,0.3566588830253867
0.95,1.6250000000000002,2.0943951023931953,0.3764722415936137,0.3402582189810086
0.95,1.6250000000000002,2.22529479629277,0.36266926257036497,0.3246119015348878
0.95,1.6250000000000002,2.356194490192345,0.3500154305329122,0.31018473056502055
0.95,1.6250000000000002,2.4870941840919194,0.33887412761441177,0.2974075936995697
0.95,1.6250000000000002,2.617993877991494,0.32955539654243354,0.2866631190603535
0.95,1.6250000000000002,2.748893571891069,0.32231084050746256,0.2782743115506701
0.95,1.6250000000000002,2.8797932657906435,0.3173315811926227,0.27249579246450056
0.95,1.6250000000000002,3.010692959690218,0.3147480684802996,0.26950727508851174
0.95,1.6250000000000002,3.141592653589793,0.3146306711512803,0.2694090166238056
0.95,1.6250000000000002,3.2724923474893677,0.31699025071661846,0.2722191163395109
0.95,1.6250000000000002,3.4033920413889422,0.3217782633122637,0.27787263375125143
0.95,1.6250000000000002,3.534291735288517,0.3288863011100414,0.2862225666495395
0.95,1.6250000000000002,3.665191429188092,0.338145348713012,0.29704277424344866
0.95,1.6250000000000002,3.7960911230876664,0.3493253731876436,0.31003298351777625
0.95,1.6250000000000002,3.926990816987241,0.36213616272936844,0.3248260928872302
0.95,1.6250000000000002,4.057890510886816,0.3762305337615513,0.34099807264027043
0.95,1.6250000000000002,4.1887902047863905,0.39121107695850216,0.3580808094114845
0.95,1.6250000000000002,4.319689898685965,0.4066414431037457,0.37557818387432623
0.95,1.6250000000000002,4.45058959258554,0.4220627346082566,0.39298544306554173
0.95,1.6250000000000002,4.581489286485114,0.43701487005124834,0.4098115011482979
0.95,1.6250000000000002,4.71238898038469,0.45106189507478317,0.42560320224475673
0.95,1.6250000000000002,4.843288674284264,0.4638192587447298,0.4399698987287988
0.95,1.6250000000000002,4.974188368183839,0.4749802445238007,0.4526060835798486
0.95,1.6250000000000002,5.105088062083413,0.48433823659103775,0.463309433727157
0.95,1.6250000000000002,5.235987755982988,0.4918014796941182,0.4719916207994304
0.95,1.6250000000000002,5.3668874498825625,0.49739754174006306,0.47867971327724806
0.95,1.6250000000000002,5.497787143782138,0.5012657943148945,0.4835069259186277
0.95,1.6250000000000002,5.6286868376817125,0.5036377550534389,0.48669276451929977
0.95,1.6250000000000002,5.759586531581287,0.5048068593699885,0.4885140762656786
0.95,1.6250000000000002,5.890486225480862,0.5050908636766964,0.48926990561044775
0.95,1.6250000000000002,6.021385919380436,0.5047913411506305,0.4892441246986274
0.95,1.6250000000000002,6.152285613280011,0.504155379781691,0.4886703512051637
0.95,1.7000000000000002,0.0,0.4892059075056195,0.47235370936297477
0.95,1.7000000000000002,0.1308996938995747,0.48843483587269004,0.4712783298916112
0.95,1.7000000000000002,0.2617993877991494,0.48802368978590316,0.4704516071979106
0.95,1.7000000000000002,0.39269908169872414,0.48776809402657734,0.4696843944557083
0.95,1.7000000000000002,0.5235987755982988,0.48735880437247237,0.46868574595068585
0.95,1.7000000000000002,0.6544984694978735,0.4864227283880444,0.4670999707351055
0.95,1.7000000000000002,0.7853981633974483,0.4845711597602426,0.46455062113915807
0.95,1.7000000000000002,0.916297857297023,0.48144876436540446,0.46068582819299225
0.95,1.7000000000000002,1.0471975511965976,0.47677707036000855,0.4552195490965991
0.95,1.7000000000000002,1.1780972450961724,0.470387361058479,0.44796423255929607
0.95,1.7000000000000002,1.308996938995747,0.46223971472397424,0.43885193452063004
0.95,1.7000000000000002,1.4398966328953218,0.4524271319611956,0.4279427322114238
0.95,1.7000000000000002,1.5707963267948966,0.4411658455662297,0.41542105590198775
0.95,1.7000000000000002,1.7016960206944711,0.42877465740723286,0.40158198425384306
0.95,1.7000000000000002,1.832595714594046,0.41564723164096895,0.38681042272367816
0.95,1.7000000000000002,1.9634954084936205,0.4022215814265235,0.37155632846268866
0.95,1.7000000000000002,2.0943951023931953,0.38895056690646035,0.3563088226988416
0.95,1.7000000000000002,2.22529479629277,0.37627626279581666,0.34157131956690473
0.95,1.7000000000000002,2.356194490192345,0.3646098246646168,0.327838936488799
0.95,1.7000000000000002,2.4870941840919194,0.3543172670580075,0.31557866850608923
0.95,1.7000000000000002,2.617993877991494,0.3457105932798154,0.30521227589496935
0.95,1.7000000000000002,2.748893571891069,0.3390431159088852,0.2971016177877446
0.95,1.7000000000000002,2.8797932657906435,0.3345075960949521,0.2915362251558486
0.95,1.7000000000000002,3.010692959690218,0.33223593236795784,0.2887231269786214
0.95,1.7000000000000002,3.141592653589793,0.33229942004635155,0.28877917774654827
0.95,1.7000000000000002,3.2724923474893677,0.33470895474496515,0.2917262619842111
0.95,1.7000000000000002,3.4033920413889422,0.33941488305528345,0.297489716891304
0.95,1.7000000000000002,3.534291735288517,0.3463064830638037,0.30590014055338594
0.95,1.7000000000000002,3.665191429188092,0.3552113078816654,0.31669852476108457
0.95,1.7000000000000002,3.7960911230876664,0.3658948850622606,0.3295444738177297
0.95,1.7000000000000002,3.926990816987241,0.37806155188146956,0.34402722291294907
0.95,1.7000000000000002,4.057890510886816,0.39135749070755593,0.3596792671128834
0.95,1.7000000000000002,4.1887902047863905,0.4053772252970454,0.37599259374735733
0.95,1.7000000000000002,4.319689898685965,0.4196748288864187,0.3924376568931089
0.95,1.7000000000000002,4.45058959258554,0.4337807670485805,0.4084852060397188
0.95,1.7000000000000002,4.581489286485114,0.44722459785253016,0.4236307818480718
0.95,1.7000000000000002,4.71238898038469,0.45956271998554116,0.4374211027130741
0.95,1.7000000000000002,4.843288674284264,0.4704091466114468,0.44948077384264334
0.95,1.7000000000000002,4.974188368183839,0.4794661290474478,0.4595369370216444
0.95,1.7000000000000002,5.105088062083413,0.4865506398326211,0.46743887761269276
0.95,1.7000000000000002,5.235987755982988,0.49161250114116245,0.4731694397574652
0.95,1.7000000000000002,5.3668874498825625,0.49474046733144167,0.4768455220534969
0.95,1.7000000000000002,5.497787143782138,0.4961538503417517,0.4787059638490083
0.95,1.7000000000000002,5.6286868376817125,0.4961791629961263,0.479086676325624
0.95,1.7000000000000002,5.759586531581287,0.49521345732000865,0.47838468752882934
0.95,1.7000000000000002,5.890486225480862,0.49367817559465244,0.47701454177476377
0.95,1.7000000000000002,6.021385919380436,0.4919690216171824,0.4753618912197825
0.95,1.7000000000000002,6.152285613280011,0.4904082740040936,0.47373986290029996
0.95,1.7750000000000001,0.0,0.4683578979242795,0.45018990095060313
0.95,1.7750000000000001,0.1308996938995747,0.4678284877264263,0.4494307207587161
0.95,1.7750000000000001,0.2617993877991494,0.4682812304807853,0.4496345630060031
0.95,1.7750000000000001,0.39269908169872414,0.46945708493274063,0.45055471024092136
0.95,1.7750000000000001,0.5235987755982988,0.4709635501959995,0.451812036323231
0.95,1.7750000000000001,0.6544984694978735,0.4723247370673409,0.45293993587071446
0.95,1.7750000000000001,0.7853981633974483,0.47304000921934236,0.4534375372575299
0.95,1.7750000000000001,0.916297857297023,0.4726431823123849,0.4528244053704646
0.95,1.7750000000000001,1.0471975511965976,0.47075462775532956,0.45069020389841546
0.95,1.7750000000000001,1.1780972450961724,0.46712016821888186,0.4467340260710713
0.95,1.7750000000000001,1.308996938995747,0.46163305396768606,0.4407900447726812
0.95,1.7750000000000001,1.4398966328953218,0.4543381044476742,0.4328383838716783
0.95,1.7750000000000001,1.5707963267948966,0.4454197663603893,0.4230022389697477
0.95,1.7750000000000001,1.7016960206944711,0.4351779085794835,0.4115338966833693
0.95,1.7750000000000001,1.832595714594046,0.4239963255308861,0.39879317049283963
0.95,1.7750000000000001,1.9634954084936205,0.4123090453110488,0.3852218271668575
0.95,1.7750000000000001,2.0943951023931953,0.4005687523312917,0.3713169514441206
0.95,1.7750000000000001,2.22529479629277,0.38922023512655274,0.35760516746899346
0.95,1.7750000000000001,2.356194490192345,0.3786801546316405,0.34461855005203446
0.95,1.7750000000000001,2.4870941840919194,0.3693229852737881,0.3328722325407701
0.95,1.7750000000000001,2.617993877991494,0.36147199431652255,0.3228433484108176
0.95,1.7750000000000001,2.748893571891069,0.35539371179364015,0.31495106117481186
0.95,1.7750000000000001,2.8797932657906435,0.3512944475759771,0.30953790909157786
0.95,1.7750000000000001,3.010692959690218,0.3493178465627737,0.3068532759111463
0.95,1.7750000000000001,3.141592653589793,0.3495429992419497,0.30704023337496034
0.95,1.7750000000000001,3.2724923474893677,0.3519830398767236,0.31012709144096334
0.95,1.7750000000000001,3.4033920413889422,0.3565843655883172,0.31602467756906816
0.95,1.7750000000000001,3.534291735288517,0.36322661632251513,0.32452973601858254
0.95,1.7750000000000001,3.665191429188092,0.371723484061234,0.33533409488243393
0.95,1.7750000000000001,3.7960911230876664,0.38182441904596837,0.3480386337791203
0.95,1.7750000000000001,3.926990816987241,0.39321747891994896,0.3621707900193954
0.95,1.7750000000000001,4.057890510886816,0.4055339311110644,0.37720443645022633
0.95,1.7750000000000001,4.1887902047863905,0.418355657581609,0.39258137231150014
0.95,1.7750000000000001,4.319689898685965,0.4312267219409925,0.4077341875887544
0.95,1.7750000000000001,4.45058959258554,0.4436704178558128,0.4221106350144135
0.95,1.7750000000000001,4.581489286485114,0.4552125649610869,0.4351996517502998
0.95,1.7750000000000001,4.71238898038469,0.4654107319920886,0.44655871287625576
0.95,1.7750000000000001,4.843288674284264,0.47388759694516186,0.4558413332676828
0.95,1.7750000000000001,4.974188368183839,0.4803651052465214,0.46282248352166455
0.95,1.7750000000000001,5.105088062083413,0.4846948495536516,0.46741877098134493
0.95,1.7750000000000001,5.235987755982988,0.4868795451851628,0.4696997916776779
0.95,1.7750000000000001,5.3668874498825625,0.4870808721720032,0.46988733105449226
0.95,1.7750000000000001,5.497787143782138,0.48561036260602886,0.46834016831948383
0.95,1.7750000000000001,5.6286868376817125,0.4829022691007836,0.46552401530204096
0.95,1.7750000000000001,5.759586531581287,0.47947009448203975,0.4619683125912639
0.95,1.7750000000000001,5.890486225480862,0.4758512029347994,0.4582138125523099
0.95,1.7750000000000001,6.021385919380436,0.4725461498049514,0.45475666859432406
0.95,1.7750000000000001,6.152285613280011,0.4699606215384626,0.45199575210670667
0.95,1.85,0.0,0.44399173539267217,0.4241084036104233
0.95,1.85,0.1308996938995747,0.44376773356723165,0.4237315473611028
0.95,1.85,0.2617993877991494,0.44519375343659623,0.4250700938992147
0.95,1.85,0.39269908169872414,0.44795128723791966,0.42781681105423425
0.95,1.85,0.5235987755982988,0.45155808522564245,0.4315007593628816
0.95,1.85,0.6544984694978735,0.4554279505081382,0.4355402461086236
0.95,1.85,0.7853981633974483,0.4589404376517637,0.43930531660596484
0.95,1.85,0.916297857297023,0.4615107309704789,0.4421817238465919
0.95,1.85,1.0471975511965976,0.4626505381366706,0.44362874156475796
0.95,1.85,1.1780972450961724,0.4620128626931141,0.44322479371505147
0.95,1.85,1.308996938995747,0.4594165853816219,0.4406973026885721
0.95,1.85,1.4398966328953218,0.45485027000698364,0.43593589506963654
0.95,1.85,1.5707963267948966,0.4484578340032961,0.428990590650783
0.95,1.85,1.7016960206944711,0.44051108904790287,0.42005836212509884
0.95,1.85,1.832595714594046,0.43137527796499153,0.40946220443354453
0.95,1.85,1.9634954084936205,0.4214735215314031,0.397626567020565
0.95,1.85,2.0943951023931953,0.4112547607962939,0.38505191290999163
0.95,1.85,2.22529479629277,0.40116779654417867,0.3722897031427295
0.95,1.85,2.356194490192345,0.3916419592624747,0.3599177626759715
0.95,1.85,2.4870941840919194,0.383073317280801,0.34851518932437625
0.95,1.85,2.617993877991494,0.3758144896381048,0.33863594658403035
0.95,1.85,2.748893571891069,0.3701661494699661,0.33078099561354146
0.95,1.85,2.8797932657906435,0.3663689945897343,0.3253699851673089
0.95,1.85,3.010692959690218,0.3645959541741483,0.3227146931921071
0.95,1.85,3.141592653589793,0.3649452779468443,0.3229971556932838
0.95,1.85,3.2724923474893677,0.3674355980338763,0.32625542334177476
0.95,1.85,3.4033920413889422,0.372003944392814,0.3323790913005945
0.95,1.85,3.534291735288517,0.3785071410578594,0.3411153521990838
0.95,1.85,3.665191429188092,0.3867262954662907,0.3520847214741913
0.95,1.85,3.7960911230876664,0.3963735588961074,0.3648042389428745
0.95,1.85,3.926990816987241,0.407100247941647,0.37871523387905365
0.95,1.85,4.057890510886816,0.41850585579242056,0.39321281663378543
0.95,1.85,4.1887902047863905,0.4301483028979846,0.40767502924209437
0.95,1.85,4.319689898685965,0.4415566493672756,0.4214907243252212
0.95,1.85,4.45058959258554,0.45224801144042326,0.4340863024034634
0.95,1.85,4.581489286485114,0.4617502552641062,0.4449520101758015
0.95,1.85,4.71238898038469,0.46963104301085945,0.45366834332985023
0.95,1.85,4.843288674284264,0.47553210484729175,0.45993221612287
0.95,1.85,4.974188368183839,0.47920558353910314,0.46358121990283235
0.95,1.85,5.105088062083413,0.4805474839519392,0.4646129347016612
0.95,1.85,5.235987755982988,0.47962220858236027,0.46319536916899784
0.95,1.85,5.3668874498825625,0.4766722833666391,0.45966457450496545
0.95,1.85,5.497787143782138,0.47210882698775647,0.4545064868953102
0.95,1.85,5.6286868376817125,0.4664809327313469,0.4483220145869575
0.95,1.85,5.759586531581287,0.4604254723977959,0.4417769664070483
0.95,1.85,5.890486225480862,0.4546022671529741,0.43554111469443607
0.95,1.85,6.021385919380436,0.44962242090599686,0.4302229401464534
0.95,1.85,6.152285613280011,0.4459792934953721,0.4263079321935488
0.95,1.9250000000000003,0.0,0.41902170784001197,0.3967515558545283
0.95,1.9250000000000003,0.1308996938995747,0.4191429047964706,0.39679447527785755
0.95,1.9250000000000003,0.2617993877991494,0.4215808828809819,0.39929084760189104
0.95,1.9250000000000003,0.39269908169872414,0.4259559365389738,0.40387404658664133
0.95,1.9250000000000003,0.5235987755982988,0.43169447851143955,0.4099840846673631
0.95,1.9250000000000003,0.6544984694978735,0.43809882022639424,0.41692825371935144
0.95,1.9250000000000003,0.7853981633974483,0.44442804309451595,0.42395231340558714
0.95,1.9250000000000003,0.916297857297023,0.4499784040942389,0.43031288769147685
0.95,1.9250000000000003,1.0471975511965976,0.45415255074616806,0.4353423796680065
0.95,1.9250000000000003,1.1780972450961724,0.4565094435066888,0.4384997763639357
0.95,1.9250000000000003,1.308996938995747,0.45679073170365436,0.4394037141207127
0.95,1.9250000000000003,1.4398966328953218,0.4549235977040747,0.43784744890223387
0.95,1.9250000000000003,1.5707963267948966,0.45100389800308377,0.4337982175567958
0.95,1.9250000000000003,1.7016960206944711,0.4452660371271178,0.42738529722698065
0.95,1.9250000000000003,1.832595714594046,0.43804695574766095,0.41888154723108445
0.95,1.9250000000000003,1.9634954084936205,0.4297508503817926,0.40868238038387966
0.95,1.9250000000000003,2.0943951023931953,0.4208191379120719,0.3972843411611273
0.95,1.9250000000000003,2.22529479629277,0.41170741986160614,0.38526340195930436
0.95,1.9250000000000003,2.356194490192345,0.40286860106477146,0.37325143579257264
0.95,1.9250000000000003,2.4870941840919194,0.3947395840484014,0.36190865676706485
0.95,1.9250000000000003,2.617993877991494,0.38772849909359247,0.3518903940888542
0.95,1.9250000000000003,2.748893571891069,0.382200232279643,0.34380823079751704
0.95,1.9250000000000003,2.8797932657906435,0.3784596769716185,0.3381877753083045
0.95,1.9250000000000003,3.010692959690218,0.3767340033919746,0.33542741017537914
0.95,1.9250000000000003,3.141592653589793,0.3771566305747948,0.33576356406578806
0.95,1.9250000000000003,3.2724923474893677,0.37975600627900574,0.33924791408155625
0.95,1.9250000000000003,3.4033920413889422,0.3844516194010051,0.34574038431525017
0.95,1.9250000000000003,3.534291735288517,0.39105814372236763,0.35491923194256697
0.95,1.9250000000000003,3.665191429188092,0.39929679394685397,0.3663065931093364
0.95,1.9250000000000003,3.7960911230876664,0.40881151578613445,0.3793053914862161
0.95,1.9250000000000003,3.926990816987241,0.41918705117428584,0.3932421437865512
0.95,1.9250000000000003,4.057890510886816,0.4299664223644768,0.4074102356790756
0.95,1.9250000000000003,4.1887902047863905,0.44066677830216266,0.421109561648271
0.95,1.9250000000000003,4.319689898685965,0.4507943233037221,0.43368051307850514
0.95,1.9250000000000003,4.45058959258554,0.45986052038802533,0.44453243695635763
0.95,1.9250000000000003,4.581489286485114,0.4674023163260272,0.45316817120350755
0.95,1.9250000000000003,4.71238898038469,0.4730084377819464,0.45920663193210826
0.95,1.9250000000000003,4.843288674284264,0.476351924169929,0.46240460284712337
0.95,1.9250000000000003,4.974188368183839,0.47722645662854596,0.46267717227622235
0.95,1.9250000000000003,5.105088062083413,0.4755814470597804,0.4601142815362094
0.95,1.9250000000000003,5.235987755982988,0.4715490598569749,0.45498929131945753
0.95,1.9250000000000003,5.3668874498825625,0.46545597909704145,0.4477549320954141
0.95,1.9250000000000003,5.497787143782138,0.457814090050352,0.43902279413368733
0.95,1.9250000000000003,5.6286868376817125,0.44928717687848635,0.429524586997581
0.95,1.9250000000000003,5.759586531581287,0.44063471726071385,0.42005636977777944
0.95,1.9250000000000003,5.890486225480862,0.43263808339613846,0.4114101959156526
0.95,1.9250000000000003,6.021385919380436,0.42601806072433246,0.40430041992116156
0.95,1.9250000000000003,6.152285613280011,0.4213548073191183,0.39929364698376446
0.95,2.0,0.0,0.3956907738623656,0.3702255937121141
0.95,2.0,0.1308996938995747,0.39617140713345567,0.3706954239384419
0.95,2.0,0.2617993877991494,0.39958908789167163,0.37429207292625044
0.95,2.0,0.39269908169872414,0.40550496869288816,0.3805951782791219
0.95,2.0,0.5235987755982988,0.4132584869042944,0.3889655359574245
0.95,2.0,0.6544984694978735,0.42204688996125034,0.39861258340662803
0.95,2.0,0.7853981633974483,0.4310167422227951,0.40867303515599884
0.95,2.0,0.916297857297023,0.4393539520228438,0.41829007282787994
0.95,2.0,1.0471975511965976,0.4463600479976971,0.4266834489389373
0.95,2.0,1.1780972450961724,0.45150577433793376,0.433203481798144
0.95,2.0,1.308996938995747,0.45445783333673173,0.4373655848981644
0.95,2.0,1.4398966328953218,0.4550797503290263,0.43886584511828813
0.95,2.0,1.5707963267948966,0.45341226033766135,0.4375813497169771
0.95,2.0,1.7016960206944711,0.44964138046531005,0.43356073858913285
0.95,2.0,1.832595714594046,0.4440629056259248,0.42701046078222354
0.95,2.0,1.9634954084936205,0.4370504676664253,0.41828055491008104
0.95,2.0,2.0943951023931953,0.4290311106304876,0.4078510381432199
0.95,2.0,2.22529479629277,0.4204685546259843,0.3963170974282378
0.95,2.0,2.356194490192345,0.4118510857117971,0.38436922733415385
0.95,2.0,2.4870941840919194,0.4036792696335351,0.37276402503146433
0.95,2.0,2.617993877991494,0.39644891920930175,0.36228282621481717
0.95,2.0,2.748893571891069,0.39062680194718197,0.35367843296409235
0.95,2.0,2.8797932657906435,0.3866197300875705,0.3476139902749766
0.95,2.0,3.010692959690218,0.38474085398161684,0.3446014574051935
0.95,2.0,3.141592653589793,0.3851791018637119,0.34494899120251676
0.95,2.0,3.2724923474893677,0.3879780415900648,0.34872621315360447
0.95,2.0,3.4033920413889422,0.3930288360562642,0.3557537102603617
0.95,2.0,3.534291735288517,0.4000789111932006,0.3656188376772372
0.95,2.0,3.665191429188092,0.4087544145263175,0.3777150630163586
0.95,2.0,3.7960911230876664,0.418591630534445,0.39129799650836844
0.95,2.0,3.926990816987241,0.4290711422209729,0.4055489419473197
0.95,2.0,4.057890510886816,0.439649083470344,0.41963679568262485
0.95,2.0,4.1887902047863905,0.4497820740190863,0.4327712483780936
0.95,2.0,4.319689898685965,0.4589455729439303,0.4442437310973563
0.95,2.0,4.45058959258554,0.46664833948698664,0.45345626743765716
0.95,2.0,4.581489286485114,0.4724474264241862,0.45994122799883796
0.95,2.0,4.71238898038469,0.4759680191765967,0.4633761596441004
0.95,2.0,4.843288674284264,0.4769304355699864,0.4635971681240041
0.95,2.0,4.974188368183839,0.4751832829131411,0.460612149366183
0.95,2.0,5.105088062083413,0.4707381255018335,0.454612315567039
0.95,2.0,5.235987755982988,0.4637981703027554,0.44597794290159615
0.95,2.0,5.3668874498825625,0.4547723580144139,0.435272946195329
0.95,2.0,5.497787143782138,0.44426732495338395,0.42322326332464205
0.95,2.0,5.6286868376817125,0.433052880855403,0.41067612485897714
0.95,2.0,5.759586531581287,0.42200129769628153,0.39854064555651775
0.95,2.0,5.890486225480862,0.41200582940258573,0.38771403017937506
0.95,2.0,6.021385919380436,0.403888366019308,0.3790011396747877
0.95,2.0,6.152285613280011,0.3983089867550631,0.37303740802597324
0.95,2.075,0.0,0.37538834066928817,0.34598788869951663
0.95,2.075,0.1308996938995747,0.376218064494362,0.3468626173727336
0.95,2.075,0.2617993877991494,0.380518587906697,0.35142881018186817
0.95,2.075,0.39269908169872414,0.38779817374557973,0.35922252414759037
0.95,2.075,0.5235987755982988,0.39732016091780425,0.3695421185990051
0.95,2.075,0.6544984694978735,0.4081914607339138,0.38152129550796615
0.95,2.075,0.7853981633974483,0.41946346697887843,0.39421333504113404
0.95,2.075,0.916297857297023,0.4302299861444429,0.40667471063641303
0.95,2.075,1.0471975511965976,0.43970844639126394,0.418037633097633
0.95,2.075,1.1780972450961724,0.44729484139817366,0.4275643716989384
0.95,2.075,1.308996938995747,0.4525886783184787,0.4346806530085651
0.95,2.075,1.4398966328953218,0.45539032776354094,0.43898998326330435
0.95,2.075,1.5707963267948966,0.4556782246080093,0.44027426546809467
0.95,2.075,1.7016960206944711,0.45357618213239065,0.43848769851234565
0.95,2.075,1.832595714594046,0.4493210387839694,0.4337502384856691
0.95,2.075,1.9634954084936205,0.4432380727416427,0.42634409221259695
0.95,2.075,2.0943951023931953,0.4357269595814041,0.4167126532705785
0.95,2.075,2.22529479629277,0.4272559245590785,0.4054572772655733
0.95,2.075,2.356194490192345,0.41835772792837195,0.39332471076910935
0.95,2.075,2.4870941840919194,0.4096194907751092,0.38117788520370804
0.95,2.075,2.617993877991494,0.4016596835033808,0.3699455085064038
0.95,2.075,2.748893571891069,0.3950895091623139,0.36055090090051345
0.95,2.075,2.8797932657906435,0.39046123205550237,0.35382651100808404
0.95,2.075,3.010692959690218,0.3882110550206079,0.3504257749966119
0.95,2.075,3.141592653589793,0.3886072982407969,0.3507468019092647
0.95,2.075,3.2724923474893677,0.3917148014473683,0.35488175798288873
0.95,2.075,3.4033920413889422,0.39738349979218207,0.3626017214381998
0.95,2.075,3.534291735288517,0.40526383270499394,0.3733801439664976
0.95,2.075,3.665191429188092,0.41484558469145405,0.3864505934461165
0.95,2.075,3.7960911230876664,0.42551171694107603,0.40088811713354583
0.95,2.075,3.926990816987241,0.4365961915541526,0.41569997086761123
0.95,2.075,4.057890510886816,0.4474353930881947,0.42991141078668
0.95,2.075,4.1887902047863905,0.4574062031793409,0.44263551449083166
0.95,2.075,4.319689898685965,0.46594889875556683,0.453121440285101
0.95,2.075,4.45058959258554,0.472578157292694,0.46078145885476096
0.95,2.075,4.581489286485114,0.47688895138772186,0.4652018054672468
0.95,2.075,4.71238898038469,0.4785649415480398,0.4661447005632205
0.95,2.075,4.843288674284264,0.4773949356759768,0.463548383550529
0.95,2.075,4.974188368183839,0.4732987730676504,0.4575291727189679
0.95,2.075,5.105088062083413,0.4663589535200236,0.4483855278853171
0.95,2.075,5.235987755982988,0.4568500347260502,0.4366002423700621
0.95,2.075,5.3668874498825625,0.4452555915768244,0.4228344621652429
0.95,2.075,5.497787143782138,0.4322630995994931,0.40790696996975084
0.95,2.075,5.6286868376817125,0.41873043821538963,0.39275417975014176
0.95,2.075,5.759586531581287,0.4056230607783449,0.3783700456059198
0.95,2.075,5.890486225480862,0.39392701195834984,0.36572964365124233
0.95,2.075,6.021385919380436,0.38454848555714655,0.3557044136829031
0.95,2.075,6.152285613280011,0.37821426372813866,0.34897992771052017
0.95,2.1500000000000004,0.0,0.3586812714027304,0.32488477244456593
0.95,2.1500000000000004,0.1308996938995747,0.35982800041335966,0.32611675422398095
0.95,2.1500000000000004,0.2617993877991494,0.3648608150063479,0.3314617364359563
0.95,2.1500000000000004,0.39269908169872414,0.3732455000222175,0.34042620074786334
0.95,2.1500000000000004,0.5235987755982988,0.3841865694946773,0.35226875566718086
0.95,2.1500000000000004,0.6544984694978735,0.39672348321989354,0.3660771694410887
0.95,2.1500000000000004,0.7853981633974483,0.40983909526478907,0.380855950482158
0.95,2.1500000000000004,0.916297857297023,0.42256301066893664,0.3956114726889329
0.95,2.1500000000000004,1.0471975511965976,0.4340547583341802,0.4094235324887591
0.95,2.1500000000000004,1.1780972450961724,0.4436568998846573,0.4214963515185591
0.95,2.1500000000000004,1.308996938995747,0.45091522430484926,0.43118742564914364
0.95,2.1500000000000004,1.4398966328953218,0.4555704093618003,0.43801794546553174
0.95,2.1500000000000004,1.5707963267948966,0.45753123278597646,0.4416723956102466
0.95,2.1500000000000004,1.7016960206944711,0.45684216071068945,0.441996286790631
0.95,2.1500000000000004,1.832595714594046,0.4536571998517547,0.43899930434800555
0.95,2.1500000000000004,1.9634954084936205,0.44822751052800597,0.43286681954026224
0.95,2.1500000000000004,2.0943951023931953,0.44090366803138253,0.42397689155557533
0.95,2.1500000000000004,2.22529479629277,0.4321465815166023,0.41291436944412285
0.95,2.1500000000000004,2.356194490192345,0.4225360822120802,0.4004703788244574
0.95,2.1500000000000004,2.4870941840919194,0.4127647766532376,0.38761577068556957
0.95,2.1500000000000004,2.617993877991494,0.4036076078178145,0.3754414524708268
0.95,2.1500000000000004,2.748893571891069,0.39586405257453605,0.3650661064574325
0.95,2.1500000000000004,2.8797932657906435,0.39027819215431886,0.35752070697779725
0.95,2.1500000000000004,3.010692959690218,0.3874495307669405,0.3536269542975076
0.95,2.1500000000000004,3.141592653589793,0.38775199928514265,0.3538908747139982
0.95,2.1500000000000004,3.2724923474893677,0.3912785140594142,0.3584319195818683
0.95,2.1500000000000004,3.4033920413889422,0.3978235864201343,0.3669618601801384
0.95,2.1500000000000004,3.534291735288517,0.4069080791155448,0.3788180311946731
0.95,2.1500000000000004,3.665191429188092,0.41784064789897263,0.393044526736332
0.95,2.1500000000000004,3.7960911230876664,0.42980241109575273,0.4085056601397079
0.95,2.1500000000000004,3.926990816987241,0.4419371917339996,0.42401073077510193
0.95,2.1500000000000004,4.057890510886816,0.4534303399141318,0.4384290826164082
0.95,2.1500000000000004,4.1887902047863905,0.46356425613919067,0.4507792770103578
0.95,2.1500000000000004,4.319689898685965,0.47174657744450976,0.46028427791229704
0.95,2.1500000000000004,4.45058959258554,0.47751509672362125,0.46639341612371377
0.95,2.1500000000000004,4.581489286485114,0.48052944443897294,0.46877909324216166
0.95,2.1500000000000004,4.71238898038469,0.4805617312158408,0.46731994125839754
0.95,2.1500000000000004,4.843288674284264,0.47749632189489793,0.46208186120462
0.95,2.1500000000000004,4.974188368183839,0.4713435588048372,0.4533046376339835
0.95,2.1500000000000004,5.105088062083413,0.4622653830855601,0.44139619683795345
0.95,2.1500000000000004,5.235987755982988,0.45060456788047326,0.4269309557844627
0.95,2.1500000000000004,5.3668874498825625,0.4369055265510182,0.41064480198447934
0.95,2.1500000000000004,5.497787143782138,0.4219144524822638,0.3934181068602867
0.95,2.1500000000000004,5.6286868376817125,0.4065499338287564,0.3762400044840934
0.95,2.1500000000000004,5.759586531581287,0.3918412787316114,0.3601513536977881
0.95,2.1500000000000004,5.890486225480862,0.378839059652669,0.34616917073977554
0.95,2.1500000000000004,6.021385919380436,0.3685090940591409,0.33520047514774465
0.95,2.1500000000000004,6.152285613280011,0.3616256706339723,0.3279571576375755
0.95,2.2250000000000005,0.0,0.34550915492091366,0.30729015790828035
0.95,2.2250000000000005,0.1308996938995747,0.34692305077821395,0.3088114493742046
0.95,2.2250000000000005,0.2617993877991494,0.3524974260937254,0.31470173233149473
0.95,2.2250000000000005,0.39269908169872414,0.3616695679486295,0.3244544934099176
0.95,2.2250000000000005,0.5235987755982988,0.37360788003764744,0.33731519519912617
0.95,2.2250000000000005,0.6544984694978735,0.3873142484564595,0.3523607069627282
0.95,2.2250000000000005,0.7853981633974483,0.4017377186513101,0.36858786827526296
0.95,2.2250000000000005,0.916297857297023,0.41588023315164113,0.3849969792216837
0.95,2.2250000000000005,1.0471975511965976,0.42887812142833753,0.40065855501917275
0.95,2.2250000000000005,1.1780972450961724,0.44004943384400574,0.41475681053223484
0.95,2.2250000000000005,1.308996938995747,0.448905643733027,0.4266098403420222
0.95,2.2250000000000005,1.4398966328953218,0.4551347220972773,0.43567270648693573
0.95,2.2250000000000005,1.5707963267948966,0.4585689917819713,0.44153394112033456
0.95,2.2250000000000005,1.7016960206944711,0.4591537378973361,0.44391696849401113
0.95,2.2250000000000005,1.832595714594046,0.4569304182716614,0.44269507228729443
0.95,2.2250000000000005,1.9634954084936205,0.45204185467548624,0.4379222650966154
0.95,2.2250000000000005,2.0943951023931953,0.44475766416686907,0.42987434174604705
0.95,2.2250000000000005,2.22529479629277,0.43550904306743493,0.4190868990867515
0.95,2.2250000000000005,2.356194490192345,0.42491573880259814,0.4063727361451403
0.95,2.2250000000000005,2.4870941840919194,0.4137869088456971,0.3928017375192235
0.95,2.2250000000000005,2.617993877991494,0.403082427246406,0.3796326719042671
0.95,2.2250000000000005,2.748893571891069,0.39383108782443194,0.36819717400300217
0.95,2.2250000000000005,2.8797932657906435,0.38701443184981743,0.35974883732713686
0.95,2.2250000000000005,3.010692959690218,0.3834360174270848,0.355301292024272
0.95,2.2250000000000005,3.141592653589793,0.38360241153168123,0.355485037598073
0.95,2.2250000000000005,3.2724923474893677,0.3876418285599767,0.3604515668975658
0.95,2.2250000000000005,3.4033920413889422,0.3952789488876866,0.3698448539966417
0.95,2.2250000000000005,3.534291735288517,0.40587192295155905,0.3828465761449733
0.95,2.2250000000000005,3.665191429188092,0.4185033578779118,0.3982860378234685
0.95,2.2250000000000005,3.7960911230876664,0.4321051635208642,0.4147927083668425
0.95,2.2250000000000005,3.926990816987241,0.445590769205878,0.4309619215058221
0.95,2.2250000000000005,4.057890510886816,0.45796898938585473,0.44550428794549174
0.95,2.2250000000000005,4.1887902047863905,0.4684211636864723,0.4573562958724955
0.95,2.2250000000000005,4.319689898685965,0.4763346771119359,0.46574107955405347
0.95,2.2250000000000005,4.45058959258554,0.4812980548992785,0.4701809809141005
0.95,2.2250000000000005,4.581489286485114,0.4830720392190608,0.4704738505024058
0.95,2.2250000000000005,4.71238898038469,0.48155499221965475,0.4666505593183777
0.95,2.2250000000000005,4.843288674284264,0.4767589597121222,0.4589310607401951
0.95,2.2250000000000005,4.974188368183839,0.46880589124388466,0.4476913791492856
0.95,2.2250000000000005,5.105088062083413,0.45794427073056093,0.4334461857765655
0.95,2.2250000000000005,5.235987755982988,0.4445776716732482,0.4168437305749246
0.95,2.2250000000000005,5.3668874498825625,0.42929102161215743,0.3986641222804456
0.95,2.2250000000000005,5.497787143782138,0.4128591034362314,0.3798097064494739
0.95,2.2250000000000005,5.6286868376817125,0.3962251757581822,0.3612778811505796
0.95,2.2250000000000005,5.759586531581287,0.38044449318459933,0.344111375553753
0.95,2.2250000000000005,5.890486225480862,0.36659607737071953,0.3293273533463069
0.95,2.2250000000000005,6.021385919380436,0.3556741846806169,0.3178329709146239
0.95,2.2250000000000005,6.152285613280011,0.348476627564472,0.3103396443596575
0.95,2.3000000000000003,0.0,0.3354637266768172,0.2932823960240127
0.95,2.3000000000000003,0.1308996938995747,0.33708177257702615,0.2950114244588781
0.95,2.3000000000000003,0.2617993877991494,0.3429814424441708,0.301190785758396
0.95,2.3000000000000003,0.39269908169872414,0.352587881238324,0.3113183097247954
0.95,2.3000000000000003,0.5235987755982988,0.3650596790817968,0.3246540366685842
0.95,2.3000000000000003,0.6544984694978735,0.3793957500784775,0.34030073028394914
0.95,2.3000000000000003,0.7853981633974483,0.3945517923954463,0.35729133685418785
0.95,2.3000000000000003,0.916297857297023,0.4095451205153748,0.37466787810778035
0.95,2.3000000000000003,1.0471975511965976,0.4235304508701699,0.39153960398672966
0.95,2.3000000000000003,1.1780972450961724,0.43583700085016175,0.40711455182551054
0.95,2.3000000000000003,1.308996938995747,0.44596730343870555,0.42070648186051035
0.95,2.3000000000000003,1.4398966328953218,0.4535680504968423,0.43172651291213365
0.95,2.3000000000000003,1.5707963267948966,0.4583904736600451,0.43967359992219707
0.95,2.3000000000000003,1.7016960206944711,0.46026010407771434,0.44413862002254884
0.95,2.3000000000000003,1.832595714594046,0.4590721543879863,0.44483254266646527
0.95,2.3000000000000003,1.9634954084936205,0.45481974103344314,0.44164056012932545
0.95,2.3000000000000003,2.0943951023931953,0.44764989875120204,0.43469317956795134
0.95,2.3000000000000003,2.22529479629277,0.43793029934114003,0.4244352335820228
0.95,2.3000000000000003,2.356194490192345,0.42630161637428227,0.4116679377931482
0.95,2.3000000000000003,2.4870941840919194,0.4136896047522179,0.3975401120874969
0.95,2.3000000000000003,2.617993877991494,0.40125830978373167,0.38347331271025736
0.95,2.3000000000000003,2.748893571891069,0.3903000113519131,0.37102040854043983
0.95,2.3000000000000003,2.8797932657906435,0.38207487314565575,0.36167446103012946
0.95,2.3000000000000003,3.010692959690218,0.37762882550785165,0.3566598224220225
0.95,2.3000000000000003,3.141592653589793,0.37762718194205774,0.35674557466458023
0.95,2.3000000000000003,3.2724923474893677,0.382240824985741,0.3621199187488601
0.95,2.3000000000000003,3.4033920413889422,0.391111222722688,0.372352723647211
0.95,2.3000000000000003,3.534291735288517,0.40340273276170907,0.3864548671934998
0.95,2.3000000000000003,3.665191429188092,0.4179304863931335,0.40302209459157146
0.95,2.3000000000000003,3.7960911230876664,0.4333352103667581,0.42043343025758917
0.95,2.3000000000000003,3.926990816987241,0.4482672399662988,0.4370642897046428
0.95,2.3000000000000003,4.057890510886816,0.4615429388983136,0.45147462432706414
0.95,2.3000000000000003,4.1887902047863905,0.47224701704932454,0.4625420556162399
0.95,2.3000000000000003,4.319689898685965,0.47977042083009414,0.4695257872263216
0.95,2.3000000000000003,4.45058959258554,0.48379065125394344,0.4720644064149766
0.95,2.3000000000000003,4.581489286485114,0.48421468568281817,0.4701247887910938
0.95,2.3000000000000003,4.71238898038469,0.48111078770321986,0.4639268710278348
0.95,2.3000000000000003,4.843288674284264,0.4746534132803703,0.45386893151275015
0.95,2.3000000000000003,4.974188368183839,0.46509663472378815,0.4404713681132491
0.95,2.3000000000000003,5.105088062083413,0.45277924233690814,0.4243465806981171
0.95,2.3000000000000003,5.235987755982988,0.4381528065999271,0.40619186820075165
0.95,2.3000000000000003,5.3668874498825625,0.4218158044619474,0.38679422536808383
0.95,2.3000000000000003,5.497787143782138,0.40453435650403097,0.36703239743011
0.95,2.3000000000000003,5.6286868376817125,0.3872334030292326,0.34786290060487013
0.95,2.3000000000000003,5.759586531581287,0.3709499617588225,0.33028202781451993
0.95,2.3000000000000003,5.890486225480862,0.35675016806876525,0.3152633589682598
0.95,2.3000000000000003,6.021385919380436,0.3456214929132206,0.30367788952223657
0.95,2.3000000000000003,6.152285613280011,0.3383585540171301,0.29620966379706687
0.95,2.375,0.0,0.3280654047678198,0.28280231044147586
0.95,2.375,0.1308996938995747,0.3298162986349302,0.2846514448810231
0.95,2.375,0.2617993877991494,0.335814506396556,0.2908623889235918
0.95,2.375,0.39269908169872414,0.34549001049019407,0.3009532467381157
0.95,2.375,0.5235987755982988,0.35801877478165994,0.31422416009620685
0.95,2.375,0.6544984694978735,0.37243276371117834,0.329838188042258
0.95,2.375,0.7853981633974483,0.38773700947160794,0.3469062518663768
0.95,2.375,0.916297857297023,0.4030104515753372,0.3645591076027472
0.95,2.375,1.0471975511965976,0.4174720535264464,0.38199358542798884
0.95,2.375,1.1780972450961724,0.4305030556628228,0.3984880513998231
0.95,2.375,1.308996938995747,0.44162810156026727,0.4133914241460263
0.95,2.375,1.4398966328953218,0.4504695342994823,0.42609876456379053
0.95,2.375,1.5707963267948966,0.45669730256577346,0.4360319703425195
0.95,2.375,1.7016960206944711,0.4599990246624371,0.4426444201061916
0.95,2.375,1.832595714594046,0.4600894897461991,0.4454625856516759
0.95,2.375,1.9634954084936205,0.45676682355527815,0.44416635235284074
0.95,2.375,2.0943951023931953,0.4500064591055006,0.43869555966041274
0.95,2.375,2.22529479629277,0.44006838730339287,0.42935704176964445
0.95,2.375,2.356194490192345,0.42758294141836267,0.4168986198904258
0.95,2.375,2.4870941840919194,0.4135796131826646,0.4025175536958951
0.95,2.375,2.617993877991494,0.39943363218138933,0.387782110099165
0.95,2.375,2.748893571891069,0.38672445455865256,0.3744643117356463
0.95,2.375,2.8797932657906435,0.3770239736578806,0.36430487540183387
0.95,2.375,3.010692959690218,0.37165345101389446,0.3587514696864476
0.95,2.375,3.141592653589793,0.37146037417290007,0.3587225830601925
0.95,2.375,3.2724923474893677,0.3766655185919506,0.36444760259418274
0.95,2.375,3.4033920413889422,0.38681604061416186,0.37541887068970453
0.95,2.375,3.534291735288517,0.4008561089735212,0.39046708941227853
0.95,2.375,3.665191429188092,0.4172990425477441,0.4079439327725223
0.95,2.375,3.7960911230876664,0.43446179555341935,0.42597250597190905
0.95,2.375,3.926990816987241,0.4507102024520182,0.44271346055756927
0.95,2.375,4.057890510886816,0.46466470789149317,0.45659512916668515
0.95,2.375,4.1887902047863905,0.4753303283395008,0.4664690699973068
0.95,2.375,4.319689898685965,0.4821366767390081,0.4716735439382626
0.95,2.375,4.45058959258554,0.48489735454438576,0.472010378123416
0.95,2.375,4.581489286485114,0.4837163067140218,0.4676591638649894
0.95,2.375,4.71238898038469,0.47887734063487847,0.45906246395384964
0.95,2.375,4.843288674284264,0.47075064967649666,0.44681529953998106
0.95,2.375,4.974188368183839,0.4597388442437295,0.431583276325513
0.95,2.375,5.105088062083413,0.4462689645616868,0.41406001817073274
0.95,2.375,5.235987755982988,0.4308212721785303,0.3949605390500998
0.95,2.375,5.3668874498825625,0.41397455015519413,0.37503659316001925
0.95,2.375,5.497787143782138,0.3964436080291092,0.3550951399859505
0.95,2.375,5.6286868376817125,0.37908793234695987,0.3360022554319717
0.95,2.375,5.759586531581287,0.3628793236101164,0.3186609472196337
0.95,2.375,5.890486225480862,0.3488281331628329,0.3039602289824063
0.95,2.375,6.021385919380436,0.33787923627798283,0.29270196055925707
0.95,2.375,6.152285613280011,0.33079740380776934,0.28551908143485377
0.95,2.45,0.0,0.3229657279768842,0.27575450945234187
0.95,2.45,0.1308996938995747,0.32477508588596726,0.27763810552961327
0.95,2.45,0.2617993877991494,0.33064992924742254,0.28364355032295435
0.95,2.45,0.39269908169872414,0.3400405274489387,0.29332152690075747
0.95,2.45,0.5235987755982988,0.35216500648339927,0.30603220511573065
0.95,2.45,0.6544984694978735,0.3661217547938795,0.3210266445715309
0.95,2.45,0.7853981633974483,0.3810056346389317,0.3375288468085718
0.95,2.45,0.916297857297023,0.39600243942879865,0.35479954662892105
0.95,2.45,1.0471975511965976,0.4104419467077511,0.3721681881562829
0.95,2.45,1.1780972450961724,0.42380104024808984,0.3890288419263032
0.95,2.45,1.308996938995747,0.435662317955956,0.404806980237098
0.95,2.45,1.4398966328953218,0.44564705570915436,0.4189142904072498
0.95,2.45,1.5707963267948966,0.45335071379612285,0.43071515038593744
0.95,2.45,1.7016960206944711,0.4583111810020273,0.43952855750312
0.95,2.45,1.832595714594046,0.4600329267209482,0.44468194311179543
0.95,2.45,1.9634954084936205,0.45807477169898586,0.445619103052292
0.95,2.45,2.0943951023931953,0.45218840751168016,0.44204637774716593
0.95,2.45,2.22529479629277,0.44247467714494276,0.43408410310534484
0.95,2.45,2.356194490192345,0.42951143526947405,0.4223798551513827
0.95,2.45,2.4870941840919194,0.4144058403836119,0.40814073902839737
0.95,2.45,2.617993877991494,0.3987373242391296,0.3930557145870926
0.95,2.45,2.748893571891069,0.38438300074893744,0.3791035557159484
0.95,2.45,2.8797932657906435,0.3732485146156879,0.3682715576732569
0.95,2.45,3.010692959690218,0.36695541570489293,0.3622363016109968
0.95,2.45,3.141592653589793,0.3665524418260974,0.3620726296271703
0.95,2.45,3.2724923474893677,0.3723170227678776,0.3680552921329021
0.95,2.45,3.4033920413889422,0.3836943164292957,0.37959901412082714
0.95,2.45,3.534291735288517,0.3993889729278111,0.39535157462271614
0.95,2.45,3.665191429188092,0.41758842413528807,0.413419283583921
0.95,2.45,3.7960911230876664,0.436265963421875,0.4316746028926424
0.95,2.45,3.926990816987241,0.45349555868367314,0.44807951597352497
0.95,2.45,4.057890510886816,0.46771224474823353,0.4609594312071616
0.95,2.45,4.1887902047863905,0.47787064371092147,0.469179612556523
0.95,2.45,4.319689898685965,0.4834834478236154,0.47220358136192253
0.95,2.45,4.45058959258554,0.48455270271772005,0.4700423780967673
0.95,2.45,4.581489286485114,0.48143079508240344,0.46312697092202365
0.95,2.45,4.71238898038469,0.4746593347847168,0.4521479979359011
0.95,2.45,4.843288674284264,0.4648310787769432,0.4379058947251098
0.95,2.45,4.974188368183839,0.4525053960392684,0.4212025989160966
0.95,2.45,5.105088062083413,0.43818715149782167,0.4027883415341054
0.95,2.45,5.235987755982988,0.4223587639046466,0.38335917855832385
0.95,2.45,5.3668874498825625,0.40554089485749145,0.36358755499481576
0.95,2.45,5.497787143782138,0.38835166416142197,0.3441619545498589
0.95,2.45,5.6286868376817125,0.3715376422217839,0.32581291773420246
0.95,2.45,5.759586531581287,0.3559600931025559,0.3093099039122065
0.95,2.45,5.890486225480862,0.34253368070745144,0.2954240171592701
0.95,2.45,6.021385919380436,0.33212843169925954,0.2848625566563665
0.95,2.45,6.152285613280011,0.32545597132684756,0.2781900079696657
0.95,2.5250000000000004,0.0,0.3200359985121945,0.2720394806815906
0.95,2.5250000000000004,0.1308996938995747,0.32183197692189475,0.27388189235237687
0.95,2.5250000000000004,0.2617993877991494,0.3273821851856594,0.2794856732938424
0.95,2.5250000000000004,0.39269908169872414,0.33616881023239314,0.2884408428385944
0.95,2.5250000000000004,0.5235987755982988,0.347471043304387,0.3001789814218691
0.95,2.5250000000000004,0.6544984694978735,0.36048005600356675,0.31405634218829215
0.95,2.5250000000000004,0.7853981633974483,0.3744140113380075,0.3294338870565244
0.95,2.5250000000000004,0.916297857297023,0.3886049232430397,0.3457330045402376
0.95,2.5250000000000004,1.0471975511965976,0.40253634788633175,0.3624522315057133
0.95,2.5250000000000004,1.1780972450961724,0.41582395615808926,0.3791413784494087
0.95,2.5250000000000004,1.308996938995747,0.4281472491720766,0.3953425975481218
0.95,2.5250000000000004,1.4398966328953218,0.43915627738457186,0.4105200051610877
0.95,2.5250000000000004,1.5707963267948966,0.4483880065119304,0.4240071271646339
0.95,2.5250000000000004,1.7016960206944711,0.45522914686767907,0.43500173932768343
0.95,2.5250000000000004,1.832595714594046,0.45895357797794495,0.44262895846664874
0.95,2.5250000000000004,1.9634954084936205,0.4588434083867579,0.44607623394784696
0.95,2.5250000000000004,2.0943951023931953,0.45437702809461467,0.4447815092419834
0.95,2.5250000000000004,2.22529479629277,0.44544205194020803,0.4386341264975888
0.95,2.5250000000000004,2.356194490192345,0.43251398795783214,0.4281340894509298
0.95,2.5250000000000004,2.4870941840919194,0.41673973306098366,0.4144551130378134
0.95,2.5250000000000004,2.617993877991494,0.3998816190241073,0.39937309509338664
0.95,2.5250000000000004,2.748893571891069,0.3841101132011921,0.3850518885816358
0.95,2.5250000000000004,2.8797932657906435,0.3716733484189876,0.37371522395625395
0.95,2.5250000000000004,3.010692959690218,0.3645079927262718,0.3672669317044443
0.95,2.5250000000000004,3.141592653589793,0.3638773224250658,0.3669409393304694
0.95,2.5250000000000004,3.2724923474893677,0.3701213784154085,0.37306109003724863
0.95,2.5250000000000004,3.4033920413889422,0.38257991591967716,0.38496786030188845
0.95,2.5250000000000004,3.534291735288517,0.3997076838250178,0.4011302736021389
0.95,2.5250000000000004,3.665191429188092,0.41935482941483104,0.4194173504324712
0.95,2.5250000000000004,3.7960911230876664,0.4391460879814424,0.4374665548346832
0.95,2.5250000000000004,3.926990816987241,0.45687169350402507,0.45306694478989123
0.95,2.5250000000000004,4.057890510886816,0.4708057758268384,0.46447687618165673
0.95,2.5250000000000004,4.1887902047863905,0.47989243264126474,0.4706183347155013
0.95,2.5250000000000004,4.319689898685965,0.4837775128048876,0.47112475550071586
0.95,2.5250000000000004,4.45058959258554,0.4827038899322111,0.4662559751527579
0.95,2.5250000000000004,4.581489286485114,0.4773185182904894,0.4567226176086205
0.95,2.5250000000000004,4.71238898038469,0.46845350233993144,0.443476084636161
0.95,2.5250000000000004,4.843288674284264,0.4569390640816244,0.42751782283449596
0.95,2.5250000000000004,4.974188368183839,0.4434874144894996,0.4097659349101624
0.95,2.5250000000000004,5.105088062083413,0.4286604534410589,0.3909948595503409
0.95,2.5250000000000004,5.235987755982988,0.4129090925185017,0.3718418046790646
0.95,2.5250000000000004,5.3668874498825625,0.39665429229564747,0.3528574612307334
0.95,2.5250000000000004,5.497787143782138,0.3803729490058345,0.33457116185911545
0.95,2.5250000000000004,5.6286868376817125,0.3646555166012067,0.31754222164730406
0.95,2.5250000000000004,5.759586531581287,0.350214096244381,0.30237774791267547
0.95,2.5250000000000004,5.890486225480862,0.3378356822458093,0.28970963498059427
0.95,2.5250000000000004,6.021385919380436,0.3282910960157612,0.28013638002922653
0.95,2.5250000000000004,6.152285613280011,0.32222222589897204,0.2741457069953399
0.95,2.6000000000000005,0.0,0.319339496913326,0.2715278103123859
0.95,2.6000000000000005,0.1308996938995747,0.3210588543546062,0.2732707226050509
0.95,2.6000000000000005,0.2617993877991494,0.3261198546159543,0.27833520658493316
0.95,2.6000000000000005,0.39269908169872414,0.3340423450067665,0.28635056317024843
0.95,2.6000000000000005,0.5235987755982988,0.34417644547596793,0.29682065660956486
0.95,2.6000000000000005,0.6544984694978735,0.35582142342367495,0.3092109360960744
0.95,2.6000000000000005,0.7853981633974483,0.36834055615293204,0.3230286134884883
0.95,2.6000000000000005,0.916297857297023,0.381240710940926,0.33787189751257
0.95,2.6000000000000005,1.0471975511965976,0.39419392637426665,0.35343207501831514
0.95,2.6000000000000005,1.1780972450961724,0.4069934153318436,0.3694451907131273
0.95,2.6000000000000005,1.308996938995747,0.41945502861631995,0.3856053069442396
0.95,2.6000000000000005,1.4398966328953218,0.43129317351828494,0.40146537656773357
0.95,2.6000000000000005,1.5707963267948966,0.4420127698901379,0.41636092379063044
0.95,2.6000000000000005,1.7016960206944711,0.4508615890507008,0.429392573720429
0.95,2.6000000000000005,1.832595714594046,0.45687731267541776,0.4394937794596125
0.95,2.6000000000000005,1.9634954084936205,0.45904094022267367,0.44559003961667837
0.95,2.6000000000000005,2.0943951023931953,0.4565169241229899,0.4468289897612651
0.95,2.6000000000000005,2.22529479629277,0.4489287068635412,0.442833810294895
0.95,2.6000000000000005,2.356194490192345,0.43659632861297015,0.4339140873563629
0.95,2.6000000000000005,2.4870941840919194,0.42065945331292615,0.4211663715421679
0.95,2.6000000000000005,2.617993877991494,0.4030288044765023,0.406414987083312
0.95,2.6000000000000005,2.748893571891069,0.38614881451238786,0.39197975939822904
0.95,2.6000000000000005,2.8797932657906435,0.37260437514427736,0.3803025178029051
0.95,2.6000000000000005,3.010692959690218,0.36465054444754336,0.3735056378120308
0.95,2.6000000000000005,3.141592653589793,0.36377154176737303,0.37298053716749796
0.95,2.6000000000000005,3.2724923474893677,0.3703748108683227,0.3791032339370582
0.95,2.6000000000000005,3.4033920413889422,0.38369608167269026,0.3911465852663167
0.95,2.6000000000000005,3.534291735288517,0.40193994485219053,0.407411652570292
0.95,2.6000000000000005,3.665191429188092,0.42262195640697087,0.4255469936716536
0.95,2.6000000000000005,3.7960911230876664,0.4430294301360022,0.4429798379649303
0.95,2.6000000000000005,3.926990816987241,0.4606925409707903,0.4573595384828735
0.95,2.6000000000000005,4.057890510886816,0.47376156213132065,0.4669172126954813
0.95,2.6000000000000005,4.1887902047863905,0.48121732389173827,0.47067359016560023
0.95,2.6000000000000005,4.319689898685965,0.4828897617876937,0.46847017495146903
0.95,2.6000000000000005,4.45058959258554,0.47930901201204407,0.4608436439798733
0.95,2.6000000000000005,4.581489286485114,0.4714509313815594,0.4487974580289143
0.95,2.6000000000000005,4.71238898038469,0.4604552080033411,0.4335400593733792
0.95,2.6000000000000005,4.843288674284264,0.4473876960496934,0.41625434139484857
0.95,2.6000000000000005,4.974188368183839,0.43309442927968655,0.39794285338852015
0.95,2.6000000000000005,5.105088062083413,0.41816236816281754,0.3793655923452847
0.95,2.6000000000000005,5.235987755982988,0.4029714021623021,0.36106083399429617
0.95,2.6000000000000005,5.3668874498825625,0.3878010985011673,0.34342071493897525
0.95,2.6000000000000005,5.497787143782138,0.37294771194043896,0.32678521289843243
0.95,2.6000000000000005,5.6286868376817125,0.35881155429196504,0.31152050910134393
0.95,2.6000000000000005,5.759586531581287,0.3459286302589104,0.29805792191285224
0.95,2.6000000000000005,5.890486225480862,0.3349388288643173,0.28688408284557226
0.95,2.6000000000000005,6.021385919380436,0.32650119805074,0.2784880332081171
0.95,2.6000000000000005,6.152285613280011,0.3211809014751252,0.2732830678979477
0.95,2.6750000000000003,0.0,0.3210170060216813,0.2740040046979173
0.95,2.6750000000000003,0.1308996938995747,0.3226113503566618,0.2756123073358044
0.95,2.6750000000000003,0.2617993877991494,0.32707077535979906,0.28007116631532586
0.95,2.6750000000000003,0.39269908169872414,0.3339511833857005,0.28704197731345954
0.95,2.6750000000000003,0.5235987755982988,0.3426722033047744,0.29609070005381916
0.95,2.6750000000000003,0.6544984694978735,0.3526424686304795,0.30678179297366936
0.95,2.6750000000000003,0.7853981633974483,0.3633768462750384,0.3187617573898742
0.95,2.6750000000000003,0.916297857297023,0.3745707414479902,0.3318048303808531
0.95,2.6750000000000003,1.0471975511965976,0.3861066597431182,0.34580268043744816
0.95,2.6750000000000003,1.1780972450961724,0.39798546987050337,0.3606948325681918
0.95,2.6750000000000003,1.308996938995747,0.4101958464877031,0.37635383888954105
0.95,2.6750000000000003,1.4398966328953218,0.42255578921033937,0.3924552783772561
0.95,2.6750000000000003,1.5707963267948966,0.4345748507903024,0.4083735919642834
0.95,2.6750000000000003,1.7016960206944711,0.4453896472323018,0.42314666016758395
0.95,2.6750000000000003,1.832595714594046,0.4538145240813823,0.4355419879742799
0.95,2.6750000000000003,1.9634954084936205,0.4585232719243841,0.44423490673998284
0.95,2.6750000000000003,2.0943951023931953,0.458340736902574,0.4480777633902158
0.95,2.6750000000000003,2.22529479629277,0.45258436349570336,0.4464063268455913
0.95,2.6750000000000003,2.356194490192345,0.4413675338488281,0.43930603261131324
0.95,2.6750000000000003,2.4870941840919194,0.42577053749262594,0.42775609411314536
0.95,2.6750000000000003,2.617993877991494,0.40780713255088524,0.41358928279575796
0.95,2.6750000000000003,2.748893571891069,0.3901621977942819,0.3992471465888725
0.95,2.6750000000000003,2.8797932657906435,0.375737103240648,0.3873644292288511
0.95,2.6750000000000003,3.010692959690218,0.36709638543597206,0.380266893882379
0.95,2.6750000000000003,3.141592653589793,0.36594405452169587,0.3794975947135186
0.95,2.6750000000000003,3.2724923474893677,0.3727582162252729,0.38548690208188746
0.95,2.6750000000000003,3.4033920413889422,0.3866767942422343,0.3974494447105437
0.95,2.6750000000000003,3.534291735288517,0.4056644385854664,0.4135349523703525
0.95,2.6750000000000003,3.665191429188092,0.42691917455819445,0.4311958627042098
0.95,2.6750000000000003,3.7960911230876664,0.44741778313400377,0.4476811704964218
0.95,2.6750000000000003,3.926990816987241,0.4644682820317698,0.46053854859607773
0.95,2.6750000000000003,4.057890510886816,0.476144004920976,0.46801215158169
0.95,2.6750000000000003,4.1887902047863905,0.48151305842497055,0.4692583666058618
0.95,2.6750000000000003,4.319689898685965,0.4806359708089747,0.4643540445821488
0.95,2.6750000000000003,4.45058959258554,0.4743647180661587,0.454125081321193
0.95,2.6750000000000003,4.581489286485114,0.4640208128565589,0.43986255254887147
0.95,2.6750000000000003,4.71238898038469,0.45104814172936997,0.42300982385328095
0.95,2.6750000000000003,4.843288674284264,0.4367263554942691,0.4048961634711734
0.95,2.6750000000000003,4.974188368183839,0.421999938528635,0.3865666289726685
0.95,2.6750000000000003,5.105088062083413,0.4074385848082775,0.36872464122304316
0.95,2.6750000000000003,5.235987755982988,0.39330843224883855,0.3517729829826411
0.95,2.6750000000000003,5.3668874498825625,0.3797097641508427,0.3359181505909928
0.95,2.6750000000000003,5.497787143782138,0.36672845590991504,0.32129487628306136
0.95,2.6750000000000003,5.6286868376817125,0.35455445120604406,0.3080712583831162
0.95,2.6750000000000003,5.759586531581287,0.3435366525423536,0.2965070471800978
0.95,2.6750000000000003,5.890486225480862,0.33416451614552184,0.28695420367678476
0.95,2.6750000000000003,6.021385919380436,0.3269872852666302,0.2798059090863733
0.95,2.6750000000000003,6.152285613280011,0.3224979020644552,0.27541416446501493
0.95,2.7500000000000004,0.0,0.32513535459827597,0.27911272740338444
0.95,2.7500000000000004,0.1308996938995747,0.3265769555113469,0.280578105288074
0.95,2.7500000000000004,0.2617993877991494,0.3303878799132928,0.2844423194841873
0.95,2.7500000000000004,0.39269908169872414,0.3361506294459953,0.2903853204301233
0.95,2.7500000000000004,0.5235987755982988,0.3433408273282108,0.29801500483790505
0.95,2.7500000000000004,0.6544984694978735,0.35146238851161504,0.3069714548171267
0.95,2.7500000000000004,0.7853981633974483,0.3601708897468016,0.3170176844687917
0.95,2.7500000000000004,0.916297857297023,0.3693461640464705,0.3280857012462986
0.95,2.7500000000000004,1.0471975511965976,0.37908682398717497,0.3402575128392684
0.95,2.7500000000000004,1.1780972450961724,0.3896187557910205,0.35367740008902243
0.95,2.7500000000000004,1.308996938995747,0.4011328921904685,0.36841088376115455
0.95,2.7500000000000004,1.4398966328953218,0.41359036073261285,0.3842837230550846
0.95,2.7500000000000004,1.5707963267948966,0.42655027019286623,0.40074712154130937
0.95,2.7500000000000004,1.7016960206944711,0.4390812523325085,0.4168188696242117
0.95,2.7500000000000004,1.832595714594046,0.4498074624889014,0.431140647712672
0.95,2.7500000000000004,1.9634954084936205,0.4571112483448589,0.442167665357102
0.95,2.7500000000000004,2.0943951023931953,0.45947194938909847,0.44847115824670586
0.95,2.7500000000000004,2.22529479629277,0.4558736399450731,0.44909533985276845
0.95,2.7500000000000004,2.356194490192345,0.44617893774297945,0.4438805126699219
0.95,2.7500000000000004,2.4870941840919194,0.4313558302156766,0.4336555617281386
0.95,2.7500000000000004,2.617993877991494,0.41346816313888574,0.4202233696333859
0.95,2.7500000000000004,2.748893571891069,0.39539565851801445,0.40611020080558724
0.95,2.7500000000000004,2.8797932657906435,0.3803223147593598,0.39411326071068853
0.95,2.7500000000000004,3.010692959690218,0.3711012729669126,0.3867409153046811
0.95,2.7500000000000004,3.141592653589793,0.36964742658017036,0.38567794028158814
0.95,2.7500000000000004,3.2724923474893677,0.37651091794672253,0.39141002803205144
0.95,2.7500000000000004,3.4033920413889422,0.39074252818541216,0.40310500050925274
0.95,2.7500000000000004,3.534291735288517,0.41008713713484846,0.4187825608199481
0.95,2.7500000000000004,3.665191429188092,0.4314557873282154,0.4357292307855772
0.95,2.7500000000000004,3.7960911230876664,0.4515558253365674,0.45105279808438253
0.95,2.7500000000000004,3.926990816987241,0.4675227741728165,0.46223931853920003
0.95,2.7500000000000004,4.057890510886816,0.47740631439941744,0.4675835178368463
0.95,2.7500000000000004,4.1887902047863905,0.4804112477699309,0.46640587210898743
0.95,2.7500000000000004,4.319689898685965,0.4768658255366609,0.45903183007541154
0.95,2.7500000000000004,4.45058959258554,0.46796167230791635,0.44657075667561336
0.95,2.7500000000000004,4.581489286485114,0.4553609423358,0.4305763773388418
0.95,2.7500000000000004,4.71238898038469,0.4407850426729973,0.4126865536075459
0.95,2.7500000000000004,4.843288674284264,0.4256845789142978,0.39432793521515513
0.95,2.7500000000000004,4.974188368183839,0.41105170822034043,0.3765388261670519
0.95,2.7500000000000004,5.105088062083413,0.3973888598935207,0.35992421217273424
0.95,2.7500000000000004,5.235987755982988,0.3848063757708198,0.34472235582891936
0.95,2.7500000000000004,5.3668874498825625,0.3731956015852142,0.3309403539108161
0.95,2.7500000000000004,5.497787143782138,0.36241627229066115,0.318508798526206
0.95,2.7500000000000004,5.6286868376817125,0.3524451823119154,0.30741117040056215
0.95,2.7500000000000004,5.759586531581287,0.34345177944375593,0.2977577458650838
0.95,2.7500000000000004,5.890486225480862,0.3357896482711101,0.2897922771851911
0.95,2.7500000000000004,6.021385919380436,0.32991571618128135,0.2838385837551614
0.95,2.7500000000000004,6.152285613280011,0.3262671063721255,0.28020986728942465
0.95,2.825,0.0,0.3315527608767368,0.28633506267122366
0.95,2.825,0.1308996938995747,0.33283899106807424,0.2876765997413615
0.95,2.825,0.2617993877991494,0.33602851944287454,0.29103221238865135
0.95,2.825,0.39269908169872414,0.34071382790666577,0.29608236130576715
0.95,2.825,0.5235987755982988,0.34640189059732024,0.30244944550196246
0.95,2.825,0.6544984694978735,0.35266328361986465,0.3098155554089104
0.95,2.825,0.7853981633974483,0.3592662408631286,0.3180242168351791
0.95,2.825,0.916297857297023,0.3662522320634772,0.32713109414295444
0.95,2.825,1.0471975511965976,0.37392308751454784,0.33738102720875657
0.95,2.825,1.1780972450961724,0.38273091725067404,0.3491070336207165
0.95,2.825,1.308996938995747,0.39308710051763934,0.3625673148307707
0.95,2.825,1.4398966328953218,0.4051313947057151,0.3777555911549122
0.95,2.825,1.5707963267948966,0.41852194221042954,0.3942348286939028
0.95,2.825,1.7016960206944711,0.4323155803866414,0.411050274789376
0.95,2.825,1.832595714594046,0.44499908016970763,0.4267699111624304
0.95,2.825,1.9634954084936205,0.45470218440187876,0.4396759928089426
0.95,2.825,2.0943951023931953,0.4595753892547285,0.44809216554318976
0.95,2.825,2.22529479629277,0.45826037855552343,0.4507853873744259
0.95,2.825,2.356194490192345,0.45033637939992577,0.4473447440458976
0.95,2.825,2.4870941840919194,0.43660966545236307,0.43842551771782984
0.95,2.825,2.617993877991494,0.4191373692601326,0.42576651954136085
0.95,2.825,2.748893571891069,0.4009392493673772,0.4119411240530601
0.95,2.825,2.8797932657906435,0.3854364447802398,0.3998748693067151
0.95,2.825,3.010692959690218,0.3757389080521194,0.3922332507500231
0.95,2.825,3.141592653589793,0.3739560520380649,0.3908290770234979
0.95,2.825,3.2724923474893677,0.380709245101007,0.39620280663218393
0.95,2.825,3.4033920413889422,0.3949764146996461,0.407488036747131
0.95,2.825,3.534291735288517,0.41431144927370084,0.4225990433333322
0.95,2.825,3.665191429188092,0.4353805013768344,0.43869065268746543
0.95,2.825,3.7960911230876664,0.4546741733722314,0.4527692651602244
0.95,2.825,3.926990816987241,0.46921361724083516,0.4622989433250964
0.95,2.825,4.057890510886816,0.4770806669606687,0.4656572956570158
0.95,2.825,4.1887902047863905,0.47766101561380925,0.46234667842920185
0.95,2.825,4.319689898685965,0.4715745014873885,0.4529388984601026
0.95,2.825,4.45058959258554,0.4603502994240685,0.43880248927110443
0.95,2.825,4.581489286485114,0.4459625652005142,0.4217099761973689
0.95,2.825,4.71238898038469,0.43036006768654694,0.4034371761159448
0.95,2.825,4.843288674284264,0.4151021386343811,0.3854485653631626
0.95,2.825,4.974188368183839,0.4011656679251229,0.36872322108485145
0.95,2.825,5.105088062083413,0.38893252016978774,0.35373037968436455
0.95,2.825,5.235987755982988,0.3783206578459015,0.3405260432271831
0.95,2.825,5.3668874498825625,0.3689954803573678,0.32892010022441626
0.95,2.825,5.497787143782138,0.3605921921616703,0.31865818551656877
0.95,2.825,5.6286868376817125,0.35289111629565645,0.3095704667675039
0.95,2.825,5.759586531581287,0.34590915512768317,0.30165569335305037
0.95,2.825,5.890486225480862,0.33989595020235086,0.2950887591691953
0.95,2.825,6.021385919380436,0.33524793277830084,0.29016022548305365
0.95,2.825,6.152285613280011,0.3323733589204065,0.28717340047709317
0.95,2.9000000000000004,0.0,0.33984395557297065,0.29500970752923256
0.95,2.9000000000000004,0.1308996938995747,0.3409993021363964,0.2962711170425112
0.95,2.9000000000000004,0.2617993877991494,0.34367001479100523,0.2992681922210331
0.95,2.9000000000000004,0.39269908169872414,0.34743669427965984,0.3036620439692093
0.95,2.9000000000000004,0.5235987755982988,0.35180470493914767,0.3090588222586644
0.95,2.9000000000000004,0.6544984694978735,0.35637120445457066,0.3151433627016678
0.95,2.9000000000000004,0.7853981633974483,0.36097445636607656,0.32179492322702075
0.95,2.9000000000000004,0.916297857297023,0.3657775042379305,0.32914642590811893
0.95,2.9000000000000004,1.0471975511965976,0.3712536915001143,0.33756268102426
0.95,2.9000000000000004,1.1780972450961724,0.37806426216001626,0.34753246338750005
0.95,2.9000000000000004,1.308996938995747,0.3868442341091152,0.35949016553937785
0.95,2.9000000000000004,1.4398966328953218,0.39793869939618026,0.37360258340252434
0.95,2.9000000000000004,1.5707963267948966,0.411153892914155,0.3895727803612335
0.95,2.9000000000000004,1.7016960206944711,0.42559970362533023,0.40652179065094685
0.95,2.9000000000000004,1.832595714594046,0.43969489647828697,0.42300423956397376
0.95,2.9000000000000004,1.9634954084936205,0.45137710258831015,0.4371907439838503
0.95,2.9000000000000004,2.0943951023931953,0.4585075404390628,0.4472083635250783
0.95,2.9000000000000004,2.22529479629277,0.4593967316353131,0.4515788735907879
0.95,2.9000000000000004,2.356194490192345,0.45332241415245783,0.44964935411592505
0.95,2.9000000000000004,2.4870941840919194,0.4408869297111769,0.44188911293744204
0.95,2.9000000000000004,2.617993877991494,0.4240838156571465,0.42994447785151396
0.95,2.9000000000000004,2.748893571891069,0.4060122607559094,0.4163994086218315
0.95,2.9000000000000004,2.8797932657906435,0.390276113466322,0.4042714038228527
0.95,2.9000000000000004,3.010692959690218,0.3802012088016917,0.39635388739194316
0.95,2.9000000000000004,3.141592653589793,0.3780684485328416,0.394570598030302
0.95,2.9000000000000004,3.2724923474893677,0.38456722600191373,0.39951439323608934
0.95,2.9000000000000004,3.4033920413889422,0.3986193719702103,0.4102974825637955
0.95,2.9000000000000004,3.534291735288517,0.4176231313428831,0.4247551687847165
0.95,2.9000000000000004,3.665191429188092,0.4380505896262572,0.43994698886937506
0.95,2.9000000000000004,3.7960911230876664,0.45623646775757115,0.4528185604086022
0.95,2.9000000000000004,3.926990816987241,0.4691503730997631,0.4608492338007597
0.95,2.9000000000000004,4.057890510886816,0.47496089236223066,0.4625251252779554
0.95,2.9000000000000004,4.1887902047863905,0.47327034204679713,0.4575369442164763
0.95,2.9000000000000004,4.319689898685965,0.4649984735257775,0.4466855322264915
0.95,2.9000000000000004,4.45058959258554,0.4519891374606544,0.4315574123956713
0.95,2.9000000000000004,4.581489286485114,0.43647705170496126,0.41408411567846204
0.95,2.9000000000000004,4.71238898038469,0.42056729821836375,0.39611076004305196
0.95,2.9000000000000004,4.843288674284264,0.40585046444116596,0.3790741760880847
0.95,2.9000000000000004,4.974188368183839,0.39321827185668035,0.36384323934155666
0.95,2.9000000000000004,5.105088062083413,0.382880944983868,0.3507227824285015
0.95,2.9000000000000004,5.235987755982988,0.37453795628809444,0.3395829790298383
0.95,2.9000000000000004,5.3668874498825625,0.3676281149993533,0.3300558228608315
0.95,2.9000000000000004,5.497787143782138,0.36158297186705507,0.32173848111060876
0.95,2.9000000000000004,5.6286868376817125,0.35602242563947417,0.3143543319248157
0.95,2.9000000000000004,5.759586531581287,0.3508551708653467,0.3078403396751211
0.95,2.9000000000000004,5.890486225480862,0.3462731951073745,0.3023499415995541
0.95,2.9000000000000004,6.021385919380436,0.34265515098309035,0.29818131471299564
0.95,2.9000000000000004,6.152285613280011,0.34041482155222047,0.29565912072728445
0.95,2.9750000000000005,0.0,0.34930709895614065,0.30439835140616994
0.95,2.9750000000000005,0.1308996938995747,0.3503818555354066,0.30564192941744767
0.95,2.9750000000000005,0.2617993877991494,0.3527042497743567,0.3084754627959792
0.95,2.9750000000000005,0.39269908169872414,0.355818870712159,0.31252216141859035
0.95,2.9750000000000005,0.5235987755982988,0.3591925854178923,0.3173424871524266
0.95,2.9750000000000005,0.6544984694978735,0.3624026527243606,0.32258462240763414
0.95,2.9750000000000005,0.7853981633974483,0.36530498481249324,0.3281156535212745
0.95,2.9750000000000005,0.916297857297023,0.3681305422589937,0.33409211463130495
0.95,2.9750000000000005,1.0471975511965976,0.3714754711165245,0.3409443382866845
0.95,2.9750000000000005,1.1780972450961724,0.37617431803722895,0.3492689606758738
0.95,2.9750000000000005,1.308996938995747,0.38307126910735284,0.3596440051178105
0.95,2.9750000000000005,1.4398966328953218,0.39273020412125687,0.37240009701565696
0.95,2.9750000000000005,1.5707963267948966,0.4051485684071962,0.38739887881838
0.95,2.9750000000000005,1.7016960206944711,0.41955706539309845,0.403882111824724
0.95,2.9750000000000005,1.832595714594046,0.43438726914846265,0.42045506694067214
0.95,2.9750000000000005,1.9634954084936205,0.44746297699237414,0.43524784819838996
0.95,2.9750000000000005,2.0943951023931953,0.45641641307788944,0.4462557990441048
0.95,2.9750000000000005,2.22529479629277,0.459258053340807,0.45180280704017756
0.95,2.9750000000000005,2.356194490192345,0.4549619003889393,0.4510170942929357
0.95,2.9750000000000005,2.4870941840919194,0.44389397481089504,0.4441802756639981
0.95,2.9750000000000005,2.617993877991494,0.42793067085476366,0.432824152377882
0.95,2.9750000000000005,2.748893571891069,0.41018780330276944,0.4195089097487026
0.95,2.9750000000000005,2.8797932657906435,0.3943917822643744,0.4073065742787098
0.95,2.9750000000000005,3.010692959690218,0.3840366535876911,0.39910650692872035
0.95,2.9750000000000005,3.141592653589793,0.381546355937551,0.396923298130742
0.95,2.9750000000000005,3.2724923474893677,0.3876726550327219,0.4013978302795807
0.95,2.9750000000000005,3.4033920413889422,0.4012991381533278,0.4116331783469656
0.95,2.9750000000000005,3.534291735288517,0.4197077836386474,0.425412615385107
0.95,2.9750000000000005,3.665191429188092,0.439232738558543,0.43973732609583566
0.95,2.9750000000000005,3.7960911230876664,0.4561179844240841,0.45153192204517884
0.95,2.9750000000000005,3.926990816987241,0.467345273769795,0.458324803138751
0.95,2.9750000000000005,4.057890510886816,0.4712201332182915,0.45872918969728954
0.95,2.9750000000000005,4.1887902047863905,0.46758676186365894,0.4526201233325314
0.95,2.9750000000000005,4.319689898685965,0.45765725103832905,0.4409972510349924
0.95,2.9750000000000005,4.45058959258554,0.4435480181069813,0.42561053862680837
0.95,2.9750000000000005,4.581489286485114,0.427683544736336,0.4084793746854955
0.95,2.9750000000000005,4.71238898038469,0.41223834145769905,0.3914426157804467
0.95,2.9750000000000005,4.843288674284264,0.39874765615402813,0.37584326278110575
0.95,2.9750000000000005,4.974188368183839,0.38794760093221353,0.3623950486988789
0.95,2.9750000000000005,5.105088062083413,0.3798337659227178,0.3512216463192716
0.95,2.9750000000000005,5.235987755982988,0.3738759428911362,0.34201946244157794
0.95,2.9750000000000005,5.3668874498825625,0.3693044464762467,0.33427844197520556
0.95,2.9750000000000005,5.497787143782138,0.36538728129556325,0.32749845425864327
0.95,2.9750000000000005,5.6286868376817125,0.361636969136043,0.32135346586111
0.95,2.9750000000000005,5.759586531581287,0.3579115510914847,0.31577464582500675
0.95,2.9750000000000005,5.890486225480862,0.3544007581716729,0.31094342946260395
0.95,2.9750000000000005,6.021385919380436,0.35151373187750984,0.30720559867704883
0.95,2.9750000000000005,6.152285613280011,0.3497070804955773,0.30493618288820273
0.95,3.0500000000000003,0.0,0.35905006001565926,0.31378060619896525
0.95,3.0500000000000003,0.1308996938995747,0.36011528390234143,0.31507856758871317
0.95,3.0500000000000003,0.2617993877991494,0.3623107088717479,0.31796351572187764
0.95,3.0500000000000003,0.39269908169872414,0.36512213663027476,0.3220065604652447
0.95,3.0500000000000003,0.5235987755982988,0.3679424982851181,0.32669888642810196
0.95,3.0500000000000003,0.6544984694978735,0.3702826393876793,0.33161804093761155
0.95,3.0500000000000003,0.7853981633974483,0.37196041274448044,0.3365738871707094
0.95,3.0500000000000003,0.916297857297023,0.37321296440915047,0.3416914420938972
0.95,3.0500000000000003,1.0471975511965976,0.37469730015522656,0.34740545972013487
0.95,3.0500000000000003,1.1780972450961724,0.37736816314823957,0.3543612052210068
0.95,3.0500000000000003,1.308996938995747,0.3822457410778057,0.3632335524779897
0.95,3.0500000000000003,1.4398966328953218,0.39010955654795393,0.37449329100009493
0.95,3.0500000000000003,1.5707963267948966,0.401180296425293,0.38816734717405366
0.95,3.0500000000000003,1.7016960206944711,0.4148739542927313,0.4036562487894873
0.95,3.0500000000000003,1.832595714594046,0.429720757902861,0.41967896589658277
0.95,3.0500000000000003,1.9634954084936205,0.4435209713847244,0.43440095329517664
0.95,3.0500000000000003,2.0943951023931953,0.453754430743325,0.44575971566999906
0.95,3.0500000000000003,2.22529479629277,0.4581800303185033,0.45193970764461566
0.95,3.0500000000000003,2.356194490192345,0.45548113018767444,0.45188450165736826
0.95,3.0500000000000003,2.4870941840919194,0.4457662198593298,0.445695390780155
0.95,3.0500000000000003,2.617993877991494,0.43074708960387936,0.4347735995941289
0.95,3.0500000000000003,2.748893571891069,0.41349467373095533,0.4216238331182014
0.95,3.0500000000000003,2.8797932657906435,0.3977955850311905,0.40933507562068144
0.95,3.0500000000000003,3.010692959690218,0.3872605005479354,0.4008587606615046
0.95,3.0500000000000003,3.141592653589793,0.3844241576242687,0.3982778240016043
0.95,3.0500000000000003,3.2724923474893677,0.39009271667613943,0.40227474366716837
0.95,3.0500000000000003,3.4033920413889422,0.40312903178129655,0.41195443751780925
0.95,3.0500000000000003,3.534291735288517,0.4207394173345141,0.42507438736015885
0.95,3.0500000000000003,3.665191429188092,0.4391777877174017,0.4386135043641369
0.95,3.0500000000000003,3.7960911230876664,0.4546627812093465,0.44951318793038686
0.95,3.0500000000000003,3.926990816987241,0.4642492657432295,0.4553806848530752
0.95,3.0500000000000003,4.057890510886816,0.46642308091135637,0.4549685832778785
0.95,3.0500000000000003,4.1887902047863905,0.4612844846614257,0.4483238648543099
0.95,3.0500000000000003,4.319689898685965,0.45031597948918534,0.4366054477037302
0.95,3.0500000000000003,4.45058959258554,0.4358489306606388,0.4216636757251088
0.95,3.0500000000000003,4.581489286485114,0.4204130063323109,0.4055288920728451
0.95,3.0500000000000003,4.71238898038469,0.40615622520183253,0.38995687782946886
0.95,3.0500000000000003,4.843288674284264,0.39446995280683494,0.3761348694125691
0.95,3.0500000000000003,4.974188368183839,0.38587034035031414,0.3645861377100412
0.95,3.0500000000000003,5.105088062083413,0.38010863365233183,0.3552500629413875
0.95,3.0500000000000003,5.235987755982988,0.37643174124370987,0.3476766025883015
0.95,3.0500000000000003,5.3668874498825625,0.37389881953554593,0.3412635925408993
0.95,3.0500000000000003,5.497787143782138,0.37167152745724036,0.33547522936223545
0.95,3.0500000000000003,5.6286868376817125,0.3692206004627219,0.3299987690250374
0.95,3.0500000000000003,5.759586531581287,0.3664180971389319,0.3248156029687279
0.95,3.0500000000000003,5.890486225480862,0.36350917431930724,0.32018044683999514
0.95,3.0500000000000003,6.021385919380436,0.3609807370091833,0.31652022768322124
0.95,3.0500000000000003,6.152285613280011,0.3593670807442539,0.3142827984208492
0.95,3.1250000000000004,0.0,0.36813238688542743,0.32255526059024864
0.95,3.1250000000000004,0.1308996938995747,0.3692714009408211,0.3239796310765449
0.95,3.1250000000000004,0.2617993877991494,0.3715868152679771,0.32712342538560957
0.95,3.1250000000000004,0.39269908169872414,0.37448793049859397,0.33149823538687057
0.95,3.1250000000000004,0.5235987755982988,0.3772652712630677,0.33651188874049587
0.95,3.1250000000000004,0.6544984694978735,0.37932341270554826,0.3416473839730965
0.95,3.1250000000000004,0.7853981633974483,0.3803901784511474,0.3466204909530368
0.95,3.1250000000000004,0.916297857297023,0.38064567057002213,0.3514737123879505
0.95,3.1250000000000004,1.0471975511965976,0.38073785539898575,0.3565839081192134
0.95,3.1250000000000004,1.1780972450961724,0.38167461465762914,0.36257914254844165
0.95,3.1250000000000004,1.308996938995747,0.3846012340712093,0.37017364603410874
0.95,3.1250000000000004,1.4398966328953218,0.39049161009014094,0.3799420893048098
0.95,3.1250000000000004,1.5707963267948966,0.39980679080169335,0.3920714049650574
0.95,3.1250000000000004,1.7016960206944711,0.4122036140548147,0.4061497809525955
0.95,3.1250000000000004,1.832595714594046,0.4263951434754394,0.4210680039758299
0.95,3.1250000000000004,1.9634954084936205,0.44025361190689155,0.43510235132399483
0.95,3.1250000000000004,2.0943951023931953,0.45119340442486416,0.44620988613341717
0.95,3.1250000000000004,2.22529479629277,0.45678329460679773,0.4525001952239263
0.95,3.1250000000000004,2.356194490192345,0.4554422199531911,0.452773485518898
0.95,3.1250000000000004,2.4870941840919194,0.44701111906844204,0.44696461161942874
0.95,3.1250000000000004,2.617993877991494,0.4329977056328475,0.43633301129279783
0.95,3.1250000000000004,2.748893571891069,0.41637095723621315,0.42329886749254736
0.95,3.1250000000000004,2.8797932657906435,0.4009166473158892,0.4109311444821501
0.95,3.1250000000000004,3.010692959690218,0.3903096760777059,0.40220855229739766
0.95,3.1250000000000004,3.141592653589793,0.3871614863584867,0.3992581339914197
0.95,3.1250000000000004,3.2724923474893677,0.39232267382905617,0.40279562539992764
0.95,3.1250000000000004,3.4033920413889422,0.40465117277121143,0.41193699810410656
0.95,3.1250000000000004,3.534291735288517,0.4213166502384304,0.4244384977852133
0.95,3.1250000000000004,3.665191429188092,0.43854835610511295,0.4372908768574953
0.95,3.1250000000000004,3.7960911230876664,0.45260140384727343,0.4474873967637903
0.95,3.1250000000000004,3.926990816987241,0.4606589663714806,0.45274014294079623
0.95,3.1250000000000004,4.057890510886816,0.46142229428213,0.4519484912159324
0.95,3.1250000000000004,4.1887902047863905,0.45525153717520633,0.44531364060219686
0.95,3.1250000000000004,4.319689898685965,0.44386649148483787,0.4341094507028567
0.95,3.1250000000000004,4.45058959258554,0.4297457173419939,0.4202206155383095
0.95,3.1250000000000004,4.581489286485114,0.41543265491879416,0.40561166144710503
0.95,3.1250000000000004,4.71238898038469,0.4029514428903412,0.3918825819994857
0.95,3.1250000000000004,4.843288674284264,0.3934662155476662,0.38001115696338256
0.95,3.1250000000000004,4.974188368183839,0.38722064199425144,0.37030652325793884
0.95,3.1250000000000004,5.105088062083413,0.3837087921313258,0.36253404993788324
0.95,3.1250000000000004,5.235987755982988,0.38198048996679157,0.35613746200251023
0.95,3.1250000000000004,5.3668874498825625,0.38097865078339055,0.3504823936166454
0.95,3.1250000000000004,5.497787143782138,0.3798287882345422,0.34506410771654994
0.95,3.1250000000000004,5.6286868376817125,0.37803199487138395,0.3396452336387072
0.95,3.1250000000000004,5.759586531581287,0.37553900831452497,0.33430748212050426
0.95,3.1250000000000004,5.890486225480862,0.3727030055248828,0.329414512705075
0.95,3.1250000000000004,6.021385919380436,0.37012820997213236,0.32549695351539837
0.95,3.1250000000000004,6.152285613280011,0.36845373056510483,0.3230880510733874
0.95,3.2,0.0,0.37572626852780355,0.3303230390505793
0.95,3.2,0.1308996938995747,0.3770237446417675,0.3319356102705833
0.95,3.2,0.2617993877991494,0.37970148903943146,0.33551218508315994
0.95,3.2,0.39269908169872414,0.3830828026805639,0.3405055677298181
0.95,3.2,0.5235987755982988,0.3863390203758177,0.3462377810607729
0.95,3.2,0.6544984694978735,0.38874113519214065,0.3520863758046963
0.95,3.2,0.7853981633974483,0.38988525994220474,0.3576481562323182
0.95,3.2,0.916297857297023,0.3898363472285225,0.36284088205162596
0.95,3.2,1.0471975511965976,0.38916152544920246,0.3679252207709953
0.95,3.2,1.1780972450961724,0.3888456542643102,0.3734449900477661
0.95,3.2,1.308996938995747,0.39009352368954114,0.3800904442022932
0.95,3.2,1.4398966328953218,0.3940347881246003,0.38849484951722063
0.95,3.2,1.5707963267948966,0.4013713397787388,0.3989895676817281
0.95,3.2,1.7016960206944711,0.41204337875849867,0.41136956603513536
0.95,3.2,1.832595714594046,0.4250233442398,0.42474774615503247
0.95,3.2,1.9634954084936205,0.43834919217412366,0.43758166362834877
0.95,3.2,2.0943951023931953,0.4494603188532764,0.44792333792281697
0.95,3.2,2.22529479629277,0.4558042513706418,0.4538727025892075
0.95,3.2,2.356194490192345,0.45557128740961983,0.4541303798015089
0.95,3.2,2.4870941840919194,0.4483347775285617,0.4484820032563271
0.95,3.2,2.617993877991494,0.4353678563525755,0.4380372261555728
0.95,3.2,2.748893571891069,0.41948747468530434,0.4251050629187088
0.95,3.2,2.8797932657906435,0.4044221506427006,0.4126987271670142
0.95,3.2,3.010692959690218,0.39386088335414265,0.40378950763034444
0.95,3.2,3.141592653589793,0.3904579787912624,0.4005234683056025
0.95,3.2,3.2724923474893677,0.3950970928393686,0.40363972407021237
0.95,3.2,3.4033920413889422,0.4066442267996287,0.4122724707990449
0.95,3.2,3.534291735288517,0.42226725738622245,0.42419882458927
0.95,3.2,3.665191429188092,0.4382207997367433,0.4364526614813172
0.95,3.2,3.7960911230876664,0.45085132376908793,0.44611102027839583
0.95,3.2,3.926990816987241,0.45751735331706217,0.45101354699266066
0.95,3.2,4.057890510886816,0.45716185085779987,0.450210909064702
0.95,3.2,4.1887902047863905,0.45040020150274956,0.4440389467298374
0.95,3.2,4.319689898685965,0.43914949328803266,0.4338421647024211
0.95,3.2,4.45058959258554,0.4259638921293439,0.42147622249438216
0.95,3.2,4.581489286485114,0.4133097405601629,0.40876870537257615
0.95,3.2,4.71238898038469,0.40299573528510163,0.39709965548901577
0.95,3.2,4.843288674284264,0.3958866667845263,0.3871944818491974
0.95,3.2,4.974188368183839,0.39191691855264876,0.37913630810626575
0.95,3.2,5.105088062083413,0.3903286759669246,0.3725379389185666
0.95,3.2,5.235987755982988,0.39001803685580533,0.3667857837684522
0.95,3.2,5.3668874498825625,0.38988037005097326,0.36127773182793343
0.95,3.2,5.497787143782138,0.38908264978706447,0.35560613572231325
0.95,3.2,5.6286868376817125,0.38722833226337366,0.3496649194712467
0.95,3.2,5.759586531581287,0.38440443140659425,0.34367550582647644
0.95,3.2,5.890486225480862,0.3811129272736891,0.33813276385554136
0.95,3.2,6.021385919380436,0.37810141737226327,0.3336798715000732
0.95,3.2,6.152285613280011,0.376128864793551,0.3309364230193776
0.9,0.5,0.0,0.14795947647628266,0.1036933177076152
0.9,0.5,0.1308996938995747,0.1481585736330065,0.10387126852483934
0.9,0.5,0.2617993877991494,0.14852177987292794,0.10418485464847128
0.9,0.5,0.39269908169872414,0.14904249375562273,0.10462836986366657
0.9,0.5,0.5235987755982988,0.14971123885033333,0.10519372835487968
0.9,0.5,0.6544984694978735,0.15051586491582927,0.10587063757386887
0.9,0.5,0.7853981633974483,0.15144180451026365,0.10664681729442288
0.9,0.5,0.916297857297023,0.15247237724784468,0.10750825806203566
0.9,0.5,1.0471975511965976,0.15358913267386462,0.10843951120777294
0.9,0.5,1.1780972450961724,0.15477222191403028,0.1094240019372747
0.9,0.5,1.308996938995747,0.15600078788321892,0.11044435675064328
0.9,0.5,1.4398966328953218,0.1572533639138451,0.11148273658002728
0.9,0.5,1.5707963267948966,0.15850827115100585,0.11252116752486856
0.9,0.5,1.7016960206944711,0.1597440059066034,0.11354186185238213
0.9,0.5,1.832595714594046,0.16093960928527087,0.11452752295147832
0.9,0.5,1.9634954084936205,0.16207501271751043,0.11546162909669472
0.9,0.5,2.0943951023931953,0.16313135445069066,0.11632869211219053
0.9,0.5,2.22529479629277,0.1640912634799021,0.11711448824425026
0.9,0.5,2.356194490192345,0.16493910874450227,0.11780625968371193
0.9,0.5,2.4870941840919194,0.1656612126143887,0.1183928861628834
0.9,0.5,2.617993877991494,0.16624602867862373,0.11886502685063051
0.9,0.5,2.748893571891069,0.16668428458312223,0.11921523334882561
0.9,0.5,2.8797932657906435,0.16696909114154942,0.1194380349507872
0.9,0.5,3.010692959690218,0.16709601915627892,0.11952999746182347
0.9,0.5,3.141592653589793,0.16706314535859937,0.11948975683525986
0.9,0.5,3.2724923474893677,0.1668710686532614,0.1193180286610131
0.9,0.5,3.4033920413889422,0.16652289748563598,0.11901759422560292
0.9,0.5,3.534291735288517,0.16602420869322487,0.11859326347594061
0.9,0.5,3.665191429188092,0.16538297774162938,0.11805181482275667
0.9,0.5,3.7960911230876664,0.16460947983134794,0.11740191137341909
0.9,0.5,3.926990816987241,0.16371616106746892,0.11665399292827089
0.9,0.5,4.057890510886816,0.16271747877042483,0.11582014295980132
0.9,0.5,4.1887902047863905,0.16162971010167393,0.11491392985764137
0.9,0.5,4.319689898685965,0.160470728523166,0.11395022198043732
0.9,0.5,4.45058959258554,0.1592597482145264,0.11294497652647854
0.9,0.5,4.581489286485114,0.1580170374070182,0.11191500291059993
0.9,0.5,4.71238898038469,0.1567636026610883,0.11087770219106767
0.9,0.5,4.843288674284264,0.15552084732677693,0.10985078510045608
0.9,0.5,4.974188368183839,0.15431020875301313,0.10885197233293727
0.9,0.5,5.105088062083413,0.15315278014536543,0.10789868187644115
0.9,0.5,5.235987755982988,0.1520689242440837,0.10700770927057535
0.9,0.5,5.3668874498825625,0.1510778871016599,0.10619490764306593
0.9,0.5,5.497787143782138,0.15019742110419618,0.10547487515604674
0.9,0.5,5.6286868376817125,0.1494434269210375,0.10486065799790285
0.9,0.5,5.759586531581287,0.14882962422239618,0.10436347724681327
0.9,0.5,5.890486225480862,0.14836726074137854,0.1039924877419029
0.9,0.5,6.021385919380436,0.14806486854740655,0.10375457653298364
0.9,0.5,6.152285613280011,0.14792807526760332,0.10365420753413297
0.9,0.575,0.0,0.17397430011541573,0.12327307344626663
0.9,0.575,0.1308996938995747,0.17424124707058097,0.12349849176265983
0.9,0.575,0.2617993877991494,0.17471851832608368,0.12388176234507448
0.9,0.575,0.39269908169872414,0.17539716014862283,0.12441566667088105
0.9,0.575,0.5235987755982988,0.17626440788006437,0.12509010747755098
0.9,0.575,0.6544984694978735,0.17730398437434558,0.12589234913176076
0.9,0.575,0.7853981633974483,0.1784964782134595,0.12680731939437664
0.9,0.575,0.916297857297023,0.17981978817962374,0.12781796134070436
0.9,0.575,1.0471975511965976,0.1812496184678776,0.12890562265246117
0.9,0.575,1.1780972450961724,0.18276000797821954,0.1300504686823947
0.9,0.575,1.308996938995747,0.18432387675284057,0.1312319056373427
0.9,0.575,1.4398966328953218,0.18591357320361657,0.13242900087222667
0.9,0.575,1.5707963267948966,0.18750140710833452,0.13362088856344753
0.9,0.575,1.7016960206944711,0.18906015533443613,0.13478715080062267
0.9,0.575,1.832595714594046,0.19056352968038734,0.13590816624847438
0.9,0.575,1.9634954084936205,0.19198659895072234,0.13696542081890686
0.9,0.575,2.0943951023931953,0.19330616018424404,0.13794177709846464
0.9,0.575,2.22529479629277,0.19450105666703207,0.1388217014370801
0.9,0.575,2.356194490192345,0.1955524428051357,0.1395914495054829
0.9,0.575,2.4870941840919194,0.19644399798622195,0.14023921266333655
0.9,0.575,2.617993877991494,0.1971620931057624,0.1407552286003361
0.9,0.575,2.748893571891069,0.19769591443826787,0.14113186036717018
0.9,0.575,2.8797932657906435,0.1980375499622781,0.14136364813622937
0.9,0.575,3.010692959690218,0.19818204312974652,0.14144733782760985
0.9,0.575,3.141592653589793,0.19812741847258594,0.14138189017903074
0.9,0.575,3.2724923474893677,0.19787468243043502,0.14116847299251242
0.9,0.575,3.4033920413889422,0.19742780149991188,0.14081043824662512
0.9,0.575,3.534291735288517,0.19679365835548812,0.14031328460829273
0.9,0.575,3.665191429188092,0.19598198511681764,0.13968460471733352
0.9,0.575,3.7960911230876664,0.1950052715831426,0.13893401553684767
0.9,0.575,3.926990816987241,0.1938786451277342,0.1380730691575592
0.9,0.575,4.057890510886816,0.19261971818693532,0.13711514080102713
0.9,0.575,4.1887902047863905,0.19124839895734128,0.136075290448096
0.9,0.575,4.319689898685965,0.18978666111615358,0.13497009458317707
0.9,0.575,4.45058959258554,0.18825826911651414,0.13381744503010468
0.9,0.575,4.581489286485114,0.18668845690042413,0.1326363127597673
0.9,0.575,4.71238898038469,0.18510355965015216,0.13144647586386962
0.9,0.575,4.843288674284264,0.18353060039835692,0.13026821255866497
0.9,0.575,4.974188368183839,0.18199683581592271,0.12912196202659595
0.9,0.575,5.105088062083413,0.18052926813364498,0.1280279580096544
0.9,0.575,5.235987755982988,0.1791541327795231,0.12700584221132147
0.9,0.575,5.3668874498825625,0.17789637371478473,0.12607426657773227
0.9,0.575,5.497787143782138,0.17677912047643832,0.12525049527102075
0.9,0.575,5.6286868376817125,0.17582318238270164,0.12455001846116541
0.9,0.575,5.759586531581287,0.17504657611583332,0.12398619081314421
0.9,0.575,5.890486225480862,0.17446410284827904,0.12356990764045529
0.9,0.575,6.021385919380436,0.17408699017712573,0.12330933107250548
0.9,0.575,6.152285613280011,0.17392261239626206,0.12320967723770565
0.9,0.65,0.0,0.19732796519198229,0.14251498074754168
0.9,0.65,0.1308996938995747,0.19765882922264125,0.14277376411298043
0.9,0.65,0.2617993877991494,0.19823528082700115,0.14319121542235455
0.9,0.65,0.39269908169872414,0.19904601563925883,0.14375905044123719
0.9,0.65,0.5235987755982988,0.2000750536503769,0.14446589437691063
0.9,0.65,0.6544984694978735,0.20130216052600644,0.1452975949732353
0.9,0.65,0.7853981633974483,0.20270337771807634,0.1462376111125882
0.9,0.65,0.916297857297023,0.2042516390278143,0.14726745934457808
0.9,0.65,1.0471975511965976,0.20591744826215208,0.14836719862879302
0.9,0.65,1.1780972450961724,0.20766959117334727,0.14951593276016012
0.9,0.65,1.308996938995747,0.2094758550029057,0.15069231041614378
0.9,0.65,1.4398966328953218,0.21130373057871657,0.15187500444458116
0.9,0.65,1.5707963267948966,0.213121074864715,0.15304315467804905
0.9,0.65,1.7016960206944711,0.21489671583394987,0.15417676198067667
0.9,0.65,1.832595714594046,0.21660098622379031,0.15525702508071565
0.9,0.65,1.9634954084936205,0.21820617774857531,0.15626661573265455
0.9,0.65,2.0943951023931953,0.21968691235771198,0.15718989157974267
0.9,0.65,2.22529479629277,0.22102043177952901,0.1580130495151689
0.9,0.65,2.356194490192345,0.2221868106262698,0.15872422516171364
0.9,0.65,2.4870941840919194,0.2231691015220848,0.1593135461964241
0.9,0.65,2.617993877991494,0.22395342291968015,0.15977314855413
0.9,0.65,2.748893571891069,0.22452900143252139,0.16009716506508656
0.9,0.65,2.8797932657906435,0.22488818061713475,0.1602816958562082
0.9,0.65,3.010692959690218,0.22502640729376586,0.1603247689582493
0.9,0.65,3.141592653589793,0.22494220478617918,0.16022629813348274
0.9,0.65,3.2724923474893677,0.2246371400894082,0.15998804308343093
0.9,0.65,3.4033920413889422,0.22411578911478994,0.15961357506828058
0.9,0.65,3.534291735288517,0.22338570105302202,0.1591082486947176
0.9,0.65,3.665191429188092,0.2224573597375208,0.15847917834440087
0.9,0.65,3.7960911230876664,0.22134413694547594,0.15773521556734124
0.9,0.65,3.926990816987241,0.22006223002207373,0.1568869218646605
0.9,0.65,4.057890510886816,0.2186305742832,0.15594652977717197
0.9,0.65,4.1887902047863905,0.21707071948710457,0.154927884177823
0.9,0.65,4.319689898685965,0.215406659420043,0.15384635525879614
0.9,0.65,4.45058959258554,0.21366460437282955,0.1527187149682635
0.9,0.65,4.581489286485114,0.21187268803940706,0.15156296965281363
0.9,0.65,4.71238898038469,0.2100606030833757,0.15039814339807048
0.9,0.65,4.843288674284264,0.2082591632020898,0.14924400899378004
0.9,0.65,4.974188368183839,0.20649979376991903,0.1481207664785192
0.9,0.65,5.105088062083413,0.20481395782203804,0.14704867268658342
0.9,0.65,5.235987755982988,0.2032325289612039,0.14604762891011983
0.9,0.65,5.3668874498825625,0.2017851273616551,0.14513673744706487
0.9,0.65,5.497787143782138,0.20049943910265,0.1443338411407679
0.9,0.65,5.6286868376817125,0.19940054221422585,0.14365506274790743
0.9,0.65,5.759586531581287,0.1985102647910232,0.1431143628261852
0.9,0.65,5.890486225480862,0.19784660110650254,0.14272313559760152
0.9,0.65,6.021385919380436,0.19742321069555505,0.14248986178488632
0.9,0.65,6.152285613280011,0.19724902287093027,0.14241983567845024
0.9,0.7250000000000001,0.0,0.21862321608585036,0.16223041497013774
0.9,0.7250000000000001,0.1308996938995747,0.2190048157335972,0.16249830447950278
0.9,0.7250000000000001,0.2617993877991494,0.21964756840404545,0.16289538442821283
0.9,0.7250000000000001,0.39269908169872414,0.22053805868799145,0.16341306154681642
0.9,0.7250000000000001,0.5235987755982988,0.22165751620379778,0.16403986766555761
0.9,0.7250000000000001,0.6544984694978735,0.2229823881600402,0.1647618463944543
0.9,0.7250000000000001,0.7853981633974483,0.224485054184108,0.1655630264645964
0.9,0.7250000000000001,0.916297857297023,0.22613464808256997,0.1664259554399876
0.9,0.7250000000000001,1.0471975511965976,0.2278979468799669,0.16733226478817656
0.9,0.7250000000000001,1.1780972450961724,0.2297402858648793,0.16826323675225563
0.9,0.7250000000000001,1.308996938995747,0.23162645945813334,0.16920034505526996
0.9,0.7250000000000001,1.4398966328953218,0.23352157130198947,0.17012574493058952
0.9,0.7250000000000001,1.5707963267948966,0.23539180265520795,0.17102269292946684
0.9,0.7250000000000001,1.7016960206944711,0.23720507542366295,0.1718758829068463
0.9,0.7250000000000001,1.832595714594046,0.23893159434586406,0.17267169098225676
0.9,0.7250000000000001,1.9634954084936205,0.2405442613435831,0.17339832860116836
0.9,0.7250000000000001,2.0943951023931953,0.24201896321425054,0.17404590860154867
0.9,0.7250000000000001,2.22529479629277,0.24333474116679432,0.1746064340635917
0.9,0.7250000000000001,2.356194490192345,0.24447385674449137,0.17507372343459737
0.9,0.7250000000000001,2.4870941840919194,0.24542177315810862,0.17544328784829188
0.9,0.7250000000000001,2.617993877991494,0.24616707380047242,0.17571217769714442
0.9,0.7250000000000001,2.748893571891069,0.24670134071522687,0.17587881543316944
0.9,0.7250000000000001,2.8797932657906435,0.24701901510937563,0.17594283043642323
0.9,0.7250000000000001,3.010692959690218,0.24711725982760338,0.17590490977291348
0.9,0.7250000000000001,3.141592653589793,0.24699584025359508,0.17576667597677145
0.9,0.7250000000000001,3.2724923474893677,0.24665703568452857,0.17553059982793137
0.9,0.7250000000000001,3.4033920413889422,0.2461055881140982,0.1751999526417852
0.9,0.7250000000000001,3.534291735288517,0.24534868990499079,0.17477879899350612
0.9,0.7250000000000001,3.665191429188092,0.2443960063383963,0.17427202723372995
0.9,0.7250000000000001,3.7960911230876664,0.24325972382315375,0.1736854117210486
0.9,0.7250000000000001,3.926990816987241,0.2419546099382738,0.17302569757980155
0.9,0.7250000000000001,4.057890510886816,0.24049806776647845,0.17230069609916895
0.9,0.7250000000000001,4.1887902047863905,0.23891016441350324,0.1715193768200783
0.9,0.7250000000000001,4.319689898685965,0.2372136124356108,0.17069194104337368
0.9,0.7250000000000001,4.45058959258554,0.23543368328984657,0.1698298611304503
0.9,0.7250000000000001,4.581489286485114,0.23359803396419762,0.16894587067531597
0.9,0.7250000000000001,4.71238898038469,0.23173643166197874,0.16805389250822003
0.9,0.7250000000000001,4.843288674284264,0.2298803666811773,0.16716889456590978
0.9,0.7250000000000001,4.974188368183839,0.22806255021499444,0.16630666784981038
0.9,0.7250000000000001,5.105088062083413,0.22631630136380906,0.16548352582445533
0.9,0.7250000000000001,5.235987755982988,0.22467483569174548,0.1647159303629919
0.9,0.7250000000000001,5.3668874498825625,0.22317047565341372,0.16402005535267652
0.9,0.7250000000000001,5.497787143782138,0.2218338105282375,0.16341130482908803
0.9,0.7250000000000001,5.6286868376817125,0.22069283952183882,0.1629038075248824
0.9,0.7250000000000001,5.759586531581287,0.2197721358790524,0.16250991348525332
0.9,0.7250000000000001,5.890486225480862,0.21909207173578293,0.16223972049796123
0.9,0.7250000000000001,6.021385919380436,0.21866814274623905,0.16210065820667677
0.9,0.7250000000000001,6.152285613280011,0.21851042815479924,0.16209715578192763
0.9,0.8,0.0,0.23890831845955718,0.18329029150969797
0.9,0.8,0.1308996938995747,0.23931844892265805,0.18353450432216153
0.9,0.8,0.2617993877991494,0.2399784229020019,0.1838425306335715
0.9,0.8,0.39269908169872414,0.24087317550223533,0.1842064637968813
0.9,0.8,0.5235987755982988,0.24198188733367335,0.18461625473958798
0.9,0.8,0.6544984694978735,0.2432787398614097,0.18506017064306612
0.9,0.8,0.7853981633974483,0.24473385078315388,0.18552534729604422
0.9,0.8,0.916297857297023,0.24631433564588576,0.1859983970854242
0.9,0.8,1.0471975511965976,0.2479854360298965,0.18646603134427694
0.9,0.8,1.1780972450961724,0.24971165321497457,0.18691565602992588
0.9,0.8,1.308996938995747,0.25145782922196536,0.18733590329065342
0.9,0.8,1.4398966328953218,0.25319012402784724,0.18771706787107326
0.9,0.8,1.5707963267948966,0.25487684782010406,0.1880514257838287
0.9,0.8,1.7016960206944711,0.2564891193998079,0.18833342233115388
0.9,0.8,1.832595714594046,0.25800133516258356,0.18855972647692062
0.9,0.8,1.9634954084936205,0.25939144641462314,0.18872915789846134
0.9,0.8,2.0943951023931953,0.260641055124354,0.18884250107987932
0.9,0.8,2.22529479629277,0.26173534878351035,0.18890222706288962
0.9,0.8,2.356194490192345,0.2626629032835249,0.18891214768098544
0.9,0.8,2.4870941840919194,0.263415388281281,0.1888770292415829
0.9,0.8,2.617993877991494,0.26398721233910466,0.18880219282118094
0.9,0.8,2.748893571891069,0.2643751452880793,0.18869312690042647
0.9,0.8,2.8797932657906435,0.26457795303362874,0.18855513532514082
0.9,0.8,3.010692959690218,0.26459607576024813,0.18839303991055398
0.9,0.8,3.141592653589793,0.2644313746055566,0.18821095273731578
0.9,0.8,3.2724923474893677,0.2640869647895398,0.18801212858801267
0.9,0.8,3.4033920413889422,0.26356714532438935,0.18779890323428491
0.9,0.8,3.534291735288517,0.26287742717804946,0.18757271853165847
0.9,0.8,3.665191429188092,0.26202465351280035,0.18733423058859763
0.9,0.8,3.7960911230876664,0.2610171977225386,0.18708349271247152
0.9,0.8,3.926990816987241,0.25986521781774496,0.1868202004670224
0.9,0.8,4.057890510886816,0.25858093962433343,0.18654398214433496
0.9,0.8,4.1887902047863905,0.2571789366529685,0.1862547144223412
0.9,0.8,4.319689898685965,0.2556763717085852,0.18595284022187342
0.9,0.8,4.45058959258554,0.2540931647080691,0.18563966407742538
0.9,0.8,4.581489286485114,0.2524520529839637,0.18531760001999809
0.9,0.8,4.71238898038469,0.25077851475451135,0.18499034831807293
0.9,0.8,4.843288674284264,0.249100533393674,0.18466298062501108
0.9,0.8,4.974188368183839,0.24744818943315675,0.1843419181954243
0.9,0.8,5.105088062083413,0.2458530784429461,0.1840347947091948
0.9,0.8,5.235987755982988,0.24434756537982763,0.18375020353464566
0.9,0.8,5.3668874498825625,0.24296389883305555,0.18349733840285243
0.9,0.8,5.497787143782138,0.24173322081269064,0.1832855457099862
0.9,0.8,5.6286868376817125,0.24068451827961804,0.18312381516515785
0.9,0.8,5.759586531581287,0.23984357049266117,0.18302024237490952
0.9,0.8,5.890486225480862,0.23923195058722127,0.18298150141464
0.9,0.8,6.021385919380436,0.23886614002221462,0.18301236686701805
0.9,0.8,6.152285613280011,0.23875681036409815,0.18311532288011736
0.9,0.875,0.0,0.25927769858909405,0.20628009315903686
0.9,0.875,0.1308996938995747,0.2596868074668402,0.20646261957766865
0.9,0.875,0.2617993877991494,0.2603035973003913,0.2066070994555517
0.9,0.875,0.39269908169872414,0.2611119777499101,0.20670740768981657
0.9,0.875,0.5235987755982988,0.26209003538205006,0.2067565296685311
0.9,0.875,0.6544984694978735,0.2632110076995273,0.2067470929161511
0.9,0.875,0.7853981633974483,0.26444447935343146,0.20667199568833391
0.9,0.875,0.916297857297023,0.265757721255187,0.20652507859302127
0.9,0.875,1.0471975511965976,0.26711708571360654,0.20630178171662786
0.9,0.875,1.1780972450961724,0.2684893702340418,0.20599973160457977
0.9,0.875,1.308996938995747,0.2698430689774771,0.205619209334906
0.9,0.875,1.4398966328953218,0.27114944312615724,0.20516346189153187
0.9,0.875,1.5707963267948966,0.27238335816412623,0.2046388327381524
0.9,0.875,1.7016960206944711,0.2735238555854715,0.20405470241152632
0.9,0.875,1.832595714594046,0.27455444699846554,0.2034232445592512
0.9,0.875,1.9634954084936205,0.2754631382437191,0.20275901584958436
0.9,0.875,2.0943951023931953,0.2762422085384826,0.20207840857238893
0.9,0.875,2.22529479629277,0.27688778371163797,0.20139900195499172
0.9,0.875,2.356194490192345,0.27739925264582543,0.20073885206829845
0.9,0.875,2.4870941840919194,0.2777785818800426,0.20011576090566355
0.9,0.875,2.617993877991494,0.27802958509576725,0.19954656326277634
0.9,0.875,2.748893571891069,0.27815720233356456,0.1990464661013069
0.9,0.875,2.8797932657906435,0.2781668388861402,0.19862846983056062
0.9,0.875,3.010692959690218,0.2780638065554782,0.19830289504602605
0.9,0.875,3.141592653589793,0.27785290100747295,0.1980770322186447
0.9,0.875,3.2724923474893677,0.27753813889854223,0.19795492595494224
0.9,0.875,3.4033920413889422,0.27712266775962013,0.1979372998813426
0.9,0.875,3.534291735288517,0.27660885069251145,0.19802162291794753
0.9,0.875,3.665191429188092,0.275998517063667,0.19820231256932266
0.9,0.875,3.7960911230876664,0.2752933598655001,0.19847106571414586
0.9,0.875,3.926990816987241,0.27449545055477764,0.19881730211142026
0.9,0.875,4.057890510886816,0.2736078333458055,0.19922870045829663
0.9,0.875,4.1887902047863905,0.2726351535908237,0.1996918014983479
0.9,0.875,4.319689898685965,0.2715842695619723,0.20019264773473103
0.9,0.875,4.45058959258554,0.27046479424519715,0.2007174252540057
0.9,0.875,4.581489286485114,0.2692895142398306,0.20125307063067285
0.9,0.875,4.71238898038469,0.26807463699177236,0.20178780549028597
0.9,0.875,4.843288674284264,0.26683982563318615,0.20231156361739303
0.9,0.875,4.974188368183839,0.2656079926151445,0.20281628083876582
0.9,0.875,5.105088062083413,0.2644048386786411,0.20329602634419697
0.9,0.875,5.235987755982988,0.2632581416934268,0.2037469652768351
0.9,0.875,5.3668874498825625,0.2621968192604331,0.20416715561320317
0.9,0.875,5.497787143782138,0.26124980820654997,0.20455619644257497
0.9,0.875,5.6286868376817125,0.2604448214477677,0.20491475839830886
0.9,0.875,5.759586531581287,0.2598070564390493,0.20524403870415028
0.9,0.875,5.890486225480862,0.2593579380184861,0.20554519167465624
0.9,0.875,6.021385919380436,0.259113980726635,0.20581878941008183
0.9,0.875,6.152285613280011,0.25908585105434395,0.20606436615005688
0.9,0.9500000000000001,0.0,0.2805045276540728,0.2312521123975848
0.9,0.9500000000000001,0.1308996938995747,0.280878692372811,0.23133422953353402
0.9,0.9500000000000001,0.2617993877991494,0.28138798373152446,0.23124536260434705
0.9,0.9500000000000001,0.39269908169872414,0.28201597280334834,0.23098216665303997
0.9,0.9500000000000001,0.5235987755982988,0.2827406577515815,0.23054207296500565
0.9,0.9500000000000001,0.6544984694978735,0.2835356991253209,0.22992390548506927
0.9,0.9500000000000001,0.7853981633974483,0.28437192454629356,0.22912859659803808
0.9,0.9500000000000001,0.916297857297023,0.28521898901881404,0.22815992655524486
0.9,0.9500000000000001,1.0471975511965976,0.28604706782667727,0.22702520713828797
0.9,0.9500000000000001,1.1780972450961724,0.28682846068386353,0.22573583478943618
0.9,0.9500000000000001,1.308996938995747,0.28753899779523046,0.22430765051903143
0.9,0.9500000000000001,1.4398966328953218,0.2881591590106323,0.22276106170980214
0.9,0.9500000000000001,1.5707963267948966,0.2886748438340334,0.22112090219409045
0.9,0.9500000000000001,1.7016960206944711,0.2890777597709611,0.21941602917719857
0.9,0.9500000000000001,1.832595714594046,0.2893654264156565,0.21767867634255986
0.9,0.9500000000000001,1.9634954084936205,0.28954082015583227,0.21594359983884717
0.9,0.9500000000000001,2.0943951023931953,0.28961170732612584,0.21424706649496295
0.9,0.9500000000000001,2.22529479629277,0.2895897307351366,0.21262574093240202
0.9,0.9500000000000001,2.356194490192345,0.28948932513646647,0.21111553035298045
0.9,0.9500000000000001,2.4870941840919194,0.2893265415671668,0.2097504433714772
0.9,0.9500000000000001,2.617993877991494,0.2891178592127246,0.20856151343903018
0.9,0.9500000000000001,2.748893571891069,0.28887905766441674,0.20757582943805766
0.9,0.9500000000000001,2.8797932657906435,0.2886242133116296,0.20681570717779427
0.9,0.9500000000000001,3.010692959690218,0.2883648723462093,0.20629802681965023
0.9,0.9500000000000001,3.141592653589793,0.2881094404483631,0.20603375341540553
0.9,0.9500000000000001,3.2724923474893677,0.2878628163891937,0.2060276510924254
0.9,0.9500000000000001,3.4033920413889422,0.28762628396266215,0.20627819590710625
0.9,0.9500000000000001,3.534291735288517,0.2873976640375607,0.20677768768668311
0.9,0.9500000000000001,3.665191429188092,0.28717171610726,0.2075125567657116
0.9,0.9500000000000001,3.7960911230876664,0.2869407664797041,0.20846385680575893
0.9,0.9500000000000001,3.926990816987241,0.286695528240481,0.20960792941666972
0.9,0.9500000000000001,4.057890510886816,0.2864260665336393,0.21091721978613873
0.9,0.9500000000000001,4.1887902047863905,0.28612285202462256,0.21236121505944328
0.9,0.9500000000000001,4.319689898685965,0.28577783635187776,0.21390746920558748
0.9,0.9500000000000001,4.45058959258554,0.2853854769213113,0.2155226703566641
0.9,0.9500000000000001,4.581489286485114,0.2849436356382646,0.2171737001784979
0.9,0.9500000000000001,4.71238898038469,0.2844542781625306,0.21882863092881144
0.9,0.9500000000000001,4.843288674284264,0.283923907875325,0.220457605655344
0.9,0.9500000000000001,4.974188368183839,0.2833636823637902,0.22203355137622696
0.9,0.9500000000000001,5.105088062083413,0.2827891796910042,0.22353268451902894
0.9,0.9500000000000001,5.235987755982988,0.28221980614153436,0.22493478219201365
0.9,0.9500000000000001,5.3668874498825625,0.28167786489106567,0.2262232111391478
0.9,0.9500000000000001,5.497787143782138,0.28118733388125333,0.2273847269429967
0.9,0.9500000000000001,5.6286868376817125,0.28077242837545663,0.228409077075071
0.9,0.9500000000000001,5.759586531581287,0.2804560463656632,0.22928846037955394
0.9,0.9500000000000001,5.890486225480862,0.2802582105154161,0.23001691011593675
0.9,0.9500000000000001,6.021385919380436,0.28019462654871696,0.23058967577539857
0.9,0.9500000000000001,6.152285613280011,0.28027547367715494,0.23100267917628958
0.9,1.0250000000000001,0.0,0.30279369664145556,0.25763403936958573
0.9,1.0250000000000001,0.1308996938995747,0.3030984832894989,0.2575813168067062
0.9,1.0250000000000001,0.2617993877991494,0.3034408829259983,0.25720489134475155
0.9,1.0250000000000001,0.39269908169872414,0.3038047488213451,0.25650487617839157
0.9,1.0250000000000001,0.5235987755982988,0.3041688429130794,0.25548401190681264
0.9,1.0250000000000001,0.6544984694978735,0.30450838546982445,0.254148401096036
0.9,1.0250000000000001,0.7853981633974483,0.30479692798132685,0.2525083497255258
0.9,1.0250000000000001,0.916297857297023,0.30500838953226933,0.2505792095232516
0.9,1.0250000000000001,1.0471975511965976,0.3051190862946779,0.24838211169956917
0.9,1.0250000000000001,1.1780972450961724,0.3051095896658634,0.2459444915610949
0.9,1.0250000000000001,1.308996938995747,0.3049662695035029,0.24330032328253726
0.9,1.0250000000000001,1.4398966328953218,0.3046824117767379,0.24049001183424934
0.9,1.0250000000000001,1.5707963267948966,0.30425884056061675,0.23755992095586553
0.9,1.0250000000000001,1.7016960206944711,0.3037040179197984,0.2345615481879998
0.9,1.0250000000000001,1.832595714594046,0.3030336373071982,0.23155038668528094
0.9,1.0250000000000001,1.9634954084936205,0.3022697627329936,0.22858453605282736
0.9,1.0250000000000001,2.0943951023931953,0.3014395943780103,0.22572313905654565
0.9,1.0250000000000001,2.22529479629277,0.3005739600393405,0.22302472731225254
0.9,1.0250000000000001,2.356194490192345,0.29970564062600286,0.22054555759102376
0.9,1.0250000000000001,2.4870941840919194,0.29886763780523234,0.21833801273103756
0.9,1.0250000000000001,2.617993877991494,0.2980914845586035,0.21644912937122518
0.9,1.0250000000000001,2.748893571891069,0.2974056869946648,0.21491930101768783
0.9,1.0250000000000001,2.8797932657906435,0.2968343704742727,0.21378119133195916
0.9,1.0250000000000001,3.010692959690218,0.29639618681895036,0.21305888051512922
0.9,1.0250000000000001,3.141592653589793,0.296103523526832,0.21276725819191725
0.9,1.0250000000000001,3.2724923474893677,0.29596204126533227,0.21291166949774323
0.9,1.0250000000000001,3.4033920413889422,0.2959705526579615,0.21348781679571194
0.9,1.0250000000000001,3.534291735288517,0.2961212432117356,0.21448191674618067
0.9,1.0250000000000001,3.665191429188092,0.29640022351574774,0.21587111019286445
0.9,1.0250000000000001,3.7960911230876664,0.2967883898845835,0.21762411932255668
0.9,1.0250000000000001,3.926990816987241,0.29726255784747596,0.21970214175750127
0.9,1.0250000000000001,4.057890510886816,0.297796819117919,0.22205996397397385
0.9,1.0250000000000001,4.1887902047863905,0.29836405822559214,0.22464726656445302
0.9,1.0250000000000001,4.319689898685965,0.2989375507778718,0.2274100818467708
0.9,1.0250000000000001,4.45058959258554,0.2994925528247047,0.2302923513043035
0.9,1.0250000000000001,4.581489286485114,0.3000077819128404,0.2332375179920234
0.9,1.0250000000000001,4.71238898038469,0.3004666872111366,0.23619007940244216
0.9,1.0250000000000001,4.843288674284264,0.3008584104407422,0.23909702145478837
0.9,1.0250000000000001,4.974188368183839,0.3011783526283313,0.24190905606766724
0.9,1.0250000000000001,5.105088062083413,0.3014282843526099,0.24458159436577795
0.9,1.0250000000000001,5.235987755982988,0.301615968492232,0.24707540516290907
0.9,1.0250000000000001,5.3668874498825625,0.3017543025292384,0.24935693301046738
0.9,1.0250000000000001,5.497787143782138,0.30186002904485526,0.2513982796967875
0.9,1.0250000000000001,5.6286868376817125,0.30195210406879613,0.2531768845152952
0.9,1.0250000000000001,5.759586531581287,0.30204984884134883,0.2546749681620965
0.9,1.0250000000000001,5.890486225480862,0.3021710368825813,0.2558788289221535
0.9,1.0250000000000001,6.021385919380436,0.30233008133805933,0.2567780944529963
0.9,1.0250000000000001,6.152285613280011,0.30253648500802444,0.2573650356082213
0.9,1.1,0.0,0.3257065303836188,0.28430583199577053
0.9,1.1,0.1308996938995747,0.3259111146593768,0.28409278400873744
0.9,1.1,0.2617993877991494,0.3260408773710038,0.283399497258821
0.9,1.1,0.39269908169872414,0.32608036770417737,0.28222968473324217
0.9,1.1,0.5235987755982988,0.32600959300547133,0.280591389073163
0.9,1.1,0.6544984694978735,0.3258059517880863,0.2784979014889424
0.9,1.1,0.7853981633974483,0.32544655322474414,0.2759688093221146
0.9,1.1,0.916297857297023,0.32491070271181804,0.2730310241321565
0.9,1.1,1.0471975511965976,0.3241823218646242,0.26971963918041864
0.9,1.1,1.1780972450961724,0.3232520843314554,0.26607848045180293
0.9,1.1,1.308996938995747,0.32211908332752065,0.26216024612088373
0.9,1.1,1.4398966328953218,0.320791897507671,0.2580261708943472
0.9,1.1,1.5707963267948966,0.31928898189615823,0.2537451980971574
0.9,1.1,1.7016960206944711,0.3176383726719952,0.24939268767080133
0.9,1.1,1.832595714594046,0.3158767517935057,0.24504872712026202
0.9,1.1,1.9634954084936205,0.3140479642549587,0.24079614099521618
0.9,1.1,2.0943951023931953,0.3122011136537622,0.23671831070708405
0.9,1.1,2.22529479629277,0.31038837940439606,0.23289692025806633
0.9,1.1,2.356194490192345,0.30866270208789826,0.22940973637778703
0.9,1.1,2.4870941840919194,0.30707547447054656,0.22632851641902552
0.9,1.1,2.617993877991494,0.3056743581140809,0.22371711757114485
0.9,1.1,2.748893571891069,0.3045013230391012,0.22162985990957954
0.9,1.1,2.8797932657906435,0.3035909841916888,0.22011017645256503
0.9,1.1,3.010692959690218,0.30296928633763826,0.21918956778911539
0.9,1.1,3.141592653589793,0.3026525702999242,0.2188868680409446
0.9,1.1,3.2724923474893677,0.3026470388382447,0.21920782294460395
0.9,1.1,3.4033920413889422,0.3029486295832858,0.22014497884655193
0.9,1.1,3.534291735288517,0.3035432940721369,0.22167788188612683
0.9,1.1,3.665191429188092,0.3044076743834923,0.2237735877212967
0.9,1.1,3.7960911230876664,0.3055101603026373,0.22638748187310517
0.9,1.1,3.926990816987241,0.3068122987759641,0.22946440739224241
0.9,1.1,4.057890510886816,0.308270512703173,0.23294008885307682
0.9,1.1,4.1887902047863905,0.3098380677936388,0.23674282917636866
0.9,1.1,4.319689898685965,0.3114672053064335,0.24079543891690813
0.9,1.1,4.45058959258554,0.31311133710676003,0.24501733788167546
0.9,1.1,4.581489286485114,0.31472718060040183,0.24932674864702556
0.9,1.1,4.71238898038469,0.3162766983164806,0.25364288382297456
0.9,1.1,4.843288674284264,0.3177287037628023,0.2578880171358257
0.9,1.1,4.974188368183839,0.31906000464570566,0.2619893257241481
0.9,1.1,5.105088062083413,0.32025597833316055,0.2658803997667328
0.9,1.1,5.235987755982988,0.32131051249018144,0.2695023366135546
0.9,1.1,5.3668874498825625,0.32222529397230787,0.2728043691233318
0.9,1.1,5.497787143782138,0.3230084870865377,0.27574401919531333
0.9,1.1,5.6286868376817125,0.3236729022533485,0.27828681308014797
0.9,1.1,5.759586531581287,0.3242338109054475,0.2804056393667056
0.9,1.1,5.890486225480862,0.32470660502983445,0.28207986758475184
0.9,1.1,6.021385919380436,0.32510452391238526,0.2832943696741608
0.9,1.1,6.152285613280011,0.3254366721579553,0.2840385941703182
0.9,1.175,0.0,0.348261092045626,0.30981120235327336
0.9,1.175,0.1308996938995747,0.348341952729938,0.30942480968398367
0.9,1.175,0.2617993877991494,0.3482340252622576,0.3084163176085251
0.9,1.175,0.39269908169872414,0.3479226286905693,0.3067924769639549
0.9,1.175,0.5235987755982988,0.3473889296558985,0.30456551503176205
0.9,1.175,0.6544984694978735,0.3466123500627601,0.30175434697487685
0.9,1.175,0.7853981633974483,0.34557343809933155,0.2983859635377128
0.9,1.175,0.916297857297023,0.3442569028541223,0.294496789077018
0.9,1.175,1.0471975511965976,0.3426545022055505,0.29013380171301134
0.9,1.175,1.1780972450961724,0.34076749800939554,0.28535523133832597
0.9,1.175,1.308996938995747,0.33860844698183074,0.2802306968742796
0.9,1.175,1.4398966328953218,0.33620217147057535,0.27484070420235346
0.9,1.175,1.5707963267948966,0.33358584080051346,0.2692754917733737
0.9,1.175,1.7016960206944711,0.33080817983250527,0.2636332731716015
0.9,1.175,1.832595714594046,0.32792789680521645,0.2580179773798376
0.9,1.175,1.9634954084936205,0.3250114799390542,0.2525366230523361
0.9,1.175,2.0943951023931953,0.32213054752189957,0.24729648051957373
0.9,1.175,2.22529479629277,0.31935894860939934,0.24240217518087728
0.9,1.175,2.356194490192345,0.3167698035376933,0.23795287140373378
0.9,1.175,2.4870941840919194,0.3144326499529326,0.2340396515920319
0.9,1.175,2.617993877991494,0.31241082703272866,0.23074317584822202
0.9,1.175,2.748893571891069,0.3107591942045127,0.2281316784632432
0.9,1.175,2.8797932657906435,0.30952224633287706,0.22625933213913454
0.9,1.175,3.010692959690218,0.3087326590022077,0.22516499184162764
0.9,1.175,3.141592653589793,0.308410277264341,0.2248713184381558
0.9,1.175,3.2724923474893677,0.3085615493615869,0.22538427740894637
0.9,1.175,3.4033920413889422,0.3091794021259255,0.2266930084649946
0.9,1.175,3.534291735288517,0.31024355445999685,0.22877006566209465
0.9,1.175,3.665191429188092,0.31172126625943475,0.23157203200058962
0.9,1.175,3.7960911230876664,0.31356851892220544,0.23504051490940325
0.9,1.175,3.926990816987241,0.3157316171702505,0.23910352705694668
0.9,1.175,4.057890510886816,0.3181491881797101,0.2436772487986416
0.9,1.175,4.1887902047863905,0.32075453220351907,0.2486681533379167
0.9,1.175,4.319689898685965,0.3234782499153664,0.25397545357685514
0.9,1.175,4.45058959258554,0.32625103832070584,0.2594938022782324
0.9,1.175,4.581489286485114,0.3290065136375648,0.2651161475715843
0.9,1.175,4.71238898038469,0.33168389163087975,0.2707366182228615
0.9,1.175,4.843288674284264,0.33423033948269315,0.27625329238537666
0.9,1.175,4.974188368183839,0.33660281388504565,0.28157069464113205
0.9,1.175,5.105088062083413,0.33876922150619126,0.2866018729829559
0.9,1.175,5.235987755982988,0.340708781594461,0.29126993208148505
0.9,1.175,5.3668874498825625,0.34241153428907856,0.29550894127304345
0.9,1.175,5.497787143782138,0.34387701684050515,0.2992641918670266
0.9,1.175,5.6286868376817125,0.34511221499554007,0.30249184253571865
0.9,1.175,5.759586531581287,0.3461289778689977,0.3051580556597889
0.9,1.175,5.890486225480862,0.34694115066406983,0.3072377826135504
0.9,1.175,6.021385919380436,0.34756172072201413,0.30871339372842993
0.9,1.175,6.152285613280011,0.3480002813952674,0.30957336269959984
0.9,1.25,0.0,0.369167369474928,0.3326388564083866
0.9,1.25,0.1308996938995747,0.3691109462976147,0.3320804159448678
0.9,1.25,0.2617993877991494,0.36876504353368383,0.330791070564663
0.9,1.25,0.39269908169872414,0.3681153801516144,0.32877925989559087
0.9,1.25,0.5235987755982988,0.36714348267587943,0.3260590648666752
0.9,1.25,0.6544984694978735,0.36582968777571473,0.32265186585227956
0.9,1.25,0.7853981633974483,0.3641567041384482,0.3185882631452928
0.9,1.25,0.916297857297023,0.3621133311689524,0.3139099765663595
0.9,1.25,1.0471975511965976,0.3596979240640345,0.3086714397092239
0.9,1.25,1.1780972450961724,0.35692123612724247,0.3029408396854089
0.9,1.25,1.308996938995747,0.3538083515897044,0.29680041829270604
0.9,1.25,1.4398966328953218,0.35039953220955294,0.2903459343445728
0.9,1.25,1.5707963267948966,0.34674992217737993,0.2836852766232298
0.9,1.25,1.7016960206944711,0.3429281718678836,0.27693630008428743
0.9,1.25,1.832595714594046,0.33901413766366123,0.2702240243984573
0.9,1.25,1.9634954084936205,0.3350958826525374,0.26367737727521295
0.9,1.25,2.0943951023931953,0.3312662370305496,0.2574256831984175
0.9,1.25,2.22529479629277,0.32761917841577765,0.2515950932038095
0.9,1.25,2.356194490192345,0.324246266412116,0.24630512824414263
0.9,1.25,2.4870941840919194,0.32123332102611996,0.24166547435158578
0.9,1.25,2.617993877991494,0.31865748061276583,0.23777312933268838
0.9,1.25,2.748893571891069,0.31658472109496466,0.23470996427271204
0.9,1.25,2.8797932657906435,0.31506787175948725,0.2325407330696011
0.9,1.25,3.010692959690218,0.31414512885677254,0.23131154187958355
0.9,1.25,3.141592653589793,0.31383904860811757,0.23104877810912114
0.9,1.25,3.2724923474893677,0.314155995449571,0.2317584943049691
0.9,1.25,3.4033920413889422,0.31508602665580693,0.23342624384837482
0.9,1.25,3.534291735288517,0.3166032066078577,0.23601737012660695
0.9,1.25,3.665191429188092,0.318666357756727,0.23947775602542845
0.9,1.25,3.7960911230876664,0.32122026551183597,0.24373504338924037
0.9,1.25,3.926990816987241,0.32419735604463645,0.24870032995762184
0.9,1.25,4.057890510886816,0.32751985571726955,0.2542703420305131
0.9,1.25,4.1887902047863905,0.33110241662758033,0.2603300633011489
0.9,1.25,4.319689898685965,0.33485515507703995,0.2667557736266866
0.9,1.25,4.45058959258554,0.338687001701715,0.273418417300001
0.9,1.25,4.581489286485114,0.3425092093556865,0.280187181850054
0.9,1.25,4.71238898038469,0.34623881558986636,0.28693313062053966
0.9,1.25,4.843288674284264,0.34980181997848464,0.29353270186297925
0.9,1.25,4.974188368183839,0.35313582168724195,0.2998708707998758
0.9,1.25,5.105088062083413,0.3561918767730936,0.30584377521778366
0.9,1.25,5.235987755982988,0.3589353814738682,0.3113606335629802
0.9,1.25,5.3668874498825625,0.3613458661351175,0.3163448376758499
0.9,1.25,5.497787143782138,0.36341568804834695,0.3207341764982752
0.9,1.25,5.6286868376817125,0.36514772898812753,0.32448023446113977
0.9,1.25,5.759586531581287,0.36655231964936164,0.32754709765239376
0.9,1.25,5.890486225480862,0.36764371200964185,0.32990957950699173
0.9,1.25,6.021385919380436,0.3684364865060361,0.3315512332910581
0.9,1.25,6.152285613280011,0.36894230223341884,0.3324624414112159
0.9,1.3250000000000002,0.0,0.3871265394620163,0.3514987546728521
0.9,1.3250000000000002,0.1308996938995747,0.38693046222793587,0.35078384959541414
0.9,1.3250000000000002,0.2617993877991494,0.3863714823830248,0.34927793203142254
0.9,1.3250000000000002,0.39269908169872414,0.3854348466502408,0.34698901813596494
0.9,1.3250000000000002,0.5235987755982988,0.3841008606735774,0.34392956425810245
0.9,1.3250000000000002,0.6544984694978735,0.3823486408168908,0.34011876847839667
0.9,1.3250000000000002,0.7853981633974483,0.3801605465217821,0.3355852703504012
0.9,1.3250000000000002,0.916297857297023,0.37752675950833964,0.33036986599675466
0.9,1.3250000000000002,1.0471975511965976,0.3744494734897261,0.3245278557310121
0.9,1.3250000000000002,1.1780972450961724,0.3709462236792482,0.3181306913175555
0.9,1.3250000000000002,1.308996938995747,0.36705200608454813,0.31126667937620556
0.9,1.3250000000000002,1.4398966328953218,0.36281999186509295,0.30404061050525016
0.9,1.3250000000000002,1.5707963267948966,0.3583208077690061,0.29657230243309085
0.9,1.3250000000000002,1.7016960206944711,0.3536405063084969,0.2889941529558004
0.9,1.3250000000000002,1.832595714594046,0.3488774697224682,0.28144788149362804
0.9,1.3250000000000002,1.9634954084936205,0.34413856769909607,0.2740806893584296
0.9,1.3250000000000002,2.0943951023931953,0.3395349163403924,0.2670410870485003
0.9,1.3250000000000002,2.22529479629277,0.3351775687606491,0.2604746263060346
0.9,1.3250000000000002,2.356194490192345,0.33117341596127897,0.2545197433114959
0.9,1.3250000000000002,2.4870941840919194,0.3276215037661092,0.24930387684991576
0.9,1.3250000000000002,2.617993877991494,0.32460989194498485,0.24493998064351963
0.9,1.3250000000000002,2.748893571891069,0.3222131079591422,0.24152350924121682
0.9,1.3250000000000002,2.8797932657906435,0.3204901893972634,0.2391299258795521
0.9,1.3250000000000002,3.010692959690218,0.31948327144907196,0.23781275968161594
0.9,1.3250000000000002,3.141592653589793,0.31921665988163256,0.23760222732532607
0.9,1.3250000000000002,3.2724923474893677,0.3196963337432864,0.23850442854438322
0.9,1.3250000000000002,3.4033920413889422,0.32090984076241796,0.2405011228878254
0.9,1.3250000000000002,3.534291735288517,0.3228265759167097,0.24355009473147446
0.9,1.3250000000000002,3.665191429188092,0.32539846305380826,0.24758611270985367
0.9,1.3250000000000002,3.7960911230876664,0.3285610837486843,0.2525224869091945
0.9,1.3250000000000002,3.926990816987241,0.33223531033762416,0.25825322063617046
0.9,1.3250000000000002,4.057890510886816,0.3363294959109046,0.2646557414413677
0.9,1.3250000000000002,4.1887902047863905,0.3407422495214769,0.27159417638060873
0.9,1.3250000000000002,4.319689898685965,0.3453657792562593,0.2789231078629457
0.9,1.3250000000000002,4.45058959258554,0.35008972194719906,0.2864917089209196
0.9,1.3250000000000002,4.581489286485114,0.354805302920643,0.2941481127125999
0.9,1.3250000000000002,4.71238898038469,0.35940959280601,0.30174382563923247
0.9,1.3250000000000002,4.843288674284264,0.3638095641788899,0.3091379543132987
0.9,1.3250000000000002,4.974188368183839,0.3679256126055894,0.3162009929191765
0.9,1.3250000000000002,5.105088062083413,0.37169420662479197,0.32281791822577716
0.9,1.3250000000000002,5.235987755982988,0.375069377039944,0.32889037122859555
0.9,1.3250000000000002,5.3668874498825625,0.3780228486588113,0.3343377693325036
0.9,1.3250000000000002,5.497787143782138,0.380542750366264,0.3390972875985157
0.9,1.3250000000000002,5.6286868376817125,0.38263099746175905,0.3431227622703252
0.9,1.3250000000000002,5.759586531581287,0.3842996026759516,0.346382689880439
0.9,1.3250000000000002,5.890486225480862,0.3855663153202487,0.3488576030943354
0.9,1.3250000000000002,6.021385919380436,0.3864500885690835,0.35053718254587746
0.9,1.3250000000000002,6.152285613280011,0.38696691488580215,0.3514174980417241
0.9,1.4000000000000001,0.0,0.4011145123263673,0.3655298788268026
0.9,1.4000000000000001,0.1308996938995747,0.4007873019346982,0.3646866064202316
0.9,1.4000000000000001,0.2617993877991494,0.4000621279113115,0.3630516892539987
0.9,1.4000000000000001,0.39269908169872414,0.39892238979028044,0.3606299840076553
0.9,1.4000000000000001,0.5235987755982988,0.3973448362605659,0.3574279419267952
0.9,1.4000000000000001,0.6544984694978735,0.3953042561536211,0.3534567804955728
0.9,1.4000000000000001,0.7853981633974483,0.39277900266653404,0.34873624646656753
0.9,1.4000000000000001,0.916297857297023,0.3897566521578016,0.3432984639245698
0.9,1.4000000000000001,1.0471975511965976,0.38623910550787954,0.33719136324325877
0.9,1.4000000000000001,1.1780972450961724,0.38224653921888607,0.33048125498367803
0.9,1.4000000000000001,1.308996938995747,0.3778197849206995,0.3232542317305797
0.9,1.4000000000000001,1.4398966328953218,0.37302092940916537,0.31561622844009596
0.9,1.4000000000000001,1.5707963267948966,0.36793214818533554,0.3076917235751335
0.9,1.4000000000000001,1.7016960206944711,0.3626529810778402,0.29962119695788164
0.9,1.4000000000000001,1.832595714594046,0.3572964036819693,0.2915575598015424
0.9,1.4000000000000001,1.9634954084936205,0.35198412874091356,0.28366183005796747
0.9,1.4000000000000001,2.0943951023931953,0.34684158508611773,0.2760983428901118
0.9,1.4000000000000001,2.22529479629277,0.34199297715194915,0.2690297696305339
0.9,1.4000000000000001,2.356194490192345,0.3375567420805113,0.26261218106304995
0.9,1.4000000000000001,2.4870941840919194,0.33364161448500446,0.2569903450829604
0.9,1.4000000000000001,2.617993877991494,0.3303434010559943,0.2522934053655073
0.9,1.4000000000000001,2.748893571891069,0.3277424746020372,0.24863105302183133
0.9,1.4000000000000001,2.8797932657906435,0.3259019302796418,0.24609027910573256
0.9,1.4000000000000001,3.010692959690218,0.3248663099360527,0.2447327801495833
0.9,1.4000000000000001,3.141592653589793,0.32466079256363195,0.24459307747533754
0.9,1.4000000000000001,3.2724923474893677,0.3252907649523697,0.24567739958198787
0.9,1.4000000000000001,3.4033920413889422,0.32674171974751126,0.24796336269870098
0.9,1.4000000000000001,3.534291735288517,0.3289794705368285,0.25140046701746455
0.9,1.4000000000000001,3.665191429188092,0.33195071753495703,0.25591140642158755
0.9,1.4000000000000001,3.7960911230876664,0.3355840353469129,0.2613941696499336
0.9,1.4000000000000001,3.926990816987241,0.33979137885187566,0.2677248920398652
0.9,1.4000000000000001,4.057890510886816,0.3444702076520941,0.27476139885109696
0.9,1.4000000000000001,4.1887902047863905,0.34950630822007395,0.28234736136060723
0.9,1.4000000000000001,4.319689898685965,0.3547773428701326,0.2903169620320302
0.9,1.4000000000000001,4.45058959258554,0.3601570770844195,0.298499932216896
0.9,1.4000000000000001,4.581489286485114,0.3655201380466882,0.306726784564887
0.9,1.4000000000000001,4.71238898038469,0.3707470498493632,0.3148340160070146
0.9,1.4000000000000001,4.843288674284264,0.3757291920387955,0.32266901359529193
0.9,1.4000000000000001,4.974188368183839,0.38037325789571214,0.33009436580204604
0.9,1.4000000000000001,5.105088062083413,0.3846047660750567,0.33699127850391375
0.9,1.4000000000000001,5.235987755982988,0.38837021781477016,0.34326182826724194
0.9,1.4000000000000001,5.3668874498825625,0.39163759687150373,0.34882986108907704
0.9,1.4000000000000001,5.497787143782138,0.39439507424577136,0.3536404602135563
0.9,1.4000000000000001,5.6286868376817125,0.39664798647088495,0.35765805125352834
0.9,1.4000000000000001,5.759586531581287,0.3984143767491239,0.3608633681422105
0.9,1.4000000000000001,5.890486225480862,0.39971958893548987,0.3632496460435776
0.9,1.4000000000000001,6.021385919380436,0.4005905517883988,0.36481851310899494
0.9,1.4000000000000001,6.152285613280011,0.40105045785353494,0.36557610164783183
0.9,1.475,0.0,0.4105823799926506,0.3744020477897834
0.9,1.475,0.1308996938995747,0.41014181919675513,0.37346791695038295
0.9,1.475,0.2617993877991494,0.40931325493353415,0.37180560045130084
0.9,1.475,0.39269908169872414,0.4080764247773557,0.3694136812347668
0.9,1.475,0.5235987755982988,0.4064015551112094,0.3662877274300562
0.9,1.475,0.6544984694978735,0.40425521317362084,0.3624245700283115
0.9,1.475,0.7853981633974483,0.40160718079619634,0.35782742322651306
0.9,1.475,0.916297857297023,0.3984374481159005,0.3525111944869015
0.9,1.475,1.0471975511965976,0.39474244681014437,0.3465073374940735
0.9,1.475,1.1780972450961724,0.3905397866274641,0.33986769215983065
0.9,1.475,1.308996938995747,0.3858709959213389,0.332666909850627
0.9,1.475,1.4398966328953218,0.38080205290044783,0.3250032487317008
0.9,1.475,1.5707963267948966,0.375421781088207,0.31699771106767366
0.9,1.475,1.7016960206944711,0.36983842610541284,0.30879165346354615
0.9,1.475,1.832595714594046,0.36417489937613884,0.30054311376772064
0.9,1.475,1.9634954084936205,0.3585632522101996,0.2924221580784305
0.9,1.475,2.0943951023931953,0.353138932899513,0.28460556297546724
0.9,1.475,2.22529479629277,0.3480352967465296,0.2772711253814997
0.9,1.475,2.356194490192345,0.3433787106418665,0.2705918529150472
0.9,1.475,2.4870941840919194,0.3392844493424671,0.26473024768937115
0.9,1.475,2.617993877991494,0.335853446318211,0.2598328673752443
0.9,1.475,2.748893571891069,0.33316985681668043,0.2560253326457716
0.9,1.475,2.8797932657906435,0.3312993240958461,0.2534079462154533
0.9,1.475,3.010692959690218,0.3302878121457994,0.2520520870597498
0.9,1.475,3.141592653589793,0.33016087375861775,0.2519975342921249
0.9,1.475,3.2724923474893677,0.3309232523688885,0.2532508513176837
0.9,1.475,3.4033920413889422,0.3325587602096774,0.2557849200950222
0.9,1.475,3.534291735288517,0.3350304259216483,0.25953966120865973
0.9,1.475,3.665191429188092,0.33828095543057984,0.26442391597150744
0.9,1.475,3.7960911230876664,0.3422335950410955,0.27031841142224217
0.9,1.475,3.926990816987241,0.3467935192038279,0.27707968548409023
0.9,1.475,4.057890510886816,0.35184987996870004,0.2845448208073779
0.9,1.475,4.1887902047863905,0.35727864263581927,0.2925368194861059
0.9,1.475,4.319689898685965,0.36294628553670943,0.3008704399908027
0.9,1.475,4.45058959258554,0.36871435809766756,0.3093583036913033
0.9,1.475,4.581489286485114,0.37444477408628196,0.3178170546178067
0.9,1.475,4.71238898038469,0.3800055786663896,0.32607332132089506
0.9,1.475,4.843288674284264,0.38527678961639683,0.33396918966051325
0.9,1.475,4.974188368183839,0.39015580180629983,0.3413668626155246
0.9,1.475,5.105088062083413,0.3945617878685252,0.3481521742980138
0.9,1.475,5.235987755982988,0.3984385499312227,0.3542366563919388
0.9,1.475,5.3668874498825625,0.4017553890816272,0.35955793690551463
0.9,1.475,5.497787143782138,0.40450575695794694,0.36407838452380475
0.9,1.475,5.6286868376817125,0.40670371639142094,0.36778208624424025
0.9,1.475,5.759586531581287,0.4083785290165516,0.37067043933526156
0.9,1.475,5.890486225480862,0.4095679613480794,0.37275682100422963
0.9,1.475,6.021385919380436,0.41031110961899264,0.37406093809377694
0.9,1.475,6.152285613280011,0.4106416479303559,0.37460352647321443
0.9,1.5500000000000003,0.0,0.415534708734751,0.3783057797028558
0.9,1.5500000000000003,0.1308996938995747,0.41500530752075404,0.37732384516153367
0.9,1.5500000000000003,0.2617993877991494,0.4141443879636615,0.3757394010062645
0.9,1.5500000000000003,0.39269908169872414,0.41292589652952766,0.37354158831218925
0.9,1.5500000000000003,0.5235987755982988,0.41131016362829803,0.37071023599080716
0.9,1.5500000000000003,0.6544984694978735,0.4092511598568764,0.36722146267110006
0.9,1.5500000000000003,0.7853981633974483,0.40670499900139107,0.3630544228815138
0.9,1.5500000000000003,0.916297857297023,0.40363854198352495,0.3581983775465956
0.9,1.5500000000000003,1.0471975511965976,0.40003699910806984,0.3526592824049361
0.9,1.5500000000000003,1.1780972450961724,0.3959096311659079,0.3464652076719749
0.9,1.5500000000000003,1.308996938995747,0.3912929691442845,0.3396700975066693
0.9,1.5500000000000003,1.4398966328953218,0.38625134618783385,0.3323556075761403
0.9,1.5500000000000003,1.5707963267948966,0.3808748981905907,0.3246309811329154
0.9,1.5500000000000003,1.7016960206944711,0.37527548344136585,0.316631104188038
0.9,1.5500000000000003,1.832595714594046,0.3695811580931417,0.30851299847597496
0.9,1.5500000000000003,1.9634954084936205,0.36392990809311004,0.30045106382658
0.9,1.5500000000000003,2.0943951023931953,0.3584632891253639,0.29263138152733514
0.9,1.5500000000000003,2.22529479629277,0.3533204930003186,0.28524535974597787
0.9,1.5500000000000003,2.356194490192345,0.3486331814628498,0.2784829663636399
0.9,1.5500000000000003,2.4870941840919194,0.3445212472147741,0.2725257741928378
0.9,1.5500000000000003,2.617993877991494,0.3410895098708955,0.2675400486225161
0.9,1.5500000000000003,2.748893571891069,0.3384252510337915,0.2636701356071541
0.9,1.5500000000000003,2.8797932657906435,0.3365964423160807,0.26103244484858407
0.9,1.5500000000000003,3.010692959690218,0.3356505153376017,0.25971034915912933
0.9,1.5500000000000003,3.141592653589793,0.3356135488907946,0.2597503172030599
0.9,1.5500000000000003,3.2724923474893677,0.3364897899936706,0.26115955116265155
0.9,1.5500000000000003,3.4033920413889422,0.33826147061523765,0.26390531281909174
0.9,1.5500000000000003,3.534291735288517,0.3408889245501003,0.2679160024951803
0.9,1.5500000000000003,3.665191429188092,0.34431104835301335,0.273083925468153
0.9,1.5500000000000003,3.7960911230876664,0.3484461874366735,0.27926956286143745
0.9,1.5500000000000003,3.926990816987241,0.35319356239800365,0.2863070777756191
0.9,1.5500000000000003,4.057890510886816,0.3584353755460686,0.29401074219628703
0.9,1.5500000000000003,4.1887902047863905,0.3640397424064065,0.3021819638258742
0.9,1.5500000000000003,4.319689898685965,0.3698645639601421,0.3106166116736532
0.9,1.5500000000000003,4.45058959258554,0.3757623810955337,0.3191123664179276
0.9,1.5500000000000003,4.581489286485114,0.38158612975432193,0.327475838390761
0.9,1.5500000000000003,4.71238898038469,0.38719555263320177,0.3355291918874049
0.9,1.5500000000000003,4.843288674284264,0.39246384421668695,0.3431159900833691
0.9,1.5500000000000003,4.974188368183839,0.3972839451273553,0.3501059429515602
0.9,1.5500000000000003,5.105088062083413,0.40157379919708386,0.3563982228209394
0.9,1.5500000000000003,5.235987755982988,0.40527987835280027,0.3619230328613539
0.9,1.5500000000000003,5.3668874498825625,0.4083783890122934,0.3666411921018761
0.9,1.5500000000000003,5.497787143782138,0.4108738009075397,0.3705416440951185
0.9,1.5500000000000003,5.6286868376817125,0.41279466230305006,0.3736369965106825
0.9,1.5500000000000003,5.759586531581287,0.4141870390364564,0.3759574309356275
0.9,1.5500000000000003,5.890486225480862,0.41510627769204494,0.3775435486339192
0.9,1.5500000000000003,6.021385919380436,0.41560808020558015,0.3784388964209433
0.9,1.5500000000000003,6.152285613280011,0.4157400316337227,0.37868300853558196
0.9,1.6250000000000002,0.0,0.41648159492172426,0.3778516861031636
0.9,1.6250000000000002,0.1308996938995747,0.41589168170508933,0.3768665107373741
0.9,1.6250000000000002,0.2617993877991494,0.41506976507237364,0.37545892684977494
0.9,1.6250000000000002,0.39269908169872414,0.4139817368153649,0.37360577250350807
0.9,1.6250000000000002,0.5235987755982988,0.41257454941513266,0.37126686944296833
0.9,1.6250000000000002,0.6544984694978735,0.4107851233354109,0.36839212190196163
0.9,1.6250000000000002,0.7853981633974483,0.4085507580736558,0.3649300940591893
0.9,1.6250000000000002,0.916297857297023,0.40581961520252113,0.36083706296986245
0.9,1.6250000000000002,1.0471975511965976,0.4025599165734453,0.35608557094129556
0.9,1.6250000000000002,1.1780972450961724,0.3987667798431718,0.35067165815675233
0.9,1.6250000000000002,1.308996938995747,0.3944660338706038,0.3446202002353091
0.9,1.6250000000000002,1.4398966328953218,0.3897148340116893,0.33798805159727574
0.9,1.6250000000000002,1.5707963267948966,0.3845993441196569,0.3308649501460929
0.9,1.6250000000000002,1.7016960206944711,0.37923009468488583,0.3233723309082431
0.9,1.6250000000000002,1.832595714594046,0.3737358194912108,0.31566030599567557
0.9,1.6250000000000002,1.9634954084936205,0.36825660547655353,0.30790309935250165
0.9,1.6250000000000002,2.0943951023931953,0.36293708436830613,0.30029320119263936
0.9,1.6250000000000002,2.22529479629277,0.3579201968541583,0.29303446451430853
0.9,1.6250000000000002,2.356194490192345,0.3533418283922946,0.28633434064114205
0.9,1.6250000000000002,2.4870941840919194,0.34932640459630354,0.2803954677824439
0.9,1.6250000000000002,2.617993877991494,0.3459833821009251,0.2754068930589953
0.9,1.6250000000000002,2.748893571891069,0.34340449414394564,0.2715353105145533
0.9,1.6250000000000002,2.8797932657906435,0.3416616025010602,0.26891680479751606
0.9,1.6250000000000002,3.010692959690218,0.340805046242954,0.2676496643099724
0.9,1.6250000000000002,3.141592653589793,0.34086243395840626,0.2677888346930614
0.9,1.6250000000000002,3.2724923474893677,0.34183787446339337,0.26934250445049684
0.9,1.6250000000000002,3.4033920413889422,0.3437116680321329,0.2722711517665186
0.9,1.6250000000000002,3.534291735288517,0.34644048626702695,0.27648915944856617
0.9,1.6250000000000002,3.665191429188092,0.34995806530770474,0.2818688634933827
0.9,1.6250000000000002,3.7960911230876664,0.35417643934494075,0.2882466850589573
0.9,1.6250000000000002,3.926990816987241,0.3589877597972491,0.2954308433945282
0.9,1.6250000000000002,4.057890510886816,0.3642667791299985,0.3032100790366808
0.9,1.6250000000000002,4.1887902047863905,0.36987411285679617,0.3113628306990941
0.9,1.6250000000000002,4.319689898685965,0.3756604045246071,0.3196663838051845
0.9,1.6250000000000002,4.45058959258554,0.381471480456758,0.3279056088330515
0.9,1.6250000000000002,4.581489286485114,0.38715447620005583,0.33588099733529514
0.9,1.6250000000000002,4.71238898038469,0.392564745036102,0.3434157561480691
0.9,1.6250000000000002,4.843288674284264,0.3975731427750075,0.35036172718331443
0.9,1.6250000000000002,4.974188368183839,0.4020730649989857,0.3566038728340834
0.9,1.6250000000000002,5.105088062083413,0.4059864478745032,0.36206303353018976
0.9,1.6250000000000002,5.235987755982988,0.4092678858926931,0.36669666033096365
0.9,1.6250000000000002,5.3668874498825625,0.4119061086942566,0.37049728418514816
0.9,1.6250000000000002,5.497787143782138,0.41392230655164636,0.3734886230232533
0.9,1.6250000000000002,5.6286868376817125,0.41536517829564046,0.37571944513912153
0.9,1.6250000000000002,5.759586531581287,0.4163030417303439,0.37725557606040017
0.9,1.6250000000000002,5.890486225480862,0.4168138159123072,0.378170710893694
0.9,1.6250000000000002,6.021385919380436,0.41697406904318085,0.37853691988004506
0.9,1.6250000000000002,6.152285613280011,0.4168485461684433,0.3784158593046936
0.9,1.7000000000000002,0.0,0.4142920352932025,0.3739178222286035
0.9,1.7000000000000002,0.1308996938995747,0.4136709771107206,0.3729717763865377
0.9,1.7000000000000002,0.2617993877991494,0.41295286517962615,0.37182540349475346
0.9,1.7000000000000002,0.39269908169872414,0.41209335773514205,0.3704410286064963
0.9,1.7000000000000002,0.5235987755982988,0.4110227915974396,0.3687553169419165
0.9,1.7000000000000002,0.6544984694978735,0.40965696832884424,0.36668797432776623
0.9,1.7000000000000002,0.7853981633974483,0.4079097212300222,0.36415226654499994
0.9,1.7000000000000002,0.916297857297023,0.405705505147475,0.3610661594288362
0.9,1.7000000000000002,1.0471975511965976,0.40299037099816254,0.3573629319688467
0.9,1.7000000000000002,1.1780972450961724,0.3997400619266405,0.35300032058737507
0.9,1.7000000000000002,1.308996938995747,0.3959645107117491,0.3479675552749077
0.9,1.7000000000000002,1.4398966328953218,0.39170861468034684,0.3422899747785972
0.9,1.7000000000000002,1.5707963267948966,0.38704970022868296,0.3360311903604611
0.9,1.7000000000000002,1.7016960206944711,0.38209247260702156,0.3292929578550086
0.9,1.7000000000000002,1.832595714594046,0.37696242724334045,0.3222129984820621
0.9,1.7000000000000002,1.9634954084936205,0.37179867419021306,0.3149609954318487
0.9,1.7000000000000002,2.0943951023931953,0.36674693915265877,0.3077329273368912
0.9,1.7000000000000002,2.22529479629277,0.36195322504962096,0.3007438362184311
0.9,1.7000000000000002,2.356194490192345,0.3575583292266013,0.2942191175559827
0.9,1.7000000000000002,2.4870941840919194,0.35369318410750433,0.2883844953786741
0.9,1.7000000000000002,2.617993877991494,0.35047486623953167,0.283455007057747
0.9,1.7000000000000002,2.748893571891069,0.3480031075074157,0.2796235397075068
0.9,1.7000000000000002,2.8797932657906435,0.3463572166760119,0.27704967670519626
0.9,1.7000000000000002,3.010692959690218,0.34559343181849655,0.27584976305200487
0.9,1.7000000000000002,3.141592653589793,0.3457428228090757,0.2760891256666275
0.9,1.7000000000000002,3.2724923474893677,0.3468099090310906,0.2777772593473648
0.9,1.7000000000000002,3.4033920413889422,0.34877213651129296,0.28086651800312795
0.9,1.7000000000000002,3.534291735288517,0.35158028399985314,0.2852544776144949
0.9,1.7000000000000002,3.665191429188092,0.3551597728299141,0.2907897323272365
0.9,1.7000000000000002,3.7960911230876664,0.35941278126339876,0.29728052634182206
0.9,1.7000000000000002,3.926990816987241,0.3642210417052943,0.3045053777824723
0.9,1.7000000000000002,4.057890510886816,0.36944923789620443,0.3122247532457007
0.9,1.7000000000000002,4.1887902047863905,0.37494900119564206,0.32019290241239756
0.9,1.7000000000000002,4.319689898685965,0.38056359023424874,0.328169124895998
0.9,1.7000000000000002,4.45058959258554,0.3861333770711271,0.3359279571912858
0.9,1.7000000000000002,4.581489286485114,0.3915022140180735,0.34326797188275854
0.9,1.7000000000000002,4.71238898038469,0.3965246010066306,0.3500190232801592
0.9,1.7000000000000002,4.843288674284264,0.4010733300897987,0.3560478296562419
0.9,1.7000000000000002,4.974188368183839,0.4050470014491517,0.36126176094908385
0.9,1.7000000000000002,5.105088062083413,0.4083765577676708,0.3656106389817719
0.9,1.7000000000000002,5.235987755982988,0.4110298501932041,0.3690863076598991
0.9,1.7000000000000002,5.3668874498825625,0.4130132929361854,0.37171974537650926
0.9,1.7000000000000002,5.497787143782138,0.41436991395686434,0.37357560632620174
0.9,1.7000000000000002,5.6286868376817125,0.4151735494719773,0.37474429844471085
0.9,1.7000000000000002,5.759586531581287,0.4155194966536735,0.375332007370349
0.9,1.7000000000000002,5.890486225480862,0.4155125321128523,0.37544940391044684
0.9,1.7000000000000002,6.021385919380436,0.41525370723657723,0.37520005630095704
0.9,1.7000000000000002,6.152285613280011,0.4148276373649374,0.3746697377652637
0.9,1.7750000000000001,0.0,0.4099965437051842,0.36748735784127523
0.9,1.7750000000000001,0.1308996938995747,0.4093724613441652,0.36661761958520794
0.9,1.7750000000000001,0.2617993877991494,0.40881137788237587,0.3657961941019719
0.9,1.7750000000000001,0.39269908169872414,0.40825685901223707,0.36496960553567986
0.9,1.7750000000000001,0.5235987755982988,0.40762000018420624,0.36404974022857045
0.9,1.7750000000000001,0.6544984694978735,0.4067922761860732,0.3629241747845864
0.9,1.7750000000000001,0.7853981633974483,0.4056604488561917,0.3614686355827848
0.9,1.7750000000000001,0.916297857297023,0.4041214118766074,0.3595601873488896
0.9,1.7750000000000001,1.0471975511965976,0.40209503400629715,0.35708983636554886
0.9,1.7750000000000001,1.1780972450961724,0.39953355752092373,0.3539735059688503
0.9,1.7750000000000001,1.308996938995747,0.3964267972815468,0.35016071722845915
0.9,1.7750000000000001,1.4398966328953218,0.3928031168514086,0.34564069044453744
0.9,1.7750000000000001,1.5707963267948966,0.3887267841623663,0.34044588727737174
0.9,1.7750000000000001,1.7016960206944711,0.3842927189736068,0.3346531835549858
0.9,1.7750000000000001,1.832595714594046,0.3796197845395799,0.32838288700677115
0.9,1.7750000000000001,1.9634954084936205,0.3748436592552036,0.3217957248866355
0.9,1.7750000000000001,2.0943951023931953,0.3701100212179633,0.31508779060648323
0.9,1.7750000000000001,2.22529479629277,0.3655683966353111,0.3084833378409165
0.9,1.7750000000000001,2.356194490192345,0.36136667556990937,0.30222531743533104
0.9,1.7750000000000001,2.4870941840919194,0.3576460763084171,0.29656370716700925
0.9,1.7750000000000001,2.617993877991494,0.35453628760251626,0.29174198045854943
0.9,1.7750000000000001,2.748893571891069,0.35215062629788213,0.287982442020505
0.9,1.7750000000000001,2.8797932657906435,0.350581258369886,0.28547153374174
0.9,1.7750000000000001,3.010692959690218,0.34989475830977534,0.284346477558565
0.9,1.7750000000000001,3.141592653589793,0.35012843951361466,0.2846846845896298
0.9,1.7750000000000001,3.2724923474893677,0.3512879184642366,0.28649717561959553
0.9,1.7750000000000001,3.4033920413889422,0.35334626469496344,0.2897268399086956
0.9,1.7750000000000001,3.534291735288517,0.3562448714156678,0.29425177856872414
0.9,1.7750000000000001,3.665191429188092,0.3598959282824279,0.2998933482374984
0.9,1.7750000000000001,3.7960911230876664,0.36418616945995036,0.30642796618223445
0.9,1.7750000000000001,3.926990816987241,0.36898147193631115,0.31360136528779303
0.9,1.7750000000000001,4.057890510886816,0.3741319175781596,0.3211438562370891
0.9,1.7750000000000001,4.1887902047863905,0.3794770861846577,0.32878526424651516
0.9,1.7750000000000001,4.319689898685965,0.3848515524771727,0.33626850213768583
0.9,1.7750000000000001,4.45058959258554,0.39009073247215537,0.34336112557763837
0.9,1.7750000000000001,4.581489286485114,0.3950372848601254,0.3498645853435569
0.9,1.7750000000000001,4.71238898038469,0.3995481742991167,0.3556211597899011
0.9,1.7750000000000001,4.843288674284264,0.4035022493869531,0.360518673295077
0.9,1.7750000000000001,4.974188368183839,0.40680783499704604,0.36449308797501834
0.9,1.7750000000000001,5.105088062083413,0.40940948348802503,0.36752894537277875
0.9,1.7750000000000001,5.235987755982988,0.41129278450673806,0.3696575084092968
0.9,1.7750000000000001,5.3668874498825625,0.41248609646997575,0.37095239149374076
0.9,1.7750000000000001,5.497787143782138,0.41305828947708556,0.3715225281723152
0.9,1.7750000000000001,5.6286868376817125,0.4131120736010818,0.3715025331647828
0.9,1.7750000000000001,5.759586531581287,0.41277315764762096,0.3710408459008869
0.9,1.7750000000000001,5.890486225480862,0.41217621809649857,0.37028643146827506
0.9,1.7750000000000001,6.021385919380436,0.41144930523557965,0.369375171933122
0.9,1.7750000000000001,6.152285613280011,0.41069872875589447,0.36841731232332336
0.9,1.85,0.0,0.4045922029889872,0.3595114811531634
0.9,1.85,0.1308996938995747,0.4039903541060929,0.35874794073981525
0.9,1.85,0.2617993877991494,0.4036250868737549,0.3582913190329397
0.9,1.85,0.39269908169872414,0.40342655649642195,0.35807212093775515
0.9,1.85,0.5235987755982988,0.40328493976454816,0.35797756959887606
0.9,1.85,0.6544984694978735,0.40306546910231744,0.35786351548259665
0.9,1.85,0.7853981633974483,0.40262577478113554,0.3575687253352293
0.9,1.85,0.916297857297023,0.40183301887908446,0.3569299337418599
0.9,1.85,1.0471975511965976,0.40057857216543885,0.35579618525556517
0.9,1.85,1.1780972450961724,0.39878863030102724,0.35404135680268345
0.9,1.85,1.308996938995747,0.3964300271217846,0.35157421820269574
0.9,1.85,1.4398966328953218,0.3935113831716719,0.3483458375028881
0.9,1.85,1.5707963267948966,0.3900804410742265,0.34435445901658746
0.9,1.85,1.7016960206944711,0.386218852900362,0.3396481116295875
0.9,1.85,1.832595714594046,0.3820357462661692,0.3343251392094724
0.9,1.85,1.9634954084936205,0.3776611417025814,0.3285326400203075
0.9,1.85,2.0943951023931953,0.37323983460375976,0.3224625588650531
0.9,1.85,2.22529479629277,0.3689258444342159,0.31634501234498374
0.9,1.85,2.356194490192345,0.3648771266255187,0.31043844558256845
0.9,1.85,2.4870941840919194,0.3612500532492744,0.30501647118173353
0.9,1.85,2.617993877991494,0.3581932411149448,0.30035171233875396
0.9,1.85,2.748893571891069,0.3558406034334318,0.29669757447442663
0.9,1.85,2.8797932657906435,0.35430391811905065,0.29426946240364094
0.9,1.85,3.010692959690218,0.353665600794886,0.29322738330476117
0.9,1.85,3.141592653589793,0.3539726095813201,0.2936619953476442
0.9,1.85,3.2724923474893677,0.3552324062778518,0.2955859086685277
0.9,1.85,3.4033920413889422,0.3574116439760848,0.29893143912727044
0.9,1.85,3.534291735288517,0.3604378119244904,0.3035551639822572
0.9,1.85,3.665191429188092,0.3642035690402878,0.30924870325135384
0.9,1.85,3.7960911230876664,0.3685730802428491,0.3157543414071393
0.9,1.85,3.926990816987241,0.37338945065006124,0.3227835716354139
0.9,1.85,4.057890510886816,0.3784823848934014,0.33003647911709705
0.9,1.85,4.1887902047863905,0.3836754566848219,0.33722007984040075
0.9,1.85,4.319689898685965,0.3887927610685183,0.34406421073747245
0.9,1.85,4.45058959258554,0.3936651019720026,0.35033418134923444
0.9,1.85,4.581489286485114,0.39813610635932134,0.3558399869350876
0.9,1.85,4.71238898038469,0.40206866301474786,0.3604423155733885
0.9,1.85,4.843288674284264,0.4053518406598003,0.36405578459557847
0.9,1.85,4.974188368183839,0.40790800829053536,0.3666498150896292
0.9,1.85,5.105088062083413,0.4096993859748144,0.3682473636485539
0.9,1.85,5.235987755982988,0.4107328529552972,0.36892148655462487
0.9,1.85,5.3668874498825625,0.41106167597056475,0.36878953062805175
0.9,1.85,5.497787143782138,0.4107829865283678,0.36800472016366986
0.9,1.85,5.6286868376817125,0.4100303443106255,0.3667450841322819
0.9,1.85,5.759586531581287,0.40896149995738534,0.3652000239052544
0.9,1.85,5.890486225480862,0.4077423644488449,0.3635552831897993
0.9,1.85,6.021385919380436,0.4065290117412194,0.36197753356892726
0.9,1.85,6.152285613280011,0.40545009518932495,0.36060010619603805
0.9,1.9250000000000003,0.0,0.39889420861071545,0.3508180061791694
0.9,1.9250000000000003,0.1308996938995747,0.39833602656741524,0.3501821371104801
0.9,1.9250000000000003,0.2617993877991494,0.3981900625190547,0.3501057073764999
0.9,1.9250000000000003,0.39269908169872414,0.3983724562865258,0.3505040444350021
0.9,1.9250000000000003,0.5235987755982988,0.398751989405087,0.3512415267183453
0.9,1.9250000000000003,0.6544984694978735,0.3991673509916911,0.35214497911837395
0.9,1.9250000000000003,0.7853981633974483,0.39944690142104294,0.3530195986502278
0.9,1.9250000000000003,0.916297857297023,0.3994279932484394,0.3536655605194725
0.9,1.9250000000000003,1.0471975511965976,0.39897329037739465,0.3538936827939216
0.9,1.9250000000000003,1.1780972450961724,0.39798235693646894,0.35353901041626473
0.9,1.9250000000000003,1.308996938995747,0.3963978521984714,0.3524717680792457
0.9,1.9250000000000003,1.4398966328953218,0.3942067132659335,0.3506056624663294
0.9,1.9250000000000003,1.5707963267948966,0.3914375016715279,0.347903851146061
0.9,1.9250000000000003,1.7016960206944711,0.3881554779591534,0.34438296403069496
0.9,1.9250000000000003,1.832595714594046,0.3844569034798417,0.34011537073770753
0.9,1.9250000000000003,1.9634954084936205,0.3804636206303848,0.33522951983680915
0.9,1.9250000000000003,2.0943951023931953,0.3763182956003522,0.329907778343954
0.9,1.9250000000000003,2.22529479629277,0.37218003542224815,0.3243809372569318
0.9,1.9250000000000003,2.356194490192345,0.3682196206903898,0.31891856196785934
0.9,1.9250000000000003,2.4870941840919194,0.3646134704451795,0.31381472748400224
0.9,1.9250000000000003,2.617993877991494,0.3615357166644926,0.3093693629679382
0.9,1.9250000000000003,2.748893571891069,0.35914833684771863,0.3058663119599197
0.9,1.9250000000000003,2.8797932657906435,0.35759000290374016,0.30355009043876663
0.9,1.9250000000000003,3.010692959690218,0.35696493469059903,0.30260396384299043
0.9,1.9250000000000003,3.141592653589793,0.35733339625179555,0.30313217096302364
0.9,1.9250000000000003,3.2724923474893677,0.3587054193218259,0.30514879523191657
0.9,1.9250000000000003,3.4033920413889422,0.3610388759130676,0.30857494882012065
0.9,1.9250000000000003,3.534291735288517,0.3642422639095098,0.3132447470126289
0.9,1.9250000000000003,3.665191429188092,0.3681817179699134,0.318919256361902
0.9,1.9250000000000003,3.7960911230876664,0.3726910414800346,0.32530647508642
0.9,1.9250000000000003,3.926990816987241,0.3775831615698599,0.3320846794506172
0.9,1.9250000000000003,4.057890510886816,0.38266142964052,0.3389262738482084
0.9,1.9250000000000003,4.1887902047863905,0.3877295934463458,0.3455196113041379
0.9,1.9250000000000003,4.319689898685965,0.3925999118813457,0.3515869773379936
0.9,1.9250000000000003,4.45058959258554,0.3970995622770099,0.35689784327549806
0.9,1.9250000000000003,4.581489286485114,0.4010759910789825,0.3612773632234881
0.9,1.9250000000000003,4.71238898038469,0.4044020301279536,0.36461072030607805
0.9,1.9250000000000003,4.843288674284264,0.4069813927514769,0.366844216343696
0.9,1.9250000000000003,4.974188368183839,0.408754642152346,0.367983942927472
0.9,1.9250000000000003,5.105088062083413,0.4097050506236479,0.3680925622938771
0.9,1.9250000000000003,5.235987755982988,0.40986315400655,0.36728431502526443
0.9,1.9250000000000003,5.3668874498825625,0.4093084564869027,0.36571802457866687
0.9,1.9250000000000003,5.497787143782138,0.4081667988413405,0.36358772171666587
0.9,1.9250000000000003,5.6286868376817125,0.4066024093247543,0.3611106358299687
0.9,1.9250000000000003,5.759586531581287,0.4048045348290461,0.3585126834926496
0.9,1.9250000000000003,5.890486225480862,0.4029696223148762,0.3560121371310762
0.9,1.9250000000000003,6.021385919380436,0.4012810449950967,0.35380273216170477
0.9,1.9250000000000003,6.152285613280011,0.3998890958168812,0.3520379048096536
0.9,2.0,0.0,0.39345897281270953,0.34207010448282804
0.9,2.0,0.1308996938995747,0.3929616233299981,0.3415747582370514
0.9,2.0,0.2617993877991494,0.3930438017180237,0.34187123249259227
0.9,2.0,0.39269908169872414,0.3936078281441069,0.3428614054284063
0.9,2.0,0.5235987755982988,0.39450192926284067,0.34439004162904574
0.9,2.0,0.6544984694978735,0.39553971474982214,0.3462595714152485
0.9,2.0,0.7853981633974483,0.3965222456338326,0.34824742633823796
0.9,2.0,0.916297857297023,0.3972593015238304,0.3501238178158596
0.9,2.0,1.0471975511965976,0.3975869848669795,0.3516681876613849
0.9,2.0,1.1780972450961724,0.3973798584723609,0.3526832016267503
0.9,2.0,1.308996938995747,0.39655711666014737,0.35300590276102745
0.9,2.0,1.4398966328953218,0.39508351803453096,0.3525162781248232
0.9,2.0,1.5707963267948966,0.39296667496397286,0.3511438492225439
0.9,2.0,1.7016960206944711,0.39025262240604985,0.34887288694928625
0.9,2.0,1.832595714594046,0.38702134194220167,0.3457464956502707
0.9,2.0,1.9634954084936205,0.3833832096103585,0.3418692305607869
0.9,2.0,2.0943951023931953,0.3794763999163309,0.3374073057685479
0.9,2.0,2.22529479629277,0.3754644030399518,0.33258504005258765
0.9,2.0,2.356194490192345,0.37153226987191706,0.3276761670312475
0.9,2.0,2.4870941840919194,0.36788017026361075,0.32298910497386435
0.9,2.0,2.617993877991494,0.3647133684999051,0.3188462102258864
0.9,2.0,2.748893571891069,0.36222866002643794,0.31555825640434165
0.9,2.0,2.8797932657906435,0.3605984166010048,0.31339661033620353
0.9,2.0,3.010692959690218,0.3599543330480586,0.3125664943925691
0.9,2.0,3.141592653589793,0.36037346739073145,0.31318505817585884
0.9,2.0,3.2724923474893677,0.36186904428250405,0.3152675830146418
0.9,2.0,3.4033920413889422,0.3643877488733367,0.3187240419564476
0.9,2.0,3.534291735288517,0.3678140513262562,0.3233666481584297
0.9,2.0,3.665191429188092,0.371980776404746,0.3289272878578023
0.9,2.0,3.7960911230876664,0.37668401330301754,0.33508223269765197
0.9,2.0,3.926990816987241,0.3816998330376866,0.3414805804915359
0.9,2.0,4.057890510886816,0.3868002866203817,0.347772658604982
0.9,2.0,4.1887902047863905,0.39176675842794056,0.35363512932502034
0.9,2.0,4.319689898685965,0.396399742709618,0.3587905785054449
0.9,2.0,4.45058959258554,0.4005251934942751,0.3630206513553402
0.9,2.0,4.581489286485114,0.40399845605325635,0.3661729999527185
0.9,2.0,4.71238898038469,0.4067071879998778,0.3681631626688531
0.9,2.0,4.843288674284264,0.4085745285580737,0.36897286330679374
0.9,2.0,4.974188368183839,0.4095631456066957,0.3686460976842265
0.9,2.0,5.105088062083413,0.4096798880334746,0.36728389436861536
0.9,2.0,5.235987755982988,0.408979878054458,0.3650380011402521
0.9,2.0,5.3668874498825625,0.4075682759995296,0.3621031859584316
0.9,2.0,5.497787143782138,0.4055978456752572,0.358707537956285
0.9,2.0,5.6286868376817125,0.4032609205671805,0.3551002135545773
0.9,2.0,5.759586531581287,0.4007753478928379,0.35153649159785044
0.9,2.0,5.890486225480862,0.3983652596159832,0.34826067158749674
0.9,2.0,6.021385919380436,0.3962387873789464,0.3454880857023237
0.9,2.0,6.152285613280011,0.3945657832684772,0.3433880838201202
0.9,2.075,0.0,0.3885815645540764,0.33376656072886607
0.9,2.075,0.1308996938995747,0.38815784174612333,0.33341657122042917
0.9,2.075,0.2617993877991494,0.38846396641205955,0.33405969252495754
0.9,2.075,0.39269908169872414,0.3893894100636001,0.3355866539571974
0.9,2.075,0.5235987755982988,0.39076394122200026,0.3378267421949214
0.9,2.075,0.6544984694978735,0.39237924628277376,0.3405639017457441
0.9,2.075,0.7853981633974483,0.39401310780020404,0.34355527938685615
0.9,2.075,0.916297857297023,0.39545226238346687,0.3465497874598363
0.9,2.075,1.0471975511965976,0.3965107834996142,0.34930475224040625
0.9,2.075,1.1780972450961724,0.39704217005567904,0.3515995618640728
0.9,2.075,1.308996938995747,0.396944906479427,0.353246174967311
0.9,2.075,1.4398966328953218,0.39616269004985055,0.35409712523820036
0.9,2.075,1.5707963267948966,0.3946814527751335,0.35405204594036704
0.9,2.075,1.7016960206944711,0.39252553555493036,0.3530636403666933
0.9,2.075,1.832595714594046,0.389754884307061,0.35114347240453414
0.9,2.075,1.9634954084936205,0.38646409995485165,0.34836710867018894
0.9,2.075,2.0943951023931953,0.382782899976064,0.34487726773612265
0.9,2.075,2.22529479629277,0.3788764198944903,0.34088301683858174
0.9,2.075,2.356194490192345,0.3749431507228927,0.33665295786790334
0.9,2.075,2.4870941840919194,0.3712083993685062,0.3325009042987083
0.9,2.075,2.617993877991494,0.36791200344188085,0.3287637405109621
0.9,2.075,2.748893571891069,0.3652904416280001,0.32577275897480285
0.9,2.075,2.8797932657906435,0.3635550886708356,0.3238214223148796
0.9,2.075,3.010692959690218,0.3628697194013819,0.32313376569744534
0.9,2.075,3.141592653589793,0.36333106245150565,0.323838163542956
0.9,2.075,3.2724923474893677,0.364956001186367,0.32595072457953284
0.9,2.075,3.4033920413889422,0.3676779217719354,0.32937118346027155
0.9,2.075,3.534291735288517,0.3713529730818859,0.3338921052193938
0.9,2.075,3.665191429188092,0.3757750702204337,0.33921996909032437
0.9,2.075,3.7960911230876664,0.38069683986087766,0.34500476462882573
0.9,2.075,3.926990816987241,0.38585278204798373,0.35087354455263964
0.9,2.075,4.057890510886816,0.3909809170765022,0.35646316455882254
0.9,2.075,4.1887902047863905,0.3958400476023181,0.36144817653785083
0.9,2.075,4.319689898685965,0.4002212112145451,0.3655612715870264
0.9,2.075,4.45058959258554,0.40395349977091205,0.3686053891666135
0.9,2.075,4.581489286485114,0.4069057352677407,0.37045818658818175
0.9,2.075,4.71238898038469,0.40898618234721607,0.37107065360648406
0.9,2.075,4.843288674284264,0.4101424026380829,0.3704620806458574
0.9,2.075,4.974188368183839,0.4103625933641845,0.3687133573748249
0.9,2.075,5.105088062083413,0.40967856455454377,0.36595986607263886
0.9,2.075,5.235987755982988,0.4081692640839862,0.3623843169641689
0.9,2.075,5.3668874498825625,0.4059628320237903,0.3582090477542104
0.9,2.075,5.497787143782138,0.4032348409660696,0.35368682255810285
0.9,2.075,5.6286868376817125,0.4002007840681862,0.34908915533867346
0.9,2.075,5.759586531581287,0.39710194422297623,0.3446916538783566
0.9,2.075,5.890486225480862,0.3941852743115705,0.34075670276615994
0.9,2.075,6.021385919380436,0.3916794740836873,0.33751474639283807
0.9,2.075,6.152285613280011,0.38977066112671016,0.33514621987254306
0.9,2.1500000000000004,0.0,0.38435112149239076,0.3262676921416956
0.9,2.1500000000000004,0.1308996938995747,0.38400954231249357,0.3260611273731359
0.9,2.1500000000000004,0.2617993877991494,0.38452450291265566,0.3270107251316366
0.9,2.1500000000000004,0.39269908169872414,0.38577422061678773,0.32899853806764356
0.9,2.1500000000000004,0.5235987755982988,0.3875731034438374,0.33184277532051154
0.9,2.1500000000000004,0.6544984694978735,0.3896954440000527,0.33531524525091294
0.9,2.1500000000000004,0.7853981633974483,0.3919014829669553,0.3391609929551212
0.9,2.1500000000000004,0.916297857297023,0.39396143651973486,0.34311732653700716
0.9,2.1500000000000004,1.0471975511965976,0.3956740466419177,0.34693010583682576
0.9,2.1500000000000004,1.1780972450961724,0.39687788349131,0.3503662720557632
0.9,2.1500000000000004,1.308996938995747,0.3974555416746555,0.3532227937232805
0.9,2.1500000000000004,1.4398966328953218,0.397332528509484,0.35533315345769
0.9,2.1500000000000004,1.5707963267948966,0.39647363268288077,0.35657294077146345
0.9,2.1500000000000004,1.7016960206944711,0.3948796606758476,0.3568659289058472
0.9,2.1500000000000004,1.832595714594046,0.3925866415923766,0.3561912445481108
0.9,2.1500000000000004,1.9634954084936205,0.38966816147799527,0.35459109232581554
0.9,2.1500000000000004,2.0943951023931953,0.3862398028910617,0.3521772934361682
0.9,2.1500000000000004,2.22529479629277,0.38246322195934895,0.34913401236460134
0.9,2.1500000000000004,2.356194490192345,0.37854664141416805,0.3457138110072447
0.9,2.1500000000000004,2.4870941840919194,0.37473876014257823,0.3422247841379411
0.9,2.1500000000000004,2.617993877991494,0.3713143082920154,0.3390079795282495
0.9,2.1500000000000004,2.748893571891069,0.3685514545846622,0.3364063319783733
0.9,2.1500000000000004,2.8797932657906435,0.36670350196057905,0.33472847943897377
0.9,2.1500000000000004,3.010692959690218,0.3659691769658166,0.3342125208706987
0.9,2.1500000000000004,3.141592653589793,0.36646677287614043,0.3349955170077399
0.9,2.1500000000000004,3.2724923474893677,0.3682171178347726,0.3370940374364257
0.9,2.1500000000000004,3.4033920413889422,0.3711388145651731,0.34039934755369883
0.9,2.1500000000000004,3.534291735288517,0.37505679266426384,0.34468826313696077
0.9,2.1500000000000004,3.665191429188092,0.37972253662993305,0.34964787477015724
0.9,2.1500000000000004,3.7960911230876664,0.3848420906599816,0.35490993084436845
0.9,2.1500000000000004,3.926990816987241,0.39010666316355963,0.36008922372028485
0.9,2.1500000000000004,4.057890510886816,0.3952206468514326,0.3648201389209083
0.9,2.1500000000000004,4.1887902047863905,0.3999230660385993,0.36878655523834364
0.9,2.1500000000000004,4.319689898685965,0.4040004720133025,0.37174217394256387
0.9,2.1500000000000004,4.45058959258554,0.40729154581643606,0.3735205722360153
0.9,2.1500000000000004,4.581489286485114,0.40968553134575475,0.37403625973329824
0.9,2.1500000000000004,4.71238898038469,0.411117653433031,0.3732793331186571
0.9,2.1500000000000004,4.843288674284264,0.41156467758552545,0.3713067622539635
0.9,2.1500000000000004,4.974188368183839,0.41104283238214484,0.3682329366646879
0.9,2.1500000000000004,5.105088062083413,0.4096087754510233,0.36422109392066276
0.9,2.1500000000000004,5.235987755982988,0.40736261039768557,0.35947599809668307
0.9,2.1500000000000004,5.3668874498825625,0.40445063706110645,0.3542371132775403
0.9,2.1500000000000004,5.497787143782138,0.4010649169894622,0.34877083104158774
0.9,2.1500000000000004,5.6286868376817125,0.39743704384130335,0.34336023694175294
0.9,2.1500000000000004,5.759586531581287,0.3938246745992509,0.3382914492578499
0.9,2.1500000000000004,5.890486225480862,0.3904911272403613,0.3338365788407214
0.9,2.1500000000000004,6.021385919380436,0.3876802439804694,0.3302345565037041
0.9,2.1500000000000004,6.152285613280011,0.3855902550325918,0.3276721064740113
0.9,2.2250000000000005,0.0,0.38073647021216644,0.3198300550344501
0.9,2.2250000000000005,0.1308996938995747,0.3804815081425006,0.3197599154120267
0.9,2.2250000000000005,0.2617993877991494,0.381181669414199,0.32096767553175404
0.9,2.2250000000000005,0.39269908169872414,0.3827058655755309,0.3233289443777605
0.9,2.2250000000000005,0.5235987755982988,0.3848568075066246,0.32665486019097895
0.9,2.2250000000000005,0.6544984694978735,0.38739674716595535,0.3307110078409506
0.9,2.2250000000000005,0.7853981633974483,0.39007523474975114,0.335238161119805
0.9,2.2250000000000005,0.916297857297023,0.39265389877231266,0.3399715773603649
0.9,2.2250000000000005,1.0471975511965976,0.3949245182830257,0.3446564792723927
0.9,2.2250000000000005,1.1780972450961724,0.3967187244007109,0.3490587710285942
0.9,2.2250000000000005,1.308996938995747,0.39790996028574716,0.3529715324486668
0.9,2.2250000000000005,1.4398966328953218,0.39841023812651716,0.3562189986833488
0.9,2.2250000000000005,1.5707963267948966,0.3981652797232061,0.35866025157200426
0.9,2.2250000000000005,1.7016960206944711,0.3971515678000865,0.3601945834427956
0.9,2.2250000000000005,1.832595714594046,0.3953777019353841,0.3607695014435864
0.9,2.2250000000000005,1.9634954084936205,0.39289054834070347,0.36039086257529035
0.9,2.2250000000000005,2.0943951023931953,0.3897845047418788,0.3591330517190294
0.9,2.2250000000000005,2.22529479629277,0.38621037564264765,0.3571458929524292
0.9,2.2250000000000005,2.356194490192345,0.38237942960194915,0.35465454258040335
0.9,2.2250000000000005,2.4870941840919194,0.3785585521887904,0.351949224491889
0.9,2.2250000000000005,2.617993877991494,0.3750540592063912,0.34936335253999223
0.9,2.2250000000000005,2.748893571891069,0.3721843667185749,0.3472410497559242
0.9,2.2250000000000005,2.8797932657906435,0.37024468142630546,0.34589775520701266
0.9,2.2250000000000005,3.010692959690218,0.36946937132807506,0.3455797971177921
0.9,2.2250000000000005,3.141592653589793,0.36999896374580765,0.3464298508979093
0.9,2.2250000000000005,3.2724923474893677,0.3718583518583467,0.3484646997115654
0.9,2.2250000000000005,3.4033920413889422,0.3749507751850169,0.3515696846187463
0.9,2.2250000000000005,3.534291735288517,0.3790689451832008,0.3555111110865785
0.9,2.2250000000000005,3.665191429188092,0.3839211282814789,0.3599644250472445
0.9,2.2250000000000005,3.7960911230876664,0.3891669973342067,0.364553040859754
0.9,2.2250000000000005,3.926990816987241,0.39445637880592993,0.36889100166373834
0.9,2.2250000000000005,4.057890510886816,0.3994640372026872,0.37262253512367954
0.9,2.2250000000000005,4.1887902047863905,0.4039152533184263,0.3754529525754838
0.9,2.2250000000000005,4.319689898685965,0.40759964450886627,0.3771677585128739
0.9,2.2250000000000005,4.45058959258554,0.4103736658345361,0.3776395972925222
0.9,2.2250000000000005,4.581489286485114,0.4121547249148361,0.37682506058515436
0.9,2.2250000000000005,4.71238898038469,0.41291124654245487,0.37475488797579165
0.9,2.2250000000000005,4.843288674284264,0.4126530831325798,0.371521483797491
0.9,2.2250000000000005,4.974188368183839,0.4114255041212891,0.3672670253983103
0.9,2.2250000000000005,5.105088062083413,0.40930803410165467,0.36217407357620285
0.9,2.2250000000000005,5.235987755982988,0.4064172353736381,0.3564589650128193
0.9,2.2250000000000005,5.3668874498825625,0.40291074653422837,0.3503668268233909
0.9,2.2250000000000005,5.497787143782138,0.39898896800534217,0.34416617055853777
0.9,2.2250000000000005,5.6286868376817125,0.3948909737950859,0.33814090378315304
0.9,2.2250000000000005,5.759586531581287,0.3908824939964833,0.3325782546962632
0.9,2.2250000000000005,5.890486225480862,0.38723584769316083,0.3277523563966775
0.9,2.2250000000000005,6.021385919380436,0.38420399156650525,0.3239047386714265
0.9,2.2250000000000005,6.152285613280011,0.381992771402404,0.32122429777331235
0.9,2.3000000000000003,0.0,0.3776722512088478,0.3146368933253201
0.9,2.3000000000000003,0.1308996938995747,0.3775047304262122,0.3146930243095409
0.9,2.3000000000000003,0.2617993877991494,0.378360545338617,0.31610830176784804
0.9,2.3000000000000003,0.39269908169872414,0.3801012513895263,0.31875354604415806
0.9,2.3000000000000003,0.5235987755982988,0.3825215301605464,0.3224358877027408
0.9,2.3000000000000003,0.6544984694978735,0.38537705157280205,0.3269194030135432
0.9,2.3000000000000003,0.7853981633974483,0.38841383314129474,0.33194711283786776
0.9,2.3000000000000003,0.916297857297023,0.3913934386580424,0.33726051222147585
0.9,2.3000000000000003,1.0471975511965976,0.3941099777178645,0.3426139701826216
0.9,2.3000000000000003,1.1780972450961724,0.3963973996819383,0.3477831040303376
0.9,2.3000000000000003,1.308996938995747,0.39812829911022646,0.3525680713929496
0.9,2.3000000000000003,1.4398966328953218,0.39920764044829166,0.3567941359216397
0.9,2.3000000000000003,1.5707963267948966,0.3995659197217963,0.36031248763789847
0.9,2.3000000000000003,1.7016960206944711,0.39915604885010797,0.3630039784516001
0.9,2.3000000000000003,1.832595714594046,0.3979567388787821,0.36478723141889163
0.9,2.3000000000000003,1.9634954084936205,0.39598274328190924,0.3656307698250396
0.9,2.3000000000000003,2.0943951023931953,0.39329960979419437,0.365566827972569
0.9,2.3000000000000003,2.22529479629277,0.39003830759684793,0.3647028863079261
0.9,2.3000000000000003,2.356194490192345,0.38640393443508764,0.3632262442034635
0.9,2.3000000000000003,2.4870941840919194,0.38267312931314956,0.3613974752075609
0.9,2.3000000000000003,2.617993877991494,0.37917689784309,0.3595304773198896
0.9,2.3000000000000003,2.748893571891069,0.37626890846097627,0.35795972901201933
0.9,2.3000000000000003,2.8797932657906435,0.37428313071453684,0.3569986251097495
0.9,2.3000000000000003,3.010692959690218,0.37348792961640315,0.35689552088573867
0.9,2.3000000000000003,3.141592653589793,0.37404543872675133,0.35779552295692746
0.9,2.3000000000000003,3.2724923474893677,0.3759846165691145,0.3597156074009737
0.9,2.3000000000000003,3.4033920413889422,0.3791938341154018,0.36253830046027685
0.9,2.3000000000000003,3.534291735288517,0.3834347491502525,0.366025454402312
0.9,2.3000000000000003,3.665191429188092,0.3883746548620289,0.36984952849424396
0.9,2.3000000000000003,3.7960911230876664,0.3936306477890774,0.37363631101249234
0.9,2.3000000000000003,3.926990816987241,0.39881683250256633,0.3770110675499729
0.9,2.3000000000000003,4.057890510886816,0.4035858526786253,0.3796400969542315
0.9,2.3000000000000003,4.1887902047863905,0.40765816892278695,0.38126148565419093
0.9,2.3000000000000003,4.319689898685965,0.4108359978931915,0.38170185949298635
0.9,2.3000000000000003,4.45058959258554,0.4130026730113685,0.3808792629715807
0.9,2.3000000000000003,4.581489286485114,0.4141113671818144,0.3787950869942005
0.9,2.3000000000000003,4.71238898038469,0.41416889134785534,0.37551960774551957
0.9,2.3000000000000003,4.843288674284264,0.41322035310337607,0.37117596144525117
0.9,2.3000000000000003,4.974188368183839,0.4113389979715804,0.36592641145936816
0.9,2.3000000000000003,5.105088062083413,0.4086230969519586,0.3599629902781758
0.9,2.3000000000000003,5.235987755982988,0.4051990102335273,0.35350257008658575
0.9,2.3000000000000003,5.3668874498825625,0.401227272492465,0.3467846667300418
0.9,2.3000000000000003,5.497787143782138,0.39690727925089025,0.3400692263300908
0.9,2.3000000000000003,5.6286868376817125,0.3924762136939474,0.33363151024655163
0.9,2.3000000000000003,5.759586531581287,0.3881992275866499,0.32775199431793706
0.9,2.3000000000000003,5.890486225480862,0.38435024369000087,0.32270072218981904
0.9,2.3000000000000003,6.021385919380436,0.3811854796557441,0.31871739789446113
0.9,2.3000000000000003,6.152285613280011,0.3789141657622943,0.31599015441536443
0.9,2.375,0.0,0.3751221998081504,0.3108175408362251
0.9,2.375,0.1308996938995747,0.3750399101977176,0.3109885075437226
0.9,2.375,0.2617993877991494,0.3760188047938662,0.3125635104407278
0.9,2.375,0.39269908169872414,0.37791465625478193,0.3154094632476327
0.9,2.375,0.5235987755982988,0.3805171902316585,0.3193312763582544
0.9,2.375,0.6544984694978735,0.3835802776183694,0.3240945315249507
0.9,2.375,0.7853981633974483,0.38685295911525586,0.3294490037253804
0.9,2.375,0.916297857297023,0.39010488271803884,0.33514855088319445
0.9,2.375,1.0471975511965976,0.39314177405273604,0.34096435995530977
0.9,2.375,1.1780972450961724,0.39580962118897983,0.34669068803260505
0.9,2.375,1.308996938995747,0.3979894578818765,0.3521444437074666
0.9,2.375,1.4398966328953218,0.3995871255860703,0.35716163688435976
0.9,2.375,1.5707963267948966,0.4005235753550376,0.3615944810528164
0.9,2.375,1.7016960206944711,0.40073086871368196,0.36531259057276094
0.9,2.375,1.832595714594046,0.40015714929299956,0.368210342866567
0.9,2.375,1.9634954084936205,0.3987809152560715,0.37022035538810866
0.9,2.375,2.0943951023931953,0.3966316221187751,0.37133063245420744
0.9,2.375,2.22529479629277,0.39381083455225124,0.3716008734857789
0.9,2.375,2.356194490192345,0.3905066542199897,0.37117233334961136
0.9,2.375,2.4870941840919194,0.3869945727902772,0.3702659788005626
0.9,2.375,2.617993877991494,0.3836203792495139,0.36916565799206474
0.9,2.375,2.748893571891069,0.38076485520790887,0.36818629887366167
0.9,2.375,2.8797932657906435,0.3787947457917779,0.3676310206731908
0.9,2.375,3.010692959690218,0.3780086062867401,0.36774442735479446
0.9,2.375,3.141592653589793,0.3785883599500714,0.3686712083918176
0.9,2.375,3.2724923474893677,0.3805669773707891,0.370428813359621
0.9,2.375,3.4033920413889422,0.3838195571865845,0.3729003260245874
0.9,2.375,3.534291735288517,0.3880800027488842,0.37584936186708856
0.9,2.375,3.665191429188092,0.3929797937433685,0.37895399154404324
0.9,2.375,3.7960911230876664,0.3981005797395865,0.381852660506152
0.9,2.375,3.926990816987241,0.4030297285493028,0.3841928948839794
0.9,2.375,4.057890510886816,0.40740814661472163,0.385673747180725
0.9,2.375,4.1887902047863905,0.410962443229885,0.38607523699634444
0.9,2.375,4.319689898685965,0.4135179260575861,0.3852716905515759
0.9,2.375,4.45058959258554,0.4149937006068119,0.3832297911991122
0.9,2.375,4.581489286485114,0.41538503406068344,0.3799952923584131
0.9,2.375,4.71238898038469,0.41474024512150837,0.37567403166656615
0.9,2.375,4.843288674284264,0.4131393795097149,0.37041292068716486
0.9,2.375,4.974188368183839,0.41068008120845456,0.3643852188300974
0.9,2.375,5.105088062083413,0.4074730469584374,0.3577821816676083
0.9,2.375,5.235987755982988,0.40364612261414373,0.3508107565474663
0.9,2.375,5.3668874498825625,0.3993533058420214,0.34369497971768553
0.9,2.375,5.497787143782138,0.3947833123248556,0.33667754926330495
0.9,2.375,5.6286868376817125,0.39016230218677556,0.33001794139490453
0.9,2.375,5.759586531581287,0.3857468608802055,0.3239844100319859
0.9,2.375,5.890486225480862,0.38180603035634736,0.31883902897153726
0.9,2.375,6.021385919380436,0.3785944153833012,0.31481714886326134
0.9,2.375,6.152285613280011,0.3763212748934734,0.3121046467998349
0.9,2.45,0.0,0.37310763140588216,0.30845517275616047
0.9,2.45,0.1308996938995747,0.37310620328685884,0.30872984804213127
0.9,2.45,0.2617993877991494,0.3741757306365084,0.31042359144968273
0.9,2.45,0.39269908169872414,0.37616707072629474,0.3133995107697236
0.9,2.45,0.5235987755982988,0.3788669454088723,0.31746075937860097
0.9,2.45,0.6544984694978735,0.38203082396640503,0.32237558362018987
0.9,2.45,0.7853981633974483,0.3854158583636556,0.32790268551870333
0.9,2.45,0.916297857297023,0.3888065816659408,0.3338117142903141
0.9,2.45,1.0471975511965976,0.39202860302911985,0.33989548513416795
0.9,2.45,1.1780972450961724,0.3949491820090251,0.3459730714849451
0.9,2.45,1.308996938995747,0.39746728039517526,0.35188549054731905
0.9,2.45,1.4398966328953218,0.39949850512149077,0.35748765237581964
0.9,2.45,1.5707963267948966,0.40096161765408467,0.36264114335352254
0.9,2.45,1.7016960206944711,0.40177273654357276,0.3672120948380461
0.9,2.45,1.832595714594046,0.40185112921082444,0.37107690958925793
0.9,2.45,1.9634954084936205,0.40113704559318974,0.37413625480792384
0.9,2.45,2.0943951023931953,0.39961814451934047,0.37633495567826475
0.9,2.45,2.22529479629277,0.3973576546541497,0.3776828897389855
0.9,2.45,2.356194490192345,0.3945154777488939,0.3782704279226842
0.9,2.45,2.4870941840919194,0.39135374435005604,0.37827202971445617
0.9,2.45,2.617993877991494,0.3882211307397225,0.3779335730661591
0.9,2.45,2.748893571891069,0.38551510041706205,0.3775426396400651
0.9,2.45,2.8797932657906435,0.38362700542846645,0.37738545233713255
0.9,2.45,3.010692959690218,0.3828800918580511,0.3776982332184465
0.9,2.45,3.141592653589793,0.38347333831240715,0.37862313094910505
0.9,2.45,3.2724923474893677,0.385443691711109,0.38017867256857035
0.9,2.45,3.4033920413889422,0.3886555473135594,0.3822517868200072
0.9,2.45,3.534291735288517,0.39282015992273145,0.38461353887909305
0.9,2.45,3.665191429188092,0.3975407446303076,0.38695517503652144
0.9,2.45,3.7960911230876664,0.4023732484485587,0.38893647917241364
0.9,2.45,3.926990816987241,0.4068897095689723,0.3902360613873997
0.9,2.45,4.057890510886816,0.410731490988348,0.3905935897584807
0.9,2.45,4.1887902047863905,0.4136431749925837,0.38983683712704176
0.9,2.45,4.319689898685965,0.41548335862010727,0.3878907429348475
0.9,2.45,4.45058959258554,0.41621437582526943,0.3847701609218291
0.9,2.45,4.581489286485114,0.4158775471949426,0.38056137627460146
0.9,2.45,4.71238898038469,0.4145628959774612,0.37539909680223954
0.9,2.45,4.843288674284264,0.4123820716586655,0.3694453206982859
0.9,2.45,4.974188368183839,0.4094508779209627,0.36287464914332085
0.9,2.45,5.105088062083413,0.40588415865425387,0.3558679388021903
0.9,2.45,5.235987755982988,0.40180187033647785,0.34861342955194335
0.9,2.45,5.3668874498825625,0.39734189994793506,0.34131227061309793
0.9,2.45,5.497787143782138,0.3926732800158459,0.334184137542719
0.9,2.45,5.6286868376817125,0.38800329940637246,0.3274686000180661
0.9,2.45,5.759586531581287,0.38357364417335765,0.32141906176551366
0.9,2.45,5.890486225480862,0.37964376991603604,0.3162882072477325
0.9,2.45,6.021385919380436,0.37646346875117537,0.3123064674192166
0.9,2.45,6.152285613280011,0.37424004569775765,0.3096573816902761
0.9,2.5250000000000004,0.0,0.3717015468557688,0.30758659465057475
0.9,2.5250000000000004,0.1308996938995747,0.37177554962922743,0.30795525187708966
0.9,2.5250000000000004,0.2617993877991494,0.372906645673538,0.3097358385773107
0.9,2.5250000000000004,0.39269908169872414,0.3749407298977914,0.3127871571566402
0.9,2.5250000000000004,0.5235987755982988,0.3776620062843474,0.3169099840559943
0.9,2.5250000000000004,0.6544984694978735,0.38082905215371937,0.3218747486722135
0.9,2.5250000000000004,0.7853981633974483,0.38421007975164834,0.3274490155417645
0.9,2.5250000000000004,0.916297857297023,0.38760912981905293,0.33341886162354945
0.9,2.5250000000000004,1.0471975511965976,0.39087799801864564,0.33960035159522795
0.9,2.5250000000000004,1.1780972450961724,0.39391297539899534,0.34584024437921884
0.9,2.5250000000000004,1.308996938995747,0.3966397234782484,0.3520079685166924
0.9,2.5250000000000004,1.4398966328953218,0.39899273147075426,0.3579830867621789
0.9,2.5250000000000004,1.5707963267948966,0.40089715276964166,0.36364351199126205
0.9,2.5250000000000004,1.7016960206944711,0.402260167557883,0.368859485296356
0.9,2.5250000000000004,1.832595714594046,0.40297652359420155,0.3734968358189466
0.9,2.5250000000000004,1.9634954084936205,0.4029490390295452,0.3774305384784787
0.9,2.5250000000000004,2.0943951023931953,0.40212037388155863,0.3805665013217627
0.9,2.5250000000000004,2.22529479629277,0.4005083120687141,0.3828665123201746
0.9,2.5250000000000004,2.356194490192345,0.39823428394240423,0.38436919281132753
0.9,2.5250000000000004,2.4870941840919194,0.395534875049913,0.38519944947995527
0.9,2.5250000000000004,2.617993877991494,0.3927490511958114,0.38556076124966204
0.9,2.5250000000000004,2.748893571891069,0.3902793891813851,0.38570853277505274
0.9,2.5250000000000004,2.8797932657906435,0.38853245071194786,0.3859078139966696
0.9,2.5250000000000004,3.010692959690218,0.38784967321402686,0.3863834898743394
0.9,2.5250000000000004,3.141592653589793,0.3884438273102833,0.38727402925165305
0.9,2.5250000000000004,3.2724923474893677,0.3903558775855876,0.3885999235830366
0.9,2.5250000000000004,3.4033920413889422,0.393442784522754,0.3902548085193294
0.9,2.5250000000000004,3.534291735288517,0.3973994806564318,0.3920217478044799
0.9,2.5250000000000004,3.665191429188092,0.4018099948457594,0.3936108820107211
0.9,2.5250000000000004,3.7960911230876664,0.40621585279312206,0.3947094829786209
0.9,2.5250000000000004,3.926990816987241,0.41018636055662033,0.3950329063554286
0.9,2.5250000000000004,4.057890510886816,0.4133760282822642,0.39436561675401816
0.9,2.5250000000000004,4.1887902047863905,0.4155587730682177,0.3925849457404644
0.9,2.5250000000000004,4.319689898685965,0.4166351465479237,0.389665278767223
0.9,2.5250000000000004,4.45058959258554,0.41661565485337776,0.38566536421965797
0.9,2.5250000000000004,4.581489286485114,0.41558843522904426,0.38070502380842147
0.9,2.5250000000000004,4.71238898038469,0.4136819830085979,0.3749389642653392
0.9,2.5250000000000004,4.843288674284264,0.4110330630810048,0.36853463153107163
0.9,2.5250000000000004,4.974188368183839,0.407766977215746,0.36165868581641364
0.9,2.5250000000000004,5.105088062083413,0.40399305499963495,0.3544735678519941
0.9,2.5250000000000004,5.235987755982988,0.3998137573771308,0.34714261134603747
0.9,2.5250000000000004,5.3668874498825625,0.3953421265209977,0.33983986597916127
0.9,2.5250000000000004,5.497787143782138,0.3907201932261706,0.3327596110762145
0.9,2.5250000000000004,5.6286868376817125,0.38613075570388267,0.3261206306346813
0.9,2.5250000000000004,5.759586531581287,0.38179672722734304,0.3201616675137629
0.9,2.5250000000000004,5.890486225480862,0.3779656793244552,0.3151268468333526
0.9,2.5250000000000004,6.021385919380436,0.3748815143163218,0.311242763742728
0.9,2.5250000000000004,6.152285613280011,0.3727492584907475,0.3086916347637632
0.9,2.6000000000000005,0.0,0.3709985070281124,0.30819939856238365
0.9,2.6000000000000005,0.1308996938995747,0.3711426386714977,0.3086541795017159
0.9,2.6000000000000005,0.2617993877991494,0.3723126137023332,0.3104992122784001
0.9,2.6000000000000005,0.39269908169872414,0.3743483718481937,0.3135882248551365
0.9,2.6000000000000005,0.5235987755982988,0.3770305395239412,0.31771838737506436
0.9,2.6000000000000005,0.6544984694978735,0.3801202382703854,0.32266071460305734
0.9,2.6000000000000005,0.7853981633974483,0.3833972029221126,0.3281898067474394
0.9,2.6000000000000005,0.916297857297023,0.3866868826133339,0.3341063480182893
0.9,2.6000000000000005,1.0471975511965976,0.3898708616326516,0.340248213250006
0.9,2.6000000000000005,1.1780972450961724,0.39287986856682977,0.34648929851711036
0.9,2.6000000000000005,1.308996938995747,0.3956733813423028,0.3527283486016002
0.9,2.6000000000000005,1.4398966328953218,0.3982132354067065,0.35887239514269414
0.9,2.6000000000000005,1.5707963267948966,0.4004400762319252,0.3648205759129506
0.9,2.6000000000000005,1.7016960206944711,0.4022608127475262,0.37045397254874973
0.9,2.6000000000000005,1.832595714594046,0.4035525986976051,0.3756357174608196
0.9,2.6000000000000005,1.9634954084936205,0.4041847137145728,0.3802231223249268
0.9,2.6000000000000005,2.0943951023931953,0.40405473672811715,0.38409029921463905
0.9,2.6000000000000005,2.22529479629277,0.40313064221112654,0.38715630758298375
0.9,2.6000000000000005,2.356194490192345,0.40148720396536713,0.3894111869709551
0.9,2.6000000000000005,2.4870941840919194,0.39932460603288167,0.3909313310179476
0.9,2.6000000000000005,2.617993877991494,0.3969601429437822,0.39187722568974825
0.9,2.6000000000000005,2.748893571891069,0.39479006864173066,0.3924706167749085
0.9,2.6000000000000005,2.8797932657906435,0.3932266183595427,0.3929537963586429
0.9,2.6000000000000005,3.010692959690218,0.39262272917242563,0.3935392745131891
0.9,2.6000000000000005,3.141592653589793,0.39320161640399803,0.39436177014505097
0.9,2.6000000000000005,3.2724923474893677,0.39500841537384135,0.395444808630626
0.9,2.6000000000000005,3.4033920413889422,0.3978962381362821,0.39669088671497327
0.9,2.6000000000000005,3.534291735288517,0.4015504801513099,0.3978980470686995
0.9,2.6000000000000005,3.665191429188092,0.4055455255190994,0.3987986774052299
0.9,2.6000000000000005,3.7960911230876664,0.40942002676608164,0.39911062372809375
0.9,2.6000000000000005,3.926990816987241,0.4127529860282988,0.39858802962653955
0.9,2.6000000000000005,4.057890510886816,0.41522391249118645,0.3970603546385765
0.9,2.6000000000000005,4.1887902047863905,0.41664575011622135,0.3944521991902141
0.9,2.6000000000000005,4.319689898685965,0.4169671468731182,0.3907823260876884
0.9,2.6000000000000005,4.45058959258554,0.4162485088389145,0.3861457381043872
0.9,2.6000000000000005,4.581489286485114,0.4146219891551988,0.3806863092688905
0.9,2.6000000000000005,4.71238898038469,0.4122478825554298,0.3745685377454346
0.9,2.6000000000000005,4.843288674284264,0.40927876350033143,0.36795565049553125
0.9,2.6000000000000005,4.974188368183839,0.40583898613026964,0.3609983540167418
0.9,2.6000000000000005,5.105088062083413,0.40202218230628056,0.3538350345371004
0.9,2.6000000000000005,5.235987755982988,0.39790445680864267,0.34660106783939915
0.9,2.6000000000000005,5.3668874498825625,0.3935670883277105,0.33944268138099404
0.9,2.6000000000000005,5.497787143782138,0.3891203413316842,0.33252979128557275
0.9,2.6000000000000005,5.6286868376817125,0.38471981952214707,0.3260624957262261
0.9,2.6000000000000005,5.759586531581287,0.38056872036406614,0.3202674096012498
0.9,2.6000000000000005,5.890486225480862,0.3769031059057963,0.3153825820799666
0.9,2.6000000000000005,6.021385919380436,0.37396213640128667,0.31163289376522346
0.9,2.6000000000000005,6.152285613280011,0.3719498934419083,0.30920082481968203
0.9,2.6750000000000003,0.0,0.3710753219507759,0.3102310671010049
0.9,2.6750000000000003,0.1308996938995747,0.3712854777142562,0.31076580552718197
0.9,2.6750000000000003,0.2617993877991494,0.37248024245664135,0.3126610400904044
0.9,2.6750000000000003,0.39269908169872414,0.37449183066927016,0.31576479037257027
0.9,2.6750000000000003,0.5235987755982988,0.37709490695548403,0.3198693775169849
0.9,2.6750000000000003,0.6544984694978735,0.38005068261865826,0.3247443983494688
0.9,2.6750000000000003,0.7853981633974483,0.3831484409693828,0.330168637526159
0.9,2.6750000000000003,0.916297857297023,0.3862340606431183,0.33595378788428004
0.9,2.6750000000000003,1.0471975511965976,0.38921941236442076,0.34195557737857407
0.9,2.6750000000000003,1.1780972450961724,0.3920720756054512,0.34807142018293563
0.9,2.6750000000000003,1.308996938995747,0.3947899900931193,0.3542269968022123
0.9,2.6750000000000003,1.4398966328953218,0.39736924856752615,0.36035655265974365
0.9,2.6750000000000003,1.5707963267948966,0.3997747355741507,0.3663829255700637
0.9,2.6750000000000003,1.7016960206944711,0.40192268631274275,0.372203345913593
0.9,2.6750000000000003,1.832595714594046,0.4036816581590872,0.37768591117723344
0.9,2.6750000000000003,1.9634954084936205,0.40489416903065223,0.3826793241479722
0.9,2.6750000000000003,2.0943951023931953,0.4054159015177388,0.387035157041816
0.9,2.6750000000000003,2.22529479629277,0.4051638895103369,0.390638092339574
0.9,2.6750000000000003,2.356194490192345,0.404160949390097,0.3934362789764824
0.9,2.6750000000000003,2.4870941840919194,0.40256237169006237,0.395462355361296
0.9,2.6750000000000003,2.617993877991494,0.40065363078317984,0.3968368189998359
0.9,2.6750000000000003,2.748893571891069,0.3988145406212673,0.39774948527774284
0.9,2.6750000000000003,2.8797932657906435,0.39745439500715535,0.3984209105078144
0.9,2.6750000000000003,3.010692959690218,0.3969315474013728,0.399052033772796
0.9,2.6750000000000003,3.141592653589793,0.39747666025480055,0.3997747209927857
0.9,2.6750000000000003,3.2724923474893677,0.3991393071024723,0.40061663818384474
0.9,2.6750000000000003,3.4033920413889422,0.4017722188699893,0.401490405900548
0.9,2.6750000000000003,3.534291735288517,0.4050576717572277,0.40221026370160246
0.9,2.6750000000000003,3.665191429188092,0.40856929459253416,0.40253167688056846
0.9,2.6750000000000003,3.7960911230876664,0.4118534128445213,0.4022030277144925
0.9,2.6750000000000003,3.926990816987241,0.414509709218202,0.40101576507891146
0.9,2.6750000000000003,4.057890510886816,0.4162525655935057,0.3988408555882279
0.9,2.6750000000000003,4.1887902047863905,0.41694108611182595,0.3956443059583293
0.9,2.6750000000000003,4.319689898685965,0.41657507500003516,0.3914810273586851
0.9,2.6750000000000003,4.45058959258554,0.4152631623493818,0.3864721882844481
0.9,2.6750000000000003,4.581489286485114,0.41317533565436143,0.38077475688987006
0.9,2.6750000000000003,4.71238898038469,0.4104940943781306,0.37455249407418534
0.9,2.6750000000000003,4.843288674284264,0.40737648497747375,0.367955622051277
0.9,2.6750000000000003,4.974188368183839,0.4039346442406841,0.36111285664981746
0.9,2.6750000000000003,5.105088062083413,0.400236824917195,0.35413569987437593
0.9,2.6750000000000003,5.235987755982988,0.39632563244548047,0.3471317814841494
0.9,2.6750000000000003,5.3668874498825625,0.39224629266274486,0.340222076284233
0.9,2.6750000000000003,5.497787143782138,0.38807567002288595,0.3335561001880447
0.9,2.6750000000000003,5.6286868376817125,0.38394268817168536,0.32731965339507524
0.9,2.6750000000000003,5.759586531581287,0.3800328562403081,0.3217312807234274
0.9,2.6750000000000003,5.890486225480862,0.3765736081990437,0.31702624453886924
0.9,2.6750000000000003,6.021385919380436,0.3738024523923921,0.3134300925398496
0.9,2.6750000000000003,6.152285613280011,0.3719252190729563,0.3111271100739759
0.9,2.7500000000000004,0.0,0.3719572286535982,0.3135724164029867
0.9,2.7500000000000004,0.1308996938995747,0.37223121371814577,0.3141819181260817
0.9,2.7500000000000004,0.2617993877991494,0.37344624685346167,0.31611856830919466
0.9,2.7500000000000004,0.39269908169872414,0.3754246197523809,0.31922456466124643
0.9,2.7500000000000004,0.5235987755982988,0.3779318206473179,0.32328670439695667
0.9,2.7500000000000004,0.6544984694978735,0.38072533458639474,0.3280714922065641
0.9,2.7500000000000004,0.7853981633974483,0.38360002871620996,0.33335885833532486
0.9,2.7500000000000004,0.916297857297023,0.3864186113075198,0.3389670054492722
0.9,2.7500000000000004,1.0471975511965976,0.38912063300422545,0.34476388907631855
0.9,2.7500000000000004,1.1780972450961724,0.3917096585302873,0.3506644948615005
0.9,2.7500000000000004,1.308996938995747,0.39422370908631593,0.35661633124475367
0.9,2.7500000000000004,1.4398966328953218,0.39669772818670995,0.3625778340137204
0.9,2.7500000000000004,1.5707963267948966,0.39912834540298014,0.36849559254161957
0.9,2.7500000000000004,1.7016960206944711,0.401450743120691,0.37428655387031623
0.9,2.7500000000000004,1.832595714594046,0.4035351349810348,0.3798306185643419
0.9,2.7500000000000004,1.9634954084936205,0.4052063129793739,0.38497712357002833
0.9,2.7500000000000004,2.0943951023931953,0.40628416672477935,0.3895655153929323
0.9,2.7500000000000004,2.22529479629277,0.4066368722447437,0.3934564186617427
0.9,2.7500000000000004,2.356194490192345,0.4062331916703464,0.39656532098087416
0.9,2.7500000000000004,2.4870941840919194,0.40517801623001287,0.39888869459028137
0.9,2.7500000000000004,2.617993877991494,0.40371750152798813,0.40051289685567676
0.9,2.7500000000000004,2.748893571891069,0.40220715428492876,0.4016001382966339
0.9,2.7500000000000004,2.8797932657906435,0.40104651045637024,0.4023523885102637
0.9,2.7500000000000004,3.010692959690218,0.40059454384102894,0.4029612983038084
0.9,2.7500000000000004,3.141592653589793,0.40108707702377505,0.40355748387112306
0.9,2.7500000000000004,3.2724923474893677,0.4025784748708594,0.4041737305450717
0.9,2.7500000000000004,3.4033920413889422,0.40492400742278933,0.4047330903822033
0.9,2.7500000000000004,3.534291735288517,0.4078081106017268,0.4050655132119024
0.9,2.7500000000000004,3.665191429188092,0.4108108929496616,0.4049480588827758
0.9,2.7500000000000004,3.7960911230876664,0.41349481330761834,0.4041568769684785
0.9,2.7500000000000004,3.926990816987241,0.4154887729229048,0.4025163174343842
0.9,2.7500000000000004,4.057890510886816,0.4165491476079361,0.3999325031777488
0.9,2.7500000000000004,4.1887902047863905,0.4165853415954504,0.39640443713930845
0.9,2.7500000000000004,4.319689898685965,0.415648257453497,0.3920129650508808
0.9,2.7500000000000004,4.45058959258554,0.41389003439760846,0.3868941241365041
0.9,2.7500000000000004,4.581489286485114,0.4115096466141761,0.38120673724241744
0.9,2.7500000000000004,4.71238898038469,0.4087002539555913,0.37510400184047943
0.9,2.7500000000000004,4.843288674284264,0.40561111728108323,0.368715975448934
0.9,2.7500000000000004,4.974188368183839,0.4023311854676214,0.3621457109531556
0.9,2.7500000000000004,5.105088062083413,0.3988951645299173,0.3554778080481355
0.9,2.7500000000000004,5.235987755982988,0.39530753019394077,0.34879526288932333
0.9,2.7500000000000004,5.3668874498825625,0.39157629871200084,0.3421989933976108
0.9,2.7500000000000004,5.497787143782138,0.3877466064054002,0.33582413033710057
0.9,2.7500000000000004,5.6286868376817125,0.3839242845605247,0.3298478645369363
0.9,2.7500000000000004,5.759586531581287,0.3802817426386221,0.3244852567415421
0.9,2.7500000000000004,5.890486225480862,0.3770425962076416,0.3199719585973162
0.9,2.7500000000000004,6.021385919380436,0.3744471059378071,0.3165360568434623
0.9,2.7500000000000004,6.152285613280011,0.37270634810657954,0.31436456922570727
0.9,2.825,0.0,0.3735997301166381,0.3180753039464143
0.9,2.825,0.1308996938995747,0.373937429810755,0.31875428703650655
0.9,2.825,0.2617993877991494,0.3751771714820243,0.32072562527269427
0.9,2.825,0.39269908169872414,0.37712916918514067,0.3238263771854095
0.9,2.825,0.5235987755982988,0.37954636843261885,0.32783814190095517
0.9,2.825,0.6544984694978735,0.3821781282970205,0.33252358383918795
0.9,2.825,0.7853981633974483,0.3848197023436735,0.33766131346640965
0.9,2.825,0.916297857297023,0.38734503345314314,0.3430715513186651
0.9,2.825,1.0471975511965976,0.38971604529888687,0.3486281915425505
0.9,2.825,1.1780972450961724,0.3919682659305436,0.3542565379479883
0.9,2.825,1.308996938995747,0.39417820803027587,0.35991901716687896
0.9,2.825,1.4398966328953218,0.3964214604616014,0.36559317005494724
0.9,2.825,1.5707963267948966,0.3987319274889285,0.3712473431354973
0.9,2.825,1.7016960206944711,0.4010724700180219,0.3768200060812347
0.9,2.825,1.832595714594046,0.40332547896945675,0.38220844153938294
0.9,2.825,1.9634954084936205,0.40530837609122156,0.3872712484551435
0.9,2.825,2.0943951023931953,0.4068135088628569,0.3918462383165697
0.9,2.825,2.22529479629277,0.40766498698024495,0.3957810205779178
0.9,2.825,2.356194490192345,0.4077784418303356,0.39896889752173975
0.9,2.825,2.4870941840919194,0.40720598284312254,0.4013793542985089
0.9,2.825,2.617993877991494,0.4061499982736298,0.40307218028269215
0.9,2.825,2.748893571891069,0.40493662708642314,0.4041879497089222
0.9,2.825,2.8797932657906435,0.4039512099439098,0.40491455709239227
0.9,2.825,3.010692959690218,0.4035502999493538,0.405437561764727
0.9,2.825,3.141592653589793,0.40397354531030577,0.40588827830414864
0.9,2.825,3.2724923474893677,0.4052804886052202,0.4063053067230238
0.9,2.825,3.4033920413889422,0.40733095604842146,0.4066215398921503
0.9,2.825,3.534291735288517,0.4098150762636997,0.4066807244821021
0.9,2.825,3.665191429188092,0.41232426649230963,0.4062782276188918
0.9,2.825,3.7960911230876664,0.41444274015212484,0.4052132130287893
0.9,2.825,3.926990816987241,0.415834105471435,0.4033365855969719
0.9,2.825,4.057890510886816,0.4163007835253145,0.4005815981950345
0.9,2.825,4.1887902047863905,0.4158036853419629,0.39697063534401017
0.9,2.825,4.319689898685965,0.4144421053935406,0.39259969241798826
0.9,2.825,4.45058959258554,0.4124047808025266,0.38760853944627477
0.9,2.825,4.581489286485114,0.4099092783825033,0.3821475245321421
0.9,2.825,4.71238898038469,0.4071471831310645,0.37635103982293394
0.9,2.825,4.843288674284264,0.40424803634822887,0.37032391411966703
0.9,2.825,4.974188368183839,0.4012680116981655,0.36414223949104585
0.9,2.825,5.105088062083413,0.3982024245689577,0.3578660736459758
0.9,2.825,5.235987755982988,0.39501596606818373,0.35155899595967166
0.9,2.825,5.3668874498825625,0.39168150601988455,0.34530865399266036
0.9,2.825,5.497787143782138,0.3882171575893274,0.33924272490863183
0.9,2.825,5.6286868376817125,0.3847117441323276,0.33353567119224525
0.9,2.825,5.759586531581287,0.38133093466042234,0.3284031990424384
0.9,2.825,5.890486225480862,0.37830037483582535,0.32408360974339473
0.9,2.825,6.021385919380436,0.37586793526839957,0.32080829382309806
0.9,2.825,6.152285613280011,0.3742535306215249,0.3187669200923104
0.9,2.9000000000000004,0.0,0.37588972511521046,0.32356274625668974
0.9,2.9000000000000004,0.1308996938995747,0.37629265950143465,0.32430470554306084
0.9,2.9000000000000004,0.2617993877991494,0.3775683272918924,0.3263027037167026
0.9,2.9000000000000004,0.39269908169872414,0.3795132521915539,0.3293902395904806
0.9,2.9000000000000004,0.5235987755982988,0.381865047704953,0.3333452280627034
0.9,2.9000000000000004,0.6544984694978735,0.3843608355012744,0.3379270055417649
0.9,2.9000000000000004,0.7853981633974483,0.3867907450470884,0.34291151060606645
0.9,2.9000000000000004,0.916297857297023,0.3890332360860595,0.34811727392811836
0.9,2.9000000000000004,1.0471975511965976,0.39106533453107756,0.3534181748429235
0.9,2.9000000000000004,1.1780972450961724,0.39294787436255757,0.35874241939978946
0.9,2.9000000000000004,1.308996938995747,0.3947912982514235,0.36405979778437203
0.9,2.9000000000000004,1.4398966328953218,0.39671074509156296,0.3693608140962185
0.9,2.9000000000000004,1.5707963267948966,0.3987805133634934,0.3746322243995608
0.9,2.9000000000000004,1.7016960206944711,0.40099823891110803,0.3798343262024992
0.9,2.9000000000000004,1.832595714594046,0.40326830406788045,0.384885884051579
0.9,2.9000000000000004,1.9634954084936205,0.4054113541279956,0.38966209636489735
0.9,2.9000000000000004,2.0943951023931953,0.40720154741600156,0.3940086659791538
0.9,2.9000000000000004,2.22529479629277,0.4084255504142078,0.3977706722316217
0.9,2.9000000000000004,2.356194490192345,0.4089491902785494,0.40082956602734354
0.9,2.9000000000000004,2.4870941840919194,0.40877221183824397,0.4031372363008019
0.9,2.9000000000000004,2.617993877991494,0.40805178101428813,0.4047349257776074
0.9,2.9000000000000004,2.748893571891069,0.4070825507406155,0.405748079696785
0.9,2.9000000000000004,2.8797932657906435,0.40623383230386306,0.40635550231816125
0.9,2.9000000000000004,3.010692959690218,0.4058586781271722,0.40674012621485733
0.9,2.9000000000000004,3.141592653589793,0.40620027852528295,0.4070358712439927
0.9,2.9000000000000004,3.2724923474893677,0.4073237106074841,0.4072874473984789
0.9,2.9000000000000004,3.4033920413889422,0.4090942385622836,0.40743625564936825
0.9,2.9000000000000004,3.534291735288517,0.41120910994424903,0.4073369276570298
0.9,2.9000000000000004,3.665191429188092,0.41327306748569564,0.40679873957904994
0.9,2.9000000000000004,3.7960911230876664,0.41489452168738117,0.40563807405059754
0.9,2.9000000000000004,3.926990816987241,0.41577407475139655,0.40372526415492693
0.9,2.9000000000000004,4.057890510886816,0.4157613152180119,0.4010123234390494
0.9,2.9000000000000004,4.1887902047863905,0.41486743243358354,0.39753562954705757
0.9,2.9000000000000004,4.319689898685965,0.41323561710753615,0.39339639939491056
0.9,2.9000000000000004,4.45058959258554,0.41108325195426465,0.38872845942480233
0.9,2.9000000000000004,4.581489286485114,0.4086358795786122,0.383665293198227
0.9,2.9000000000000004,4.71238898038469,0.40607190971858637,0.3783164626043589
0.9,2.9000000000000004,4.843288674284264,0.4034907106487542,0.3727587486479103
0.9,2.9000000000000004,4.974188368183839,0.40090832345234456,0.3670420055122999
0.9,2.9000000000000004,5.105088062083413,0.39827760183997113,0.36120569204728475
0.9,2.9000000000000004,5.235987755982988,0.3955247992659947,0.35530018498837485
0.9,2.9000000000000004,5.3668874498825625,0.392592556430481,0.3494069914185955
0.9,2.9000000000000004,5.497787143782138,0.38947901480921243,0.3436529675779225
0.9,2.9000000000000004,5.6286868376817125,0.38626365958751147,0.33821487472216316
0.9,2.9000000000000004,5.759586531581287,0.3831125214576064,0.33331193920576935
0.9,2.9000000000000004,5.890486225480862,0.3802591321191037,0.32918592296218946
0.9,2.9000000000000004,6.021385919380436,0.37796335726178115,0.32607087566544973
0.9,2.9000000000000004,6.152285613280011,0.3764569144009379,0.32415789492901254
0.9,2.9750000000000005,0.0,0.3786632420336227,0.3298389843016791
0.9,2.9750000000000005,0.1308996938995747,0.37913357823571386,0.33063524662448024
0.9,2.9750000000000005,0.2617993877991494,0.38045976131736486,0.33264794775867634
0.9,2.9750000000000005,0.39269908169872414,0.3824239801121059,0.3357094028639132
0.9,2.9750000000000005,0.5235987755982988,0.3847469329105349,0.339596446244179
0.9,2.9750000000000005,0.6544984694978735,0.3871504687499166,0.3440668706427712
0.9,2.9750000000000005,0.7853981633974483,0.38941466753182014,0.34889393615463454
0.9,2.9750000000000005,0.916297857297023,0.3914156187268494,0.3538920923764762
0.9,2.9750000000000005,1.0471975511965976,0.3931371565157635,0.3589304355526967
0.9,2.9750000000000005,1.1780972450961724,0.3946569699656644,0.3639335994974253
0.9,2.9750000000000005,1.308996938995747,0.39611254013883773,0.36887175757097745
0.9,2.9750000000000005,1.4398966328953218,0.3976549091294823,0.37374232484981773
0.9,2.9750000000000005,1.5707963267948966,0.3993994379141718,0.3785466468692893
0.9,2.9750000000000005,1.7016960206944711,0.4013835555096099,0.3832661196632201
0.9,2.9750000000000005,1.832595714594046,0.4035419447592037,0.38784358964492877
0.9,2.9750000000000005,1.9634954084936205,0.4057082654179047,0.3921764078721255
0.9,2.9750000000000005,2.0943951023931953,0.40764780793080896,0.396125847831403
0.9,2.9750000000000005,2.22529479629277,0.4091171730777194,0.39954323965347777
0.9,2.9750000000000005,2.356194490192345,0.40993720631439085,0.4023070980487737
0.9,2.9750000000000005,2.4870941840919194,0.4100578258099295,0.40436003095937467
0.9,2.9750000000000005,2.617993877991494,0.40959206454979674,0.40573200204366905
0.9,2.9750000000000005,2.748893571891069,0.40880365405503016,0.4065393260894004
0.9,2.9750000000000005,2.8797932657906435,0.4080465153521575,0.4069563342974705
0.9,2.9750000000000005,3.010692959690218,0.4076710180981851,0.4071664665151342
0.9,2.9750000000000005,3.141592653589793,0.4079246161879131,0.40730777998204976
0.9,2.9750000000000005,3.2724923474893677,0.4088781903212974,0.4074309328316718
0.9,2.9750000000000005,3.4033920413889422,0.41040211399653415,0.40748397973075523
0.9,2.9750000000000005,3.534291735288517,0.41220000167194976,0.40732901547739186
0.9,2.9750000000000005,3.665191429188092,0.41388910289140574,0.4067844528373981
0.9,2.9750000000000005,3.7960911230876664,0.415101377126935,0.4056780104850876
0.9,2.9750000000000005,3.926990816987241,0.4155737771412351,0.40389267174037596
0.9,2.9750000000000005,4.057890510886816,0.41520176983617024,0.40139174524504595
0.9,2.9750000000000005,4.1887902047863905,0.41404395856764986,0.39821772770281166
0.9,2.9750000000000005,4.319689898685965,0.4122822104965125,0.3944692181235296
0.9,2.9750000000000005,4.45058959258554,0.41015481205426535,0.39026693940588064
0.9,2.9750000000000005,4.581489286485114,0.4078857411742696,0.38572181451575416
0.9,2.9750000000000005,4.71238898038469,0.4056304399346005,0.380915104814822
0.9,2.9750000000000005,4.843288674284264,0.4034500093006548,0.3758948226062748
0.9,2.9750000000000005,4.974188368183839,0.4013156926306249,0.37068670206412113
0.9,2.9750000000000005,5.105088062083413,0.39913758199148325,0.3653141144021567
0.9,2.9750000000000005,5.235987755982988,0.39680740721222935,0.3598202035162386
0.9,2.9750000000000005,5.3668874498825625,0.39424457520652006,0.35428653809007976
0.9,2.9750000000000005,5.497787143782138,0.39143565888066084,0.3488443720893229
0.9,2.9750000000000005,5.6286868376817125,0.38845897149001557,0.3436761105141186
0.9,2.9750000000000005,5.759586531581287,0.3854876761620783,0.33900563036121384
0.9,2.9750000000000005,5.890486225480862,0.38276808076512503,0.33507733775150017
0.9,2.9750000000000005,6.021385919380436,0.38057515269386083,0.3321259335543228
0.9,2.9750000000000005,6.152285613280011,0.3791541593523297,0.33034173646746356
0.9,3.0500000000000003,0.0,0.3817327624558536,0.3366975682444082
0.9,3.0500000000000003,0.1308996938995747,0.3822719945474537,0.3375367492695444
0.9,3.0500000000000003,0.2617993877991494,0.3836626795345861,0.33954686227298453
0.9,3.0500000000000003,0.39269908169872414,0.38567325752994347,0.3425619304527339
0.9,3.0500000000000003,0.5235987755982988,0.3880075319197891,0.34636104329631445
0.9,3.0500000000000003,0.6544984694978735,0.3903706631867993,0.3507032113152501
0.9,3.0500000000000003,0.7853981633974483,0.39252904312143094,0.35536026818764005
0.9,3.0500000000000003,0.916297857297023,0.39435019554865164,0.36014174192869647
0.9,3.0500000000000003,1.0471975511965976,0.39581643429990443,0.36490896200320516
0.9,3.0500000000000003,1.1780972450961724,0.3970130955052422,0.36957837583923636
0.9,3.0500000000000003,1.308996938995747,0.39809643408023043,0.3741152394478453
0.9,3.0500000000000003,1.4398966328953218,0.399247923760013,0.3785190189228766
0.9,3.0500000000000003,1.5707963267948966,0.4006225663606231,0.38280225906558146
0.9,3.0500000000000003,1.7016960206944711,0.40230044425266737,0.38696623798851865
0.9,3.0500000000000003,1.832595714594046,0.40425283405155793,0.3909791002390602
0.9,3.0500000000000003,1.9634954084936205,0.4063345493907713,0.39476381339399264
0.9,3.0500000000000003,2.0943951023931953,0.4083102602768933,0.39820240611206875
0.9,3.0500000000000003,2.22529479629277,0.409913548062618,0.4011586595770309
0.9,3.0500000000000003,2.356194490192345,0.41092558263519763,0.40351466083616816
0.9,3.0500000000000003,2.4870941840919194,0.41125024038483327,0.405209977656368
0.9,3.0500000000000003,2.617993877991494,0.41095933929302014,0.40626887627940667
0.9,3.0500000000000003,2.748893571891069,0.41028837174293437,0.40680322282848386
0.9,3.0500000000000003,2.8797932657906435,0.40957855255076225,0.4069864843753195
0.9,3.0500000000000003,3.010692959690218,0.4091799851645099,0.4070049703508418
0.9,3.0500000000000003,3.141592653589793,0.4093459426860316,0.40700181293843896
0.9,3.0500000000000003,3.2724923474893677,0.4101532504190304,0.40703301123641583
0.9,3.0500000000000003,3.4033920413889422,0.4114759420061105,0.4070511389032155
0.9,3.0500000000000003,3.534291735288517,0.4130212847034132,0.40692227862776215
0.9,3.0500000000000003,3.665191429188092,0.41441571894276213,0.40646947885004425
0.9,3.0500000000000003,3.7960911230876664,0.4153114767626617,0.4055266221078541
0.9,3.0500000000000003,3.926990816987241,0.4154788863521531,0.40398381895630237
0.9,3.0500000000000003,4.057890510886816,0.4148563460537485,0.4018100729596344
0.9,3.0500000000000003,4.1887902047863905,0.4135462908857946,0.39904859531359055
0.9,3.0500000000000003,4.319689898685965,0.4117643804899185,0.39579048885054635
0.9,3.0500000000000003,4.45058959258554,0.4097634022189735,0.392139427477602
0.9,3.0500000000000003,4.581489286485114,0.4077583748397105,0.3881811940134821
0.9,3.0500000000000003,4.71238898038469,0.405874638575459,0.3839678911267383
0.9,3.0500000000000003,4.843288674284264,0.40412977236945796,0.37951978227293665
0.9,3.0500000000000003,4.974188368183839,0.4024482662328975,0.3748412412755604
0.9,3.0500000000000003,5.105088062083413,0.40069947101013126,0.3699435821376962
0.9,3.0500000000000003,5.235987755982988,0.3987462400149436,0.36486726427564314
0.9,3.0500000000000003,5.3668874498825625,0.3964927483640104,0.35969808396940084
0.9,3.0500000000000003,5.497787143782138,0.39392260912460003,0.35457463435042347
0.9,3.0500000000000003,5.6286868376817125,0.39112054430896753,0.3496861197538694
0.9,3.0500000000000003,5.759586531581287,0.3882723622315245,0.3452603242353746
0.9,3.0500000000000003,5.890486225480862,0.3856403422403191,0.34154203648804465
0.9,3.0500000000000003,6.021385919380436,0.3835158560349359,0.33876360542340994
0.9,3.0500000000000003,6.152285613280011,0.3821579152483568,0.3371117815451359
0.9,3.1250000000000004,0.0,0.3849156359446709,0.34392677827125134
0.9,3.1250000000000004,0.1308996938995747,0.38552322739420863,0.3447947531913633
0.9,3.1250000000000004,0.2617993877991494,0.38698805282638987,0.3467796715114386
0.9,3.1250000000000004,0.39269908169872414,0.3890666628300357,0.3497202698981326
0.9,3.1250000000000004,0.5235987755982988,0.39144767352769877,0.3534014277403463
0.9,3.1250000000000004,0.6544984694978735,0.39381995333928765,0.3575865943382552
0.9,3.1250000000000004,0.7853981633974483,0.3959342346211148,0.3620483408384911
0.9,3.1250000000000004,0.916297857297023,0.39764460001065394,0.36659193226848746
0.9,3.1250000000000004,1.0471975511965976,0.3989243660020822,0.37107003431286895
0.9,3.1250000000000004,1.1780972450961724,0.3998576307305897,0.3753887810593373
0.9,3.1250000000000004,1.308996938995747,0.40061091908915875,0.3795057289678536
0.9,3.1250000000000004,1.4398966328953218,0.4013898403531588,0.3834196099176676
0.9,3.1250000000000004,1.5707963267948966,0.40238621242539246,0.38715195962963644
0.9,3.1250000000000004,1.7016960206944711,0.4037237299366772,0.390722723606328
0.9,3.1250000000000004,1.832595714594046,0.40541434796783865,0.39412534294971574
0.9,3.1250000000000004,1.9634954084936205,0.4073399540354472,0.39730963535690583
0.9,3.1250000000000004,2.0943951023931953,0.4092709586564351,0.40018069739984813
0.9,3.1250000000000004,2.22529479629277,0.4109237165763803,0.4026178602904866
0.9,3.1250000000000004,2.356194490192345,0.41204458030785346,0.40451030630672163
0.9,3.1250000000000004,2.4870941840919194,0.4124955288507394,0.40579815613019804
0.9,3.1250000000000004,2.617993877991494,0.41231108968448055,0.40650334990590126
0.9,3.1250000000000004,2.748893571891069,0.41170257518434544,0.40673622509982343
0.9,3.1250000000000004,2.8797932657906435,0.4110025932785759,0.40667164452665583
0.9,3.1250000000000004,3.010692959690218,0.41056452521665837,0.40650016271636286
0.9,3.1250000000000004,3.141592653589793,0.41064959215359337,0.4063702565855171
0.9,3.1250000000000004,3.2724923474893677,0.4113405627580679,0.40634228968951996
0.9,3.1250000000000004,3.4033920413889422,0.4125127991091646,0.40637116108108545
0.9,3.1250000000000004,3.534291735288517,0.41387300537522814,0.40632376357770944
0.9,3.1250000000000004,3.665191429188092,0.41505162667782386,0.40602400518765597
0.9,3.1250000000000004,3.7960911230876664,0.4157159943239788,0.4053079917295699
0.9,3.1250000000000004,3.926990816987241,0.41566529262771973,0.40406924350166523
0.9,3.1250000000000004,4.057890510886816,0.41487706675212777,0.4022792675916509
0.9,3.1250000000000004,4.1887902047863905,0.4134941296869174,0.39997955505758204
0.9,3.1250000000000004,4.319689898685965,0.4117622463452016,0.39725221316267506
0.9,3.1250000000000004,4.45058959258554,0.4099444694161238,0.39418342043689664
0.9,3.1250000000000004,4.581489286485114,0.4082423093714898,0.390834446736324
0.9,3.1250000000000004,4.71238898038469,0.4067469687911323,0.3872298266001908
0.9,3.1250000000000004,4.843288674284264,0.4054301473198724,0.38336438552209434
0.9,3.1250000000000004,4.974188368183839,0.40416994688229907,0.37922382285850037
0.9,3.1250000000000004,5.105088062083413,0.4027985131639875,0.3748100514370351
0.9,3.1250000000000004,5.235987755982988,0.4011561076871289,0.3701630467082624
0.9,3.1250000000000004,5.3668874498825625,0.39913948032914526,0.3653741718269135
0.9,3.1250000000000004,5.497787143782138,0.39673697661326734,0.3605895135930899
0.9,3.1250000000000004,5.6286868376817125,0.3940458182953475,0.3560038930032247
0.9,3.1250000000000004,5.759586531581287,0.39126808949746267,0.35184658880332864
0.9,3.1250000000000004,5.890486225480862,0.3886831864978008,0.34835953669018416
0.9,3.1250000000000004,6.021385919380436,0.38659823799674436,0.3457693296378774
0.9,3.1250000000000004,6.152285613280011,0.38528462648065337,0.34425633757228424
0.9,3.2,0.0,0.3880563211835842,0.35131305256681195
0.9,3.2,0.1308996938995747,0.38872861347216414,0.35219343755919646
0.9,3.2,0.2617993877991494,0.39027009260513285,0.3541265710340536
0.9,3.2,0.39269908169872414,0.3924283650065747,0.3569585843849416
0.9,3.2,0.5235987755982988,0.39488001207354717,0.3604832915014748
0.9,3.2,0.6544984694978735,0.3972996371628755,0.3644716497340455
0.9,3.2,0.7853981633974483,0.39942202037744434,0.3686995458151355
0.9,3.2,0.916297857297023,0.40108456421985833,0.37296986715118297
0.9,3.2,1.0471975511965976,0.4022456338267262,0.3771278153760358
0.9,3.2,1.1780972450961724,0.4029805073470421,0.3810698491777167
0.9,3.2,1.308996938995747,0.40345838234117376,0.3847460242246173
0.9,3.2,1.4398966328953218,0.40390299003429136,0.38815415115003377
0.9,3.2,1.5707963267948966,0.40453960168368486,0.39132418975069455
0.9,3.2,1.7016960206944711,0.4055350683787502,0.3942938495671666
0.9,3.2,1.832595714594046,0.4069439746127701,0.39708078169505606
0.9,3.2,1.9634954084936205,0.40867870818739854,0.3996606422264997
0.9,3.2,2.0943951023931953,0.4105193850908682,0.4019609334869451
0.9,3.2,2.22529479629277,0.4121690366310668,0.4038764037761668
0.9,3.2,2.356194490192345,0.4133429118204743,0.4053037498570086
0.9,3.2,2.4870941840919194,0.41386486219107804,0.40618450057158323
0.9,3.2,2.617993877991494,0.41373629046483923,0.4065393682526553
0.9,3.2,2.748893571891069,0.4131489933049333,0.4064782816307228
0.9,3.2,2.8797932657906435,0.4124317718557052,0.40617839894789265
0.9,3.2,3.010692959690218,0.4119453950357408,0.4058349335432711
0.9,3.2,3.141592653589793,0.41196142524619545,0.4056013802941871
0.9,3.2,3.2724923474893677,0.41256844392322495,0.40554124406249964
0.9,3.2,3.4033920413889422,0.4136402739489733,0.40560966716577557
0.9,3.2,3.534291735288517,0.41487796669959237,0.4056716756729335
0.9,3.2,3.665191429188092,0.41590972267220444,0.4055491978770724
0.9,3.2,3.7960911230876664,0.41641176836633803,0.4050780447090367
0.9,3.2,3.926990816987241,0.416206904436711,0.40415337649894933
0.9,3.2,4.057890510886816,0.41530792549693896,0.40274849783634403
0.9,3.2,4.1887902047863905,0.4138953143638943,0.40090372189068774
0.9,3.2,4.319689898685965,0.41224297234872737,0.39869398079287643
0.9,3.2,4.45058959258554,0.41062257162939386,0.3961908853235326
0.9,3.2,4.581489286485114,0.40922068569611453,0.3934348226154905
0.9,3.2,4.71238898038469,0.4080934796961362,0.39042649311666494
0.9,3.2,4.843288674284264,0.4071670205342819,0.3871384623742628
0.9,3.2,4.974188368183839,0.40627504070872816,0.38353983645632805
0.9,3.2,5.105088062083413,0.4052165405534005,0.3796238268912919
0.9,3.2,5.235987755982988,0.4038149403146651,0.37542924300891406
0.9,3.2,5.3668874498825625,0.4019660239780824,0.3710511545503825
0.9,3.2,5.497787143782138,0.39966870525817794,0.3666403941200224
0.9,3.2,5.6286868376817125,0.3970367031022895,0.3623940625024867
0.9,3.2,5.759586531581287,0.39428988649036273,0.3585393074602699
0.9,3.2,5.890486225480862,0.3917239276604986,0.35531163665459237
0.9,3.2,6.021385919380436,0.38965936351444536,0.3529287634559111
0.9,3.2,6.152285613280011,0.3883773068845828,0.35156243004186427
